Workbook
Name FID_1: [1]AGR_Fuels!$A$2

Sheet INS_EFF
A1: Yearly efficiencies (Mkm/TJ) | I1: =1/AN1 -> 0.090497738 | AN1: =(12.6+9.5)/2 -> 11.05
E3: ~TFM_INS | AU3: Used to convert 2*EFF into 1 EFF
A4: Vehicle | B4: Subvehicle | C4: Fuel | E4: Attribute | F4: Year | G4: PSET_PN | H4: AllRegions | I4: AT | J4: BE | K4: BG | L4: CY | M4: CZ | N4: DE | O4: DK | P4: EE | Q4: EL | R4: ES | S4: FI | T4: FR | U4: HR | V4: HU | W4: IE | X4: IT | Y4: LT | Z4: LU | AA4: LV | AB4: MT | AC4: NL | AD4: PL | AE4: PT | AF4: RO | AG4: SE | AH4: SI | AI4: SK | AJ4: UK | AK4: CH | AL4: IS | AM4: NO | AN4: AL | AO4: BA | AP4: ME | AQ4: MK | AR4: RS | AS4: KS
A5: Buses | B5: Conventional coaches | C5: Diesel | E5: EFF | F5: 2010 | G5: TRA_Bus_Dis_Coa* | H5: =AVERAGE(I5:AJ5) -> 0.095357143 | I5: 0.09 | J5: 0.08 | K5: 0.1 | L5: 0.1 | M5: 0.11 | N5: 0.11 | O5: 0.09 | P5: 0.1 | Q5: 0.11 | R5: 0.1 | S5: 0.11 | T5: 0.09 | U5: 0.09 | V5: 0.09 | W5: 0.1 | X5: 0.1 | Y5: 0.07 | Z5: 0.08 | AA5: 0.11 | AB5: 0.1 | AC5: 0.09 | AD5: 0.09 | AE5: 0.1 | AF5: 0.1 | AG5: 0.1 | AH5: 0.09 | AI5: 0.11 | AJ5: 0.06 | AK5: 0.08 | AL5: 0.1 | AM5: 0.11 | AN5: 0.11 | AO5: 0.09 | AP5: 0.11 | AQ5: 0.09 | AR5: 0.09 | AS5: 0.09 | AU5: 1
A6: Buses | B6: Conventional coaches | C6: Diesel | E6: EFF | F6: 2020 | G6: TRA_Bus_Dis_Coa* | H6: =AVERAGE(I6:AJ6) -> 0.097668446 | I6: 0.092181455 | J6: 0.081939071 | K6: 0.10242384 | L6: 0.10242384 | M6: 0.11266622 | N6: 0.11266622 | O6: 0.092181455 | P6: 0.10242384 | Q6: 0.11266622 | R6: 0.10242384 | S6: 0.11266622 | T6: 0.092181455 | U6: 0.092181455 | V6: 0.092181455 | W6: 0.10242384 | X6: 0.10242384 | Y6: 0.071696687 | Z6: 0.081939071 | AA6: 0.11266622 | AB6: 0.10242384 | AC6: 0.092181455 | AD6: 0.092181455 | AE6: 0.10242384 | AF6: 0.10242384 | AG6: 0.10242384 | AH6: 0.092181455 | AI6: 0.11266622 | AJ6: 0.061454303 | AK6: 0.081939071 | AL6: 0.10242384 | AM6: 0.11266622 | AN6: 0.11266622 | AO6: 0.092181455 | AP6: 0.11266622 | AQ6: 0.092181455 | AR6: 0.092181455 | AS6: 0.092181455 | AU6: 1.0242384 | AY6: EFF-converter
A7: Buses | B7: Conventional coaches | C7: Diesel | E7: EFF | F7: 2025 | G7: TRA_Bus_Dis_Coa* | H7: =AVERAGE(I7:AJ7) -> 0.098952504 | I7: 0.093393374 | J7: 0.083016333 | K7: 0.10377042 | L7: 0.10377042 | M7: 0.11414746 | N7: 0.11414746 | O7: 0.093393374 | P7: 0.10377042 | Q7: 0.11414746 | R7: 0.10377042 | S7: 0.11414746 | T7: 0.093393374 | U7: 0.093393374 | V7: 0.093393374 | W7: 0.10377042 | X7: 0.10377042 | Y7: 0.072639291 | Z7: 0.083016333 | AA7: 0.11414746 | AB7: 0.10377042 | AC7: 0.093393374 | AD7: 0.093393374 | AE7: 0.10377042 | AF7: 0.10377042 | AG7: 0.10377042 | AH7: 0.093393374 | AI7: 0.11414746 | AJ7: 0.062262249 | AK7: 0.083016333 | AL7: 0.10377042 | AM7: 0.11414746 | AN7: 0.11414746 | AO7: 0.093393374 | AP7: 0.11414746 | AQ7: 0.093393374 | AR7: 0.093393374 | AS7: 0.093393374 | AU7: 1.0377042 | AY7: 2010 | AZ7: 1.67
A8: Buses | B8: Conventional coaches | C8: Diesel | E8: EFF | F8: 2030 | G8: TRA_Bus_Dis_Coa* | H8: =AVERAGE(I8:AJ8) -> 0.10023656 | I8: 0.094605294 | J8: 0.084093594 | K8: 0.10511699 | L8: 0.10511699 | M8: 0.11562869 | N8: 0.11562869 | O8: 0.094605294 | P8: 0.10511699 | Q8: 0.11562869 | R8: 0.10511699 | S8: 0.11562869 | T8: 0.094605294 | U8: 0.094605294 | V8: 0.094605294 | W8: 0.10511699 | X8: 0.10511699 | Y8: 0.073581895 | Z8: 0.084093594 | AA8: 0.11562869 | AB8: 0.10511699 | AC8: 0.094605294 | AD8: 0.094605294 | AE8: 0.10511699 | AF8: 0.10511699 | AG8: 0.10511699 | AH8: 0.094605294 | AI8: 0.11562869 | AJ8: 0.063070196 | AK8: 0.084093594 | AL8: 0.10511699 | AM8: 0.11562869 | AN8: 0.11562869 | AO8: 0.094605294 | AP8: 0.11562869 | AQ8: 0.094605294 | AR8: 0.094605294 | AS8: 0.094605294 | AU8: 1.0511699 | AY8: 2015 | AZ8: 1.6879903
A9: Buses | B9: Conventional coaches | C9: Diesel | E9: EFF | F9: 2035 | G9: TRA_Bus_Dis_Coa* | H9: =AVERAGE(I9:AJ9) -> 0.10152062 | I9: 0.095817213 | J9: 0.085170856 | K9: 0.10646357 | L9: 0.10646357 | M9: 0.11710993 | N9: 0.11710993 | O9: 0.095817213 | P9: 0.10646357 | Q9: 0.11710993 | R9: 0.10646357 | S9: 0.11710993 | T9: 0.095817213 | U9: 0.095817213 | V9: 0.095817213 | W9: 0.10646357 | X9: 0.10646357 | Y9: 0.074524499 | Z9: 0.085170856 | AA9: 0.11710993 | AB9: 0.10646357 | AC9: 0.095817213 | AD9: 0.095817213 | AE9: 0.10646357 | AF9: 0.10646357 | AG9: 0.10646357 | AH9: 0.095817213 | AI9: 0.11710993 | AJ9: 0.063878142 | AK9: 0.085170856 | AL9: 0.10646357 | AM9: 0.11710993 | AN9: 0.11710993 | AO9: 0.095817213 | AP9: 0.11710993 | AQ9: 0.095817213 | AR9: 0.095817213 | AS9: 0.095817213 | AU9: 1.0646357 | AY9: 2020 | AZ9: =AZ8+($AZ$11-$AZ$8)/($AY$11-$AY$8)*(AY9-AY8) -> 1.7104781
A10: Buses | B10: Conventional coaches | C10: Diesel | E10: EFF | F10: 2040 | G10: TRA_Bus_Dis_Coa* | H10: =AVERAGE(I10:AJ10) -> 0.10280468 | I10: 0.097029132 | J10: 0.086248118 | K10: 0.10781015 | L10: 0.10781015 | M10: 0.11859116 | N10: 0.11859116 | O10: 0.097029132 | P10: 0.10781015 | Q10: 0.11859116 | R10: 0.10781015 | S10: 0.11859116 | T10: 0.097029132 | U10: 0.097029132 | V10: 0.097029132 | W10: 0.10781015 | X10: 0.10781015 | Y10: 0.075467103 | Z10: 0.086248118 | AA10: 0.11859116 | AB10: 0.10781015 | AC10: 0.097029132 | AD10: 0.097029132 | AE10: 0.10781015 | AF10: 0.10781015 | AG10: 0.10781015 | AH10: 0.097029132 | AI10: 0.11859116 | AJ10: 0.064686088 | AK10: 0.086248118 | AL10: 0.10781015 | AM10: 0.11859116 | AN10: 0.11859116 | AO10: 0.097029132 | AP10: 0.11859116 | AQ10: 0.097029132 | AR10: 0.097029132 | AS10: 0.097029132 | AU10: 1.0781015 | AY10: 2025 | AZ10: =AZ9+($AZ$11-$AZ$8)/($AY$11-$AY$8)*(AY10-AY9) -> 1.7329659
A11: Buses | B11: Conventional coaches | C11: Diesel | E11: EFF | F11: 2050 | G11: TRA_Bus_Dis_Coa* | H11: =AVERAGE(I11:AJ11) -> 0.10537279 | I11: 0.099452971 | J11: 0.088402641 | K11: 0.1105033 | L11: 0.1105033 | M11: 0.12155363 | N11: 0.12155363 | O11: 0.099452971 | P11: 0.1105033 | Q11: 0.12155363 | R11: 0.1105033 | S11: 0.12155363 | T11: 0.099452971 | U11: 0.099452971 | V11: 0.099452971 | W11: 0.1105033 | X11: 0.1105033 | Y11: 0.077352311 | Z11: 0.088402641 | AA11: 0.12155363 | AB11: 0.1105033 | AC11: 0.099452971 | AD11: 0.099452971 | AE11: 0.1105033 | AF11: 0.1105033 | AG11: 0.1105033 | AH11: 0.099452971 | AI11: 0.12155363 | AJ11: 0.066301981 | AK11: 0.088402641 | AL11: 0.1105033 | AM11: 0.12155363 | AN11: 0.12155363 | AO11: 0.099452971 | AP11: 0.12155363 | AQ11: 0.099452971 | AR11: 0.099452971 | AS11: 0.099452971 | AU11: 1.105033 | AY11: 2030 | AZ11: 1.7554538
A12: Buses | B12: Conventional coaches | C12: Gasolene | E12: EFF | F12: 2010 | G12: TRA_Bus_Gas_Coa* | H12: =AVERAGE(I12:AJ12) -> 0.087053571 | I12: 0.0875 | J12: 0.0875 | K12: 0.0875 | L12: 0.0875 | M12: 0.1 | N12: 0.0875 | O12: 0.09 | P12: 0.0875 | Q12: 0.0875 | R12: 0.0875 | S12: 0.0875 | T12: 0.0875 | U12: 0.0875 | V12: 0.0875 | W12: 0.0875 | X12: 0.0875 | Y12: 0.0875 | Z12: 0.0875 | AA12: 0.0875 | AB12: 0.0875 | AC12: 0.0875 | AD12: 0.0875 | AE12: 0.0875 | AF12: 0.0875 | AG12: 0.0875 | AH12: 0.0875 | AI12: 0.0875 | AJ12: 0.06 | AK12: 0.0875 | AL12: 0.1 | AM12: 0.0875 | AN12: 0.0875 | AO12: 0.0875 | AP12: 0.0875 | AQ12: 0.0875 | AR12: 0.0875 | AS12: 0.0875 | AU12: 1 | AY12: 2035 | AZ12: =AZ11+($AZ$14-$AZ$11)/($AY$14-$AY$11)*(AY12-AY11) -> 1.7779416
A13: Buses | B13: Conventional coaches | C13: Gasolene | E13: EFF | F13: 2020 | G13: TRA_Bus_Gas_Coa* | H13: =AVERAGE(I13:AJ13) -> 0.08916361 | I13: 0.089620859 | J13: 0.089620859 | K13: 0.089620859 | L13: 0.089620859 | M13: 0.10242384 | N13: 0.089620859 | O13: 0.092181455 | P13: 0.089620859 | Q13: 0.089620859 | R13: 0.089620859 | S13: 0.089620859 | T13: 0.089620859 | U13: 0.089620859 | V13: 0.089620859 | W13: 0.089620859 | X13: 0.089620859 | Y13: 0.089620859 | Z13: 0.089620859 | AA13: 0.089620859 | AB13: 0.089620859 | AC13: 0.089620859 | AD13: 0.089620859 | AE13: 0.089620859 | AF13: 0.089620859 | AG13: 0.089620859 | AH13: 0.089620859 | AI13: 0.089620859 | AJ13: 0.061454303 | AK13: 0.089620859 | AL13: 0.10242384 | AM13: 0.089620859 | AN13: 0.089620859 | AO13: 0.089620859 | AP13: 0.089620859 | AQ13: 0.089620859 | AR13: 0.089620859 | AS13: 0.089620859 | AU13: 1.0242384 | AY13: 2040 | AZ13: =AZ12+($AZ$14-$AZ$11)/($AY$14-$AY$11)*(AY13-AY12) -> 1.8004295
A14: Buses | B14: Conventional coaches | C14: Gasolene | E14: EFF | F14: 2025 | G14: TRA_Bus_Gas_Coa* | H14: =AVERAGE(I14:AJ14) -> 0.090335853 | I14: 0.090799114 | J14: 0.090799114 | K14: 0.090799114 | L14: 0.090799114 | M14: 0.10377042 | N14: 0.090799114 | O14: 0.093393374 | P14: 0.090799114 | Q14: 0.090799114 | R14: 0.090799114 | S14: 0.090799114 | T14: 0.090799114 | U14: 0.090799114 | V14: 0.090799114 | W14: 0.090799114 | X14: 0.090799114 | Y14: 0.090799114 | Z14: 0.090799114 | AA14: 0.090799114 | AB14: 0.090799114 | AC14: 0.090799114 | AD14: 0.090799114 | AE14: 0.090799114 | AF14: 0.090799114 | AG14: 0.090799114 | AH14: 0.090799114 | AI14: 0.090799114 | AJ14: 0.062262249 | AK14: 0.090799114 | AL14: 0.10377042 | AM14: 0.090799114 | AN14: 0.090799114 | AO14: 0.090799114 | AP14: 0.090799114 | AQ14: 0.090799114 | AR14: 0.090799114 | AS14: 0.090799114 | AU14: 1.0377042 | AY14: 2050 | AZ14: 1.8454051
A15: Buses | B15: Conventional coaches | C15: Gasolene | E15: EFF | F15: 2030 | G15: TRA_Bus_Gas_Coa* | H15: =AVERAGE(I15:AJ15) -> 0.091508096 | I15: 0.091977369 | J15: 0.091977369 | K15: 0.091977369 | L15: 0.091977369 | M15: 0.10511699 | N15: 0.091977369 | O15: 0.094605294 | P15: 0.091977369 | Q15: 0.091977369 | R15: 0.091977369 | S15: 0.091977369 | T15: 0.091977369 | U15: 0.091977369 | V15: 0.091977369 | W15: 0.091977369 | X15: 0.091977369 | Y15: 0.091977369 | Z15: 0.091977369 | AA15: 0.091977369 | AB15: 0.091977369 | AC15: 0.091977369 | AD15: 0.091977369 | AE15: 0.091977369 | AF15: 0.091977369 | AG15: 0.091977369 | AH15: 0.091977369 | AI15: 0.091977369 | AJ15: 0.063070196 | AK15: 0.091977369 | AL15: 0.10511699 | AM15: 0.091977369 | AN15: 0.091977369 | AO15: 0.091977369 | AP15: 0.091977369 | AQ15: 0.091977369 | AR15: 0.091977369 | AS15: 0.091977369 | AU15: 1.0511699
A16: Buses | B16: Conventional coaches | C16: Gasolene | E16: EFF | F16: 2035 | G16: TRA_Bus_Gas_Coa* | H16: =AVERAGE(I16:AJ16) -> 0.09268034 | I16: 0.093155624 | J16: 0.093155624 | K16: 0.093155624 | L16: 0.093155624 | M16: 0.10646357 | N16: 0.093155624 | O16: 0.095817213 | P16: 0.093155624 | Q16: 0.093155624 | R16: 0.093155624 | S16: 0.093155624 | T16: 0.093155624 | U16: 0.093155624 | V16: 0.093155624 | W16: 0.093155624 | X16: 0.093155624 | Y16: 0.093155624 | Z16: 0.093155624 | AA16: 0.093155624 | AB16: 0.093155624 | AC16: 0.093155624 | AD16: 0.093155624 | AE16: 0.093155624 | AF16: 0.093155624 | AG16: 0.093155624 | AH16: 0.093155624 | AI16: 0.093155624 | AJ16: 0.063878142 | AK16: 0.093155624 | AL16: 0.10646357 | AM16: 0.093155624 | AN16: 0.093155624 | AO16: 0.093155624 | AP16: 0.093155624 | AQ16: 0.093155624 | AR16: 0.093155624 | AS16: 0.093155624 | AU16: 1.0646357
A17: Buses | B17: Conventional coaches | C17: Gasolene | E17: EFF | F17: 2040 | G17: TRA_Bus_Gas_Coa* | H17: =AVERAGE(I17:AJ17) -> 0.093852583 | I17: 0.094333879 | J17: 0.094333879 | K17: 0.094333879 | L17: 0.094333879 | M17: 0.10781015 | N17: 0.094333879 | O17: 0.097029132 | P17: 0.094333879 | Q17: 0.094333879 | R17: 0.094333879 | S17: 0.094333879 | T17: 0.094333879 | U17: 0.094333879 | V17: 0.094333879 | W17: 0.094333879 | X17: 0.094333879 | Y17: 0.094333879 | Z17: 0.094333879 | AA17: 0.094333879 | AB17: 0.094333879 | AC17: 0.094333879 | AD17: 0.094333879 | AE17: 0.094333879 | AF17: 0.094333879 | AG17: 0.094333879 | AH17: 0.094333879 | AI17: 0.094333879 | AJ17: 0.064686088 | AK17: 0.094333879 | AL17: 0.10781015 | AM17: 0.094333879 | AN17: 0.094333879 | AO17: 0.094333879 | AP17: 0.094333879 | AQ17: 0.094333879 | AR17: 0.094333879 | AS17: 0.094333879 | AU17: 1.0781015
A18: Buses | B18: Conventional coaches | C18: Gasolene | E18: EFF | F18: 2050 | G18: TRA_Bus_Gas_Coa* | H18: =AVERAGE(I18:AJ18) -> 0.09619707 | I18: 0.096690388 | J18: 0.096690388 | K18: 0.096690388 | L18: 0.096690388 | M18: 0.1105033 | N18: 0.096690388 | O18: 0.099452971 | P18: 0.096690388 | Q18: 0.096690388 | R18: 0.096690388 | S18: 0.096690388 | T18: 0.096690388 | U18: 0.096690388 | V18: 0.096690388 | W18: 0.096690388 | X18: 0.096690388 | Y18: 0.096690388 | Z18: 0.096690388 | AA18: 0.096690388 | AB18: 0.096690388 | AC18: 0.096690388 | AD18: 0.096690388 | AE18: 0.096690388 | AF18: 0.096690388 | AG18: 0.096690388 | AH18: 0.096690388 | AI18: 0.096690388 | AJ18: 0.066301981 | AK18: 0.096690388 | AL18: 0.1105033 | AM18: 0.096690388 | AN18: 0.096690388 | AO18: 0.096690388 | AP18: 0.096690388 | AQ18: 0.096690388 | AR18: 0.096690388 | AS18: 0.096690388 | AU18: 1.105033
A19: Buses | B19: Conventional coaches | C19: LPG | E19: EFF | F19: 2010 | G19: TRA_Bus_Lpg_Coa* | H19: =AVERAGE(I19:AJ19) -> 0.05 | I19: 0.05 | J19: 0.05 | K19: 0.05 | L19: 0.05 | M19: 0.05 | N19: 0.05 | O19: 0.05 | P19: 0.05 | Q19: 0.05 | R19: 0.05 | S19: 0.05 | T19: 0.05 | U19: 0.05 | V19: 0.05 | W19: 0.05 | X19: 0.05 | Y19: 0.05 | Z19: 0.05 | AA19: 0.05 | AB19: 0.05 | AC19: 0.05 | AD19: 0.05 | AE19: 0.05 | AF19: 0.05 | AG19: 0.05 | AH19: 0.05 | AI19: 0.05 | AJ19: 0.05 | AK19: 0.05 | AL19: 0.05 | AM19: 0.05 | AN19: 0.05 | AO19: 0.05 | AP19: 0.05 | AQ19: 0.05 | AR19: 0.05 | AS19: 0.05 | AU19: 1
A20: Buses | B20: Conventional coaches | C20: LPG | E20: EFF | F20: 2020 | G20: TRA_Bus_Lpg_Coa* | H20: =AVERAGE(I20:AJ20) -> 0.05 | I20: 0.05 | J20: 0.05 | K20: 0.05 | L20: 0.05 | M20: 0.05 | N20: 0.05 | O20: 0.05 | P20: 0.05 | Q20: 0.05 | R20: 0.05 | S20: 0.05 | T20: 0.05 | U20: 0.05 | V20: 0.05 | W20: 0.05 | X20: 0.05 | Y20: 0.05 | Z20: 0.05 | AA20: 0.05 | AB20: 0.05 | AC20: 0.05 | AD20: 0.05 | AE20: 0.05 | AF20: 0.05 | AG20: 0.05 | AH20: 0.05 | AI20: 0.05 | AJ20: 0.05 | AK20: 0.05 | AL20: 0.05 | AM20: 0.05 | AN20: 0.05 | AO20: 0.05 | AP20: 0.05 | AQ20: 0.05 | AR20: 0.05 | AS20: 0.05 | AU20: 1
A21: Buses | B21: Conventional coaches | C21: LPG | E21: EFF | F21: 2025 | G21: TRA_Bus_Lpg_Coa* | H21: =AVERAGE(I21:AJ21) -> 0.05 | I21: 0.05 | J21: 0.05 | K21: 0.05 | L21: 0.05 | M21: 0.05 | N21: 0.05 | O21: 0.05 | P21: 0.05 | Q21: 0.05 | R21: 0.05 | S21: 0.05 | T21: 0.05 | U21: 0.05 | V21: 0.05 | W21: 0.05 | X21: 0.05 | Y21: 0.05 | Z21: 0.05 | AA21: 0.05 | AB21: 0.05 | AC21: 0.05 | AD21: 0.05 | AE21: 0.05 | AF21: 0.05 | AG21: 0.05 | AH21: 0.05 | AI21: 0.05 | AJ21: 0.05 | AK21: 0.05 | AL21: 0.05 | AM21: 0.05 | AN21: 0.05 | AO21: 0.05 | AP21: 0.05 | AQ21: 0.05 | AR21: 0.05 | AS21: 0.05 | AU21: 1
A22: Buses | B22: Conventional coaches | C22: LPG | E22: EFF | F22: 2030 | G22: TRA_Bus_Lpg_Coa* | H22: =AVERAGE(I22:AJ22) -> 0.05 | I22: 0.05 | J22: 0.05 | K22: 0.05 | L22: 0.05 | M22: 0.05 | N22: 0.05 | O22: 0.05 | P22: 0.05 | Q22: 0.05 | R22: 0.05 | S22: 0.05 | T22: 0.05 | U22: 0.05 | V22: 0.05 | W22: 0.05 | X22: 0.05 | Y22: 0.05 | Z22: 0.05 | AA22: 0.05 | AB22: 0.05 | AC22: 0.05 | AD22: 0.05 | AE22: 0.05 | AF22: 0.05 | AG22: 0.05 | AH22: 0.05 | AI22: 0.05 | AJ22: 0.05 | AK22: 0.05 | AL22: 0.05 | AM22: 0.05 | AN22: 0.05 | AO22: 0.05 | AP22: 0.05 | AQ22: 0.05 | AR22: 0.05 | AS22: 0.05 | AU22: 1
A23: Buses | B23: Conventional coaches | C23: LPG | E23: EFF | F23: 2035 | G23: TRA_Bus_Lpg_Coa* | H23: =AVERAGE(I23:AJ23) -> 0.05 | I23: 0.05 | J23: 0.05 | K23: 0.05 | L23: 0.05 | M23: 0.05 | N23: 0.05 | O23: 0.05 | P23: 0.05 | Q23: 0.05 | R23: 0.05 | S23: 0.05 | T23: 0.05 | U23: 0.05 | V23: 0.05 | W23: 0.05 | X23: 0.05 | Y23: 0.05 | Z23: 0.05 | AA23: 0.05 | AB23: 0.05 | AC23: 0.05 | AD23: 0.05 | AE23: 0.05 | AF23: 0.05 | AG23: 0.05 | AH23: 0.05 | AI23: 0.05 | AJ23: 0.05 | AK23: 0.05 | AL23: 0.05 | AM23: 0.05 | AN23: 0.05 | AO23: 0.05 | AP23: 0.05 | AQ23: 0.05 | AR23: 0.05 | AS23: 0.05 | AU23: 1
A24: Buses | B24: Conventional coaches | C24: LPG | E24: EFF | F24: 2040 | G24: TRA_Bus_Lpg_Coa* | H24: =AVERAGE(I24:AJ24) -> 0.05 | I24: 0.05 | J24: 0.05 | K24: 0.05 | L24: 0.05 | M24: 0.05 | N24: 0.05 | O24: 0.05 | P24: 0.05 | Q24: 0.05 | R24: 0.05 | S24: 0.05 | T24: 0.05 | U24: 0.05 | V24: 0.05 | W24: 0.05 | X24: 0.05 | Y24: 0.05 | Z24: 0.05 | AA24: 0.05 | AB24: 0.05 | AC24: 0.05 | AD24: 0.05 | AE24: 0.05 | AF24: 0.05 | AG24: 0.05 | AH24: 0.05 | AI24: 0.05 | AJ24: 0.05 | AK24: 0.05 | AL24: 0.05 | AM24: 0.05 | AN24: 0.05 | AO24: 0.05 | AP24: 0.05 | AQ24: 0.05 | AR24: 0.05 | AS24: 0.05 | AU24: 1
A25: Buses | B25: Conventional coaches | C25: LPG | E25: EFF | F25: 2050 | G25: TRA_Bus_Lpg_Coa* | H25: =AVERAGE(I25:AJ25) -> 0.05 | I25: 0.05 | J25: 0.05 | K25: 0.05 | L25: 0.05 | M25: 0.05 | N25: 0.05 | O25: 0.05 | P25: 0.05 | Q25: 0.05 | R25: 0.05 | S25: 0.05 | T25: 0.05 | U25: 0.05 | V25: 0.05 | W25: 0.05 | X25: 0.05 | Y25: 0.05 | Z25: 0.05 | AA25: 0.05 | AB25: 0.05 | AC25: 0.05 | AD25: 0.05 | AE25: 0.05 | AF25: 0.05 | AG25: 0.05 | AH25: 0.05 | AI25: 0.05 | AJ25: 0.05 | AK25: 0.05 | AL25: 0.05 | AM25: 0.05 | AN25: 0.05 | AO25: 0.05 | AP25: 0.05 | AQ25: 0.05 | AR25: 0.05 | AS25: 0.05 | AU25: 1
A26: Buses | B26: Low and zero emission coaches | C26: CNG | E26: EFF | F26: 2010 | G26: TRA_Bus_Cng_Coa* | H26: =AVERAGE(I26:AJ26) -> 0.0332 | I26: 0.0332 | J26: 0.0332 | K26: 0.0332 | L26: 0.0332 | M26: 0.0332 | N26: 0.0332 | O26: 0.0332 | P26: 0.0332 | Q26: 0.0332 | R26: 0.0332 | S26: 0.0332 | T26: 0.0332 | U26: 0.0332 | V26: 0.0332 | W26: 0.0332 | X26: 0.0332 | Y26: 0.0332 | Z26: 0.0332 | AA26: 0.0332 | AB26: 0.0332 | AC26: 0.0332 | AD26: 0.0332 | AE26: 0.0332 | AF26: 0.0332 | AG26: 0.0332 | AH26: 0.0332 | AI26: 0.0332 | AJ26: 0.0332 | AK26: 0.0332 | AL26: 0.0332 | AM26: 0.0332 | AN26: 0.0332 | AO26: 0.0332 | AP26: 0.0332 | AQ26: 0.0332 | AR26: 0.0332 | AS26: 0.0332 | AU26: 0.83
... A46: Buses | B46: Low and zero emission coaches | C46: Hydrogen | E46: EFF | F46: 2050 | G46: TRA_Bus_GH2_Coa* | H46: =AVERAGE(I46:AJ46) -> 0.21074558 | I46: 0.19890594 | J46: 0.17680528 | K46: 0.2210066 | L46: 0.2210066 | M46: 0.24310726 | N46: 0.24310726 | O46: 0.19890594 | P46: 0.2210066 | Q46: 0.24310726 | R46: 0.2210066 | S46: 0.24310726 | T46: 0.19890594 | U46: 0.19890594 | V46: 0.19890594 | W46: 0.2210066 | X46: 0.2210066 | Y46: 0.15470462 | Z46: 0.17680528 | AA46: 0.24310726 | AB46: 0.2210066 | AC46: 0.19890594 | AD46: 0.19890594 | AE46: 0.2210066 | AF46: 0.2210066 | AG46: 0.2210066 | AH46: 0.19890594 | AI46: 0.24310726 | AJ46: 0.13260396 | AK46: 0.17680528 | AL46: 0.2210066 | AM46: 0.24310726 | AN46: 0.24310726 | AO46: 0.19890594 | AP46: 0.24310726 | AQ46: 0.19890594 | AR46: 0.19890594 | AS46: 0.19890594 | AU46: 2.210066
A47: Buses | B47: Low and zero emission coaches | C47: Electricity | E47: EFF | F47: 2010 | G47: TRA_Bus_Elc_Coa* | H47: 0.30726111
A48: Buses | B48: Low and zero emission coaches | C48: Electricity | E48: EFF | F48: 2020 | G48: TRA_Bus_Elc_Coa* | H48: 0.33298605
A49: Buses | B49: Low and zero emission coaches | C49: Electricity | E49: EFF | F49: 2025 | G49: TRA_Bus_Elc_Coa* | H49: 0.35014672
A50: Buses | B50: Low and zero emission coaches | C50: Electricity | E50: EFF | F50: 2030 | G50: TRA_Bus_Elc_Coa* | H50: 0.36819178
A51: Buses | B51: Low and zero emission coaches | C51: Electricity | E51: EFF | F51: 2035 | G51: TRA_Bus_Elc_Coa* | H51: 0.36819178
A52: Buses | B52: Low and zero emission coaches | C52: Electricity | E52: EFF | F52: 2040 | G52: TRA_Bus_Elc_Coa* | H52: 0.36819178
A53: Buses | B53: Low and zero emission coaches | C53: Electricity | E53: EFF | F53: 2050 | G53: TRA_Bus_Elc_Coa* | H53: 0.36819178
A54: Buses | B54: Conventional urban buses | C54: Diesel | E54: EFF | F54: 2010 | G54: TRA_Bus_Dis_Urb* | H54: =AVERAGE(I54:AJ54) -> 0.083025794 | I54: 0.1 | J54: 0.09 | K54: 0.06 | L54: 0.08 | M54: 0.08 | N54: 0.08 | O54: 0.09 | P54: 0.084722222 | Q54: 0.08 | R54: 0.07 | S54: 0.08 | T54: 0.08 | U54: 0.1 | V54: 0.08 | W54: 0.1 | X54: 0.07 | Y54: 0.1 | Z54: 0.09 | AA54: 0.09 | AB54: 0.08 | AC54: 0.09 | AD54: 0.08 | AE54: 0.07 | AF54: 0.06 | AG54: 0.08 | AH54: 0.1 | AI54: 0.08 | AJ54: 0.08 | AK54: 0.09 | AL54: 0.08 | AM54: 0.08 | AN54: 0.08 | AO54: 0.1 | AP54: 0.08 | AQ54: 0.1 | AR54: 0.1 | AS54: 0.1 | AU54: 1
A55: Buses | B55: Conventional urban buses | C55: Diesel | E55: EFF | F55: 2020 | G55: TRA_Bus_Dis_Urb* | H55: =AVERAGE(I55:AJ55) -> 0.085038205 | I55: 0.10242384 | J55: 0.092181455 | K55: 0.061454303 | L55: 0.081939071 | M55: 0.081939071 | N55: 0.081939071 | O55: 0.092181455 | P55: 0.086775752 | Q55: 0.081939071 | R55: 0.071696687 | S55: 0.081939071 | T55: 0.081939071 | U55: 0.10242384 | V55: 0.081939071 | W55: 0.10242384 | X55: 0.071696687 | Y55: 0.10242384 | Z55: 0.092181455 | AA55: 0.092181455 | AB55: 0.081939071 | AC55: 0.092181455 | AD55: 0.081939071 | AE55: 0.071696687 | AF55: 0.061454303 | AG55: 0.081939071 | AH55: 0.10242384 | AI55: 0.081939071 | AJ55: 0.081939071 | AK55: 0.092181455 | AL55: 0.081939071 | AM55: 0.081939071 | AN55: 0.081939071 | AO55: 0.10242384 | AP55: 0.081939071 | AQ55: 0.10242384 | AR55: 0.10242384 | AS55: 0.10242384 | AU55: 1.0242384
A56: Buses | B56: Conventional urban buses | C56: Diesel | E56: EFF | F56: 2025 | G56: TRA_Bus_Dis_Urb* | H56: =AVERAGE(I56:AJ56) -> 0.086156211 | I56: 0.10377042 | J56: 0.093393374 | K56: 0.062262249 | L56: 0.083016333 | M56: 0.083016333 | N56: 0.083016333 | O56: 0.093393374 | P56: 0.087916602 | Q56: 0.083016333 | R56: 0.072639291 | S56: 0.083016333 | T56: 0.083016333 | U56: 0.10377042 | V56: 0.083016333 | W56: 0.10377042 | X56: 0.072639291 | Y56: 0.10377042 | Z56: 0.093393374 | AA56: 0.093393374 | AB56: 0.083016333 | AC56: 0.093393374 | AD56: 0.083016333 | AE56: 0.072639291 | AF56: 0.062262249 | AG56: 0.083016333 | AH56: 0.10377042 | AI56: 0.083016333 | AJ56: 0.083016333 | AK56: 0.093393374 | AL56: 0.083016333 | AM56: 0.083016333 | AN56: 0.083016333 | AO56: 0.10377042 | AP56: 0.083016333 | AQ56: 0.10377042 | AR56: 0.10377042 | AS56: 0.10377042 | AU56: 1.0377042
A57: Buses | B57: Conventional urban buses | C57: Diesel | E57: EFF | F57: 2030 | G57: TRA_Bus_Dis_Urb* | H57: =AVERAGE(I57:AJ57) -> 0.087274218 | I57: 0.10511699 | J57: 0.094605294 | K57: 0.063070196 | L57: 0.084093594 | M57: 0.084093594 | N57: 0.084093594 | O57: 0.094605294 | P57: 0.089057452 | Q57: 0.084093594 | R57: 0.073581895 | S57: 0.084093594 | T57: 0.084093594 | U57: 0.10511699 | V57: 0.084093594 | W57: 0.10511699 | X57: 0.073581895 | Y57: 0.10511699 | Z57: 0.094605294 | AA57: 0.094605294 | AB57: 0.084093594 | AC57: 0.094605294 | AD57: 0.084093594 | AE57: 0.073581895 | AF57: 0.063070196 | AG57: 0.084093594 | AH57: 0.10511699 | AI57: 0.084093594 | AJ57: 0.084093594 | AK57: 0.094605294 | AL57: 0.084093594 | AM57: 0.084093594 | AN57: 0.084093594 | AO57: 0.10511699 | AP57: 0.084093594 | AQ57: 0.10511699 | AR57: 0.10511699 | AS57: 0.10511699 | AU57: 1.0511699
A58: Buses | B58: Conventional urban buses | C58: Diesel | E58: EFF | F58: 2035 | G58: TRA_Bus_Dis_Urb* | H58: =AVERAGE(I58:AJ58) -> 0.088392224 | I58: 0.10646357 | J58: 0.095817213 | K58: 0.063878142 | L58: 0.085170856 | M58: 0.085170856 | N58: 0.085170856 | O58: 0.095817213 | P58: 0.090198302 | Q58: 0.085170856 | R58: 0.074524499 | S58: 0.085170856 | T58: 0.085170856 | U58: 0.10646357 | V58: 0.085170856 | W58: 0.10646357 | X58: 0.074524499 | Y58: 0.10646357 | Z58: 0.095817213 | AA58: 0.095817213 | AB58: 0.085170856 | AC58: 0.095817213 | AD58: 0.085170856 | AE58: 0.074524499 | AF58: 0.063878142 | AG58: 0.085170856 | AH58: 0.10646357 | AI58: 0.085170856 | AJ58: 0.085170856 | AK58: 0.095817213 | AL58: 0.085170856 | AM58: 0.085170856 | AN58: 0.085170856 | AO58: 0.10646357 | AP58: 0.085170856 | AQ58: 0.10646357 | AR58: 0.10646357 | AS58: 0.10646357 | AU58: 1.0646357
A59: Buses | B59: Conventional urban buses | C59: Diesel | E59: EFF | F59: 2040 | G59: TRA_Bus_Dis_Urb* | H59: =AVERAGE(I59:AJ59) -> 0.08951023 | I59: 0.10781015 | J59: 0.097029132 | K59: 0.064686088 | L59: 0.086248118 | M59: 0.086248118 | N59: 0.086248118 | O59: 0.097029132 | P59: 0.091339152 | Q59: 0.086248118 | R59: 0.075467103 | S59: 0.086248118 | T59: 0.086248118 | U59: 0.10781015 | V59: 0.086248118 | W59: 0.10781015 | X59: 0.075467103 | Y59: 0.10781015 | Z59: 0.097029132 | AA59: 0.097029132 | AB59: 0.086248118 | AC59: 0.097029132 | AD59: 0.086248118 | AE59: 0.075467103 | AF59: 0.064686088 | AG59: 0.086248118 | AH59: 0.10781015 | AI59: 0.086248118 | AJ59: 0.086248118 | AK59: 0.097029132 | AL59: 0.086248118 | AM59: 0.086248118 | AN59: 0.086248118 | AO59: 0.10781015 | AP59: 0.086248118 | AQ59: 0.10781015 | AR59: 0.10781015 | AS59: 0.10781015 | AU59: 1.0781015
A60: Buses | B60: Conventional urban buses | C60: Diesel | E60: EFF | F60: 2050 | G60: TRA_Bus_Dis_Urb* | H60: =AVERAGE(I60:AJ60) -> 0.091746243 | I60: 0.1105033 | J60: 0.099452971 | K60: 0.066301981 | L60: 0.088402641 | M60: 0.088402641 | N60: 0.088402641 | O60: 0.099452971 | P60: 0.093620852 | Q60: 0.088402641 | R60: 0.077352311 | S60: 0.088402641 | T60: 0.088402641 | U60: 0.1105033 | V60: 0.088402641 | W60: 0.1105033 | X60: 0.077352311 | Y60: 0.1105033 | Z60: 0.099452971 | AA60: 0.099452971 | AB60: 0.088402641 | AC60: 0.099452971 | AD60: 0.088402641 | AE60: 0.077352311 | AF60: 0.066301981 | AG60: 0.088402641 | AH60: 0.1105033 | AI60: 0.088402641 | AJ60: 0.088402641 | AK60: 0.099452971 | AL60: 0.088402641 | AM60: 0.088402641 | AN60: 0.088402641 | AO60: 0.1105033 | AP60: 0.088402641 | AQ60: 0.1105033 | AR60: 0.1105033 | AS60: 0.1105033 | AU60: 1.105033
A61: Buses | B61: Conventional urban buses | C61: Gasolene | E61: EFF | F61: 2010 | G61: TRA_Bus_Gas_Urb* | H61: =AVERAGE(I61:AJ61) -> 0.079642857 | I61: 0.08 | J61: 0.08 | K61: 0.08 | L61: 0.08 | M61: 0.08 | N61: 0.08 | O61: 0.09 | P61: 0.08 | Q61: 0.08 | R61: 0.08 | S61: 0.08 | T61: 0.08 | U61: 0.08 | V61: 0.08 | W61: 0.08 | X61: 0.08 | Y61: 0.08 | Z61: 0.08 | AA61: 0.08 | AB61: 0.08 | AC61: 0.09 | AD61: 0.07 | AE61: 0.07 | AF61: 0.08 | AG61: 0.08 | AH61: 0.08 | AI61: 0.08 | AJ61: 0.07 | AK61: 0.08 | AL61: 0.08 | AM61: 0.08 | AN61: 0.08 | AO61: 0.08 | AP61: 0.08 | AQ61: 0.09 | AR61: 0.08 | AS61: 0.08 | AU61: 1
A62: Buses | B62: Conventional urban buses | C62: Gasolene | E62: EFF | F62: 2020 | G62: TRA_Bus_Gas_Urb* | H62: =AVERAGE(I62:AJ62) -> 0.081573272 | I62: 0.081939071 | J62: 0.081939071 | K62: 0.081939071 | L62: 0.081939071 | M62: 0.081939071 | N62: 0.081939071 | O62: 0.092181455 | P62: 0.081939071 | Q62: 0.081939071 | R62: 0.081939071 | S62: 0.081939071 | T62: 0.081939071 | U62: 0.081939071 | V62: 0.081939071 | W62: 0.081939071 | X62: 0.081939071 | Y62: 0.081939071 | Z62: 0.081939071 | AA62: 0.081939071 | AB62: 0.081939071 | AC62: 0.092181455 | AD62: 0.071696687 | AE62: 0.071696687 | AF62: 0.081939071 | AG62: 0.081939071 | AH62: 0.081939071 | AI62: 0.081939071 | AJ62: 0.071696687 | AK62: 0.081939071 | AL62: 0.081939071 | AM62: 0.081939071 | AN62: 0.081939071 | AO62: 0.081939071 | AP62: 0.081939071 | AQ62: 0.092181455 | AR62: 0.081939071 | AS62: 0.081939071 | AU62: 1.0242384
A63: Buses | B63: Conventional urban buses | C63: Gasolene | E63: EFF | F63: 2025 | G63: TRA_Bus_Gas_Urb* | H63: =AVERAGE(I63:AJ63) -> 0.082645724 | I63: 0.083016333 | J63: 0.083016333 | K63: 0.083016333 | L63: 0.083016333 | M63: 0.083016333 | N63: 0.083016333 | O63: 0.093393374 | P63: 0.083016333 | Q63: 0.083016333 | R63: 0.083016333 | S63: 0.083016333 | T63: 0.083016333 | U63: 0.083016333 | V63: 0.083016333 | W63: 0.083016333 | X63: 0.083016333 | Y63: 0.083016333 | Z63: 0.083016333 | AA63: 0.083016333 | AB63: 0.083016333 | AC63: 0.093393374 | AD63: 0.072639291 | AE63: 0.072639291 | AF63: 0.083016333 | AG63: 0.083016333 | AH63: 0.083016333 | AI63: 0.083016333 | AJ63: 0.072639291 | AK63: 0.083016333 | AL63: 0.083016333 | AM63: 0.083016333 | AN63: 0.083016333 | AO63: 0.083016333 | AP63: 0.083016333 | AQ63: 0.093393374 | AR63: 0.083016333 | AS63: 0.083016333 | AU63: 1.0377042
A64: Buses | B64: Conventional urban buses | C64: Gasolene | E64: EFF | F64: 2030 | G64: TRA_Bus_Gas_Urb* | H64: =AVERAGE(I64:AJ64) -> 0.083718176 | I64: 0.084093594 | J64: 0.084093594 | K64: 0.084093594 | L64: 0.084093594 | M64: 0.084093594 | N64: 0.084093594 | O64: 0.094605294 | P64: 0.084093594 | Q64: 0.084093594 | R64: 0.084093594 | S64: 0.084093594 | T64: 0.084093594 | U64: 0.084093594 | V64: 0.084093594 | W64: 0.084093594 | X64: 0.084093594 | Y64: 0.084093594 | Z64: 0.084093594 | AA64: 0.084093594 | AB64: 0.084093594 | AC64: 0.094605294 | AD64: 0.073581895 | AE64: 0.073581895 | AF64: 0.084093594 | AG64: 0.084093594 | AH64: 0.084093594 | AI64: 0.084093594 | AJ64: 0.073581895 | AK64: 0.084093594 | AL64: 0.084093594 | AM64: 0.084093594 | AN64: 0.084093594 | AO64: 0.084093594 | AP64: 0.084093594 | AQ64: 0.094605294 | AR64: 0.084093594 | AS64: 0.084093594 | AU64: 1.0511699
A65: Buses | B65: Conventional urban buses | C65: Gasolene | E65: EFF | F65: 2035 | G65: TRA_Bus_Gas_Urb* | H65: =AVERAGE(I65:AJ65) -> 0.084790629 | I65: 0.085170856 | J65: 0.085170856 | K65: 0.085170856 | L65: 0.085170856 | M65: 0.085170856 | N65: 0.085170856 | O65: 0.095817213 | P65: 0.085170856 | Q65: 0.085170856 | R65: 0.085170856 | S65: 0.085170856 | T65: 0.085170856 | U65: 0.085170856 | V65: 0.085170856 | W65: 0.085170856 | X65: 0.085170856 | Y65: 0.085170856 | Z65: 0.085170856 | AA65: 0.085170856 | AB65: 0.085170856 | AC65: 0.095817213 | AD65: 0.074524499 | AE65: 0.074524499 | AF65: 0.085170856 | AG65: 0.085170856 | AH65: 0.085170856 | AI65: 0.085170856 | AJ65: 0.074524499 | AK65: 0.085170856 | AL65: 0.085170856 | AM65: 0.085170856 | AN65: 0.085170856 | AO65: 0.085170856 | AP65: 0.085170856 | AQ65: 0.095817213 | AR65: 0.085170856 | AS65: 0.085170856 | AU65: 1.0646357
... A95: Buses | B95: Low and zero emission urban buses | C95: Hydrogen | E95: EFF | F95: 2050 | G95: TRA_Bus_GH2_Urb* | H95: =AVERAGE(I95:AJ95) -> 0.18349249 | I95: 0.2210066 | J95: 0.19890594 | K95: 0.13260396 | L95: 0.17680528 | M95: 0.17680528 | N95: 0.17680528 | O95: 0.19890594 | P95: 0.1872417 | Q95: 0.17680528 | R95: 0.15470462 | S95: 0.17680528 | T95: 0.17680528 | U95: 0.2210066 | V95: 0.17680528 | W95: 0.2210066 | X95: 0.15470462 | Y95: 0.2210066 | Z95: 0.19890594 | AA95: 0.19890594 | AB95: 0.17680528 | AC95: 0.19890594 | AD95: 0.17680528 | AE95: 0.15470462 | AF95: 0.13260396 | AG95: 0.17680528 | AH95: 0.2210066 | AI95: 0.17680528 | AJ95: 0.17680528 | AK95: 0.19890594 | AL95: 0.17680528 | AM95: 0.17680528 | AN95: 0.17680528 | AO95: 0.2210066 | AP95: 0.17680528 | AQ95: 0.2210066 | AR95: 0.2210066 | AS95: 0.2210066 | AU95: 2.210066
A96: Buses | B96: Low and zero emission urban buses | C96: Electricity | E96: EFF | F96: 2010 | G96: TRA_Bus_Elc_Urb* | H96: 0.30726111
A97: Buses | B97: Low and zero emission urban buses | C97: Electricity | E97: EFF | F97: 2020 | G97: TRA_Bus_Elc_Urb* | H97: 0.33298605
A98: Buses | B98: Low and zero emission urban buses | C98: Electricity | E98: EFF | F98: 2025 | G98: TRA_Bus_Elc_Urb* | H98: 0.35014672
A99: Buses | B99: Low and zero emission urban buses | C99: Electricity | E99: EFF | F99: 2030 | G99: TRA_Bus_Elc_Urb* | H99: 0.36819178
A100: Buses | B100: Low and zero emission urban buses | C100: Electricity | E100: EFF | F100: 2035 | G100: TRA_Bus_Elc_Urb* | H100: 0.36819178
A101: Buses | B101: Low and zero emission urban buses | C101: Electricity | E101: EFF | F101: 2040 | G101: TRA_Bus_Elc_Urb* | H101: 0.36819178
A102: Buses | B102: Low and zero emission urban buses | C102: Electricity | E102: EFF | F102: 2050 | G102: TRA_Bus_Elc_Urb* | H102: 0.36819178
A103: Trucks | B103: Conventional trucks | C103: Diesel | E103: EFF | F103: 2010 | G103: TRA_Hdt_Dis,TRA_Hdt_Dis_01 | H103: =AVERAGE(I103:AJ103) -> 0.1175287 | I103: 0.095218081 | J103: 0.1036197 | K103: 0.092784361 | L103: 0.11404483 | M103: 0.10855632 | N103: 0.11700011 | O103: 0.092036888 | P103: 0.11843788 | Q103: 0.11672127 | R103: 0.11820329 | S103: 0.10395744 | T103: 0.095394325 | U103: 0.14463639 | V103: 0.11360441 | W103: 0.17410163 | X103: 0.11342924 | Y103: 0.13399563 | Z103: 0.11886178 | AA103: 0.12749196 | AB103: 0.13129321 | AC103: 0.11952731 | AD103: 0.12619014 | AE103: 0.14025631 | AF103: 0.11483844 | AG103: 0.10100945 | AH103: 0.11084894 | AI103: 0.13040484 | AJ103: 0.1143394 | AK103: 0.1185844 | AL103: 0.13212962 | AM103: 0.12391234 | AN103: 0.11672127 | AO103: 0.14463639 | AP103: 0.11672127 | AQ103: 0.10838572 | AR103: 0.14463639 | AS103: 0.14463639 | AU103: 1
A104: Trucks | B104: Conventional trucks | C104: Diesel | E104: EFF | F104: 2020 | G104: TRA_Hdt_Dis,TRA_Hdt_Dis_01 | H104: =AVERAGE(I104:AJ104) -> 0.12037741 | I104: 0.097526014 | J104: 0.10613127 | K104: 0.095033305 | L104: 0.11680909 | M104: 0.11118755 | N104: 0.119836 | O104: 0.094267714 | P104: 0.12130862 | Q104: 0.1195504 | R104: 0.12106835 | S104: 0.1064772 | T104: 0.097706529 | U104: 0.14814215 | V104: 0.116358 | W104: 0.17832157 | X104: 0.11617858 | Y104: 0.13724347 | Z104: 0.12174279 | AA104: 0.13058216 | AB104: 0.13447554 | AC104: 0.12242446 | AD104: 0.12924878 | AE104: 0.1436559 | AF104: 0.11762194 | AG104: 0.10345776 | AH104: 0.11353574 | AI104: 0.13356565 | AJ104: 0.1171108 | AK104: 0.1214587 | AL104: 0.13533223 | AM104: 0.12691577 | AN104: 0.1195504 | AO104: 0.14814215 | AP104: 0.1195504 | AQ104: 0.11101282 | AR104: 0.14814215 | AS104: 0.14814215 | AU104: 1.0242384
A105: Trucks | B105: Conventional trucks | C105: Diesel | E105: EFF | F105: 2025 | G105: TRA_Hdt_Dis,TRA_Hdt_Dis_01 | H105: =AVERAGE(I105:AJ105) -> 0.12196002 | I105: 0.098808199 | J105: 0.10752659 | K105: 0.096282718 | L105: 0.11834479 | M105: 0.11264935 | N105: 0.1214115 | O105: 0.095507061 | P105: 0.12290348 | Q105: 0.12112214 | R105: 0.12266005 | S105: 0.10787707 | T105: 0.098991087 | U105: 0.15008979 | V105: 0.11788777 | W105: 0.18066599 | X105: 0.11770599 | Y105: 0.13904783 | Z105: 0.12334336 | AA105: 0.13229894 | AB105: 0.13624351 | AC105: 0.12403399 | AD105: 0.13094803 | AE105: 0.14554456 | AF105: 0.11916832 | AG105: 0.10481793 | AH105: 0.11502841 | AI105: 0.13532165 | AJ105: 0.11865047 | AK105: 0.12305553 | AL105: 0.13711145 | AM105: 0.12858435 | AN105: 0.12112214 | AO105: 0.15008979 | AP105: 0.12112214 | AQ105: 0.11247232 | AR105: 0.15008979 | AS105: 0.15008979 | AU105: 1.0377042
A106: Trucks | B106: Conventional trucks | C106: Diesel | E106: EFF | F106: 2030 | G106: TRA_Hdt_Dis,TRA_Hdt_Dis_01 | H106: =AVERAGE(I106:AJ106) -> 0.12354263 | I106: 0.10009038 | J106: 0.10892191 | K106: 0.09753213 | L106: 0.1198805 | M106: 0.11411114 | N106: 0.12298699 | O106: 0.096746409 | P106: 0.12449834 | Q106: 0.12269388 | R106: 0.12425175 | S106: 0.10927693 | T106: 0.10027565 | U106: 0.15203743 | V106: 0.11941754 | W106: 0.1830104 | X106: 0.1192334 | Y106: 0.14085218 | Z106: 0.12494392 | AA106: 0.13401572 | AB106: 0.13801147 | AC106: 0.12564352 | AD106: 0.13264728 | AE106: 0.14743322 | AF106: 0.12071471 | AG106: 0.1061781 | AH106: 0.11652108 | AI106: 0.13707765 | AJ106: 0.12019014 | AK106: 0.12465236 | AL106: 0.13889068 | AM106: 0.13025292 | AN106: 0.12269388 | AO106: 0.15203743 | AP106: 0.12269388 | AQ106: 0.11393181 | AR106: 0.15203743 | AS106: 0.15203743 | AU106: 1.0511699
A107: Trucks | B107: Conventional trucks | C107: Diesel | E107: EFF | F107: 2035 | G107: TRA_Hdt_Dis,TRA_Hdt_Dis_01 | H107: =AVERAGE(I107:AJ107) -> 0.12512525 | I107: 0.10137257 | J107: 0.11031723 | K107: 0.098781543 | L107: 0.1214162 | M107: 0.11557294 | N107: 0.12456249 | O107: 0.097985757 | P107: 0.1260932 | Q107: 0.12426563 | R107: 0.12584344 | S107: 0.1106768 | T107: 0.1015602 | U107: 0.15398507 | V107: 0.12094731 | W107: 0.18535481 | X107: 0.12076082 | Y107: 0.14265654 | Z107: 0.12654449 | AA107: 0.1357325 | AB107: 0.13977943 | AC107: 0.12725304 | AD107: 0.13434653 | AE107: 0.14932188 | AF107: 0.1222611 | AG107: 0.10753827 | AH107: 0.11801374 | AI107: 0.13883365 | AJ107: 0.1217298 | AK107: 0.12624919 | AL107: 0.14066991 | AM107: 0.1319215 | AN107: 0.12426563 | AO107: 0.15398507 | AP107: 0.12426563 | AQ107: 0.11539131 | AR107: 0.15398507 | AS107: 0.15398507 | AU107: 1.0646357
A108: Trucks | B108: Conventional trucks | C108: Diesel | E108: EFF | F108: 2040 | G108: TRA_Hdt_Dis,TRA_Hdt_Dis_01 | H108: =AVERAGE(I108:AJ108) -> 0.12670786 | I108: 0.10265475 | J108: 0.11171255 | K108: 0.10003096 | L108: 0.1229519 | M108: 0.11703473 | N108: 0.12613799 | O108: 0.099225104 | P108: 0.12768805 | Q108: 0.12583737 | R108: 0.12743514 | S108: 0.11207667 | T108: 0.10284476 | U108: 0.15593271 | V108: 0.12247709 | W108: 0.18769922 | X108: 0.12228823 | Y108: 0.14446089 | Z108: 0.12814505 | AA108: 0.13744927 | AB108: 0.1415474 | AC108: 0.12886257 | AD108: 0.13604577 | AE108: 0.15121054 | AF108: 0.12380749 | AG108: 0.10889844 | AH108: 0.11950641 | AI108: 0.14058965 | AJ108: 0.12326947 | AK108: 0.12784602 | AL108: 0.14244914 | AM108: 0.13359008 | AN108: 0.12583737 | AO108: 0.15593271 | AP108: 0.12583737 | AQ108: 0.11685081 | AR108: 0.15593271 | AS108: 0.15593271 | AU108: 1.0781015
A109: Trucks | B109: Conventional trucks | C109: Diesel | E109: EFF | F109: 2050 | G109: TRA_Hdt_Dis,TRA_Hdt_Dis_01 | H109: =AVERAGE(I109:AJ109) -> 0.12987309 | I109: 0.10521912 | J109: 0.11450319 | K109: 0.10252978 | L109: 0.1260233 | M109: 0.11995832 | N109: 0.12928898 | O109: 0.1017038 | P109: 0.13087777 | Q109: 0.12898085 | R109: 0.13061854 | S109: 0.1148764 | T109: 0.10541388 | U109: 0.15982799 | V109: 0.12553663 | W109: 0.19238805 | X109: 0.12534305 | Y109: 0.1480696 | Z109: 0.13134619 | AA109: 0.14088283 | AB109: 0.14508333 | AC109: 0.13208163 | AD109: 0.13944427 | AE109: 0.15498786 | AF109: 0.12690026 | AG109: 0.11161878 | AH109: 0.12249174 | AI109: 0.14410166 | AJ109: 0.12634881 | AK109: 0.13103968 | AL109: 0.14600759 | AM109: 0.13692723 | AN109: 0.12898085 | AO109: 0.15982799 | AP109: 0.12898085 | AQ109: 0.1197698 | AR109: 0.15982799 | AS109: 0.15982799 | AU109: 1.105033
A110: Trucks | B110: Conventional trucks | C110: Diesel | E110: EFF | F110: 2010 | G110: TRA_Hdt_Dis_10 | H110: =AVERAGE(I110:AJ110) -> 0.1175287 | I110: 0.095218081 | J110: 0.1036197 | K110: 0.092784361 | L110: 0.11404483 | M110: 0.10855632 | N110: 0.11700011 | O110: 0.092036888 | P110: 0.11843788 | Q110: 0.11672127 | R110: 0.11820329 | S110: 0.10395744 | T110: 0.095394325 | U110: 0.14463639 | V110: 0.11360441 | W110: 0.17410163 | X110: 0.11342924 | Y110: 0.13399563 | Z110: 0.11886178 | AA110: 0.12749196 | AB110: 0.13129321 | AC110: 0.11952731 | AD110: 0.12619014 | AE110: 0.14025631 | AF110: 0.11483844 | AG110: 0.10100945 | AH110: 0.11084894 | AI110: 0.13040484 | AJ110: 0.1143394 | AK110: 0.1185844 | AL110: 0.13212962 | AM110: 0.12391234 | AN110: 0.11672127 | AO110: 0.14463639 | AP110: 0.11672127 | AQ110: 0.10838572 | AR110: 0.14463639 | AS110: 0.14463639 | AU110: 1
A111: Trucks | B111: Conventional trucks | C111: Diesel | E111: EFF | F111: 2020 | G111: TRA_Hdt_Dis_10 | H111: =AVERAGE(I111:AJ111) -> 0.13361892 | I111: 0.10825388 | J111: 0.11780571 | K111: 0.10548697 | L111: 0.12965809 | M111: 0.12341818 | N111: 0.13301796 | O111: 0.10463716 | P111: 0.13465257 | Q111: 0.13270095 | R111: 0.13438587 | S111: 0.11818969 | T111: 0.10845425 | U111: 0.16443778 | V111: 0.12915738 | W111: 0.19793695 | X111: 0.12895822 | Y111: 0.15234025 | Z111: 0.1351345 | AA111: 0.1449462 | AB111: 0.14926785 | AC111: 0.13589115 | AD111: 0.14346615 | AE111: 0.15945805 | AF111: 0.13056035 | AG111: 0.11483811 | AH111: 0.12602467 | AI111: 0.14825787 | AJ111: 0.12999299 | AK111: 0.13481916 | AL111: 0.15021877 | AM111: 0.14087651 | AN111: 0.13270095 | AO111: 0.16443778 | AP111: 0.13270095 | AQ111: 0.12322423 | AR111: 0.16443778 | AS111: 0.16443778 | AU111: 1.1369046
A112: Trucks | B112: Conventional trucks | C112: Diesel | E112: EFF | F112: 2025 | G112: TRA_Hdt_Dis_10 | H112: =AVERAGE(I112:AJ112) -> 0.13537562 | I112: 0.1096771 | J112: 0.11935452 | K112: 0.10687382 | L112: 0.13136272 | M112: 0.12504078 | N112: 0.13476676 | O112: 0.10601284 | P112: 0.13642286 | Q112: 0.13444558 | R112: 0.13615265 | S112: 0.11974354 | T112: 0.10988011 | U112: 0.16659966 | V112: 0.13085543 | W112: 0.20053924 | X112: 0.13065365 | Y112: 0.15434309 | Z112: 0.13691113 | AA112: 0.14685183 | AB112: 0.15123029 | AC112: 0.13767773 | AD112: 0.14535232 | AE112: 0.16155446 | AF112: 0.13227684 | AG112: 0.1163479 | AH112: 0.12768153 | AI112: 0.15020703 | AJ112: 0.13170202 | AK112: 0.13659164 | AL112: 0.15219371 | AM112: 0.14272863 | AN112: 0.13444558 | AO112: 0.16659966 | AP112: 0.13444558 | AQ112: 0.12484427 | AR112: 0.16659966 | AS112: 0.16659966 | AU112: 1.1518516
A113: Trucks | B113: Conventional trucks | C113: Diesel | E113: EFF | F113: 2030 | G113: TRA_Hdt_Dis_10 | H113: =AVERAGE(I113:AJ113) -> 0.13713232 | I113: 0.11110033 | J113: 0.12090332 | K113: 0.10826066 | L113: 0.13306735 | M113: 0.12666337 | N113: 0.13651556 | O113: 0.10738851 | P113: 0.13819316 | Q113: 0.13619021 | R113: 0.13791944 | S113: 0.1212974 | T113: 0.11130597 | U113: 0.16876154 | V113: 0.13255347 | W113: 0.20314154 | X113: 0.13234908 | Y113: 0.15634592 | Z113: 0.13868776 | AA113: 0.14875745 | AB113: 0.15319273 | AC113: 0.1394643 | AD113: 0.14723848 | AE113: 0.16365087 | AF113: 0.13399333 | AG113: 0.11785769 | AH113: 0.12933839 | AI113: 0.15215619 | AJ113: 0.13341105 | AK113: 0.13836412 | AL113: 0.15416866 | AM113: 0.14458075 | AN113: 0.13619021 | AO113: 0.16876154 | AP113: 0.13619021 | AQ113: 0.12646431 | AR113: 0.16876154 | AS113: 0.16876154 | AU113: 1.1667986
A114: Trucks | B114: Conventional trucks | C114: Diesel | E114: EFF | F114: 2035 | G114: TRA_Hdt_Dis_10 | H114: =AVERAGE(I114:AJ114) -> 0.13888903 | I114: 0.11252355 | J114: 0.12245213 | K114: 0.10964751 | L114: 0.13477198 | M114: 0.12828596 | N114: 0.13826437 | O114: 0.10876419 | P114: 0.13996345 | Q114: 0.13793485 | R114: 0.13968622 | S114: 0.12285125 | T114: 0.11273183 | U114: 0.17092343 | V114: 0.13425152 | W114: 0.20574384 | X114: 0.13404451 | Y114: 0.15834875 | Z114: 0.14046438 | AA114: 0.15066307 | AB114: 0.15515517 | AC114: 0.14125088 | AD114: 0.14912464 | AE114: 0.16574729 | AF114: 0.13570982 | AG114: 0.11936748 | AH114: 0.13099525 | AI114: 0.15410535 | AJ114: 0.13512008 | AK114: 0.1401366 | AL114: 0.1561436 | AM114: 0.14643287 | AN114: 0.13793485 | AO114: 0.17092343 | AP114: 0.13793485 | AQ114: 0.12808436 | AR114: 0.17092343 | AS114: 0.17092343 | AU114: 1.1817456
... A144: Trucks | B144: Low and zero emission trucks | C144: Hydrogen | E144: EFF | F144: 2050 | G144: TRA_Hdt_GH2* | H144: =AVERAGE(I144:AJ144) -> 0.21688806 | I144: 0.17571594 | J144: 0.19122032 | K144: 0.17122474 | L144: 0.21045891 | M144: 0.20033039 | N144: 0.2159126 | O144: 0.16984535 | P144: 0.21856587 | Q144: 0.21539802 | R144: 0.21813296 | S144: 0.19184359 | T144: 0.17604118 | U144: 0.26691274 | V144: 0.20964617 | W144: 0.32128804 | X144: 0.2093229 | Y144: 0.24727623 | Z144: 0.21934813 | AA144: 0.23527432 | AB144: 0.24228915 | AC144: 0.22057632 | AD144: 0.23287193 | AE144: 0.25882972 | AF144: 0.21192344 | AG144: 0.18640336 | AH144: 0.20456121 | AI144: 0.24064977 | AJ144: 0.21100251 | AK144: 0.21883627 | AL144: 0.24383268 | AM144: 0.22866847 | AN144: 0.21539802 | AO144: 0.26691274 | AP144: 0.21539802 | AQ144: 0.20001557 | AR144: 0.26691274 | AS144: 0.26691274 | AU144: 1.8454051
A145: Trucks | B145: Low and zero emission trucks | C145: Electricity | E145: EFF | F145: 2010 | G145: TRA_Hdt_Elc* | H145: 0.19203819
A146: Trucks | B146: Low and zero emission trucks | C146: Electricity | E146: EFF | F146: 2020 | G146: TRA_Hdt_Elc* | H146: 0.19203819
A147: Trucks | B147: Low and zero emission trucks | C147: Electricity | E147: EFF | F147: 2025 | G147: TRA_Hdt_Elc* | H147: 0.19864308
A148: Trucks | B148: Low and zero emission trucks | C148: Electricity | E148: EFF | F148: 2030 | G148: TRA_Hdt_Elc* | H148: 0.20756678
A149: Trucks | B149: Low and zero emission trucks | C149: Electricity | E149: EFF | F149: 2035 | G149: TRA_Hdt_Elc* | H149: 0.21732997
A150: Trucks | B150: Low and zero emission trucks | C150: Electricity | E150: EFF | F150: 2040 | G150: TRA_Hdt_Elc* | H150: 0.22805694
A151: Trucks | B151: Low and zero emission trucks | C151: Electricity | E151: EFF | F151: 2050 | G151: TRA_Hdt_Elc* | H151: 0.25303558
A152: Buses | B152: Interpolation rule | E152: EFF | F152: 0 | G152: TRA_Bus* | H152: 5
A153: Cars | B153: Interpolation rule | E153: EFF | F153: 0 | G153: TRA_Car* | H153: 5
A154: Trucks | B154: Interpolation rule | E154: EFF | F154: 0 | G154: TRA_Hdt* | H154: 5
A155: Vans | B155: Interpolation rule | E155: EFF | F155: 0 | G155: TRA_Lcv* | H155: 5
A156: Mopeds | B156: Interpolation rule | E156: EFF | F156: 0 | G156: TRA_Mop* | H156: 5
A157: Motorcycles | B157: Interpolation rule | E157: EFF | F157: 0 | G157: TRA_Mot* | H157: 5
A158: Trains | B158: Interpolation rule | E158: EFF | F158: 0 | G158: TRA_Rai* | H158: 5
A159: Aviation | B159: Cargo Extra-EU | C159: Kerosene | E159: EFF | F159: 2010 | G159: TRA_Avi_Frt_Extra-EU | H159: 0.12 | I159: 0.15 | J159: 0.1 | K159: 0.1 | L159: 0.16 | M159: 0.16 | N159: 0.13 | O159: 0.11 | P159: 0.14 | Q159: 0.16 | R159: 0.13 | S159: 0.12 | T159: 0.12 | U159: 0.05 | V159: 0.11 | W159: 0.09 | X159: 0.13 | Y159: 0.12 | Z159: 0.08 | AA159: 0.11 | AB159: 0.12 | AC159: 0.08 | AD159: 0.13 | AE159: 0.13 | AF159: 0.16 | AG159: 0.13 | AH159: 0.18 | AI159: 0.15 | AJ159: 0.11 | AK159: 0.13 | AL159: 0.12 | AM159: 0.12
A160: Aviation | B160: Cargo Extra-EU | C160: Kerosene | E160: EFF | F160: 2015 | G160: TRA_Avi_Frt_Extra-EU | H160: 0.12 | I160: 0.15 | J160: 0.1 | K160: 0.1 | L160: 0.16 | M160: 0.16 | N160: 0.13 | O160: 0.11 | P160: 0.14 | Q160: 0.16 | R160: 0.13 | S160: 0.12 | T160: 0.12 | U160: 0.05 | V160: 0.11 | W160: 0.09 | X160: 0.13 | Y160: 0.12 | Z160: 0.08 | AA160: 0.11 | AB160: 0.12 | AC160: 0.08 | AD160: 0.13 | AE160: 0.13 | AF160: 0.16 | AG160: 0.13 | AH160: 0.18 | AI160: 0.15 | AJ160: 0.11 | AK160: 0.13 | AL160: 0.12 | AM160: 0.12
A161: Aviation | B161: Cargo Extra-EU | C161: Kerosene | E161: EFF | F161: 2020 | G161: TRA_Avi_Frt_Extra-EU | H161: 0.12 | I161: 0.15 | J161: 0.1 | K161: 0.1 | L161: 0.16 | M161: 0.16 | N161: 0.13 | O161: 0.11 | P161: 0.14 | Q161: 0.16 | R161: 0.13 | S161: 0.12 | T161: 0.12 | U161: 0.05 | V161: 0.11 | W161: 0.09 | X161: 0.13 | Y161: 0.12 | Z161: 0.08 | AA161: 0.11 | AB161: 0.12 | AC161: 0.08 | AD161: 0.13 | AE161: 0.13 | AF161: 0.16 | AG161: 0.13 | AH161: 0.18 | AI161: 0.15 | AJ161: 0.11 | AK161: 0.13 | AL161: 0.12 | AM161: 0.12
A162: Aviation | B162: Cargo Extra-EU | C162: Kerosene | E162: EFF | F162: 2025 | G162: TRA_Avi_Frt_Extra-EU | H162: 0.12 | I162: 0.15 | J162: 0.1 | K162: 0.1 | L162: 0.16 | M162: 0.16 | N162: 0.13 | O162: 0.11 | P162: 0.14 | Q162: 0.16 | R162: 0.13 | S162: 0.12 | T162: 0.12 | U162: 0.05 | V162: 0.11 | W162: 0.09 | X162: 0.13 | Y162: 0.12 | Z162: 0.08 | AA162: 0.11 | AB162: 0.12 | AC162: 0.08 | AD162: 0.13 | AE162: 0.13 | AF162: 0.16 | AG162: 0.13 | AH162: 0.18 | AI162: 0.15 | AJ162: 0.11 | AK162: 0.13 | AL162: 0.12 | AM162: 0.12
A163: Aviation | B163: Cargo Extra-EU | C163: Kerosene | E163: EFF | F163: 0 | G163: TRA_Avi_Frt_Extra-EU | H163: 5
A164: Aviation | B164: Cargo Intra-EU | C164: Kerosene | E164: EFF | F164: 2010 | G164: TRA_Avi_Frt_Intra-EU | H164: 0.21 | I164: 0.35 | J164: 0.19 | K164: 0.13 | L164: 0.24 | M164: 0.26 | N164: 0.3 | O164: 0.19 | P164: 0.14 | Q164: 0.2 | R164: 0.18 | S164: 0.3 | T164: 0.27 | U164: 0 | V164: 0.12 | W164: 0.15 | X164: 0.27 | Y164: 0.13 | Z164: 0.13 | AA164: 0.14 | AB164: 0.1 | AC164: 0.22 | AD164: 0.19 | AE164: 0.16 | AF164: 0.19 | AG164: 0.23 | AH164: 0.24 | AI164: 0.18 | AJ164: 0.25 | AK164: 0.3 | AL164: 0.3 | AM164: 0.3
A165: Aviation | B165: Cargo Intra-EU | C165: Kerosene | E165: EFF | F165: 2015 | G165: TRA_Avi_Frt_Intra-EU | H165: 0.21 | I165: 0.35 | J165: 0.19 | K165: 0.13 | L165: 0.24 | M165: 0.26 | N165: 0.3 | O165: 0.19 | P165: 0.14 | Q165: 0.2 | R165: 0.18 | S165: 0.3 | T165: 0.27 | U165: 0 | V165: 0.12 | W165: 0.15 | X165: 0.27 | Y165: 0.13 | Z165: 0.13 | AA165: 0.14 | AB165: 0.1 | AC165: 0.22 | AD165: 0.19 | AE165: 0.16 | AF165: 0.19 | AG165: 0.23 | AH165: 0.24 | AI165: 0.18 | AJ165: 0.25 | AK165: 0.3 | AL165: 0.3 | AM165: 0.3
A166: Aviation | B166: Cargo Intra-EU | C166: Kerosene | E166: EFF | F166: 2020 | G166: TRA_Avi_Frt_Intra-EU | H166: 0.21 | I166: 0.35 | J166: 0.19 | K166: 0.13 | L166: 0.24 | M166: 0.26 | N166: 0.3 | O166: 0.19 | P166: 0.14 | Q166: 0.2 | R166: 0.18 | S166: 0.3 | T166: 0.27 | U166: 0 | V166: 0.12 | W166: 0.15 | X166: 0.27 | Y166: 0.13 | Z166: 0.13 | AA166: 0.14 | AB166: 0.1 | AC166: 0.22 | AD166: 0.19 | AE166: 0.16 | AF166: 0.19 | AG166: 0.23 | AH166: 0.24 | AI166: 0.18 | AJ166: 0.25 | AK166: 0.3 | AL166: 0.3 | AM166: 0.3
A167: Aviation | B167: Cargo Intra-EU | C167: Kerosene | E167: EFF | F167: 2025 | G167: TRA_Avi_Frt_Intra-EU | H167: 0.21 | I167: 0.35 | J167: 0.19 | K167: 0.13 | L167: 0.24 | M167: 0.26 | N167: 0.3 | O167: 0.19 | P167: 0.14 | Q167: 0.2 | R167: 0.18 | S167: 0.3 | T167: 0.27 | U167: 0 | V167: 0.12 | W167: 0.15 | X167: 0.27 | Y167: 0.13 | Z167: 0.13 | AA167: 0.14 | AB167: 0.1 | AC167: 0.22 | AD167: 0.19 | AE167: 0.16 | AF167: 0.19 | AG167: 0.23 | AH167: 0.24 | AI167: 0.18 | AJ167: 0.25 | AK167: 0.3 | AL167: 0.3 | AM167: 0.3
A168: Aviation | B168: Cargo Intra-EU | C168: Kerosene | E168: EFF | F168: 0 | G168: TRA_Avi_Frt_Intra-EU | H168: 5
A169: Aviation | B169: Passenger domestic | C169: Kerosene | E169: EFF | F169: 2010 | G169: TRA_Avi_Pas_Dom | H169: 0.31 | I169: 0.24 | K169: 0.27 | M169: 0.19 | N169: 0.33 | O169: 0.23 | Q169: 0.34 | R169: 0.36 | S169: 0.23884114 | T169: 0.34 | U169: 0.28 | V169: 0 | W169: 0.35 | X169: 0.42 | AD169: 0.25 | AE169: 0.37 | AF169: 0.31 | AG169: 0.37 | AJ169: 0.34 | AK169: 0.33 | AL169: 0.35 | AM169: 0.35
A170: Aviation | B170: Passenger domestic | C170: Kerosene | E170: EFF | F170: 2015 | G170: TRA_Avi_Pas_Dom | H170: 0.31 | I170: 0.24 | K170: 0.27 | M170: 0.19 | N170: 0.33 | O170: 0.23 | Q170: 0.34 | R170: 0.36 | S170: 0.26140464 | T170: 0.34 | U170: 0.28 | V170: 0 | W170: 0.35 | X170: 0.42 | AD170: 0.25 | AE170: 0.37 | AF170: 0.31 | AG170: 0.37 | AJ170: 0.34 | AK170: 0.33 | AL170: 0.35 | AM170: 0.35
A171: Aviation | B171: Passenger domestic | C171: Kerosene | E171: EFF | F171: 2020 | G171: TRA_Avi_Pas_Dom | H171: 0.31 | I171: 0.24 | K171: 0.27 | M171: 0.19 | N171: 0.33 | O171: 0.23 | Q171: 0.34 | R171: 0.36 | S171: 0.20274409 | T171: 0.34 | U171: 0.28 | V171: 0 | W171: 0.35 | X171: 0.42 | AD171: 0.25 | AE171: 0.37 | AF171: 0.31 | AG171: 0.37 | AJ171: 0.34 | AK171: 0.33 | AL171: 0.35 | AM171: 0.35
A172: Aviation | B172: Passenger domestic | C172: Kerosene | E172: EFF | F172: 2025 | G172: TRA_Avi_Pas_Dom | H172: 0.31 | I172: 0.24 | K172: 0.27 | M172: 0.19 | N172: 0.33 | O172: 0.23 | Q172: 0.34 | R172: 0.36 | S172: =AVERAGE(S169:S171) -> 0.23432996 | T172: 0.34 | U172: 0.28 | V172: 0 | W172: 0.35 | X172: 0.42 | AD172: 0.25 | AE172: 0.37 | AF172: 0.31 | AG172: 0.37 | AJ172: 0.34 | AK172: 0.33 | AL172: 0.35 | AM172: 0.35
A173: Aviation | B173: Passenger domestic | C173: Kerosene | E173: EFF | F173: 0 | G173: TRA_Avi_Pas_Dom | H173: 5
A174: Aviation | B174: Passenger Extra-EU | C174: Kerosene | E174: EFF | F174: 2010 | G174: TRA_Avi_Pas_Extra-EU | H174: 0.67 | I174: 0.96 | J174: 0.66 | K174: 0.73 | L174: 0.68 | M174: 1.03 | N174: 0.81 | O174: 0.66 | P174: 0.4 | Q174: 0.79 | R174: 0.85 | S174: 0.78 | T174: 0.8 | U174: 0.32 | V174: 0.57 | W174: 0.56 | X174: 0.8 | Y174: 0.82 | Z174: 0.14 | AA174: 0.62 | AB174: 0.51 | AC174: 0.71 | AD174: 0.7 | AE174: 0.84 | AF174: 0.56 | AG174: 0.98 | AH174: 0.63 | AI174: 0.84 | AJ174: 0.71 | AK174: 0.81 | AL174: 0.78 | AM174: 0.78
A175: Aviation | B175: Passenger Extra-EU | C175: Kerosene | E175: EFF | F175: 2015 | G175: TRA_Avi_Pas_Extra-EU | H175: 0.67 | I175: 0.96 | J175: 0.66 | K175: 0.73 | L175: 0.68 | M175: 1.03 | N175: 0.81 | O175: 0.66 | P175: 0.4 | Q175: 0.79 | R175: 0.85 | S175: 0.78 | T175: 0.8 | U175: 0.32 | V175: 0.57 | W175: 0.56 | X175: 0.8 | Y175: 0.82 | Z175: 0.14 | AA175: 0.62 | AB175: 0.51 | AC175: 0.71 | AD175: 0.7 | AE175: 0.84 | AF175: 0.56 | AG175: 0.98 | AH175: 0.63 | AI175: 0.84 | AJ175: 0.71 | AK175: 0.81 | AL175: 0.78 | AM175: 0.78
A176: Aviation | B176: Passenger Extra-EU | C176: Kerosene | E176: EFF | F176: 2020 | G176: TRA_Avi_Pas_Extra-EU | H176: 0.67 | I176: 0.96 | J176: 0.66 | K176: 0.73 | L176: 0.68 | M176: 1.03 | N176: 0.81 | O176: 0.66 | P176: 0.4 | Q176: 0.79 | R176: 0.85 | S176: 0.78 | T176: 0.8 | U176: 0.32 | V176: 0.57 | W176: 0.56 | X176: 0.8 | Y176: 0.82 | Z176: 0.14 | AA176: 0.62 | AB176: 0.51 | AC176: 0.71 | AD176: 0.7 | AE176: 0.84 | AF176: 0.56 | AG176: 0.98 | AH176: 0.63 | AI176: 0.84 | AJ176: 0.71 | AK176: 0.81 | AL176: 0.78 | AM176: 0.78
A177: Aviation | B177: Passenger Extra-EU | C177: Kerosene | E177: EFF | F177: 2025 | G177: TRA_Avi_Pas_Extra-EU | H177: 0.67 | I177: 0.96 | J177: 0.66 | K177: 0.73 | L177: 0.68 | M177: 1.03 | N177: 0.81 | O177: 0.66 | P177: 0.4 | Q177: 0.79 | R177: 0.85 | S177: 0.78 | T177: 0.8 | U177: 0.32 | V177: 0.57 | W177: 0.56 | X177: 0.8 | Y177: 0.82 | Z177: 0.14 | AA177: 0.62 | AB177: 0.51 | AC177: 0.71 | AD177: 0.7 | AE177: 0.84 | AF177: 0.56 | AG177: 0.98 | AH177: 0.63 | AI177: 0.84 | AJ177: 0.71 | AK177: 0.81 | AL177: 0.78 | AM177: 0.78
A178: Aviation | B178: Passenger Extra-EU | C178: Kerosene | E178: EFF | F178: 0 | G178: TRA_Avi_Pas_Extra-EU | H178: 5
...

Sheet INS_AF
A1: Yearly availability factors (tkm/year)
E3: ~TFM_INS
A4: Vehicle | B4: Subvehicle | C4: Fuel | E4: Attribute | F4: Year | G4: PSET_PN | H4: AllRegions | I4: AL | J4: AT | K4: BA | L4: BE | M4: BG | N4: CH | O4: CY | P4: CZ | Q4: DE | R4: DK | S4: EE | T4: EL | U4: ES | V4: FI | W4: FR | X4: HR | Y4: HU | Z4: IE | AA4: IS | AB4: IT | AC4: KS | AD4: LT | AE4: LU | AF4: LV | AG4: ME | AH4: MK | AI4: MT | AJ4: NL | AK4: NO | AL4: PL | AM4: PT | AN4: RO | AO4: RS | AP4: SE | AQ4: SI | AR4: SK | AS4: UK
A5: Buses | B5: Conventional coaches | C5: Diesel | E5: AF | F5: 2010 | G5: TRA_Bus_Dis_Coa* | H5: =AVERAGE(I5:AS5) -> 66.756157 | I5: 90.5633 | J5: 137.92 | K5: 82.638 | L5: 61.8505 | M5: 27.1992 | N5: 55.6788 | O5: 43.6949 | P5: 50.4533 | Q5: 80.0755 | R5: 37.3013 | S5: 45.6949 | T5: 90.5633 | U5: 79.5897 | V5: 59.8584 | W5: 44.4871 | X5: 82.638 | Y5: 61.7817 | Z5: 54.3276 | AA5: 46.339 | AB5: 42.7829 | AC5: 82.638 | AD5: 15.8658 | AE5: 192.143 | AF5: 89.929 | AG5: 90.5633 | AH5: 21.8232 | AI5: 30.1527 | AJ5: 65.2606 | AK5: 63.8276 | AL5: 33.9756 | AM5: 37.7216 | AN5: 28.9507 | AO5: 82.638 | AP5: 110.72 | AQ5: 115.751 | AR5: 67.5264 | AS5: 65.0539
A6: Buses | B6: Conventional coaches | C6: Diesel | E6: AF | F6: 2020 | G6: TRA_Bus_Dis_Coa* | H6: =AVERAGE(I6:AS6) -> 66.756157 | I6: =I5 -> 90.5633 | J6: =J5 -> 137.92 | K6: =K5 -> 82.638 | L6: =L5 -> 61.8505 | M6: =M5 -> 27.1992 | N6: =N5 -> 55.6788 | O6: =O5 -> 43.6949 | P6: =P5 -> 50.4533 | ... AS6: =AS5 -> 65.0539
A7: Buses | B7: Conventional coaches | C7: Diesel | E7: AF | F7: 2025 | G7: TRA_Bus_Dis_Coa* | H7: =AVERAGE(I7:AS7) -> 66.756157 | I7: =I6 -> 90.5633 | J7: =J6 -> 137.92 | K7: =K6 -> 82.638 | L7: =L6 -> 61.8505 | M7: =M6 -> 27.1992 | N7: =N6 -> 55.6788 | O7: =O6 -> 43.6949 | P7: =P6 -> 50.4533 | ... AS7: =AS6 -> 65.0539
A8: Buses | B8: Conventional coaches | C8: Diesel | E8: AF | F8: 2030 | G8: TRA_Bus_Dis_Coa* | H8: =AVERAGE(I8:AS8) -> 66.756157 | I8: =I7 -> 90.5633 | J8: =J7 -> 137.92 | K8: =K7 -> 82.638 | L8: =L7 -> 61.8505 | M8: =M7 -> 27.1992 | N8: =N7 -> 55.6788 | O8: =O7 -> 43.6949 | P8: =P7 -> 50.4533 | ... AS8: =AS7 -> 65.0539
A9: Buses | B9: Conventional coaches | C9: Diesel | E9: AF | F9: 2035 | G9: TRA_Bus_Dis_Coa* | H9: =AVERAGE(I9:AS9) -> 66.756157 | I9: =I8 -> 90.5633 | J9: =J8 -> 137.92 | K9: =K8 -> 82.638 | L9: =L8 -> 61.8505 | M9: =M8 -> 27.1992 | N9: =N8 -> 55.6788 | O9: =O8 -> 43.6949 | P9: =P8 -> 50.4533 | ... AS9: =AS8 -> 65.0539
A10: Buses | B10: Conventional coaches | C10: Diesel | E10: AF | F10: 2040 | G10: TRA_Bus_Dis_Coa* | H10: =AVERAGE(I10:AS10) -> 66.756157 | I10: =I9 -> 90.5633 | J10: =J9 -> 137.92 | K10: =K9 -> 82.638 | L10: =L9 -> 61.8505 | M10: =M9 -> 27.1992 | N10: =N9 -> 55.6788 | O10: =O9 -> 43.6949 | P10: =P9 -> 50.4533 | ... AS10: =AS9 -> 65.0539
A11: Buses | B11: Conventional coaches | C11: Diesel | E11: AF | F11: 2050 | G11: TRA_Bus_Dis_Coa* | H11: =AVERAGE(I11:AS11) -> 66.756157 | I11: =I10 -> 90.5633 | J11: =J10 -> 137.92 | K11: =K10 -> 82.638 | L11: =L10 -> 61.8505 | M11: =M10 -> 27.1992 | N11: =N10 -> 55.6788 | O11: =O10 -> 43.6949 | P11: =P10 -> 50.4533 | ... AS11: =AS10 -> 65.0539
A12: Buses | B12: Conventional coaches | C12: Gasolene | E12: AF | F12: 2010 | G12: TRA_Bus_Gas_Coa* | H12: =AVERAGE(I12:AS12) -> 39.1639 | P12: 41.3745 | R12: 10.2624 | AA12: 45.0813 | AS12: 59.9374
A13: Buses | B13: Conventional coaches | C13: Gasolene | E13: AF | F13: 2020 | G13: TRA_Bus_Gas_Coa* | H13: =AVERAGE(I13:AS13) -> 39.1639 | P13: =P12 -> 41.3745 | R13: =R12 -> 10.2624 | AA13: =AA12 -> 45.0813 | AS13: =AS12 -> 59.9374
A14: Buses | B14: Conventional coaches | C14: Gasolene | E14: AF | F14: 2025 | G14: TRA_Bus_Gas_Coa* | H14: =AVERAGE(I14:AS14) -> 39.1639 | P14: =P13 -> 41.3745 | R14: =R13 -> 10.2624 | AA14: =AA13 -> 45.0813 | AS14: =AS13 -> 59.9374
A15: Buses | B15: Conventional coaches | C15: Gasolene | E15: AF | F15: 2030 | G15: TRA_Bus_Gas_Coa* | H15: =AVERAGE(I15:AS15) -> 39.1639 | P15: =P14 -> 41.3745 | R15: =R14 -> 10.2624 | AA15: =AA14 -> 45.0813 | AS15: =AS14 -> 59.9374
A16: Buses | B16: Conventional coaches | C16: Gasolene | E16: AF | F16: 2035 | G16: TRA_Bus_Gas_Coa* | H16: =AVERAGE(I16:AS16) -> 39.1639 | P16: =P15 -> 41.3745 | R16: =R15 -> 10.2624 | AA16: =AA15 -> 45.0813 | AS16: =AS15 -> 59.9374
A17: Buses | B17: Conventional coaches | C17: Gasolene | E17: AF | F17: 2040 | G17: TRA_Bus_Gas_Coa* | H17: =AVERAGE(I17:AS17) -> 39.1639 | P17: =P16 -> 41.3745 | R17: =R16 -> 10.2624 | AA17: =AA16 -> 45.0813 | AS17: =AS16 -> 59.9374
A18: Buses | B18: Conventional coaches | C18: Gasolene | E18: AF | F18: 2050 | G18: TRA_Bus_Gas_Coa* | H18: =AVERAGE(I18:AS18) -> 39.1639 | P18: =P17 -> 41.3745 | R18: =R17 -> 10.2624 | AA18: =AA17 -> 45.0813 | AS18: =AS17 -> 59.9374
A19: Buses | B19: Conventional coaches | C19: LPG | E19: AF | F19: 2010 | G19: TRA_Bus_Lpg_Coa* | H19: =AVERAGE(I19:AS19) -> 148.262 | AS19: 148.262
A20: Buses | B20: Conventional coaches | C20: LPG | E20: AF | F20: 2020 | G20: TRA_Bus_Lpg_Coa* | H20: =AVERAGE(I20:AS20) -> 148.262 | AS20: 148.262
A21: Buses | B21: Conventional coaches | C21: LPG | E21: AF | F21: 2025 | G21: TRA_Bus_Lpg_Coa* | H21: =AVERAGE(I21:AS21) -> 148.262 | AS21: 148.262
A22: Buses | B22: Conventional coaches | C22: LPG | E22: AF | F22: 2030 | G22: TRA_Bus_Lpg_Coa* | H22: =AVERAGE(I22:AS22) -> 148.262 | AS22: 148.262
A23: Buses | B23: Conventional coaches | C23: LPG | E23: AF | F23: 2035 | G23: TRA_Bus_Lpg_Coa* | H23: =AVERAGE(I23:AS23) -> 148.262 | AS23: 148.262
A24: Buses | B24: Conventional coaches | C24: LPG | E24: AF | F24: 2040 | G24: TRA_Bus_Lpg_Coa* | H24: =AVERAGE(I24:AS24) -> 148.262 | AS24: 148.262
A25: Buses | B25: Conventional coaches | C25: LPG | E25: AF | F25: 2050 | G25: TRA_Bus_Lpg_Coa* | H25: =AVERAGE(I25:AS25) -> 148.262 | AS25: 148.262
A26: Buses | B26: Low and zero emission coaches | C26: CNG | E26: AF | F26: 2010 | G26: TRA_Bus_Cng_Coa* | H26: =AVERAGE(I26:AS26) -> 16.318 | AP26: 16.318
A27: Buses | B27: Low and zero emission coaches | C27: CNG | E27: AF | F27: 2020 | G27: TRA_Bus_Cng_Coa* | H27: =AVERAGE(I27:AS27) -> 16.318 | AP27: 16.318
A28: Buses | B28: Low and zero emission coaches | C28: CNG | E28: AF | F28: 2025 | G28: TRA_Bus_Cng_Coa* | H28: =AVERAGE(I28:AS28) -> 16.318 | AP28: 16.318
A29: Buses | B29: Low and zero emission coaches | C29: CNG | E29: AF | F29: 2030 | G29: TRA_Bus_Cng_Coa* | H29: =AVERAGE(I29:AS29) -> 16.318 | AP29: 16.318
A30: Buses | B30: Low and zero emission coaches | C30: CNG | E30: AF | F30: 2035 | G30: TRA_Bus_Cng_Coa* | H30: =AVERAGE(I30:AS30) -> 16.318 | AP30: 16.318
A31: Buses | B31: Low and zero emission coaches | C31: CNG | E31: AF | F31: 2040 | G31: TRA_Bus_Cng_Coa* | H31: =AVERAGE(I31:AS31) -> 16.318 | AP31: 16.318
A32: Buses | B32: Low and zero emission coaches | C32: CNG | E32: AF | F32: 2050 | G32: TRA_Bus_Cng_Coa* | H32: =AVERAGE(I32:AS32) -> 16.318 | AP32: 16.318
A33: Buses | B33: Low and zero emission coaches | C33: E85 | E33: AF | F33: 2010 | G33: TRA_Bus_Eth_Coa* | H33: =AVERAGE(I33:AS33) -> 66.756157 | I33: 90.5633 | J33: 137.92 | K33: 82.638 | L33: 61.8505 | M33: 27.1992 | N33: 55.6788 | O33: 43.6949 | P33: 50.4533 | Q33: 80.0755 | R33: 37.3013 | S33: 45.6949 | T33: 90.5633 | U33: 79.5897 | V33: 59.8584 | W33: 44.4871 | X33: 82.638 | Y33: 61.7817 | Z33: 54.3276 | AA33: 46.339 | AB33: 42.7829 | AC33: 82.638 | AD33: 15.8658 | AE33: 192.143 | AF33: 89.929 | AG33: 90.5633 | AH33: 21.8232 | AI33: 30.1527 | AJ33: 65.2606 | AK33: 63.8276 | AL33: 33.9756 | AM33: 37.7216 | AN33: 28.9507 | AO33: 82.638 | AP33: 110.72 | AQ33: 115.751 | AR33: 67.5264 | AS33: 65.0539
A34: Buses | B34: Low and zero emission coaches | C34: E85 | E34: AF | F34: 2020 | G34: TRA_Bus_Eth_Coa* | H34: =AVERAGE(I34:AS34) -> 66.756157 | I34: 90.5633 | J34: 137.92 | K34: 82.638 | L34: 61.8505 | M34: 27.1992 | N34: 55.6788 | O34: 43.6949 | P34: 50.4533 | Q34: 80.0755 | R34: 37.3013 | S34: 45.6949 | T34: 90.5633 | U34: 79.5897 | V34: 59.8584 | W34: 44.4871 | X34: 82.638 | Y34: 61.7817 | Z34: 54.3276 | AA34: 46.339 | AB34: 42.7829 | AC34: 82.638 | AD34: 15.8658 | AE34: 192.143 | AF34: 89.929 | AG34: 90.5633 | AH34: 21.8232 | AI34: 30.1527 | AJ34: 65.2606 | AK34: 63.8276 | AL34: 33.9756 | AM34: 37.7216 | AN34: 28.9507 | AO34: 82.638 | AP34: 110.72 | AQ34: 115.751 | AR34: 67.5264 | AS34: 65.0539
A35: Buses | B35: Low and zero emission coaches | C35: E85 | E35: AF | F35: 2025 | G35: TRA_Bus_Eth_Coa* | H35: =AVERAGE(I35:AS35) -> 66.756157 | I35: 90.5633 | J35: 137.92 | K35: 82.638 | L35: 61.8505 | M35: 27.1992 | N35: 55.6788 | O35: 43.6949 | P35: 50.4533 | Q35: 80.0755 | R35: 37.3013 | S35: 45.6949 | T35: 90.5633 | U35: 79.5897 | V35: 59.8584 | W35: 44.4871 | X35: 82.638 | Y35: 61.7817 | Z35: 54.3276 | AA35: 46.339 | AB35: 42.7829 | AC35: 82.638 | AD35: 15.8658 | AE35: 192.143 | AF35: 89.929 | AG35: 90.5633 | AH35: 21.8232 | AI35: 30.1527 | AJ35: 65.2606 | AK35: 63.8276 | AL35: 33.9756 | AM35: 37.7216 | AN35: 28.9507 | AO35: 82.638 | AP35: 110.72 | AQ35: 115.751 | AR35: 67.5264 | AS35: 65.0539
A36: Buses | B36: Low and zero emission coaches | C36: E85 | E36: AF | F36: 2030 | G36: TRA_Bus_Eth_Coa* | H36: =AVERAGE(I36:AS36) -> 66.756157 | I36: 90.5633 | J36: 137.92 | K36: 82.638 | L36: 61.8505 | M36: 27.1992 | N36: 55.6788 | O36: 43.6949 | P36: 50.4533 | Q36: 80.0755 | R36: 37.3013 | S36: 45.6949 | T36: 90.5633 | U36: 79.5897 | V36: 59.8584 | W36: 44.4871 | X36: 82.638 | Y36: 61.7817 | Z36: 54.3276 | AA36: 46.339 | AB36: 42.7829 | AC36: 82.638 | AD36: 15.8658 | AE36: 192.143 | AF36: 89.929 | AG36: 90.5633 | AH36: 21.8232 | AI36: 30.1527 | AJ36: 65.2606 | AK36: 63.8276 | AL36: 33.9756 | AM36: 37.7216 | AN36: 28.9507 | AO36: 82.638 | AP36: 110.72 | AQ36: 115.751 | AR36: 67.5264 | AS36: 65.0539
A37: Buses | B37: Low and zero emission coaches | C37: E85 | E37: AF | F37: 2035 | G37: TRA_Bus_Eth_Coa* | H37: =AVERAGE(I37:AS37) -> 66.756157 | I37: 90.5633 | J37: 137.92 | K37: 82.638 | L37: 61.8505 | M37: 27.1992 | N37: 55.6788 | O37: 43.6949 | P37: 50.4533 | Q37: 80.0755 | R37: 37.3013 | S37: 45.6949 | T37: 90.5633 | U37: 79.5897 | V37: 59.8584 | W37: 44.4871 | X37: 82.638 | Y37: 61.7817 | Z37: 54.3276 | AA37: 46.339 | AB37: 42.7829 | AC37: 82.638 | AD37: 15.8658 | AE37: 192.143 | AF37: 89.929 | AG37: 90.5633 | AH37: 21.8232 | AI37: 30.1527 | AJ37: 65.2606 | AK37: 63.8276 | AL37: 33.9756 | AM37: 37.7216 | AN37: 28.9507 | AO37: 82.638 | AP37: 110.72 | AQ37: 115.751 | AR37: 67.5264 | AS37: 65.0539
A38: Buses | B38: Low and zero emission coaches | C38: E85 | E38: AF | F38: 2040 | G38: TRA_Bus_Eth_Coa* | H38: =AVERAGE(I38:AS38) -> 66.756157 | I38: 90.5633 | J38: 137.92 | K38: 82.638 | L38: 61.8505 | M38: 27.1992 | N38: 55.6788 | O38: 43.6949 | P38: 50.4533 | Q38: 80.0755 | R38: 37.3013 | S38: 45.6949 | T38: 90.5633 | U38: 79.5897 | V38: 59.8584 | W38: 44.4871 | X38: 82.638 | Y38: 61.7817 | Z38: 54.3276 | AA38: 46.339 | AB38: 42.7829 | AC38: 82.638 | AD38: 15.8658 | AE38: 192.143 | AF38: 89.929 | AG38: 90.5633 | AH38: 21.8232 | AI38: 30.1527 | AJ38: 65.2606 | AK38: 63.8276 | AL38: 33.9756 | AM38: 37.7216 | AN38: 28.9507 | AO38: 82.638 | AP38: 110.72 | AQ38: 115.751 | AR38: 67.5264 | AS38: 65.0539
A39: Buses | B39: Low and zero emission coaches | C39: E85 | E39: AF | F39: 2050 | G39: TRA_Bus_Eth_Coa* | H39: =AVERAGE(I39:AS39) -> 66.756157 | I39: 90.5633 | J39: 137.92 | K39: 82.638 | L39: 61.8505 | M39: 27.1992 | N39: 55.6788 | O39: 43.6949 | P39: 50.4533 | Q39: 80.0755 | R39: 37.3013 | S39: 45.6949 | T39: 90.5633 | U39: 79.5897 | V39: 59.8584 | W39: 44.4871 | X39: 82.638 | Y39: 61.7817 | Z39: 54.3276 | AA39: 46.339 | AB39: 42.7829 | AC39: 82.638 | AD39: 15.8658 | AE39: 192.143 | AF39: 89.929 | AG39: 90.5633 | AH39: 21.8232 | AI39: 30.1527 | AJ39: 65.2606 | AK39: 63.8276 | AL39: 33.9756 | AM39: 37.7216 | AN39: 28.9507 | AO39: 82.638 | AP39: 110.72 | AQ39: 115.751 | AR39: 67.5264 | AS39: 65.0539
A40: Buses | B40: Low and zero emission coaches | C40: Hydrogen | E40: AF | F40: 2010 | G40: TRA_Bus_GH2_Coa* | H40: =AVERAGE(I40:AS40) -> 66.756157 | I40: 90.5633 | J40: 137.92 | K40: 82.638 | L40: 61.8505 | M40: 27.1992 | N40: 55.6788 | O40: 43.6949 | P40: 50.4533 | Q40: 80.0755 | R40: 37.3013 | S40: 45.6949 | T40: 90.5633 | U40: 79.5897 | V40: 59.8584 | W40: 44.4871 | X40: 82.638 | Y40: 61.7817 | Z40: 54.3276 | AA40: 46.339 | AB40: 42.7829 | AC40: 82.638 | AD40: 15.8658 | AE40: 192.143 | AF40: 89.929 | AG40: 90.5633 | AH40: 21.8232 | AI40: 30.1527 | AJ40: 65.2606 | AK40: 63.8276 | AL40: 33.9756 | AM40: 37.7216 | AN40: 28.9507 | AO40: 82.638 | AP40: 110.72 | AQ40: 115.751 | AR40: 67.5264 | AS40: 65.0539
A41: Buses | B41: Low and zero emission coaches | C41: Hydrogen | E41: AF | F41: 2020 | G41: TRA_Bus_GH2_Coa* | H41: =AVERAGE(I41:AS41) -> 66.756157 | I41: =I40 -> 90.5633 | J41: =J40 -> 137.92 | K41: =K40 -> 82.638 | L41: =L40 -> 61.8505 | M41: =M40 -> 27.1992 | N41: =N40 -> 55.6788 | O41: =O40 -> 43.6949 | P41: =P40 -> 50.4533 | ... AS41: =AS40 -> 65.0539
A42: Buses | B42: Low and zero emission coaches | C42: Hydrogen | E42: AF | F42: 2025 | G42: TRA_Bus_GH2_Coa* | H42: =AVERAGE(I42:AS42) -> 66.756157 | I42: =I41 -> 90.5633 | J42: =J41 -> 137.92 | K42: =K41 -> 82.638 | L42: =L41 -> 61.8505 | M42: =M41 -> 27.1992 | N42: =N41 -> 55.6788 | O42: =O41 -> 43.6949 | P42: =P41 -> 50.4533 | ... AS42: =AS41 -> 65.0539
A43: Buses | B43: Low and zero emission coaches | C43: Hydrogen | E43: AF | F43: 2030 | G43: TRA_Bus_GH2_Coa* | H43: =AVERAGE(I43:AS43) -> 66.756157 | I43: =I42 -> 90.5633 | J43: =J42 -> 137.92 | K43: =K42 -> 82.638 | L43: =L42 -> 61.8505 | M43: =M42 -> 27.1992 | N43: =N42 -> 55.6788 | O43: =O42 -> 43.6949 | P43: =P42 -> 50.4533 | ... AS43: =AS42 -> 65.0539
A44: Buses | B44: Low and zero emission coaches | C44: Hydrogen | E44: AF | F44: 2035 | G44: TRA_Bus_GH2_Coa* | H44: =AVERAGE(I44:AS44) -> 66.756157 | I44: =I43 -> 90.5633 | J44: =J43 -> 137.92 | K44: =K43 -> 82.638 | L44: =L43 -> 61.8505 | M44: =M43 -> 27.1992 | N44: =N43 -> 55.6788 | O44: =O43 -> 43.6949 | P44: =P43 -> 50.4533 | ... AS44: =AS43 -> 65.0539
A45: Buses | B45: Low and zero emission coaches | C45: Hydrogen | E45: AF | F45: 2040 | G45: TRA_Bus_GH2_Coa* | H45: =AVERAGE(I45:AS45) -> 66.756157 | I45: =I44 -> 90.5633 | J45: =J44 -> 137.92 | K45: =K44 -> 82.638 | L45: =L44 -> 61.8505 | M45: =M44 -> 27.1992 | N45: =N44 -> 55.6788 | O45: =O44 -> 43.6949 | P45: =P44 -> 50.4533 | ... AS45: =AS44 -> 65.0539
A46: Buses | B46: Low and zero emission coaches | C46: Hydrogen | E46: AF | F46: 2050 | G46: TRA_Bus_GH2_Coa* | H46: =AVERAGE(I46:AS46) -> 66.756157 | I46: =I45 -> 90.5633 | J46: =J45 -> 137.92 | K46: =K45 -> 82.638 | L46: =L45 -> 61.8505 | M46: =M45 -> 27.1992 | N46: =N45 -> 55.6788 | O46: =O45 -> 43.6949 | P46: =P45 -> 50.4533 | ... AS46: =AS45 -> 65.0539
A47: Buses | B47: Low and zero emission coaches | C47: Electricity | E47: AF | F47: 2010 | G47: TRA_Bus_Elc_Coa* | H47: =AVERAGE(I47:AS47) -> 66.756157 | I47: =I40 -> 90.5633 | J47: =J40 -> 137.92 | K47: =K40 -> 82.638 | L47: =L40 -> 61.8505 | M47: =M40 -> 27.1992 | N47: =N40 -> 55.6788 | O47: =O40 -> 43.6949 | P47: =P40 -> 50.4533 | ... AS47: =AS40 -> 65.0539
A48: Buses | B48: Low and zero emission coaches | C48: Electricity | E48: AF | F48: 2020 | G48: TRA_Bus_Elc_Coa* | H48: =AVERAGE(I48:AS48) -> 66.756157 | I48: =I47 -> 90.5633 | J48: =J47 -> 137.92 | K48: =K47 -> 82.638 | L48: =L47 -> 61.8505 | M48: =M47 -> 27.1992 | N48: =N47 -> 55.6788 | O48: =O47 -> 43.6949 | P48: =P47 -> 50.4533 | ... AS48: =AS47 -> 65.0539
A49: Buses | B49: Low and zero emission coaches | C49: Electricity | E49: AF | F49: 2025 | G49: TRA_Bus_Elc_Coa* | H49: =AVERAGE(I49:AS49) -> 66.756157 | I49: =I48 -> 90.5633 | J49: =J48 -> 137.92 | K49: =K48 -> 82.638 | L49: =L48 -> 61.8505 | M49: =M48 -> 27.1992 | N49: =N48 -> 55.6788 | O49: =O48 -> 43.6949 | P49: =P48 -> 50.4533 | ... AS49: =AS48 -> 65.0539
A50: Buses | B50: Low and zero emission coaches | C50: Electricity | E50: AF | F50: 2030 | G50: TRA_Bus_Elc_Coa* | H50: =AVERAGE(I50:AS50) -> 66.756157 | I50: =I49 -> 90.5633 | J50: =J49 -> 137.92 | K50: =K49 -> 82.638 | L50: =L49 -> 61.8505 | M50: =M49 -> 27.1992 | N50: =N49 -> 55.6788 | O50: =O49 -> 43.6949 | P50: =P49 -> 50.4533 | ... AS50: =AS49 -> 65.0539
A51: Buses | B51: Low and zero emission coaches | C51: Electricity | E51: AF | F51: 2035 | G51: TRA_Bus_Elc_Coa* | H51: =AVERAGE(I51:AS51) -> 66.756157 | I51: =I50 -> 90.5633 | J51: =J50 -> 137.92 | K51: =K50 -> 82.638 | L51: =L50 -> 61.8505 | M51: =M50 -> 27.1992 | N51: =N50 -> 55.6788 | O51: =O50 -> 43.6949 | P51: =P50 -> 50.4533 | ... AS51: =AS50 -> 65.0539
A52: Buses | B52: Low and zero emission coaches | C52: Electricity | E52: AF | F52: 2040 | G52: TRA_Bus_Elc_Coa* | H52: =AVERAGE(I52:AS52) -> 66.756157 | I52: =I51 -> 90.5633 | J52: =J51 -> 137.92 | K52: =K51 -> 82.638 | L52: =L51 -> 61.8505 | M52: =M51 -> 27.1992 | N52: =N51 -> 55.6788 | O52: =O51 -> 43.6949 | P52: =P51 -> 50.4533 | ... AS52: =AS51 -> 65.0539
A53: Buses | B53: Low and zero emission coaches | C53: Electricity | E53: AF | F53: 2050 | G53: TRA_Bus_Elc_Coa* | H53: =AVERAGE(I53:AS53) -> 66.756157 | I53: =I52 -> 90.5633 | J53: =J52 -> 137.92 | K53: =K52 -> 82.638 | L53: =L52 -> 61.8505 | M53: =M52 -> 27.1992 | N53: =N52 -> 55.6788 | O53: =O52 -> 43.6949 | P53: =P52 -> 50.4533 | ... AS53: =AS52 -> 65.0539
A54: Buses | B54: Conventional urban buses | C54: Diesel | E54: AF | F54: 2010 | G54: TRA_Bus_Dis_Urb* | H54: =AVERAGE(I54:AS54) -> 59.629108 | I54: 69.3442 | J54: 103.075 | K54: 78.5665 | L54: 68.8636 | M54: 23.7368 | N54: 56.0046 | O54: 36.5657 | P54: 40.3638 | Q54: 35.7228 | R54: 99.7829 | T54: 69.3442 | U54: 31.1548 | V54: 60.4186 | W54: 44.3888 | X54: 78.5665 | Y54: 48.9152 | Z54: 53.3863 | AA54: 46.339 | AB54: 43.8057 | AC54: 78.5665 | AD54: 38.9153 | AE54: 192.048 | AF54: 99.7019 | AG54: 69.3442 | AH54: 22.3663 | AI54: 10.2369 | AJ54: 65.4276 | AK54: 63.8277 | AL54: 33.1842 | AM54: 31.9915 | AN54: 26.406 | AO54: 78.5665 | AP54: 104.868 | AQ54: 19.1513 | AR54: 67.831 | AS54: 55.87
A55: Buses | B55: Conventional urban buses | C55: Diesel | E55: AF | F55: 2020 | G55: TRA_Bus_Dis_Urb* | H55: =AVERAGE(I55:AS55) -> 59.629108 | I55: =I54 -> 69.3442 | J55: =J54 -> 103.075 | K55: =K54 -> 78.5665 | L55: =L54 -> 68.8636 | M55: =M54 -> 23.7368 | N55: =N54 -> 56.0046 | O55: =O54 -> 36.5657 | P55: =P54 -> 40.3638 | ... AS55: =AS54 -> 55.87
A56: Buses | B56: Conventional urban buses | C56: Diesel | E56: AF | F56: 2025 | G56: TRA_Bus_Dis_Urb* | H56: =AVERAGE(I56:AS56) -> 59.629108 | I56: =I55 -> 69.3442 | J56: =J55 -> 103.075 | K56: =K55 -> 78.5665 | L56: =L55 -> 68.8636 | M56: =M55 -> 23.7368 | N56: =N55 -> 56.0046 | O56: =O55 -> 36.5657 | P56: =P55 -> 40.3638 | ... AS56: =AS55 -> 55.87
A57: Buses | B57: Conventional urban buses | C57: Diesel | E57: AF | F57: 2030 | G57: TRA_Bus_Dis_Urb* | H57: =AVERAGE(I57:AS57) -> 59.629108 | I57: =I56 -> 69.3442 | J57: =J56 -> 103.075 | K57: =K56 -> 78.5665 | L57: =L56 -> 68.8636 | M57: =M56 -> 23.7368 | N57: =N56 -> 56.0046 | O57: =O56 -> 36.5657 | P57: =P56 -> 40.3638 | ... AS57: =AS56 -> 55.87
A58: Buses | B58: Conventional urban buses | C58: Diesel | E58: AF | F58: 2035 | G58: TRA_Bus_Dis_Urb* | H58: =AVERAGE(I58:AS58) -> 59.629108 | I58: =I57 -> 69.3442 | J58: =J57 -> 103.075 | K58: =K57 -> 78.5665 | L58: =L57 -> 68.8636 | M58: =M57 -> 23.7368 | N58: =N57 -> 56.0046 | O58: =O57 -> 36.5657 | P58: =P57 -> 40.3638 | ... AS58: =AS57 -> 55.87
A59: Buses | B59: Conventional urban buses | C59: Diesel | E59: AF | F59: 2040 | G59: TRA_Bus_Dis_Urb* | H59: =AVERAGE(I59:AS59) -> 59.629108 | I59: =I58 -> 69.3442 | J59: =J58 -> 103.075 | K59: =K58 -> 78.5665 | L59: =L58 -> 68.8636 | M59: =M58 -> 23.7368 | N59: =N58 -> 56.0046 | O59: =O58 -> 36.5657 | P59: =P58 -> 40.3638 | ... AS59: =AS58 -> 55.87
A60: Buses | B60: Conventional urban buses | C60: Diesel | E60: AF | F60: 2050 | G60: TRA_Bus_Dis_Urb* | H60: =AVERAGE(I60:AS60) -> 59.629108 | I60: =I59 -> 69.3442 | J60: =J59 -> 103.075 | K60: =K59 -> 78.5665 | L60: =L59 -> 68.8636 | M60: =M59 -> 23.7368 | N60: =N59 -> 56.0046 | O60: =O59 -> 36.5657 | P60: =P59 -> 40.3638 | ... AS60: =AS59 -> 55.87
A61: Buses | B61: Conventional urban buses | C61: Gasolene | E61: AF | F61: 2010 | G61: TRA_Bus_Gas_Urb* | H61: =AVERAGE(I61:AS61) -> 31.403361 | P61: 28.6594 | R61: 36.4125 | AA61: 45.0813 | AH61: 8.90959 | AJ61: 41.345 | AL61: 14.5231 | AM61: 28.5836 | AS61: 47.7124
A62: Buses | B62: Conventional urban buses | C62: Gasolene | E62: AF | F62: 2020 | G62: TRA_Bus_Gas_Urb* | H62: =AVERAGE(I62:AS62) -> 31.403361 | P62: =P61 -> 28.6594 | R62: =R61 -> 36.4125 | AA62: =AA61 -> 45.0813 | AH62: =AH61 -> 8.90959 | AJ62: =AJ61 -> 41.345 | AL62: =AL61 -> 14.5231 | AM62: =AM61 -> 28.5836 | AS62: =AS61 -> 47.7124
A63: Buses | B63: Conventional urban buses | C63: Gasolene | E63: AF | F63: 2025 | G63: TRA_Bus_Gas_Urb* | H63: =AVERAGE(I63:AS63) -> 31.403361 | P63: =P62 -> 28.6594 | R63: =R62 -> 36.4125 | AA63: =AA62 -> 45.0813 | AH63: =AH62 -> 8.90959 | AJ63: =AJ62 -> 41.345 | AL63: =AL62 -> 14.5231 | AM63: =AM62 -> 28.5836 | AS63: =AS62 -> 47.7124
A64: Buses | B64: Conventional urban buses | C64: Gasolene | E64: AF | F64: 2030 | G64: TRA_Bus_Gas_Urb* | H64: =AVERAGE(I64:AS64) -> 31.403361 | P64: =P63 -> 28.6594 | R64: =R63 -> 36.4125 | AA64: =AA63 -> 45.0813 | AH64: =AH63 -> 8.90959 | AJ64: =AJ63 -> 41.345 | AL64: =AL63 -> 14.5231 | AM64: =AM63 -> 28.5836 | AS64: =AS63 -> 47.7124
A65: Buses | B65: Conventional urban buses | C65: Gasolene | E65: AF | F65: 2035 | G65: TRA_Bus_Gas_Urb* | H65: =AVERAGE(I65:AS65) -> 31.403361 | P65: =P64 -> 28.6594 | R65: =R64 -> 36.4125 | AA65: =AA64 -> 45.0813 | AH65: =AH64 -> 8.90959 | AJ65: =AJ64 -> 41.345 | AL65: =AL64 -> 14.5231 | AM65: =AM64 -> 28.5836 | AS65: =AS64 -> 47.7124
A66: Buses | B66: Conventional urban buses | C66: Gasolene | E66: AF | F66: 2040 | G66: TRA_Bus_Gas_Urb* | H66: =AVERAGE(I66:AS66) -> 31.403361 | P66: =P65 -> 28.6594 | R66: =R65 -> 36.4125 | AA66: =AA65 -> 45.0813 | AH66: =AH65 -> 8.90959 | AJ66: =AJ65 -> 41.345 | AL66: =AL65 -> 14.5231 | AM66: =AM65 -> 28.5836 | AS66: =AS65 -> 47.7124
A67: Buses | B67: Conventional urban buses | C67: Gasolene | E67: AF | F67: 2050 | G67: TRA_Bus_Gas_Urb* | H67: =AVERAGE(I67:AS67) -> 31.403361 | P67: =P66 -> 28.6594 | R67: =R66 -> 36.4125 | AA67: =AA66 -> 45.0813 | AH67: =AH66 -> 8.90959 | AJ67: =AJ66 -> 41.345 | AL67: =AL66 -> 14.5231 | AM67: =AM66 -> 28.5836 | AS67: =AS66 -> 47.7124
A68: Buses | B68: Conventional urban buses | C68: LPG | E68: AF | F68: 2010 | G68: TRA_Bus_Lpg_Urb* | H68: =AVERAGE(I68:AS68) -> 54.34708 | AF68: 46.7433 | AJ68: 47.9188 | AL68: 24.8777 | AM68: 33.0586 | AS68: 119.137
A69: Buses | B69: Conventional urban buses | C69: LPG | E69: AF | F69: 2020 | G69: TRA_Bus_Lpg_Urb* | H69: =AVERAGE(I69:AS69) -> 54.34708 | AF69: =AF68 -> 46.7433 | AJ69: =AJ68 -> 47.9188 | AL69: =AL68 -> 24.8777 | AM69: =AM68 -> 33.0586 | AS69: =AS68 -> 119.137
A70: Buses | B70: Conventional urban buses | C70: LPG | E70: AF | F70: 2025 | G70: TRA_Bus_Lpg_Urb* | H70: =AVERAGE(I70:AS70) -> 54.34708 | AF70: =AF69 -> 46.7433 | AJ70: =AJ69 -> 47.9188 | AL70: =AL69 -> 24.8777 | AM70: =AM69 -> 33.0586 | AS70: =AS69 -> 119.137
A71: Buses | B71: Conventional urban buses | C71: LPG | E71: AF | F71: 2030 | G71: TRA_Bus_Lpg_Urb* | H71: =AVERAGE(I71:AS71) -> 54.34708 | AF71: =AF70 -> 46.7433 | AJ71: =AJ70 -> 47.9188 | AL71: =AL70 -> 24.8777 | AM71: =AM70 -> 33.0586 | AS71: =AS70 -> 119.137
A72: Buses | B72: Conventional urban buses | C72: LPG | E72: AF | F72: 2035 | G72: TRA_Bus_Lpg_Urb* | H72: =AVERAGE(I72:AS72) -> 54.34708 | AF72: =AF71 -> 46.7433 | AJ72: =AJ71 -> 47.9188 | AL72: =AL71 -> 24.8777 | AM72: =AM71 -> 33.0586 | AS72: =AS71 -> 119.137
A73: Buses | B73: Conventional urban buses | C73: LPG | E73: AF | F73: 2040 | G73: TRA_Bus_Lpg_Urb* | H73: =AVERAGE(I73:AS73) -> 54.34708 | AF73: =AF72 -> 46.7433 | AJ73: =AJ72 -> 47.9188 | AL73: =AL72 -> 24.8777 | AM73: =AM72 -> 33.0586 | AS73: =AS72 -> 119.137
A74: Buses | B74: Conventional urban buses | C74: LPG | E74: AF | F74: 2050 | G74: TRA_Bus_Lpg_Urb* | H74: =AVERAGE(I74:AS74) -> 54.34708 | AF74: =AF73 -> 46.7433 | AJ74: =AJ73 -> 47.9188 | AL74: =AL73 -> 24.8777 | AM74: =AM73 -> 33.0586 | AS74: =AS73 -> 119.137
A75: Buses | B75: Low and zero emission urban buses | C75: CNG | E75: AF | F75: 2010 | G75: TRA_Bus_Cng_Urb* | H75: =AVERAGE(I75:AS75) -> 35.596783 | N75: 59.1877 | Q75: 51.9418 | AB75: 23.687 | AJ75: 29.0079 | AO75: 23.687 | AP75: 26.0693
A76: Buses | B76: Low and zero emission urban buses | C76: CNG | E76: AF | F76: 2020 | G76: TRA_Bus_Cng_Urb* | H76: =AVERAGE(I76:AS76) -> 35.596783 | N76: =N75 -> 59.1877 | Q76: =Q75 -> 51.9418 | AB76: =AB75 -> 23.687 | AJ76: =AJ75 -> 29.0079 | AO76: =AO75 -> 23.687 | AP76: =AP75 -> 26.0693
A77: Buses | B77: Low and zero emission urban buses | C77: CNG | E77: AF | F77: 2025 | G77: TRA_Bus_Cng_Urb* | H77: =AVERAGE(I77:AS77) -> 35.596783 | N77: =N76 -> 59.1877 | Q77: =Q76 -> 51.9418 | AB77: =AB76 -> 23.687 | AJ77: =AJ76 -> 29.0079 | AO77: =AO76 -> 23.687 | AP77: =AP76 -> 26.0693
A78: Buses | B78: Low and zero emission urban buses | C78: CNG | E78: AF | F78: 2030 | G78: TRA_Bus_Cng_Urb* | H78: =AVERAGE(I78:AS78) -> 35.596783 | N78: =N77 -> 59.1877 | Q78: =Q77 -> 51.9418 | AB78: =AB77 -> 23.687 | AJ78: =AJ77 -> 29.0079 | AO78: =AO77 -> 23.687 | AP78: =AP77 -> 26.0693
A79: Buses | B79: Low and zero emission urban buses | C79: CNG | E79: AF | F79: 2035 | G79: TRA_Bus_Cng_Urb* | H79: =AVERAGE(I79:AS79) -> 35.596783 | N79: =N78 -> 59.1877 | Q79: =Q78 -> 51.9418 | AB79: =AB78 -> 23.687 | AJ79: =AJ78 -> 29.0079 | AO79: =AO78 -> 23.687 | AP79: =AP78 -> 26.0693
A80: Buses | B80: Low and zero emission urban buses | C80: CNG | E80: AF | F80: 2040 | G80: TRA_Bus_Cng_Urb* | H80: =AVERAGE(I80:AS80) -> 35.596783 | N80: =N79 -> 59.1877 | Q80: =Q79 -> 51.9418 | AB80: =AB79 -> 23.687 | AJ80: =AJ79 -> 29.0079 | AO80: =AO79 -> 23.687 | AP80: =AP79 -> 26.0693
A81: Buses | B81: Low and zero emission urban buses | C81: CNG | E81: AF | F81: 2050 | G81: TRA_Bus_Cng_Urb* | H81: =AVERAGE(I81:AS81) -> 35.596783 | N81: =N80 -> 59.1877 | Q81: =Q80 -> 51.9418 | AB81: =AB80 -> 23.687 | AJ81: =AJ80 -> 29.0079 | AO81: =AO80 -> 23.687 | AP81: =AP80 -> 26.0693
A82: Buses | B82: Low and zero emission urban buses | C82: E85 | E82: AF | F82: 2010 | G82: TRA_Bus_Eth_Urb* | H82: =AVERAGE(I82:AS82) -> 59.629108 | I82: 69.3442 | J82: 103.075 | K82: 78.5665 | L82: 68.8636 | M82: 23.7368 | N82: 56.0046 | O82: 36.5657 | P82: 40.3638 | Q82: 35.7228 | R82: 99.7829 | T82: 69.3442 | U82: 31.1548 | V82: 60.4186 | W82: 44.3888 | X82: 78.5665 | Y82: 48.9152 | Z82: 53.3863 | AA82: 46.339 | AB82: 43.8057 | AC82: 78.5665 | AD82: 38.9153 | AE82: 192.048 | AF82: 99.7019 | AG82: 69.3442 | AH82: 22.3663 | AI82: 10.2369 | AJ82: 65.4276 | AK82: 63.8277 | AL82: 33.1842 | AM82: 31.9915 | AN82: 26.406 | AO82: 78.5665 | AP82: 104.868 | AQ82: 19.1513 | AR82: 67.831 | AS82: 55.87
A83: Buses | B83: Low and zero emission urban buses | C83: E85 | E83: AF | F83: 2020 | G83: TRA_Bus_Eth_Urb* | H83: =AVERAGE(I83:AS83) -> 59.629108 | I83: =I82 -> 69.3442 | J83: =J82 -> 103.075 | K83: =K82 -> 78.5665 | L83: =L82 -> 68.8636 | M83: =M82 -> 23.7368 | N83: =N82 -> 56.0046 | O83: =O82 -> 36.5657 | P83: =P82 -> 40.3638 | ... AS83: =AS82 -> 55.87
A84: Buses | B84: Low and zero emission urban buses | C84: E85 | E84: AF | F84: 2025 | G84: TRA_Bus_Eth_Urb* | H84: =AVERAGE(I84:AS84) -> 59.629108 | I84: =I83 -> 69.3442 | J84: =J83 -> 103.075 | K84: =K83 -> 78.5665 | L84: =L83 -> 68.8636 | M84: =M83 -> 23.7368 | N84: =N83 -> 56.0046 | O84: =O83 -> 36.5657 | P84: =P83 -> 40.3638 | ... AS84: =AS83 -> 55.87
A85: Buses | B85: Low and zero emission urban buses | C85: E85 | E85: AF | F85: 2030 | G85: TRA_Bus_Eth_Urb* | H85: =AVERAGE(I85:AS85) -> 59.629108 | I85: =I84 -> 69.3442 | J85: =J84 -> 103.075 | K85: =K84 -> 78.5665 | L85: =L84 -> 68.8636 | M85: =M84 -> 23.7368 | N85: =N84 -> 56.0046 | O85: =O84 -> 36.5657 | P85: =P84 -> 40.3638 | ... AS85: =AS84 -> 55.87
A86: Buses | B86: Low and zero emission urban buses | C86: E85 | E86: AF | F86: 2035 | G86: TRA_Bus_Eth_Urb* | H86: =AVERAGE(I86:AS86) -> 59.629108 | I86: =I85 -> 69.3442 | J86: =J85 -> 103.075 | K86: =K85 -> 78.5665 | L86: =L85 -> 68.8636 | M86: =M85 -> 23.7368 | N86: =N85 -> 56.0046 | O86: =O85 -> 36.5657 | P86: =P85 -> 40.3638 | ... AS86: =AS85 -> 55.87
A87: Buses | B87: Low and zero emission urban buses | C87: E85 | E87: AF | F87: 2040 | G87: TRA_Bus_Eth_Urb* | H87: =AVERAGE(I87:AS87) -> 59.629108 | I87: =I86 -> 69.3442 | J87: =J86 -> 103.075 | K87: =K86 -> 78.5665 | L87: =L86 -> 68.8636 | M87: =M86 -> 23.7368 | N87: =N86 -> 56.0046 | O87: =O86 -> 36.5657 | P87: =P86 -> 40.3638 | ... AS87: =AS86 -> 55.87
A88: Buses | B88: Low and zero emission urban buses | C88: E85 | E88: AF | F88: 2050 | G88: TRA_Bus_Eth_Urb* | H88: =AVERAGE(I88:AS88) -> 59.629108 | I88: =I87 -> 69.3442 | J88: =J87 -> 103.075 | K88: =K87 -> 78.5665 | L88: =L87 -> 68.8636 | M88: =M87 -> 23.7368 | N88: =N87 -> 56.0046 | O88: =O87 -> 36.5657 | P88: =P87 -> 40.3638 | ... AS88: =AS87 -> 55.87
A89: Buses | B89: Low and zero emission urban buses | C89: Hydrogen | E89: AF | F89: 2010 | G89: TRA_Bus_GH2_Urb* | H89: =AVERAGE(I89:AS89) -> 59.629108 | I89: 69.3442 | J89: 103.075 | K89: 78.5665 | L89: 68.8636 | M89: 23.7368 | N89: 56.0046 | O89: 36.5657 | P89: 40.3638 | Q89: 35.7228 | R89: 99.7829 | T89: 69.3442 | U89: 31.1548 | V89: 60.4186 | W89: 44.3888 | X89: 78.5665 | Y89: 48.9152 | Z89: 53.3863 | AA89: 46.339 | AB89: 43.8057 | AC89: 78.5665 | AD89: 38.9153 | AE89: 192.048 | AF89: 99.7019 | AG89: 69.3442 | AH89: 22.3663 | AI89: 10.2369 | AJ89: 65.4276 | AK89: 63.8277 | AL89: 33.1842 | AM89: 31.9915 | AN89: 26.406 | AO89: 78.5665 | AP89: 104.868 | AQ89: 19.1513 | AR89: 67.831 | AS89: 55.87
A90: Buses | B90: Low and zero emission urban buses | C90: Hydrogen | E90: AF | F90: 2020 | G90: TRA_Bus_GH2_Urb* | H90: =AVERAGE(I90:AS90) -> 59.629108 | I90: =I89 -> 69.3442 | J90: =J89 -> 103.075 | K90: =K89 -> 78.5665 | L90: =L89 -> 68.8636 | M90: =M89 -> 23.7368 | N90: =N89 -> 56.0046 | O90: =O89 -> 36.5657 | P90: =P89 -> 40.3638 | ... AS90: =AS89 -> 55.87
A91: Buses | B91: Low and zero emission urban buses | C91: Hydrogen | E91: AF | F91: 2025 | G91: TRA_Bus_GH2_Urb* | H91: =AVERAGE(I91:AS91) -> 59.629108 | I91: =I90 -> 69.3442 | J91: =J90 -> 103.075 | K91: =K90 -> 78.5665 | L91: =L90 -> 68.8636 | M91: =M90 -> 23.7368 | N91: =N90 -> 56.0046 | O91: =O90 -> 36.5657 | P91: =P90 -> 40.3638 | ... AS91: =AS90 -> 55.87
A92: Buses | B92: Low and zero emission urban buses | C92: Hydrogen | E92: AF | F92: 2030 | G92: TRA_Bus_GH2_Urb* | H92: =AVERAGE(I92:AS92) -> 59.629108 | I92: =I91 -> 69.3442 | J92: =J91 -> 103.075 | K92: =K91 -> 78.5665 | L92: =L91 -> 68.8636 | M92: =M91 -> 23.7368 | N92: =N91 -> 56.0046 | O92: =O91 -> 36.5657 | P92: =P91 -> 40.3638 | ... AS92: =AS91 -> 55.87
A93: Buses | B93: Low and zero emission urban buses | C93: Hydrogen | E93: AF | F93: 2035 | G93: TRA_Bus_GH2_Urb* | H93: =AVERAGE(I93:AS93) -> 59.629108 | I93: =I92 -> 69.3442 | J93: =J92 -> 103.075 | K93: =K92 -> 78.5665 | L93: =L92 -> 68.8636 | M93: =M92 -> 23.7368 | N93: =N92 -> 56.0046 | O93: =O92 -> 36.5657 | P93: =P92 -> 40.3638 | ... AS93: =AS92 -> 55.87
A94: Buses | B94: Low and zero emission urban buses | C94: Hydrogen | E94: AF | F94: 2040 | G94: TRA_Bus_GH2_Urb* | H94: =AVERAGE(I94:AS94) -> 59.629108 | I94: =I93 -> 69.3442 | J94: =J93 -> 103.075 | K94: =K93 -> 78.5665 | L94: =L93 -> 68.8636 | M94: =M93 -> 23.7368 | N94: =N93 -> 56.0046 | O94: =O93 -> 36.5657 | P94: =P93 -> 40.3638 | ... AS94: =AS93 -> 55.87
A95: Buses | B95: Low and zero emission urban buses | C95: Hydrogen | E95: AF | F95: 2050 | G95: TRA_Bus_GH2_Urb* | H95: =AVERAGE(I95:AS95) -> 59.629108 | I95: =I94 -> 69.3442 | J95: =J94 -> 103.075 | K95: =K94 -> 78.5665 | L95: =L94 -> 68.8636 | M95: =M94 -> 23.7368 | N95: =N94 -> 56.0046 | O95: =O94 -> 36.5657 | P95: =P94 -> 40.3638 | ... AS95: =AS94 -> 55.87
A96: Buses | B96: Low and zero emission urban buses | C96: Electricity | E96: AF | F96: 2010 | G96: TRA_Bus_Elc_Urb* | H96: =AVERAGE(I96:AS96) -> 59.629108 | I96: =I89 -> 69.3442 | J96: =J89 -> 103.075 | K96: =K89 -> 78.5665 | L96: =L89 -> 68.8636 | M96: =M89 -> 23.7368 | N96: =N89 -> 56.0046 | O96: =O89 -> 36.5657 | P96: =P89 -> 40.3638 | ... AS96: =AS89 -> 55.87
A97: Buses | B97: Low and zero emission urban buses | C97: Electricity | E97: AF | F97: 2020 | G97: TRA_Bus_Elc_Urb* | H97: =AVERAGE(I97:AS97) -> 59.629108 | I97: =I96 -> 69.3442 | J97: =J96 -> 103.075 | K97: =K96 -> 78.5665 | L97: =L96 -> 68.8636 | M97: =M96 -> 23.7368 | N97: =N96 -> 56.0046 | O97: =O96 -> 36.5657 | P97: =P96 -> 40.3638 | ... AS97: =AS96 -> 55.87
A98: Buses | B98: Low and zero emission urban buses | C98: Electricity | E98: AF | F98: 2025 | G98: TRA_Bus_Elc_Urb* | H98: =AVERAGE(I98:AS98) -> 59.629108 | I98: =I97 -> 69.3442 | J98: =J97 -> 103.075 | K98: =K97 -> 78.5665 | L98: =L97 -> 68.8636 | M98: =M97 -> 23.7368 | N98: =N97 -> 56.0046 | O98: =O97 -> 36.5657 | P98: =P97 -> 40.3638 | ... AS98: =AS97 -> 55.87
A99: Buses | B99: Low and zero emission urban buses | C99: Electricity | E99: AF | F99: 2030 | G99: TRA_Bus_Elc_Urb* | H99: =AVERAGE(I99:AS99) -> 59.629108 | I99: =I98 -> 69.3442 | J99: =J98 -> 103.075 | K99: =K98 -> 78.5665 | L99: =L98 -> 68.8636 | M99: =M98 -> 23.7368 | N99: =N98 -> 56.0046 | O99: =O98 -> 36.5657 | P99: =P98 -> 40.3638 | ... AS99: =AS98 -> 55.87
A100: Buses | B100: Low and zero emission urban buses | C100: Electricity | E100: AF | F100: 2035 | G100: TRA_Bus_Elc_Urb* | H100: =AVERAGE(I100:AS100) -> 59.629108 | I100: =I99 -> 69.3442 | J100: =J99 -> 103.075 | K100: =K99 -> 78.5665 | L100: =L99 -> 68.8636 | M100: =M99 -> 23.7368 | N100: =N99 -> 56.0046 | O100: =O99 -> 36.5657 | P100: =P99 -> 40.3638 | ... AS100: =AS99 -> 55.87
A101: Buses | B101: Low and zero emission urban buses | C101: Electricity | E101: AF | F101: 2040 | G101: TRA_Bus_Elc_Urb* | H101: =AVERAGE(I101:AS101) -> 59.629108 | I101: =I100 -> 69.3442 | J101: =J100 -> 103.075 | K101: =K100 -> 78.5665 | L101: =L100 -> 68.8636 | M101: =M100 -> 23.7368 | N101: =N100 -> 56.0046 | O101: =O100 -> 36.5657 | P101: =P100 -> 40.3638 | ... AS101: =AS100 -> 55.87
...

Sheet INS_FLO
A1: Occupancy (p/vehicle or t/vehicle)
C3: ~TFM_INS
C4: Attribute | D4: PSET_PN | E4: Other_Indexes | F4: AllRegions | G4: =RdTRABYVals!M$1 -> AT | H4: =RdTRABYVals!O$1 -> BE | I4: =RdTRABYVals!P$1 -> BG | J4: =RdTRABYVals!Q$1 -> CH | K4: =RdTRABYVals!R$1 -> CY | L4: =RdTRABYVals!S$1 -> CZ | M4: =RdTRABYVals!T$1 -> DE | N4: =RdTRABYVals!U$1 -> DK | O4: =RdTRABYVals!V$1 -> EE | P4: =RdTRABYVals!X$1 -> ES | Q4: =RdTRABYVals!Y$1 -> FI | R4: =RdTRABYVals!Z$1 -> FR | S4: =RdTRABYVals!W$1 -> EL | T4: =RdTRABYVals!AA$1 -> HR | U4: =RdTRABYVals!AB$1 -> HU | V4: =RdTRABYVals!AC$1 -> IE | W4: =RdTRABYVals!AD$1 -> IS | X4: =RdTRABYVals!AE$1 -> IT | Y4: =RdTRABYVals!AG$1 -> LT | Z4: =RdTRABYVals!AH$1 -> LU | AA4: =RdTRABYVals!AI$1 -> LV | AB4: =RdTRABYVals!AK$1 -> MK | AC4: =RdTRABYVals!AL$1 -> MT | AD4: =RdTRABYVals!AM$1 -> NL | AE4: =RdTRABYVals!AN$1 -> NO | AF4: =RdTRABYVals!AO$1 -> PL | AG4: =RdTRABYVals!AP$1 -> PT | AH4: =RdTRABYVals!AQ$1 -> RO | AI4: =RdTRABYVals!AS$1 -> SE | AJ4: =RdTRABYVals!AT$1 -> SI | AK4: =RdTRABYVals!AU$1 -> SK | AL4: =RdTRABYVals!AV$1 -> UK | AM4: =RdTRABYVals!L$1 -> AL | AN4: =RdTRABYVals!N$1 -> BA | AO4: =RdTRABYVals!AJ$1 -> ME | AP4: =RdTRABYVals!AR$1 -> RS | AQ4: =RdTRABYVals!AF$1 -> KS
A5: TRA_Bus* | C5: ACTFLO | D5: =A5 -> TRA_Bus* | E5: DEMO | F5: =AVERAGE(G5:AL5) -> 20.686068 | G5: =IFERROR(AVERAGEIFS(RdTRABYVals!M$2:M$999,RdTRABYVals!$B$2:$B$999,"="&$C5,RdTRABYVals!$C$2:$C$999,"="&INS_FLO!$A5),"") -> 18.844231 | H5: =IFERROR(AVERAGEIFS(RdTRABYVals!O$2:O$999,RdTRABYVals!$B$2:$B$999,"="&$C5,RdTRABYVals!$C$2:$C$999,"="&INS_FLO!$A5),"") -> 32.854839 | I5: =IFERROR(AVERAGEIFS(RdTRABYVals!P$2:P$999,RdTRABYVals!$B$2:$B$999,"="&$C5,RdTRABYVals!$C$2:$C$999,"="&INS_FLO!$A5),"") -> 19.464134 | J5: =IFERROR(AVERAGEIFS(RdTRABYVals!Q$2:Q$999,RdTRABYVals!$B$2:$B$999,"="&$C5,RdTRABYVals!$C$2:$C$999,"="&INS_FLO!$A5),"") -> 22.708029 | K5: =IFERROR(AVERAGEIFS(RdTRABYVals!R$2:R$999,RdTRABYVals!$B$2:$B$999,"="&$C5,RdTRABYVals!$C$2:$C$999,"="&INS_FLO!$A5),"") -> 9.6167755 | L5: =IFERROR(AVERAGEIFS(RdTRABYVals!S$2:S$999,RdTRABYVals!$B$2:$B$999,"="&$C5,RdTRABYVals!$C$2:$C$999,"="&INS_FLO!$A5),"") -> 24.425665 | M5: =IFERROR(AVERAGEIFS(RdTRABYVals!T$2:T$999,RdTRABYVals!$B$2:$B$999,"="&$C5,RdTRABYVals!$C$2:$C$999,"="&INS_FLO!$A5),"") -> 20.808901 | N5: =IFERROR(AVERAGEIFS(RdTRABYVals!U$2:U$999,RdTRABYVals!$B$2:$B$999,"="&$C5,RdTRABYVals!$C$2:$C$999,"="&INS_FLO!$A5),"") -> 12 | O5: =IFERROR(AVERAGEIFS(RdTRABYVals!V$2:V$999,RdTRABYVals!$B$2:$B$999,"="&$C5,RdTRABYVals!$C$2:$C$999,"="&INS_FLO!$A5),"") -> 11.532486 | P5: =IFERROR(AVERAGEIFS(RdTRABYVals!X$2:X$999,RdTRABYVals!$B$2:$B$999,"="&$C5,RdTRABYVals!$C$2:$C$999,"="&INS_FLO!$A5),"") -> 24.299999 | Q5: =IFERROR(AVERAGEIFS(RdTRABYVals!Y$2:Y$999,RdTRABYVals!$B$2:$B$999,"="&$C5,RdTRABYVals!$C$2:$C$999,"="&INS_FLO!$A5),"") -> 13 | R5: =IFERROR(AVERAGEIFS(RdTRABYVals!Z$2:Z$999,RdTRABYVals!$B$2:$B$999,"="&$C5,RdTRABYVals!$C$2:$C$999,"="&INS_FLO!$A5),"") -> 17.698154 | S5: =IFERROR(AVERAGEIFS(RdTRABYVals!W$2:W$999,RdTRABYVals!$B$2:$B$999,"="&$C5,RdTRABYVals!$C$2:$C$999,"="&INS_FLO!$A5),"") -> 27.25 | T5: =IFERROR(AVERAGEIFS(RdTRABYVals!AA$2:AA$999,RdTRABYVals!$B$2:$B$999,"="&$C5,RdTRABYVals!$C$2:$C$999,"="&INS_FLO!$A5),"") -> 8.8645163 | U5: =IFERROR(AVERAGEIFS(RdTRABYVals!AB$2:AB$999,RdTRABYVals!$B$2:$B$999,"="&$C5,RdTRABYVals!$C$2:$C$999,"="&INS_FLO!$A5),"") -> 30 | V5: =IFERROR(AVERAGEIFS(RdTRABYVals!AC$2:AC$999,RdTRABYVals!$B$2:$B$999,"="&$C5,RdTRABYVals!$C$2:$C$999,"="&INS_FLO!$A5),"") -> 27.25 | W5: =IFERROR(AVERAGEIFS(RdTRABYVals!AD$2:AD$999,RdTRABYVals!$B$2:$B$999,"="&$C5,RdTRABYVals!$C$2:$C$999,"="&INS_FLO!$A5),"") -> 9.6172838 | X5: =IFERROR(AVERAGEIFS(RdTRABYVals!AE$2:AE$999,RdTRABYVals!$B$2:$B$999,"="&$C5,RdTRABYVals!$C$2:$C$999,"="&INS_FLO!$A5),"") -> 18 | Y5: =IFERROR(AVERAGEIFS(RdTRABYVals!AG$2:AG$999,RdTRABYVals!$B$2:$B$999,"="&$C5,RdTRABYVals!$C$2:$C$999,"="&INS_FLO!$A5),"") -> 31.747139 | Z5: =IFERROR(AVERAGEIFS(RdTRABYVals!AH$2:AH$999,RdTRABYVals!$B$2:$B$999,"="&$C5,RdTRABYVals!$C$2:$C$999,"="&INS_FLO!$A5),"") -> 32.854839 | AA5: =IFERROR(AVERAGEIFS(RdTRABYVals!AI$2:AI$999,RdTRABYVals!$B$2:$B$999,"="&$C5,RdTRABYVals!$C$2:$C$999,"="&INS_FLO!$A5),"") -> 12 | AB5: =IFERROR(AVERAGEIFS(RdTRABYVals!AK$2:AK$999,RdTRABYVals!$B$2:$B$999,"="&$C5,RdTRABYVals!$C$2:$C$999,"="&INS_FLO!$A5),"") -> 35.676472 | AC5: =IFERROR(AVERAGEIFS(RdTRABYVals!AL$2:AL$999,RdTRABYVals!$B$2:$B$999,"="&$C5,RdTRABYVals!$C$2:$C$999,"="&INS_FLO!$A5),"") -> 32.854839 | AD5: =IFERROR(AVERAGEIFS(RdTRABYVals!AM$2:AM$999,RdTRABYVals!$B$2:$B$999,"="&$C5,RdTRABYVals!$C$2:$C$999,"="&INS_FLO!$A5),"") -> 32.854839 | AE5: =IFERROR(AVERAGEIFS(RdTRABYVals!AN$2:AN$999,RdTRABYVals!$B$2:$B$999,"="&$C5,RdTRABYVals!$C$2:$C$999,"="&INS_FLO!$A5),"") -> 12.944118 | AF5: =IFERROR(AVERAGEIFS(RdTRABYVals!AO$2:AO$999,RdTRABYVals!$B$2:$B$999,"="&$C5,RdTRABYVals!$C$2:$C$999,"="&INS_FLO!$A5),"") -> 9.9356022 | AG5: =IFERROR(AVERAGEIFS(RdTRABYVals!AP$2:AP$999,RdTRABYVals!$B$2:$B$999,"="&$C5,RdTRABYVals!$C$2:$C$999,"="&INS_FLO!$A5),"") -> 27.800829 | AH5: =IFERROR(AVERAGEIFS(RdTRABYVals!AQ$2:AQ$999,RdTRABYVals!$B$2:$B$999,"="&$C5,RdTRABYVals!$C$2:$C$999,"="&INS_FLO!$A5),"") -> 19.464134 | AI5: =IFERROR(AVERAGEIFS(RdTRABYVals!AS$2:AS$999,RdTRABYVals!$B$2:$B$999,"="&$C5,RdTRABYVals!$C$2:$C$999,"="&INS_FLO!$A5),"") -> 9.5039015 | AJ5: =IFERROR(AVERAGEIFS(RdTRABYVals!AT$2:AT$999,RdTRABYVals!$B$2:$B$999,"="&$C5,RdTRABYVals!$C$2:$C$999,"="&INS_FLO!$A5),"") -> 21.951725 | AK5: =IFERROR(AVERAGEIFS(RdTRABYVals!AU$2:AU$999,RdTRABYVals!$B$2:$B$999,"="&$C5,RdTRABYVals!$C$2:$C$999,"="&INS_FLO!$A5),"") -> 17.130739 | AL5: =IFERROR(AVERAGEIFS(RdTRABYVals!AV$2:AV$999,RdTRABYVals!$B$2:$B$999,"="&$C5,RdTRABYVals!$C$2:$C$999,"="&INS_FLO!$A5),"") -> 17 | AM5: =IFERROR(AVERAGEIFS(RdTRABYVals!L$2:L$999,RdTRABYVals!$B$2:$B$999,"="&$C5,RdTRABYVals!$C$2:$C$999,"="&INS_FLO!$A5),"") -> 27.25 | AN5: =IFERROR(AVERAGEIFS(RdTRABYVals!N$2:N$999,RdTRABYVals!$B$2:$B$999,"="&$C5,RdTRABYVals!$C$2:$C$999,"="&INS_FLO!$A5),"") -> 8.8645163 | AO5: =IFERROR(AVERAGEIFS(RdTRABYVals!AJ$2:AJ$999,RdTRABYVals!$B$2:$B$999,"="&$C5,RdTRABYVals!$C$2:$C$999,"="&INS_FLO!$A5),"") -> 27.25 | AP5: =IFERROR(AVERAGEIFS(RdTRABYVals!AR$2:AR$999,RdTRABYVals!$B$2:$B$999,"="&$C5,RdTRABYVals!$C$2:$C$999,"="&INS_FLO!$A5),"") -> 8.8645163 | AQ5: =IFERROR(AVERAGEIFS(RdTRABYVals!AF$2:AF$999,RdTRABYVals!$B$2:$B$999,"="&$C5,RdTRABYVals!$C$2:$C$999,"="&INS_FLO!$A5),"") -> 8.8645163
A6: TRA_Car* | C6: ACTFLO | D6: =A6 -> TRA_Car* | E6: DEMO | F6: =AVERAGE(G6:AL6) -> 1.6016996 | G6: =IFERROR(AVERAGEIFS(RdTRABYVals!M$2:M$999,RdTRABYVals!$B$2:$B$999,"="&$C6,RdTRABYVals!$C$2:$C$999,"="&INS_FLO!$A6),"") -> 1.1799999 | H6: =IFERROR(AVERAGEIFS(RdTRABYVals!O$2:O$999,RdTRABYVals!$B$2:$B$999,"="&$C6,RdTRABYVals!$C$2:$C$999,"="&INS_FLO!$A6),"") -> 1.5102819 | I6: =IFERROR(AVERAGEIFS(RdTRABYVals!P$2:P$999,RdTRABYVals!$B$2:$B$999,"="&$C6,RdTRABYVals!$C$2:$C$999,"="&INS_FLO!$A6),"") -> 1.5599999 | J6: =IFERROR(AVERAGEIFS(RdTRABYVals!Q$2:Q$999,RdTRABYVals!$B$2:$B$999,"="&$C6,RdTRABYVals!$C$2:$C$999,"="&INS_FLO!$A6),"") -> 1.6065165 | K6: =IFERROR(AVERAGEIFS(RdTRABYVals!R$2:R$999,RdTRABYVals!$B$2:$B$999,"="&$C6,RdTRABYVals!$C$2:$C$999,"="&INS_FLO!$A6),"") -> 1.4644458 | L6: =IFERROR(AVERAGEIFS(RdTRABYVals!S$2:S$999,RdTRABYVals!$B$2:$B$999,"="&$C6,RdTRABYVals!$C$2:$C$999,"="&INS_FLO!$A6),"") -> 1.38 | M6: =IFERROR(AVERAGEIFS(RdTRABYVals!T$2:T$999,RdTRABYVals!$B$2:$B$999,"="&$C6,RdTRABYVals!$C$2:$C$999,"="&INS_FLO!$A6),"") -> 1.4904687 | N6: =IFERROR(AVERAGEIFS(RdTRABYVals!U$2:U$999,RdTRABYVals!$B$2:$B$999,"="&$C6,RdTRABYVals!$C$2:$C$999,"="&INS_FLO!$A6),"") -> 1.5599999 | O6: =IFERROR(AVERAGEIFS(RdTRABYVals!V$2:V$999,RdTRABYVals!$B$2:$B$999,"="&$C6,RdTRABYVals!$C$2:$C$999,"="&INS_FLO!$A6),"") -> 1.45 | P6: =IFERROR(AVERAGEIFS(RdTRABYVals!X$2:X$999,RdTRABYVals!$B$2:$B$999,"="&$C6,RdTRABYVals!$C$2:$C$999,"="&INS_FLO!$A6),"") -> 1.74 | Q6: =IFERROR(AVERAGEIFS(RdTRABYVals!Y$2:Y$999,RdTRABYVals!$B$2:$B$999,"="&$C6,RdTRABYVals!$C$2:$C$999,"="&INS_FLO!$A6),"") -> 1.4000432 | R6: =IFERROR(AVERAGEIFS(RdTRABYVals!Z$2:Z$999,RdTRABYVals!$B$2:$B$999,"="&$C6,RdTRABYVals!$C$2:$C$999,"="&INS_FLO!$A6),"") -> 1.8285844 | S6: =IFERROR(AVERAGEIFS(RdTRABYVals!W$2:W$999,RdTRABYVals!$B$2:$B$999,"="&$C6,RdTRABYVals!$C$2:$C$999,"="&INS_FLO!$A6),"") -> 1.4975108 | T6: =IFERROR(AVERAGEIFS(RdTRABYVals!AA$2:AA$999,RdTRABYVals!$B$2:$B$999,"="&$C6,RdTRABYVals!$C$2:$C$999,"="&INS_FLO!$A6),"") -> 1.3824637 | U6: =IFERROR(AVERAGEIFS(RdTRABYVals!AB$2:AB$999,RdTRABYVals!$B$2:$B$999,"="&$C6,RdTRABYVals!$C$2:$C$999,"="&INS_FLO!$A6),"") -> 1.84 | V6: =IFERROR(AVERAGEIFS(RdTRABYVals!AC$2:AC$999,RdTRABYVals!$B$2:$B$999,"="&$C6,RdTRABYVals!$C$2:$C$999,"="&INS_FLO!$A6),"") -> 1.4975108 | W6: =IFERROR(AVERAGEIFS(RdTRABYVals!AD$2:AD$999,RdTRABYVals!$B$2:$B$999,"="&$C6,RdTRABYVals!$C$2:$C$999,"="&INS_FLO!$A6),"") -> 2.0627906 | X6: =IFERROR(AVERAGEIFS(RdTRABYVals!AE$2:AE$999,RdTRABYVals!$B$2:$B$999,"="&$C6,RdTRABYVals!$C$2:$C$999,"="&INS_FLO!$A6),"") -> 1.71 | Y6: =IFERROR(AVERAGEIFS(RdTRABYVals!AG$2:AG$999,RdTRABYVals!$B$2:$B$999,"="&$C6,RdTRABYVals!$C$2:$C$999,"="&INS_FLO!$A6),"") -> 1.9999866 | Z6: =IFERROR(AVERAGEIFS(RdTRABYVals!AH$2:AH$999,RdTRABYVals!$B$2:$B$999,"="&$C6,RdTRABYVals!$C$2:$C$999,"="&INS_FLO!$A6),"") -> 1.5102819 | AA6: =IFERROR(AVERAGEIFS(RdTRABYVals!AI$2:AI$999,RdTRABYVals!$B$2:$B$999,"="&$C6,RdTRABYVals!$C$2:$C$999,"="&INS_FLO!$A6),"") -> 1.4330004 | AB6: =IFERROR(AVERAGEIFS(RdTRABYVals!AK$2:AK$999,RdTRABYVals!$B$2:$B$999,"="&$C6,RdTRABYVals!$C$2:$C$999,"="&INS_FLO!$A6),"") -> 1.5599999 | AC6: =IFERROR(AVERAGEIFS(RdTRABYVals!AL$2:AL$999,RdTRABYVals!$B$2:$B$999,"="&$C6,RdTRABYVals!$C$2:$C$999,"="&INS_FLO!$A6),"") -> 1.5102819 | AD6: =IFERROR(AVERAGEIFS(RdTRABYVals!AM$2:AM$999,RdTRABYVals!$B$2:$B$999,"="&$C6,RdTRABYVals!$C$2:$C$999,"="&INS_FLO!$A6),"") -> 1.33 | AE6: =IFERROR(AVERAGEIFS(RdTRABYVals!AN$2:AN$999,RdTRABYVals!$B$2:$B$999,"="&$C6,RdTRABYVals!$C$2:$C$999,"="&INS_FLO!$A6),"") -> 1.7 | AF6: =IFERROR(AVERAGEIFS(RdTRABYVals!AO$2:AO$999,RdTRABYVals!$B$2:$B$999,"="&$C6,RdTRABYVals!$C$2:$C$999,"="&INS_FLO!$A6),"") -> 1.9665447 | AG6: =IFERROR(AVERAGEIFS(RdTRABYVals!AP$2:AP$999,RdTRABYVals!$B$2:$B$999,"="&$C6,RdTRABYVals!$C$2:$C$999,"="&INS_FLO!$A6),"") -> 1.4975108 | AH6: =IFERROR(AVERAGEIFS(RdTRABYVals!AQ$2:AQ$999,RdTRABYVals!$B$2:$B$999,"="&$C6,RdTRABYVals!$C$2:$C$999,"="&INS_FLO!$A6),"") -> 1.9828243 | AI6: =IFERROR(AVERAGEIFS(RdTRABYVals!AS$2:AS$999,RdTRABYVals!$B$2:$B$999,"="&$C6,RdTRABYVals!$C$2:$C$999,"="&INS_FLO!$A6),"") -> 1.4534742 | AJ6: =IFERROR(AVERAGEIFS(RdTRABYVals!AT$2:AT$999,RdTRABYVals!$B$2:$B$999,"="&$C6,RdTRABYVals!$C$2:$C$999,"="&INS_FLO!$A6),"") -> 1.6398644 | AK6: =IFERROR(AVERAGEIFS(RdTRABYVals!AU$2:AU$999,RdTRABYVals!$B$2:$B$999,"="&$C6,RdTRABYVals!$C$2:$C$999,"="&INS_FLO!$A6),"") -> 1.95 | AL6: =IFERROR(AVERAGEIFS(RdTRABYVals!AV$2:AV$999,RdTRABYVals!$B$2:$B$999,"="&$C6,RdTRABYVals!$C$2:$C$999,"="&INS_FLO!$A6),"") -> 1.5599999 | AM6: =IFERROR(AVERAGEIFS(RdTRABYVals!L$2:L$999,RdTRABYVals!$B$2:$B$999,"="&$C6,RdTRABYVals!$C$2:$C$999,"="&INS_FLO!$A6),"") -> 1.4975108 | AN6: =IFERROR(AVERAGEIFS(RdTRABYVals!N$2:N$999,RdTRABYVals!$B$2:$B$999,"="&$C6,RdTRABYVals!$C$2:$C$999,"="&INS_FLO!$A6),"") -> 1.3824637 | AO6: =IFERROR(AVERAGEIFS(RdTRABYVals!AJ$2:AJ$999,RdTRABYVals!$B$2:$B$999,"="&$C6,RdTRABYVals!$C$2:$C$999,"="&INS_FLO!$A6),"") -> 1.4975108 | AP6: =IFERROR(AVERAGEIFS(RdTRABYVals!AR$2:AR$999,RdTRABYVals!$B$2:$B$999,"="&$C6,RdTRABYVals!$C$2:$C$999,"="&INS_FLO!$A6),"") -> 1.3824637 | AQ6: =IFERROR(AVERAGEIFS(RdTRABYVals!AF$2:AF$999,RdTRABYVals!$B$2:$B$999,"="&$C6,RdTRABYVals!$C$2:$C$999,"="&INS_FLO!$A6),"") -> 1.3824637
A7: TRA_Hdt_Dis* | C7: ACTFLO | D7: =A7 -> TRA_Hdt_Dis* | E7: DEMO | F7: =AVERAGE(G7:AL7) -> 9.134747 | G7: =IFERROR(AVERAGEIFS(RdTRABYVals!M$2:M$999,RdTRABYVals!$B$2:$B$999,"="&$C7,RdTRABYVals!$C$2:$C$999,"="&INS_FLO!$A7),"") -> 12.696687 | H7: =IFERROR(AVERAGEIFS(RdTRABYVals!O$2:O$999,RdTRABYVals!$B$2:$B$999,"="&$C7,RdTRABYVals!$C$2:$C$999,"="&INS_FLO!$A7),"") -> 3.6177164 | I7: =IFERROR(AVERAGEIFS(RdTRABYVals!P$2:P$999,RdTRABYVals!$B$2:$B$999,"="&$C7,RdTRABYVals!$C$2:$C$999,"="&INS_FLO!$A7),"") -> 14.902222 | J7: =IFERROR(AVERAGEIFS(RdTRABYVals!Q$2:Q$999,RdTRABYVals!$B$2:$B$999,"="&$C7,RdTRABYVals!$C$2:$C$999,"="&INS_FLO!$A7),"") -> 5.0234684 | K7: =IFERROR(AVERAGEIFS(RdTRABYVals!R$2:R$999,RdTRABYVals!$B$2:$B$999,"="&$C7,RdTRABYVals!$C$2:$C$999,"="&INS_FLO!$A7),"") -> 4.0249714 | L7: =IFERROR(AVERAGEIFS(RdTRABYVals!S$2:S$999,RdTRABYVals!$B$2:$B$999,"="&$C7,RdTRABYVals!$C$2:$C$999,"="&INS_FLO!$A7),"") -> 9.7457024 | M7: =IFERROR(AVERAGEIFS(RdTRABYVals!T$2:T$999,RdTRABYVals!$B$2:$B$999,"="&$C7,RdTRABYVals!$C$2:$C$999,"="&INS_FLO!$A7),"") -> 6.2939784 | N7: =IFERROR(AVERAGEIFS(RdTRABYVals!U$2:U$999,RdTRABYVals!$B$2:$B$999,"="&$C7,RdTRABYVals!$C$2:$C$999,"="&INS_FLO!$A7),"") -> 5.7247237 | O7: =IFERROR(AVERAGEIFS(RdTRABYVals!V$2:V$999,RdTRABYVals!$B$2:$B$999,"="&$C7,RdTRABYVals!$C$2:$C$999,"="&INS_FLO!$A7),"") -> 10.897256 | P7: =IFERROR(AVERAGEIFS(RdTRABYVals!X$2:X$999,RdTRABYVals!$B$2:$B$999,"="&$C7,RdTRABYVals!$C$2:$C$999,"="&INS_FLO!$A7),"") -> 6.2476243 | Q7: 16.5 | R7: =IFERROR(AVERAGEIFS(RdTRABYVals!Z$2:Z$999,RdTRABYVals!$B$2:$B$999,"="&$C7,RdTRABYVals!$C$2:$C$999,"="&INS_FLO!$A7),"") -> 8.2550465 | S7: =IFERROR(AVERAGEIFS(RdTRABYVals!W$2:W$999,RdTRABYVals!$B$2:$B$999,"="&$C7,RdTRABYVals!$C$2:$C$999,"="&INS_FLO!$A7),"") -> 6.473203 | T7: =IFERROR(AVERAGEIFS(RdTRABYVals!AA$2:AA$999,RdTRABYVals!$B$2:$B$999,"="&$C7,RdTRABYVals!$C$2:$C$999,"="&INS_FLO!$A7),"") -> 10.154531 | U7: =IFERROR(AVERAGEIFS(RdTRABYVals!AB$2:AB$999,RdTRABYVals!$B$2:$B$999,"="&$C7,RdTRABYVals!$C$2:$C$999,"="&INS_FLO!$A7),"") -> 9.9489386 | V7: =IFERROR(AVERAGEIFS(RdTRABYVals!AC$2:AC$999,RdTRABYVals!$B$2:$B$999,"="&$C7,RdTRABYVals!$C$2:$C$999,"="&INS_FLO!$A7),"") -> 11.993946 | W7: =IFERROR(AVERAGEIFS(RdTRABYVals!AD$2:AD$999,RdTRABYVals!$B$2:$B$999,"="&$C7,RdTRABYVals!$C$2:$C$999,"="&INS_FLO!$A7),"") -> 7.0785648 | X7: =IFERROR(AVERAGEIFS(RdTRABYVals!AE$2:AE$999,RdTRABYVals!$B$2:$B$999,"="&$C7,RdTRABYVals!$C$2:$C$999,"="&INS_FLO!$A7),"") -> 7.5022434 | Y7: =IFERROR(AVERAGEIFS(RdTRABYVals!AG$2:AG$999,RdTRABYVals!$B$2:$B$999,"="&$C7,RdTRABYVals!$C$2:$C$999,"="&INS_FLO!$A7),"") -> 13.305332 | Z7: =IFERROR(AVERAGEIFS(RdTRABYVals!AH$2:AH$999,RdTRABYVals!$B$2:$B$999,"="&$C7,RdTRABYVals!$C$2:$C$999,"="&INS_FLO!$A7),"") -> 5.2429919 | AA7: =IFERROR(AVERAGEIFS(RdTRABYVals!AI$2:AI$999,RdTRABYVals!$B$2:$B$999,"="&$C7,RdTRABYVals!$C$2:$C$999,"="&INS_FLO!$A7),"") -> 10.474089 | AB7: =IFERROR(AVERAGEIFS(RdTRABYVals!AK$2:AK$999,RdTRABYVals!$B$2:$B$999,"="&$C7,RdTRABYVals!$C$2:$C$999,"="&INS_FLO!$A7),"") -> 12.002561 | AC7: =IFERROR(AVERAGEIFS(RdTRABYVals!AL$2:AL$999,RdTRABYVals!$B$2:$B$999,"="&$C7,RdTRABYVals!$C$2:$C$999,"="&INS_FLO!$A7),"") -> 1.204711 | AD7: =IFERROR(AVERAGEIFS(RdTRABYVals!AM$2:AM$999,RdTRABYVals!$B$2:$B$999,"="&$C7,RdTRABYVals!$C$2:$C$999,"="&INS_FLO!$A7),"") -> 11.101495 | AE7: =IFERROR(AVERAGEIFS(RdTRABYVals!AN$2:AN$999,RdTRABYVals!$B$2:$B$999,"="&$C7,RdTRABYVals!$C$2:$C$999,"="&INS_FLO!$A7),"") -> 12.591807 | AF7: =IFERROR(AVERAGEIFS(RdTRABYVals!AO$2:AO$999,RdTRABYVals!$B$2:$B$999,"="&$C7,RdTRABYVals!$C$2:$C$999,"="&INS_FLO!$A7),"") -> 11.666597 | AG7: =IFERROR(AVERAGEIFS(RdTRABYVals!AP$2:AP$999,RdTRABYVals!$B$2:$B$999,"="&$C7,RdTRABYVals!$C$2:$C$999,"="&INS_FLO!$A7),"") -> 13.56664 | AH7: =IFERROR(AVERAGEIFS(RdTRABYVals!AQ$2:AQ$999,RdTRABYVals!$B$2:$B$999,"="&$C7,RdTRABYVals!$C$2:$C$999,"="&INS_FLO!$A7),"") -> 5.6829781 | AI7: =IFERROR(AVERAGEIFS(RdTRABYVals!AS$2:AS$999,RdTRABYVals!$B$2:$B$999,"="&$C7,RdTRABYVals!$C$2:$C$999,"="&INS_FLO!$A7),"") -> 12.879972 | AJ7: =IFERROR(AVERAGEIFS(RdTRABYVals!AT$2:AT$999,RdTRABYVals!$B$2:$B$999,"="&$C7,RdTRABYVals!$C$2:$C$999,"="&INS_FLO!$A7),"") -> 11.184903 | AK7: =IFERROR(AVERAGEIFS(RdTRABYVals!AU$2:AU$999,RdTRABYVals!$B$2:$B$999,"="&$C7,RdTRABYVals!$C$2:$C$999,"="&INS_FLO!$A7),"") -> 8.0361799 | AL7: =IFERROR(AVERAGEIFS(RdTRABYVals!AV$2:AV$999,RdTRABYVals!$B$2:$B$999,"="&$C7,RdTRABYVals!$C$2:$C$999,"="&INS_FLO!$A7),"") -> 6.2908245 | AM7: =IFERROR(AVERAGEIFS(RdTRABYVals!L$2:L$999,RdTRABYVals!$B$2:$B$999,"="&$C7,RdTRABYVals!$C$2:$C$999,"="&INS_FLO!$A7),"") -> 6.473203 | AN7: =IFERROR(AVERAGEIFS(RdTRABYVals!N$2:N$999,RdTRABYVals!$B$2:$B$999,"="&$C7,RdTRABYVals!$C$2:$C$999,"="&INS_FLO!$A7),"") -> 10.154531 | AO7: =IFERROR(AVERAGEIFS(RdTRABYVals!AJ$2:AJ$999,RdTRABYVals!$B$2:$B$999,"="&$C7,RdTRABYVals!$C$2:$C$999,"="&INS_FLO!$A7),"") -> 6.473203 | AP7: =IFERROR(AVERAGEIFS(RdTRABYVals!AR$2:AR$999,RdTRABYVals!$B$2:$B$999,"="&$C7,RdTRABYVals!$C$2:$C$999,"="&INS_FLO!$A7),"") -> 10.154531 | AQ7: =IFERROR(AVERAGEIFS(RdTRABYVals!AF$2:AF$999,RdTRABYVals!$B$2:$B$999,"="&$C7,RdTRABYVals!$C$2:$C$999,"="&INS_FLO!$A7),"") -> 10.154531
A8: TRA_Hdt_Gas* | C8: ACTFLO | D8: =A8 -> TRA_Hdt_Gas* | E8: DEMO | F8: =AVERAGE(G8:AL8) -> 1.8364432 | G8: 1.8364432 | H8: 1.8364432 | I8: =IFERROR(AVERAGEIFS(RdTRABYVals!P$2:P$999,RdTRABYVals!$B$2:$B$999,"="&$C8,RdTRABYVals!$C$2:$C$999,"="&INS_FLO!$A8),"") -> 2.4181894 | J8: 1.8364432 | K8: =IFERROR(AVERAGEIFS(RdTRABYVals!R$2:R$999,RdTRABYVals!$B$2:$B$999,"="&$C8,RdTRABYVals!$C$2:$C$999,"="&INS_FLO!$A8),"") -> 0.97858094 | L8: =IFERROR(AVERAGEIFS(RdTRABYVals!S$2:S$999,RdTRABYVals!$B$2:$B$999,"="&$C8,RdTRABYVals!$C$2:$C$999,"="&INS_FLO!$A8),"") -> 1.6805943 | M8: 1.8364432 | N8: =IFERROR(AVERAGEIFS(RdTRABYVals!U$2:U$999,RdTRABYVals!$B$2:$B$999,"="&$C8,RdTRABYVals!$C$2:$C$999,"="&INS_FLO!$A8),"") -> 0.71403724 | O8: =IFERROR(AVERAGEIFS(RdTRABYVals!V$2:V$999,RdTRABYVals!$B$2:$B$999,"="&$C8,RdTRABYVals!$C$2:$C$999,"="&INS_FLO!$A8),"") -> 2.0055233 | P8: =IFERROR(AVERAGEIFS(RdTRABYVals!X$2:X$999,RdTRABYVals!$B$2:$B$999,"="&$C8,RdTRABYVals!$C$2:$C$999,"="&INS_FLO!$A8),"") -> 0.89578973 | Q8: =IFERROR(AVERAGEIFS(RdTRABYVals!Y$2:Y$999,RdTRABYVals!$B$2:$B$999,"="&$C8,RdTRABYVals!$C$2:$C$999,"="&INS_FLO!$A8),"") -> 1.6817709 | R8: =IFERROR(AVERAGEIFS(RdTRABYVals!Z$2:Z$999,RdTRABYVals!$B$2:$B$999,"="&$C8,RdTRABYVals!$C$2:$C$999,"="&INS_FLO!$A8),"") -> 1.080112 | S8: =IFERROR(AVERAGEIFS(RdTRABYVals!W$2:W$999,RdTRABYVals!$B$2:$B$999,"="&$C8,RdTRABYVals!$C$2:$C$999,"="&INS_FLO!$A8),"") -> 1.5272753 | T8: =IFERROR(AVERAGEIFS(RdTRABYVals!AA$2:AA$999,RdTRABYVals!$B$2:$B$999,"="&$C8,RdTRABYVals!$C$2:$C$999,"="&INS_FLO!$A8),"") -> 2.786757 | U8: =IFERROR(AVERAGEIFS(RdTRABYVals!AB$2:AB$999,RdTRABYVals!$B$2:$B$999,"="&$C8,RdTRABYVals!$C$2:$C$999,"="&INS_FLO!$A8),"") -> 1.7156413 | V8: =IFERROR(AVERAGEIFS(RdTRABYVals!AC$2:AC$999,RdTRABYVals!$B$2:$B$999,"="&$C8,RdTRABYVals!$C$2:$C$999,"="&INS_FLO!$A8),"") -> 4.5393498 | W8: =IFERROR(AVERAGEIFS(RdTRABYVals!AD$2:AD$999,RdTRABYVals!$B$2:$B$999,"="&$C8,RdTRABYVals!$C$2:$C$999,"="&INS_FLO!$A8),"") -> 1.3488346 | X8: =IFERROR(AVERAGEIFS(RdTRABYVals!AE$2:AE$999,RdTRABYVals!$B$2:$B$999,"="&$C8,RdTRABYVals!$C$2:$C$999,"="&INS_FLO!$A8),"") -> 1.3574516 | Y8: =IFERROR(AVERAGEIFS(RdTRABYVals!AG$2:AG$999,RdTRABYVals!$B$2:$B$999,"="&$C8,RdTRABYVals!$C$2:$C$999,"="&INS_FLO!$A8),"") -> 3.31235 | Z8: =IFERROR(AVERAGEIFS(RdTRABYVals!AH$2:AH$999,RdTRABYVals!$B$2:$B$999,"="&$C8,RdTRABYVals!$C$2:$C$999,"="&INS_FLO!$A8),"") -> 0.85835563 | AA8: =IFERROR(AVERAGEIFS(RdTRABYVals!AI$2:AI$999,RdTRABYVals!$B$2:$B$999,"="&$C8,RdTRABYVals!$C$2:$C$999,"="&INS_FLO!$A8),"") -> 1.9958585 | AB8: =IFERROR(AVERAGEIFS(RdTRABYVals!AK$2:AK$999,RdTRABYVals!$B$2:$B$999,"="&$C8,RdTRABYVals!$C$2:$C$999,"="&INS_FLO!$A8),"") -> 1.9476603 | AC8: 1.8364432 | AD8: =IFERROR(AVERAGEIFS(RdTRABYVals!AM$2:AM$999,RdTRABYVals!$B$2:$B$999,"="&$C8,RdTRABYVals!$C$2:$C$999,"="&INS_FLO!$A8),"") -> 1.8240133 | AE8: =IFERROR(AVERAGEIFS(RdTRABYVals!AN$2:AN$999,RdTRABYVals!$B$2:$B$999,"="&$C8,RdTRABYVals!$C$2:$C$999,"="&INS_FLO!$A8),"") -> 2.8752834 | AF8: =IFERROR(AVERAGEIFS(RdTRABYVals!AO$2:AO$999,RdTRABYVals!$B$2:$B$999,"="&$C8,RdTRABYVals!$C$2:$C$999,"="&INS_FLO!$A8),"") -> 2.2831262 | AG8: 1.8364432 | AH8: =IFERROR(AVERAGEIFS(RdTRABYVals!AQ$2:AQ$999,RdTRABYVals!$B$2:$B$999,"="&$C8,RdTRABYVals!$C$2:$C$999,"="&INS_FLO!$A8),"") -> 1.2736668 | AI8: =IFERROR(AVERAGEIFS(RdTRABYVals!AS$2:AS$999,RdTRABYVals!$B$2:$B$999,"="&$C8,RdTRABYVals!$C$2:$C$999,"="&INS_FLO!$A8),"") -> 1.9768948 | AJ8: =IFERROR(AVERAGEIFS(RdTRABYVals!AT$2:AT$999,RdTRABYVals!$B$2:$B$999,"="&$C8,RdTRABYVals!$C$2:$C$999,"="&INS_FLO!$A8),"") -> 1.9298371 | AK8: 1.8364432 | AL8: =IFERROR(AVERAGEIFS(RdTRABYVals!AV$2:AV$999,RdTRABYVals!$B$2:$B$999,"="&$C8,RdTRABYVals!$C$2:$C$999,"="&INS_FLO!$A8),"") -> 0.90412603 | AM8: =IFERROR(AVERAGEIFS(RdTRABYVals!L$2:L$999,RdTRABYVals!$B$2:$B$999,"="&$C8,RdTRABYVals!$C$2:$C$999,"="&INS_FLO!$A8),"") -> 1.5272753 | AN8: =IFERROR(AVERAGEIFS(RdTRABYVals!N$2:N$999,RdTRABYVals!$B$2:$B$999,"="&$C8,RdTRABYVals!$C$2:$C$999,"="&INS_FLO!$A8),"") -> 2.786757 | AO8: =IFERROR(AVERAGEIFS(RdTRABYVals!AJ$2:AJ$999,RdTRABYVals!$B$2:$B$999,"="&$C8,RdTRABYVals!$C$2:$C$999,"="&INS_FLO!$A8),"") -> 1.5272753 | AP8: =IFERROR(AVERAGEIFS(RdTRABYVals!AR$2:AR$999,RdTRABYVals!$B$2:$B$999,"="&$C8,RdTRABYVals!$C$2:$C$999,"="&INS_FLO!$A8),"") -> 2.786757 | AQ8: =IFERROR(AVERAGEIFS(RdTRABYVals!AF$2:AF$999,RdTRABYVals!$B$2:$B$999,"="&$C8,RdTRABYVals!$C$2:$C$999,"="&INS_FLO!$A8),"") -> 2.786757
A9: TRA_Hdt_Cng*,TRA_Hdt_Elc*,TRA_Hdt_GH2*,TRA_Hdt_Lpg* | C9: ACTFLO | D9: =A9 -> TRA_Hdt_Cng*,TRA_Hdt_Elc*,TRA_Hdt_GH2*,TRA_Hdt_Lpg* | E9: DEMO | F9: =AVERAGE(G9:AL9) -> 5.1981273 | G9: =G7/2 -> 6.3483433 | H9: =H7/2 -> 1.8088582 | I9: 8.6602057 | J9: =J7/2 -> 2.5117342 | K9: 2.5017761 | L9: 5.7131483 | M9: =M7/2 -> 3.1469892 | N9: 3.2193805 | O9: 6.4513898 | P9: 3.571707 | Q9: 6.3194681 | R9: 4.6675793 | S9: 4.0002391 | T9: 6.4706438 | U9: 5.8322899 | V9: 8.2666478 | W9: 4.2136997 | X9: 4.4298475 | Y9: 8.308841 | Z9: 3.0506738 | AA9: 6.2349737 | AB9: 6.9751109 | AC9: =AC7/2 -> 0.6023555 | AD9: 6.4627541 | AE9: 7.733545 | AF9: 6.9748616 | AG9: =AG7/2 -> 6.7833202 | AH9: 3.4783224 | AI9: 7.4284335 | AJ9: 6.5573699 | AK9: =AK7/2 -> 4.0180899 | AL9: 3.5974753 | AM9: 4.0002391 | AN9: 6.4706438 | AO9: 4.0002391 | AP9: 6.4706438 | AQ9: 6.4706438
A10: TRA_Lcv* | C10: ACTFLO | D10: =A10 -> TRA_Lcv* | E10: DEMO | F10: =AVERAGE(G10:AL10) -> 0.5 | G10: =IFERROR(AVERAGEIFS(RdTRABYVals!M$2:M$999,RdTRABYVals!$B$2:$B$999,"="&$C10,RdTRABYVals!$C$2:$C$999,"="&INS_FLO!$A10),"") -> 0.5 | H10: =IFERROR(AVERAGEIFS(RdTRABYVals!O$2:O$999,RdTRABYVals!$B$2:$B$999,"="&$C10,RdTRABYVals!$C$2:$C$999,"="&INS_FLO!$A10),"") -> 0.5 | I10: =IFERROR(AVERAGEIFS(RdTRABYVals!P$2:P$999,RdTRABYVals!$B$2:$B$999,"="&$C10,RdTRABYVals!$C$2:$C$999,"="&INS_FLO!$A10),"") -> 0.5 | J10: =IFERROR(AVERAGEIFS(RdTRABYVals!Q$2:Q$999,RdTRABYVals!$B$2:$B$999,"="&$C10,RdTRABYVals!$C$2:$C$999,"="&INS_FLO!$A10),"") -> 0.5 | K10: =IFERROR(AVERAGEIFS(RdTRABYVals!R$2:R$999,RdTRABYVals!$B$2:$B$999,"="&$C10,RdTRABYVals!$C$2:$C$999,"="&INS_FLO!$A10),"") -> 0.5 | L10: =IFERROR(AVERAGEIFS(RdTRABYVals!S$2:S$999,RdTRABYVals!$B$2:$B$999,"="&$C10,RdTRABYVals!$C$2:$C$999,"="&INS_FLO!$A10),"") -> 0.5 | M10: =IFERROR(AVERAGEIFS(RdTRABYVals!T$2:T$999,RdTRABYVals!$B$2:$B$999,"="&$C10,RdTRABYVals!$C$2:$C$999,"="&INS_FLO!$A10),"") -> 0.5 | N10: =IFERROR(AVERAGEIFS(RdTRABYVals!U$2:U$999,RdTRABYVals!$B$2:$B$999,"="&$C10,RdTRABYVals!$C$2:$C$999,"="&INS_FLO!$A10),"") -> 0.5 | O10: =IFERROR(AVERAGEIFS(RdTRABYVals!V$2:V$999,RdTRABYVals!$B$2:$B$999,"="&$C10,RdTRABYVals!$C$2:$C$999,"="&INS_FLO!$A10),"") -> 0.5 | P10: =IFERROR(AVERAGEIFS(RdTRABYVals!X$2:X$999,RdTRABYVals!$B$2:$B$999,"="&$C10,RdTRABYVals!$C$2:$C$999,"="&INS_FLO!$A10),"") -> 0.5 | Q10: =IFERROR(AVERAGEIFS(RdTRABYVals!Y$2:Y$999,RdTRABYVals!$B$2:$B$999,"="&$C10,RdTRABYVals!$C$2:$C$999,"="&INS_FLO!$A10),"") -> 0.5 | R10: =IFERROR(AVERAGEIFS(RdTRABYVals!Z$2:Z$999,RdTRABYVals!$B$2:$B$999,"="&$C10,RdTRABYVals!$C$2:$C$999,"="&INS_FLO!$A10),"") -> 0.5 | S10: =IFERROR(AVERAGEIFS(RdTRABYVals!W$2:W$999,RdTRABYVals!$B$2:$B$999,"="&$C10,RdTRABYVals!$C$2:$C$999,"="&INS_FLO!$A10),"") -> 0.5 | T10: =IFERROR(AVERAGEIFS(RdTRABYVals!AA$2:AA$999,RdTRABYVals!$B$2:$B$999,"="&$C10,RdTRABYVals!$C$2:$C$999,"="&INS_FLO!$A10),"") -> 0.5 | U10: =IFERROR(AVERAGEIFS(RdTRABYVals!AB$2:AB$999,RdTRABYVals!$B$2:$B$999,"="&$C10,RdTRABYVals!$C$2:$C$999,"="&INS_FLO!$A10),"") -> 0.5 | V10: =IFERROR(AVERAGEIFS(RdTRABYVals!AC$2:AC$999,RdTRABYVals!$B$2:$B$999,"="&$C10,RdTRABYVals!$C$2:$C$999,"="&INS_FLO!$A10),"") -> 0.5 | W10: =IFERROR(AVERAGEIFS(RdTRABYVals!AD$2:AD$999,RdTRABYVals!$B$2:$B$999,"="&$C10,RdTRABYVals!$C$2:$C$999,"="&INS_FLO!$A10),"") -> 0.5 | X10: =IFERROR(AVERAGEIFS(RdTRABYVals!AE$2:AE$999,RdTRABYVals!$B$2:$B$999,"="&$C10,RdTRABYVals!$C$2:$C$999,"="&INS_FLO!$A10),"") -> 0.5 | Y10: =IFERROR(AVERAGEIFS(RdTRABYVals!AG$2:AG$999,RdTRABYVals!$B$2:$B$999,"="&$C10,RdTRABYVals!$C$2:$C$999,"="&INS_FLO!$A10),"") -> 0.5 | Z10: =IFERROR(AVERAGEIFS(RdTRABYVals!AH$2:AH$999,RdTRABYVals!$B$2:$B$999,"="&$C10,RdTRABYVals!$C$2:$C$999,"="&INS_FLO!$A10),"") -> 0.5 | AA10: =IFERROR(AVERAGEIFS(RdTRABYVals!AI$2:AI$999,RdTRABYVals!$B$2:$B$999,"="&$C10,RdTRABYVals!$C$2:$C$999,"="&INS_FLO!$A10),"") -> 0.5 | AB10: =IFERROR(AVERAGEIFS(RdTRABYVals!AK$2:AK$999,RdTRABYVals!$B$2:$B$999,"="&$C10,RdTRABYVals!$C$2:$C$999,"="&INS_FLO!$A10),"") -> 0.5 | AC10: =IFERROR(AVERAGEIFS(RdTRABYVals!AL$2:AL$999,RdTRABYVals!$B$2:$B$999,"="&$C10,RdTRABYVals!$C$2:$C$999,"="&INS_FLO!$A10),"") -> 0.5 | AD10: =IFERROR(AVERAGEIFS(RdTRABYVals!AM$2:AM$999,RdTRABYVals!$B$2:$B$999,"="&$C10,RdTRABYVals!$C$2:$C$999,"="&INS_FLO!$A10),"") -> 0.5 | AE10: =IFERROR(AVERAGEIFS(RdTRABYVals!AN$2:AN$999,RdTRABYVals!$B$2:$B$999,"="&$C10,RdTRABYVals!$C$2:$C$999,"="&INS_FLO!$A10),"") -> 0.5 | AF10: =IFERROR(AVERAGEIFS(RdTRABYVals!AO$2:AO$999,RdTRABYVals!$B$2:$B$999,"="&$C10,RdTRABYVals!$C$2:$C$999,"="&INS_FLO!$A10),"") -> 0.5 | AG10: =IFERROR(AVERAGEIFS(RdTRABYVals!AP$2:AP$999,RdTRABYVals!$B$2:$B$999,"="&$C10,RdTRABYVals!$C$2:$C$999,"="&INS_FLO!$A10),"") -> 0.5 | AH10: =IFERROR(AVERAGEIFS(RdTRABYVals!AQ$2:AQ$999,RdTRABYVals!$B$2:$B$999,"="&$C10,RdTRABYVals!$C$2:$C$999,"="&INS_FLO!$A10),"") -> 0.5 | AI10: =IFERROR(AVERAGEIFS(RdTRABYVals!AS$2:AS$999,RdTRABYVals!$B$2:$B$999,"="&$C10,RdTRABYVals!$C$2:$C$999,"="&INS_FLO!$A10),"") -> 0.5 | AJ10: =IFERROR(AVERAGEIFS(RdTRABYVals!AT$2:AT$999,RdTRABYVals!$B$2:$B$999,"="&$C10,RdTRABYVals!$C$2:$C$999,"="&INS_FLO!$A10),"") -> 0.5 | AK10: =IFERROR(AVERAGEIFS(RdTRABYVals!AU$2:AU$999,RdTRABYVals!$B$2:$B$999,"="&$C10,RdTRABYVals!$C$2:$C$999,"="&INS_FLO!$A10),"") -> 0.5 | AL10: =IFERROR(AVERAGEIFS(RdTRABYVals!AV$2:AV$999,RdTRABYVals!$B$2:$B$999,"="&$C10,RdTRABYVals!$C$2:$C$999,"="&INS_FLO!$A10),"") -> 0.5 | AM10: =IFERROR(AVERAGEIFS(RdTRABYVals!L$2:L$999,RdTRABYVals!$B$2:$B$999,"="&$C10,RdTRABYVals!$C$2:$C$999,"="&INS_FLO!$A10),"") -> 0.5 | AN10: =IFERROR(AVERAGEIFS(RdTRABYVals!N$2:N$999,RdTRABYVals!$B$2:$B$999,"="&$C10,RdTRABYVals!$C$2:$C$999,"="&INS_FLO!$A10),"") -> 0.5 | AO10: =IFERROR(AVERAGEIFS(RdTRABYVals!AJ$2:AJ$999,RdTRABYVals!$B$2:$B$999,"="&$C10,RdTRABYVals!$C$2:$C$999,"="&INS_FLO!$A10),"") -> 0.5 | AP10: =IFERROR(AVERAGEIFS(RdTRABYVals!AR$2:AR$999,RdTRABYVals!$B$2:$B$999,"="&$C10,RdTRABYVals!$C$2:$C$999,"="&INS_FLO!$A10),"") -> 0.5 | AQ10: =IFERROR(AVERAGEIFS(RdTRABYVals!AF$2:AF$999,RdTRABYVals!$B$2:$B$999,"="&$C10,RdTRABYVals!$C$2:$C$999,"="&INS_FLO!$A10),"") -> 0.5
A11: TRA_Mop* | C11: ACTFLO | D11: =A11 -> TRA_Mop* | E11: DEMO | F11: =AVERAGE(G11:AL11) -> 1.1053557 | G11: =IFERROR(AVERAGEIFS(RdTRABYVals!M$2:M$999,RdTRABYVals!$B$2:$B$999,"="&$C11,RdTRABYVals!$C$2:$C$999,"="&INS_FLO!$A11),"") -> 1.1005542 | H11: =IFERROR(AVERAGEIFS(RdTRABYVals!O$2:O$999,RdTRABYVals!$B$2:$B$999,"="&$C11,RdTRABYVals!$C$2:$C$999,"="&INS_FLO!$A11),"") -> 1.056 | I11: =IFERROR(AVERAGEIFS(RdTRABYVals!P$2:P$999,RdTRABYVals!$B$2:$B$999,"="&$C11,RdTRABYVals!$C$2:$C$999,"="&INS_FLO!$A11),"") -> 1.1 | J11: =IFERROR(AVERAGEIFS(RdTRABYVals!Q$2:Q$999,RdTRABYVals!$B$2:$B$999,"="&$C11,RdTRABYVals!$C$2:$C$999,"="&INS_FLO!$A11),"") -> 1.0742905 | K11: =IFERROR(AVERAGEIFS(RdTRABYVals!R$2:R$999,RdTRABYVals!$B$2:$B$999,"="&$C11,RdTRABYVals!$C$2:$C$999,"="&INS_FLO!$A11),"") -> 1.1 | L11: =IFERROR(AVERAGEIFS(RdTRABYVals!S$2:S$999,RdTRABYVals!$B$2:$B$999,"="&$C11,RdTRABYVals!$C$2:$C$999,"="&INS_FLO!$A11),"") -> 1.1 | M11: =IFERROR(AVERAGEIFS(RdTRABYVals!T$2:T$999,RdTRABYVals!$B$2:$B$999,"="&$C11,RdTRABYVals!$C$2:$C$999,"="&INS_FLO!$A11),"") -> 1.1 | N11: =IFERROR(AVERAGEIFS(RdTRABYVals!U$2:U$999,RdTRABYVals!$B$2:$B$999,"="&$C11,RdTRABYVals!$C$2:$C$999,"="&INS_FLO!$A11),"") -> 1.1 | O11: 1.1053557 | P11: =IFERROR(AVERAGEIFS(RdTRABYVals!X$2:X$999,RdTRABYVals!$B$2:$B$999,"="&$C11,RdTRABYVals!$C$2:$C$999,"="&INS_FLO!$A11),"") -> 1.336832 | Q11: =IFERROR(AVERAGEIFS(RdTRABYVals!Y$2:Y$999,RdTRABYVals!$B$2:$B$999,"="&$C11,RdTRABYVals!$C$2:$C$999,"="&INS_FLO!$A11),"") -> 1 | R11: =IFERROR(AVERAGEIFS(RdTRABYVals!Z$2:Z$999,RdTRABYVals!$B$2:$B$999,"="&$C11,RdTRABYVals!$C$2:$C$999,"="&INS_FLO!$A11),"") -> 1.1 | S11: =IFERROR(AVERAGEIFS(RdTRABYVals!W$2:W$999,RdTRABYVals!$B$2:$B$999,"="&$C11,RdTRABYVals!$C$2:$C$999,"="&INS_FLO!$A11),"") -> 1.1 | T11: =IFERROR(AVERAGEIFS(RdTRABYVals!AA$2:AA$999,RdTRABYVals!$B$2:$B$999,"="&$C11,RdTRABYVals!$C$2:$C$999,"="&INS_FLO!$A11),"") -> 1.1 | U11: =IFERROR(AVERAGEIFS(RdTRABYVals!AB$2:AB$999,RdTRABYVals!$B$2:$B$999,"="&$C11,RdTRABYVals!$C$2:$C$999,"="&INS_FLO!$A11),"") -> 1.1 | V11: =IFERROR(AVERAGEIFS(RdTRABYVals!AC$2:AC$999,RdTRABYVals!$B$2:$B$999,"="&$C11,RdTRABYVals!$C$2:$C$999,"="&INS_FLO!$A11),"") -> 1.1 | W11: 1.1053557 | X11: =IFERROR(AVERAGEIFS(RdTRABYVals!AE$2:AE$999,RdTRABYVals!$B$2:$B$999,"="&$C11,RdTRABYVals!$C$2:$C$999,"="&INS_FLO!$A11),"") -> 1.1 | Y11: =IFERROR(AVERAGEIFS(RdTRABYVals!AG$2:AG$999,RdTRABYVals!$B$2:$B$999,"="&$C11,RdTRABYVals!$C$2:$C$999,"="&INS_FLO!$A11),"") -> 1.1999335 | Z11: =IFERROR(AVERAGEIFS(RdTRABYVals!AH$2:AH$999,RdTRABYVals!$B$2:$B$999,"="&$C11,RdTRABYVals!$C$2:$C$999,"="&INS_FLO!$A11),"") -> 1.1 | AA11: =IFERROR(AVERAGEIFS(RdTRABYVals!AI$2:AI$999,RdTRABYVals!$B$2:$B$999,"="&$C11,RdTRABYVals!$C$2:$C$999,"="&INS_FLO!$A11),"") -> 1.1 | AB11: 1.1053557 | AC11: =IFERROR(AVERAGEIFS(RdTRABYVals!AL$2:AL$999,RdTRABYVals!$B$2:$B$999,"="&$C11,RdTRABYVals!$C$2:$C$999,"="&INS_FLO!$A11),"") -> 1.1 | AD11: =IFERROR(AVERAGEIFS(RdTRABYVals!AM$2:AM$999,RdTRABYVals!$B$2:$B$999,"="&$C11,RdTRABYVals!$C$2:$C$999,"="&INS_FLO!$A11),"") -> 1.1 | AE11: =IFERROR(AVERAGEIFS(RdTRABYVals!AN$2:AN$999,RdTRABYVals!$B$2:$B$999,"="&$C11,RdTRABYVals!$C$2:$C$999,"="&INS_FLO!$A11),"") -> 1.0825397 | AF11: =IFERROR(AVERAGEIFS(RdTRABYVals!AO$2:AO$999,RdTRABYVals!$B$2:$B$999,"="&$C11,RdTRABYVals!$C$2:$C$999,"="&INS_FLO!$A11),"") -> 1.1 | AG11: =IFERROR(AVERAGEIFS(RdTRABYVals!AP$2:AP$999,RdTRABYVals!$B$2:$B$999,"="&$C11,RdTRABYVals!$C$2:$C$999,"="&INS_FLO!$A11),"") -> 1.1 | AH11: =IFERROR(AVERAGEIFS(RdTRABYVals!AQ$2:AQ$999,RdTRABYVals!$B$2:$B$999,"="&$C11,RdTRABYVals!$C$2:$C$999,"="&INS_FLO!$A11),"") -> 1.1 | AI11: =IFERROR(AVERAGEIFS(RdTRABYVals!AS$2:AS$999,RdTRABYVals!$B$2:$B$999,"="&$C11,RdTRABYVals!$C$2:$C$999,"="&INS_FLO!$A11),"") -> 1.1005988 | AJ11: =IFERROR(AVERAGEIFS(RdTRABYVals!AT$2:AT$999,RdTRABYVals!$B$2:$B$999,"="&$C11,RdTRABYVals!$C$2:$C$999,"="&INS_FLO!$A11),"") -> 1.1 | AK11: =IFERROR(AVERAGEIFS(RdTRABYVals!AU$2:AU$999,RdTRABYVals!$B$2:$B$999,"="&$C11,RdTRABYVals!$C$2:$C$999,"="&INS_FLO!$A11),"") -> 1.1 | AL11: =IFERROR(AVERAGEIFS(RdTRABYVals!AV$2:AV$999,RdTRABYVals!$B$2:$B$999,"="&$C11,RdTRABYVals!$C$2:$C$999,"="&INS_FLO!$A11),"") -> 1.1045655 | AM11: =IFERROR(AVERAGEIFS(RdTRABYVals!L$2:L$999,RdTRABYVals!$B$2:$B$999,"="&$C11,RdTRABYVals!$C$2:$C$999,"="&INS_FLO!$A11),"") -> 1.1 | AN11: =IFERROR(AVERAGEIFS(RdTRABYVals!N$2:N$999,RdTRABYVals!$B$2:$B$999,"="&$C11,RdTRABYVals!$C$2:$C$999,"="&INS_FLO!$A11),"") -> 1.1 | AO11: =IFERROR(AVERAGEIFS(RdTRABYVals!AJ$2:AJ$999,RdTRABYVals!$B$2:$B$999,"="&$C11,RdTRABYVals!$C$2:$C$999,"="&INS_FLO!$A11),"") -> 1.1 | AP11: =IFERROR(AVERAGEIFS(RdTRABYVals!AR$2:AR$999,RdTRABYVals!$B$2:$B$999,"="&$C11,RdTRABYVals!$C$2:$C$999,"="&INS_FLO!$A11),"") -> 1.1 | AQ11: =IFERROR(AVERAGEIFS(RdTRABYVals!AF$2:AF$999,RdTRABYVals!$B$2:$B$999,"="&$C11,RdTRABYVals!$C$2:$C$999,"="&INS_FLO!$A11),"") -> 1.1
A12: TRA_Mot* | C12: ACTFLO | D12: =A12 -> TRA_Mot* | E12: DEMO | F12: =AVERAGE(G12:AL12) -> 1.1053557 | G12: =IFERROR(AVERAGEIFS(RdTRABYVals!M$2:M$999,RdTRABYVals!$B$2:$B$999,"="&$C12,RdTRABYVals!$C$2:$C$999,"="&INS_FLO!$A12),"") -> 1.1005542 | H12: =IFERROR(AVERAGEIFS(RdTRABYVals!O$2:O$999,RdTRABYVals!$B$2:$B$999,"="&$C12,RdTRABYVals!$C$2:$C$999,"="&INS_FLO!$A12),"") -> 1.056 | I12: =IFERROR(AVERAGEIFS(RdTRABYVals!P$2:P$999,RdTRABYVals!$B$2:$B$999,"="&$C12,RdTRABYVals!$C$2:$C$999,"="&INS_FLO!$A12),"") -> 1.1 | J12: =IFERROR(AVERAGEIFS(RdTRABYVals!Q$2:Q$999,RdTRABYVals!$B$2:$B$999,"="&$C12,RdTRABYVals!$C$2:$C$999,"="&INS_FLO!$A12),"") -> 1.0742905 | K12: =IFERROR(AVERAGEIFS(RdTRABYVals!R$2:R$999,RdTRABYVals!$B$2:$B$999,"="&$C12,RdTRABYVals!$C$2:$C$999,"="&INS_FLO!$A12),"") -> 1.1 | L12: =IFERROR(AVERAGEIFS(RdTRABYVals!S$2:S$999,RdTRABYVals!$B$2:$B$999,"="&$C12,RdTRABYVals!$C$2:$C$999,"="&INS_FLO!$A12),"") -> 1.1 | M12: =IFERROR(AVERAGEIFS(RdTRABYVals!T$2:T$999,RdTRABYVals!$B$2:$B$999,"="&$C12,RdTRABYVals!$C$2:$C$999,"="&INS_FLO!$A12),"") -> 1.1 | N12: =IFERROR(AVERAGEIFS(RdTRABYVals!U$2:U$999,RdTRABYVals!$B$2:$B$999,"="&$C12,RdTRABYVals!$C$2:$C$999,"="&INS_FLO!$A12),"") -> 1.1 | O12: =IFERROR(AVERAGEIFS(RdTRABYVals!V$2:V$999,RdTRABYVals!$B$2:$B$999,"="&$C12,RdTRABYVals!$C$2:$C$999,"="&INS_FLO!$A12),"") -> 1.1053557 | P12: =IFERROR(AVERAGEIFS(RdTRABYVals!X$2:X$999,RdTRABYVals!$B$2:$B$999,"="&$C12,RdTRABYVals!$C$2:$C$999,"="&INS_FLO!$A12),"") -> 1.336832 | Q12: =IFERROR(AVERAGEIFS(RdTRABYVals!Y$2:Y$999,RdTRABYVals!$B$2:$B$999,"="&$C12,RdTRABYVals!$C$2:$C$999,"="&INS_FLO!$A12),"") -> 1 | R12: =IFERROR(AVERAGEIFS(RdTRABYVals!Z$2:Z$999,RdTRABYVals!$B$2:$B$999,"="&$C12,RdTRABYVals!$C$2:$C$999,"="&INS_FLO!$A12),"") -> 1.1 | S12: =IFERROR(AVERAGEIFS(RdTRABYVals!W$2:W$999,RdTRABYVals!$B$2:$B$999,"="&$C12,RdTRABYVals!$C$2:$C$999,"="&INS_FLO!$A12),"") -> 1.1 | T12: =IFERROR(AVERAGEIFS(RdTRABYVals!AA$2:AA$999,RdTRABYVals!$B$2:$B$999,"="&$C12,RdTRABYVals!$C$2:$C$999,"="&INS_FLO!$A12),"") -> 1.1 | U12: =IFERROR(AVERAGEIFS(RdTRABYVals!AB$2:AB$999,RdTRABYVals!$B$2:$B$999,"="&$C12,RdTRABYVals!$C$2:$C$999,"="&INS_FLO!$A12),"") -> 1.1 | V12: =IFERROR(AVERAGEIFS(RdTRABYVals!AC$2:AC$999,RdTRABYVals!$B$2:$B$999,"="&$C12,RdTRABYVals!$C$2:$C$999,"="&INS_FLO!$A12),"") -> 1.1 | W12: =IFERROR(AVERAGEIFS(RdTRABYVals!AD$2:AD$999,RdTRABYVals!$B$2:$B$999,"="&$C12,RdTRABYVals!$C$2:$C$999,"="&INS_FLO!$A12),"") -> 1.1053557 | X12: =IFERROR(AVERAGEIFS(RdTRABYVals!AE$2:AE$999,RdTRABYVals!$B$2:$B$999,"="&$C12,RdTRABYVals!$C$2:$C$999,"="&INS_FLO!$A12),"") -> 1.1 | Y12: =IFERROR(AVERAGEIFS(RdTRABYVals!AG$2:AG$999,RdTRABYVals!$B$2:$B$999,"="&$C12,RdTRABYVals!$C$2:$C$999,"="&INS_FLO!$A12),"") -> 1.1999335 | Z12: =IFERROR(AVERAGEIFS(RdTRABYVals!AH$2:AH$999,RdTRABYVals!$B$2:$B$999,"="&$C12,RdTRABYVals!$C$2:$C$999,"="&INS_FLO!$A12),"") -> 1.1 | AA12: =IFERROR(AVERAGEIFS(RdTRABYVals!AI$2:AI$999,RdTRABYVals!$B$2:$B$999,"="&$C12,RdTRABYVals!$C$2:$C$999,"="&INS_FLO!$A12),"") -> 1.1 | AB12: =IFERROR(AVERAGEIFS(RdTRABYVals!AK$2:AK$999,RdTRABYVals!$B$2:$B$999,"="&$C12,RdTRABYVals!$C$2:$C$999,"="&INS_FLO!$A12),"") -> 1.1053557 | AC12: =IFERROR(AVERAGEIFS(RdTRABYVals!AL$2:AL$999,RdTRABYVals!$B$2:$B$999,"="&$C12,RdTRABYVals!$C$2:$C$999,"="&INS_FLO!$A12),"") -> 1.1 | AD12: =IFERROR(AVERAGEIFS(RdTRABYVals!AM$2:AM$999,RdTRABYVals!$B$2:$B$999,"="&$C12,RdTRABYVals!$C$2:$C$999,"="&INS_FLO!$A12),"") -> 1.1 | AE12: =IFERROR(AVERAGEIFS(RdTRABYVals!AN$2:AN$999,RdTRABYVals!$B$2:$B$999,"="&$C12,RdTRABYVals!$C$2:$C$999,"="&INS_FLO!$A12),"") -> 1.0825397 | AF12: =IFERROR(AVERAGEIFS(RdTRABYVals!AO$2:AO$999,RdTRABYVals!$B$2:$B$999,"="&$C12,RdTRABYVals!$C$2:$C$999,"="&INS_FLO!$A12),"") -> 1.1 | AG12: =IFERROR(AVERAGEIFS(RdTRABYVals!AP$2:AP$999,RdTRABYVals!$B$2:$B$999,"="&$C12,RdTRABYVals!$C$2:$C$999,"="&INS_FLO!$A12),"") -> 1.1 | AH12: =IFERROR(AVERAGEIFS(RdTRABYVals!AQ$2:AQ$999,RdTRABYVals!$B$2:$B$999,"="&$C12,RdTRABYVals!$C$2:$C$999,"="&INS_FLO!$A12),"") -> 1.1 | AI12: =IFERROR(AVERAGEIFS(RdTRABYVals!AS$2:AS$999,RdTRABYVals!$B$2:$B$999,"="&$C12,RdTRABYVals!$C$2:$C$999,"="&INS_FLO!$A12),"") -> 1.1005988 | AJ12: =IFERROR(AVERAGEIFS(RdTRABYVals!AT$2:AT$999,RdTRABYVals!$B$2:$B$999,"="&$C12,RdTRABYVals!$C$2:$C$999,"="&INS_FLO!$A12),"") -> 1.1 | AK12: =IFERROR(AVERAGEIFS(RdTRABYVals!AU$2:AU$999,RdTRABYVals!$B$2:$B$999,"="&$C12,RdTRABYVals!$C$2:$C$999,"="&INS_FLO!$A12),"") -> 1.1 | AL12: =IFERROR(AVERAGEIFS(RdTRABYVals!AV$2:AV$999,RdTRABYVals!$B$2:$B$999,"="&$C12,RdTRABYVals!$C$2:$C$999,"="&INS_FLO!$A12),"") -> 1.1045655 | AM12: =IFERROR(AVERAGEIFS(RdTRABYVals!L$2:L$999,RdTRABYVals!$B$2:$B$999,"="&$C12,RdTRABYVals!$C$2:$C$999,"="&INS_FLO!$A12),"") -> 1.1 | AN12: =IFERROR(AVERAGEIFS(RdTRABYVals!N$2:N$999,RdTRABYVals!$B$2:$B$999,"="&$C12,RdTRABYVals!$C$2:$C$999,"="&INS_FLO!$A12),"") -> 1.1 | AO12: =IFERROR(AVERAGEIFS(RdTRABYVals!AJ$2:AJ$999,RdTRABYVals!$B$2:$B$999,"="&$C12,RdTRABYVals!$C$2:$C$999,"="&INS_FLO!$A12),"") -> 1.1 | AP12: =IFERROR(AVERAGEIFS(RdTRABYVals!AR$2:AR$999,RdTRABYVals!$B$2:$B$999,"="&$C12,RdTRABYVals!$C$2:$C$999,"="&INS_FLO!$A12),"") -> 1.1 | AQ12: =IFERROR(AVERAGEIFS(RdTRABYVals!AF$2:AF$999,RdTRABYVals!$B$2:$B$999,"="&$C12,RdTRABYVals!$C$2:$C$999,"="&INS_FLO!$A12),"") -> 1.1
A17: Unit conversion
C18: ~TFM_INS
C19: Attribute | D19: PSET_PN | E19: Other_Indexes | F19: AllRegions
C20: CAP2ACT | D20: =A5 -> TRA_Bus* | F20: 0.001
C21: CAP2ACT | D21: =A6 -> TRA_Car* | F21: 0.001
C22: CAP2ACT | D22: =A7 -> TRA_Hdt_Dis* | F22: 0.001
C23: CAP2ACT | D23: =A10 -> TRA_Lcv* | F23: 0.001
C24: CAP2ACT | D24: =A11 -> TRA_Mop* | F24: 0.001
C25: CAP2ACT | D25: =A12 -> TRA_Mot* | F25: 0.001

Sheet Fill Data
B2: ~TFM_Fill-R: w=RdTRABYVals; Hcol=Region
B3: TimeSlice | C3: LimType | D3: Attribute | E3: Year | F3: AllRegions | G3: Pset_CI | H3: Pset_PN | I3: Pset_CO | J3: Cset_CN
D4: ACTFLO | F4: 1 | G4: TRA* | I4: TBus,TCar,THDT,TLCV,TMop,TMot
D5: AF | F5: 1 | G5: TRA* | I5: TBus,TCar,THDT,TLCV,TMop,TMot
D6: EFF | F6: 1 | G6: TRA* | I6: TBus,TCar,THDT,TLCV,TMop,Tmot,TRai_Frt,TRai_Pas_Conv,TRai_Pas_Hspd,TRai_Pas_Metro
D7: CAP2ACT | F7: 1 | G7: TRA* | I7: TBus,TCar,THDT,TLCV,TMop,TMot

Sheet RdTRABYVals
A1: scenario | B1: attribute | C1: process | D1: commodity | E1: lim_type | F1: time_slice | G1: year | H1: commodity_group | I1: currency | J1: stage | K1: sow | L1: AL | M1: AT | N1: BA | O1: BE | P1: BG | Q1: CH | R1: CY | S1: CZ | T1: DE | U1: DK | V1: EE | W1: EL | X1: ES | Y1: FI | Z1: FR | AA1: HR | AB1: HU | AC1: IE | AD1: IS | AE1: IT | AF1: KS | AG1: LT | AH1: LU | AI1: LV | AJ1: ME | AK1: MK | AL1: MT | AM1: NL | AN1: NO | AO1: PL | AP1: PT | AQ1: RO | AR1: RS | AS1: SE | AT1: SI | AU1: SK | AV1: UK | AW1: year2
A2: BASE | B2: ACTFLO | C2: TRA_Bus_Cng_Coa | D2: DEMO | E2: - | F2: - | G2: 2010 | H2: commodity_group | I2: - | J2: - | K2: - | L2: 27.25 | M2: 18.844231 | N2: 8.8645163 | O2: 32.854839 | P2: 19.464134 | Q2: 22.708029 | R2: 9.6167755 | S2: 24.425665 | T2: 20.808901 | U2: 12 | V2: 11.532486 | W2: 27.25 | X2: 24.299999 | Y2: 13 | Z2: 17.698154 | AA2: 8.8645163 | AB2: 30 | AC2: 27.25 | AD2: 9.6172838 | AE2: 18 | AF2: 8.8645163 | AG2: 31.747139 | AH2: 32.854839 | AI2: 12 | AJ2: 27.25 | AK2: 35.676472 | AL2: 32.854839 | AM2: 32.854839 | AN2: 12.944118 | AO2: 9.9356022 | AP2: 27.800829 | AQ2: 19.464134 | AR2: 8.8645163 | AS2: 9.5039015 | AT2: 21.951725 | AU2: 17.130739 | AV2: 17 | AW2: -
A3: BASE | B3: ACTFLO | C3: TRA_Bus_Cng_Urb | D3: DEMO | E3: - | F3: - | G3: 2010 | H3: commodity_group | I3: - | J3: - | K3: - | L3: 27.25 | M3: 18.844231 | N3: 8.8645163 | O3: 32.854839 | P3: 19.464134 | Q3: 22.708029 | R3: 9.6167755 | S3: 24.425665 | T3: 20.808901 | U3: 12 | V3: 11.532486 | W3: 27.25 | X3: 24.299999 | Y3: 13 | Z3: 17.698154 | AA3: 8.8645163 | AB3: 30 | AC3: 27.25 | AD3: 9.6172838 | AE3: 18 | AF3: 8.8645163 | AG3: 31.747139 | AH3: 32.854839 | AI3: 12 | AJ3: 27.25 | AK3: 35.676472 | AL3: 32.854839 | AM3: 32.854839 | AN3: 12.944118 | AO3: 9.9356022 | AP3: 27.800829 | AQ3: 19.464134 | AR3: 8.8645163 | AS3: 9.5039015 | AT3: 21.951725 | AU3: 17.130739 | AV3: 17 | AW3: -
A4: BASE | B4: ACTFLO | C4: TRA_Bus_Dis_Coa | D4: DEMO | E4: - | F4: - | G4: 2010 | H4: commodity_group | I4: - | J4: - | K4: - | L4: 27.25 | M4: 18.844231 | N4: 8.8645163 | O4: 32.854839 | P4: 19.464134 | Q4: 22.708029 | R4: 9.6167755 | S4: 24.425665 | T4: 20.808901 | U4: 12 | V4: 11.532486 | W4: 27.25 | X4: 24.299999 | Y4: 13 | Z4: 17.698154 | AA4: 8.8645163 | AB4: 30 | AC4: 27.25 | AD4: 9.6172838 | AE4: 18 | AF4: 8.8645163 | AG4: 31.747139 | AH4: 32.854839 | AI4: 12 | AJ4: 27.25 | AK4: 35.676472 | AL4: 32.854839 | AM4: 32.854839 | AN4: 12.944118 | AO4: 9.9356022 | AP4: 27.800829 | AQ4: 19.464134 | AR4: 8.8645163 | AS4: 9.5039015 | AT4: 21.951725 | AU4: 17.130739 | AV4: 17 | AW4: -
A5: BASE | B5: ACTFLO | C5: TRA_Bus_Dis_Urb | D5: DEMO | E5: - | F5: - | G5: 2010 | H5: commodity_group | I5: - | J5: - | K5: - | L5: 27.25 | M5: 18.844231 | N5: 8.8645163 | O5: 32.854839 | P5: 19.464134 | Q5: 22.708029 | R5: 9.6167755 | S5: 24.425665 | T5: 20.808901 | U5: 12 | V5: 11.532486 | W5: 27.25 | X5: 24.299999 | Y5: 13 | Z5: 17.698154 | AA5: 8.8645163 | AB5: 30 | AC5: 27.25 | AD5: 9.6172838 | AE5: 18 | AF5: 8.8645163 | AG5: 31.747139 | AH5: 32.854839 | AI5: 12 | AJ5: 27.25 | AK5: 35.676472 | AL5: 32.854839 | AM5: 32.854839 | AN5: 12.944118 | AO5: 9.9356022 | AP5: 27.800829 | AQ5: 19.464134 | AR5: 8.8645163 | AS5: 9.5039015 | AT5: 21.951725 | AU5: 17.130739 | AV5: 17 | AW5: -
A6: BASE | B6: ACTFLO | C6: TRA_Bus_Gas_Coa | D6: DEMO | E6: - | F6: - | G6: 2010 | H6: commodity_group | I6: - | J6: - | K6: - | L6: 27.25 | M6: 18.844231 | N6: 8.8645163 | O6: 32.854839 | P6: 19.464134 | Q6: 22.708029 | R6: 9.6167755 | S6: 24.425665 | T6: 20.808901 | U6: 12 | V6: 11.532486 | W6: 27.25 | X6: 24.299999 | Y6: 13 | Z6: 17.698154 | AA6: 8.8645163 | AB6: 30 | AC6: 27.25 | AD6: 9.6172838 | AE6: 18 | AF6: 8.8645163 | AG6: 31.747139 | AH6: 32.854839 | AI6: 12 | AJ6: 27.25 | AK6: 35.676472 | AL6: 32.854839 | AM6: 32.854839 | AN6: 12.944118 | AO6: 9.9356022 | AP6: 27.800829 | AQ6: 19.464134 | AR6: 8.8645163 | AS6: 9.5039015 | AT6: 21.951725 | AU6: 17.130739 | AV6: 17 | AW6: -
A7: BASE | B7: ACTFLO | C7: TRA_Bus_Gas_Urb | D7: DEMO | E7: - | F7: - | G7: 2010 | H7: commodity_group | I7: - | J7: - | K7: - | L7: 27.25 | M7: 18.844231 | N7: 8.8645163 | O7: 32.854839 | P7: 19.464134 | Q7: 22.708029 | R7: 9.6167755 | S7: 24.425665 | T7: 20.808901 | U7: 12 | V7: 11.532486 | W7: 27.25 | X7: 24.299999 | Y7: 13 | Z7: 17.698154 | AA7: 8.8645163 | AB7: 30 | AC7: 27.25 | AD7: 9.6172838 | AE7: 18 | AF7: 8.8645163 | AG7: 31.747139 | AH7: 32.854839 | AI7: 12 | AJ7: 27.25 | AK7: 35.676472 | AL7: 32.854839 | AM7: 32.854839 | AN7: 12.944118 | AO7: 9.9356022 | AP7: 27.800829 | AQ7: 19.464134 | AR7: 8.8645163 | AS7: 9.5039015 | AT7: 21.951725 | AU7: 17.130739 | AV7: 17 | AW7: -
A8: BASE | B8: ACTFLO | C8: TRA_Bus_Lpg_Coa | D8: DEMO | E8: - | F8: - | G8: 2010 | H8: commodity_group | I8: - | J8: - | K8: - | L8: 27.25 | M8: 18.844231 | N8: 8.8645163 | O8: 32.854839 | P8: 19.464134 | Q8: 22.708029 | R8: 9.6167755 | S8: 24.425665 | T8: 20.808901 | U8: 12 | V8: 11.532486 | W8: 27.25 | X8: 24.299999 | Y8: 13 | Z8: 17.698154 | AA8: 8.8645163 | AB8: 30 | AC8: 27.25 | AD8: 9.6172838 | AE8: 18 | AF8: 8.8645163 | AG8: 31.747139 | AH8: 32.854839 | AI8: 12 | AJ8: 27.25 | AK8: 35.676472 | AL8: 32.854839 | AM8: 32.854839 | AN8: 12.944118 | AO8: 9.9356022 | AP8: 27.800829 | AQ8: 19.464134 | AR8: 8.8645163 | AS8: 9.5039015 | AT8: 21.951725 | AU8: 17.130739 | AV8: 17 | AW8: -
A9: BASE | B9: ACTFLO | C9: TRA_Bus_Lpg_Urb | D9: DEMO | E9: - | F9: - | G9: 2010 | H9: commodity_group | I9: - | J9: - | K9: - | L9: 27.25 | M9: 18.844231 | N9: 8.8645163 | O9: 32.854839 | P9: 19.464134 | Q9: 22.708029 | R9: 9.6167755 | S9: 24.425665 | T9: 20.808901 | U9: 12 | V9: 11.532486 | W9: 27.25 | X9: 24.299999 | Y9: 13 | Z9: 17.698154 | AA9: 8.8645163 | AB9: 30 | AC9: 27.25 | AD9: 9.6172838 | AE9: 18 | AF9: 8.8645163 | AG9: 31.747139 | AH9: 32.854839 | AI9: 12 | AJ9: 27.25 | AK9: 35.676472 | AL9: 32.854839 | AM9: 32.854839 | AN9: 12.944118 | AO9: 9.9356022 | AP9: 27.800829 | AQ9: 19.464134 | AR9: 8.8645163 | AS9: 9.5039015 | AT9: 21.951725 | AU9: 17.130739 | AV9: 17 | AW9: -
A10: BASE | B10: ACTFLO | C10: TRA_Car_Cng_Exe | D10: DEMO | E10: - | F10: - | G10: 2010 | H10: commodity_group | I10: - | J10: - | K10: - | L10: 1.4975108 | M10: 1.1799999 | N10: 1.3824637 | O10: 1.5102819 | P10: 1.5599999 | Q10: 1.6065165 | R10: 1.4644458 | S10: 1.38 | T10: 1.4904687 | U10: 1.5599999 | V10: 1.45 | W10: 1.4975108 | X10: 1.74 | Y10: 1.4000432 | Z10: 1.8285844 | AA10: 1.3824637 | AB10: 1.84 | AC10: 1.4975108 | AD10: 2.0627906 | AE10: 1.71 | AF10: 1.3824637 | AG10: 1.9999866 | AH10: 1.5102819 | AI10: 1.4330004 | AJ10: 1.4975108 | AK10: 1.5599999 | AL10: 1.5102819 | AM10: 1.33 | AN10: 1.7 | AO10: 1.9665447 | AP10: 1.4975108 | AQ10: 1.9828243 | AR10: 1.3824637 | AS10: 1.4534742 | AT10: 1.6398644 | AU10: 1.95 | AV10: 1.5599999 | AW10: -
A11: BASE | B11: ACTFLO | C11: TRA_Car_Cng_Lom | D11: DEMO | E11: - | F11: - | G11: 2010 | H11: commodity_group | I11: - | J11: - | K11: - | L11: 1.4975108 | M11: 1.1799999 | N11: 1.3824637 | O11: 1.5102819 | P11: 1.5599999 | Q11: 1.6065165 | R11: 1.4644458 | S11: 1.38 | T11: 1.4904687 | U11: 1.5599999 | V11: 1.45 | W11: 1.4975108 | X11: 1.74 | Y11: 1.4000432 | Z11: 1.8285844 | AA11: 1.3824637 | AB11: 1.84 | AC11: 1.4975108 | AD11: 2.0627906 | AE11: 1.71 | AF11: 1.3824637 | AG11: 1.9999866 | AH11: 1.5102819 | AI11: 1.4330004 | AJ11: 1.4975108 | AK11: 1.5599999 | AL11: 1.5102819 | AM11: 1.33 | AN11: 1.7 | AO11: 1.9665447 | AP11: 1.4975108 | AQ11: 1.9828243 | AR11: 1.3824637 | AS11: 1.4534742 | AT11: 1.6398644 | AU11: 1.95 | AV11: 1.5599999 | AW11: -
A12: BASE | B12: ACTFLO | C12: TRA_Car_Cng_Sma | D12: DEMO | E12: - | F12: - | G12: 2010 | H12: commodity_group | I12: - | J12: - | K12: - | L12: 1.4975108 | M12: 1.1799999 | N12: 1.3824637 | O12: 1.5102819 | P12: 1.5599999 | Q12: 1.6065165 | R12: 1.4644458 | S12: 1.38 | T12: 1.4904687 | U12: 1.5599999 | V12: 1.45 | W12: 1.4975108 | X12: 1.74 | Y12: 1.4000432 | Z12: 1.8285844 | AA12: 1.3824637 | AB12: 1.84 | AC12: 1.4975108 | AD12: 2.0627906 | AE12: 1.71 | AF12: 1.3824637 | AG12: 1.9999866 | AH12: 1.5102819 | AI12: 1.4330004 | AJ12: 1.4975108 | AK12: 1.5599999 | AL12: 1.5102819 | AM12: 1.33 | AN12: 1.7 | AO12: 1.9665447 | AP12: 1.4975108 | AQ12: 1.9828243 | AR12: 1.3824637 | AS12: 1.4534742 | AT12: 1.6398644 | AU12: 1.95 | AV12: 1.5599999 | AW12: -
A13: BASE | B13: ACTFLO | C13: TRA_Car_Cng_Upm | D13: DEMO | E13: - | F13: - | G13: 2010 | H13: commodity_group | I13: - | J13: - | K13: - | L13: 1.4975108 | M13: 1.1799999 | N13: 1.3824637 | O13: 1.5102819 | P13: 1.5599999 | Q13: 1.6065165 | R13: 1.4644458 | S13: 1.38 | T13: 1.4904687 | U13: 1.5599999 | V13: 1.45 | W13: 1.4975108 | X13: 1.74 | Y13: 1.4000432 | Z13: 1.8285844 | AA13: 1.3824637 | AB13: 1.84 | AC13: 1.4975108 | AD13: 2.0627906 | AE13: 1.71 | AF13: 1.3824637 | AG13: 1.9999866 | AH13: 1.5102819 | AI13: 1.4330004 | AJ13: 1.4975108 | AK13: 1.5599999 | AL13: 1.5102819 | AM13: 1.33 | AN13: 1.7 | AO13: 1.9665447 | AP13: 1.4975108 | AQ13: 1.9828243 | AR13: 1.3824637 | AS13: 1.4534742 | AT13: 1.6398644 | AU13: 1.95 | AV13: 1.5599999 | AW13: -
... A41: BASE | B41: ACTFLO | C41: TRA_Mot_Gas | D41: DEMO | E41: - | F41: - | G41: 2010 | H41: commodity_group | I41: - | J41: - | K41: - | L41: 1.1 | M41: 1.1005542 | N41: 1.1 | O41: 1.056 | P41: 1.1 | Q41: 1.0742905 | R41: 1.1 | S41: 1.1 | T41: 1.1 | U41: 1.1 | V41: 1.1053557 | W41: 1.1 | X41: 1.336832 | Y41: 1 | Z41: 1.1 | AA41: 1.1 | AB41: 1.1 | AC41: 1.1 | AD41: 1.1053557 | AE41: 1.1 | AF41: 1.1 | AG41: 1.1999335 | AH41: 1.1 | AI41: 1.1 | AJ41: 1.1 | AK41: 1.1053557 | AL41: 1.1 | AM41: 1.1 | AN41: 1.0825397 | AO41: 1.1 | AP41: 1.1 | AQ41: 1.1 | AR41: 1.1 | AS41: 1.1005988 | AT41: 1.1 | AU41: 1.1 | AV41: 1.1045655 | AW41: -
A42: BASE | B42: AF | C42: TRA_Bus_Cng_Coa | D42: - | E42: UP | F42: ANNUAL | G42: 2010 | H42: - | I42: - | J42: - | K42: - | AS42: 16.318 | AW42: -
A43: BASE | B43: AF | C43: TRA_Bus_Cng_Urb | D43: - | E43: UP | F43: ANNUAL | G43: 2010 | H43: - | I43: - | J43: - | K43: - | Q43: 59.1877 | T43: 51.9418 | AE43: 23.687 | AM43: 29.0079 | AR43: 23.687 | AS43: 26.0693 | AW43: -
A44: BASE | B44: AF | C44: TRA_Bus_Dis_Coa | D44: - | E44: UP | F44: ANNUAL | G44: 2010 | H44: - | I44: - | J44: - | K44: - | L44: 90.5633 | M44: 137.92 | N44: 82.638 | O44: 61.8505 | P44: 27.1992 | Q44: 55.6788 | R44: 43.6949 | S44: 50.4533 | T44: 80.0755 | U44: 37.3013 | V44: 45.6949 | W44: 90.5633 | X44: 79.5897 | Y44: 59.8584 | Z44: 44.4871 | AA44: 82.638 | AB44: 61.7817 | AC44: 54.3276 | AD44: 46.339 | AE44: 42.7829 | AF44: 82.638 | AG44: 15.8658 | AH44: 192.143 | AI44: 89.929 | AJ44: 90.5633 | AK44: 21.8232 | AL44: 30.1527 | AM44: 65.2606 | AN44: 63.8276 | AO44: 33.9756 | AP44: 37.7216 | AQ44: 28.9507 | AR44: 82.638 | AS44: 110.72 | AT44: 115.751 | AU44: 67.5264 | AV44: 65.0539 | AW44: -
A45: BASE | B45: AF | C45: TRA_Bus_Dis_Urb | D45: - | E45: UP | F45: ANNUAL | G45: 2010 | H45: - | I45: - | J45: - | K45: - | L45: 69.3442 | M45: 103.075 | N45: 78.5665 | O45: 68.8636 | P45: 23.7368 | Q45: 56.0046 | R45: 36.5657 | S45: 40.3638 | T45: 35.7228 | U45: 99.7829 | W45: 69.3442 | X45: 31.1548 | Y45: 60.4186 | Z45: 44.3888 | AA45: 78.5665 | AB45: 48.9152 | AC45: 53.3863 | AD45: 46.339 | AE45: 43.8057 | AF45: 78.5665 | AG45: 38.9153 | AH45: 192.048 | AI45: 99.7019 | AJ45: 69.3442 | AK45: 22.3663 | AL45: 10.2369 | AM45: 65.4276 | AN45: 63.8277 | AO45: 33.1842 | AP45: 31.9915 | AQ45: 26.406 | AR45: 78.5665 | AS45: 104.868 | AT45: 19.1513 | AU45: 67.831 | AV45: 55.87 | AW45: -
A46: BASE | B46: AF | C46: TRA_Bus_Gas_Coa | D46: - | E46: UP | F46: ANNUAL | G46: 2010 | H46: - | I46: - | J46: - | K46: - | S46: 41.3745 | U46: 10.2624 | AD46: 45.0813 | AV46: 59.9374 | AW46: -
A47: BASE | B47: AF | C47: TRA_Bus_Gas_Urb | D47: - | E47: UP | F47: ANNUAL | G47: 2010 | H47: - | I47: - | J47: - | K47: - | S47: 28.6594 | U47: 36.4125 | AD47: 45.0813 | AK47: 8.90959 | AM47: 41.345 | AO47: 14.5231 | AP47: 28.5836 | AV47: 47.7124 | AW47: -
A48: BASE | B48: AF | C48: TRA_Bus_Lpg_Coa | D48: - | E48: UP | F48: ANNUAL | G48: 2010 | H48: - | I48: - | J48: - | K48: - | AV48: 148.262 | AW48: -
A49: BASE | B49: AF | C49: TRA_Bus_Lpg_Urb | D49: - | E49: UP | F49: ANNUAL | G49: 2010 | H49: - | I49: - | J49: - | K49: - | AI49: 46.7433 | AM49: 47.9188 | AO49: 24.8777 | AP49: 33.0586 | AV49: 119.137 | AW49: -
A50: BASE | B50: AF | C50: TRA_Car_Cng_Exe | D50: - | E50: UP | F50: ANNUAL | G50: 2010 | H50: - | I50: - | J50: - | K50: - | Q50: 16.1625 | T50: 30.5987 | AE50: 12.0975 | AM50: 6.6436 | AR50: 12.0975 | AS50: 5.20098 | AW50: -
A51: BASE | B51: AF | C51: TRA_Car_Cng_Lom | D51: - | E51: UP | F51: ANNUAL | G51: 2010 | H51: - | I51: - | J51: - | K51: - | Q51: 16.1625 | T51: 29.8109 | AE51: 12.3414 | AM51: 7.15538 | AR51: 12.3414 | AS51: 5.28181 | AW51: -
A52: BASE | B52: AF | C52: TRA_Car_Cng_Sma | D52: - | E52: UP | F52: ANNUAL | G52: 2010 | H52: - | I52: - | J52: - | K52: - | Q52: 16.1625 | T52: 29.7919 | AE52: 15.1212 | AM52: 6.6436 | AR52: 15.1212 | AS52: 5.29046 | AW52: -
A53: BASE | B53: AF | C53: TRA_Car_Cng_Upm | D53: - | E53: UP | F53: ANNUAL | G53: 2010 | H53: - | I53: - | J53: - | K53: - | Q53: 16.1625 | T53: 30.2524 | AE53: 12.7515 | AM53: 8.06019 | AR53: 12.7515 | AS53: 5.48829 | AW53: -
A54: BASE | B54: AF | C54: TRA_Car_Dis_Exe | D54: - | E54: UP | F54: ANNUAL | G54: 2010 | H54: - | I54: - | J54: - | K54: - | L54: 23.0298 | M54: 28.6446 | N54: 20.5348 | O54: 22.2029 | P54: 11.1628 | Q54: 19.0919 | R54: 17.9343 | S54: 20.2401 | T54: 24.6415 | U54: 32.2135 | V54: 22.4352 | W54: 23.0298 | X54: 19.0031 | Y54: 23.7821 | Z54: 18.8005 | AA54: 20.5348 | AB54: 25.579 | AC54: 22.8608 | AD54: 16.4218 | AE54: 16.1706 | AF54: 20.5348 | AG54: 7.62566 | AH54: 67.863 | AI54: 24.4701 | AJ54: 23.0298 | AK54: 30.495 | AL54: 3.33004 | AM54: 33.4627 | AN54: 23.3271 | AO54: 13.8141 | AP54: 19.5186 | AQ54: 10.7438 | AR54: 20.5348 | AS54: 39.2364 | AT54: 24.8525 | AU54: 11.8839 | AV54: 19.1104 | AW54: -
A55: BASE | B55: AF | C55: TRA_Car_Dis_Lom | D55: - | E55: UP | F55: ANNUAL | G55: 2010 | H55: - | I55: - | J55: - | K55: - | L55: 19.6826 | M55: 26.3411 | N55: 18.9033 | O55: 23.7359 | P55: 12.5225 | Q55: 17.0763 | R55: 13.6636 | S55: 18.4134 | T55: 24.1191 | U55: 30.9059 | V55: 19.7665 | W55: 19.6826 | X55: 17.2917 | Y55: 23.4268 | Z55: 17.7626 | AA55: 18.9033 | AB55: 23.8671 | AC55: 22.0542 | AD55: 18.0538 | AE55: 15.0969 | AF55: 18.9033 | AG55: 5.96731 | AH55: 69.0646 | AI55: 20.3945 | AJ55: 19.6826 | AK55: 27.66 | AL55: 3.51014 | AM55: 33.1289 | AN55: 23.5978 | AO55: 14.1127 | AP55: 19.5186 | AQ55: 9.16727 | AR55: 18.9033 | AS55: 35.0221 | AT55: 24.9801 | AU55: 11.8965 | AV55: 17.5383 | AW55: -
A56: BASE | B56: AF | C56: TRA_Car_Dis_Sma | D56: - | E56: UP | F56: ANNUAL | G56: 2010 | H56: - | I56: - | J56: - | K56: - | L56: 13.2971 | M56: 26.5225 | N56: 18.9033 | O56: 21.687 | P56: 12.5122 | Q56: 17.0648 | R56: 12.8825 | S56: 18.4134 | T56: 24.033 | U56: 29.33 | V56: 21.1119 | W56: 13.2971 | X56: 17.0657 | Y56: 24.8722 | Z56: 17.9041 | AA56: 18.9033 | AB56: 23.8671 | AC56: 22.2259 | AD56: 17.6751 | AE56: 16.9659 | AF56: 18.9033 | AG56: 5.96731 | AH56: 68.7874 | AI56: 23.0539 | AJ56: 13.2971 | AK56: 25.8461 | AL56: 3.64308 | AM56: 32.5422 | AN56: 23.7897 | AO56: 13.3304 | AP56: 19.5186 | AQ56: 9.16727 | AR56: 18.9033 | AS56: 34.8127 | AT56: 23.4068 | AU56: 11.8965 | AV56: 14.9747 | AW56: -
A57: BASE | B57: AF | C57: TRA_Car_Dis_Upm | D57: - | E57: UP | F57: ANNUAL | G57: 2010 | H57: - | I57: - | J57: - | K57: - | L57: 20.2506 | M57: 26.9338 | N57: 19.4395 | O57: 22.4619 | P57: 6.63208 | Q57: 18.041 | R57: 13.6481 | S57: 18.4134 | T57: 24.6652 | U57: 29.5565 | V57: 20.3336 | W57: 20.2506 | X57: 17.0887 | Y57: 22.4362 | Z57: 18.0468 | AA57: 19.4395 | AB57: 23.8671 | AC57: 22.0164 | AD57: 19.2647 | AE57: 15.4991 | AF57: 19.4395 | AG57: 5.96731 | AH57: 73.225 | AI57: 25.4212 | AJ57: 20.2506 | AK57: 27.66 | AL57: 3.51631 | AM57: 32.6373 | AN57: 23.148 | AO57: 13.9253 | AP57: 19.5186 | AQ57: 9.16727 | AR57: 19.4395 | AS57: 36.3048 | AT57: 25.4459 | AU57: 11.8965 | AV57: 18.3772 | AW57: -
A58: BASE | B58: AF | C58: TRA_Car_Fle_Fue_Exe | D58: - | E58: UP | F58: ANNUAL | G58: 2010 | H58: - | I58: - | J58: - | K58: - | Q58: 11.1287 | AS58: 16.7492 | AW58: -
A59: BASE | B59: AF | C59: TRA_Car_Fle_Fue_Lom | D59: - | E59: UP | F59: ANNUAL | G59: 2010 | H59: - | I59: - | J59: - | K59: - | Q59: 11.1287 | AS59: 16.3708 | AW59: -
A60: BASE | B60: AF | C60: TRA_Car_Fle_Fue_Sma | D60: - | E60: UP | F60: ANNUAL | G60: 2010 | H60: - | I60: - | J60: - | K60: - | Q60: 11.1287 | AS60: 15.3071 | AW60: -
A61: BASE | B61: AF | C61: TRA_Car_Fle_Fue_Upm | D61: - | E61: UP | F61: ANNUAL | G61: 2010 | H61: - | I61: - | J61: - | K61: - | Q61: 11.1287 | AS61: 16.8051 | AW61: -
A62: BASE | B62: AF | C62: TRA_Car_Gas_Exe | D62: - | E62: UP | F62: ANNUAL | G62: 2010 | H62: - | I62: - | J62: - | K62: - | L62: 9.72068 | M62: 15.466 | N62: 11.6698 | O62: 8.27213 | P62: 5.77296 | Q62: 14.979 | R62: 15.1014 | S62: 9.38722 | T62: 12.5715 | U62: 19.9298 | V62: 16.2033 | W62: 9.72068 | X62: 14.0922 | Y62: 10.5501 | Z62: 12.7613 | AA62: 11.6698 | AB62: 10.6456 | AC62: 19.9739 | AD62: 12.8648 | AE62: 11.2913 | AF62: 11.6698 | AG62: 5.15723 | AH62: 44.098 | AI62: 15.6521 | AJ62: 9.72068 | AK62: 10.1213 | AL62: 8.03724 | AM62: 10.5364 | AN62: 9.96214 | AO62: 5.93042 | AP62: 10.6304 | AQ62: 6.4411 | AR62: 11.6698 | AS62: 13.4714 | AT62: 15.4709 | AU62: 12.9636 | AV62: 15.4458 | AW62: -
A63: BASE | B63: AF | C63: TRA_Car_Gas_Lom | D63: - | E63: UP | F63: ANNUAL | G63: 2010 | H63: - | I63: - | J63: - | K63: - | L63: 9.14544 | M63: 14.9224 | N63: 11.8812 | O63: 9.6917 | P63: 5.41283 | Q63: 13.435 | R63: 13.7628 | S63: 9.18415 | T63: 10.8877 | U63: 15.3682 | V63: 14.897 | W63: 9.14544 | X63: 7.66325 | Y63: 10.5156 | Z63: 11.8747 | AA63: 11.8812 | AB63: 10.7989 | AC63: 17.9702 | AD63: 13.3959 | AE63: 9.67336 | AF63: 11.8812 | AG63: 3.91071 | AH63: 44.2845 | AI63: 13.4288 | AJ63: 9.14544 | AK63: 9.73764 | AL63: 8.5178 | AM63: 10.7516 | AN63: 10.1554 | AO63: 6.17843 | AP63: 10.5128 | AQ63: 6.61469 | AR63: 11.8812 | AS63: 12.6475 | AT63: 17.7443 | AU63: 8.58158 | AV63: 14.1093 | AW63: -
A64: BASE | B64: AF | C64: TRA_Car_Gas_Sma | D64: - | E64: UP | F64: ANNUAL | G64: 2010 | H64: - | I64: - | J64: - | K64: - | L64: 6.59924 | M64: 13.423 | N64: 11.511 | O64: 10.4814 | P64: 5.80105 | Q64: 11.0767 | R64: 12.0843 | S64: 8.66763 | T64: 9.01407 | U64: 13.9666 | V64: 13.2774 | W64: 6.59924 | X64: 6.5509 | Y64: 10.7516 | Z64: 9.95798 | AA64: 11.511 | AB64: 9.91958 | AC64: 17.7197 | AD64: 12.9208 | AE64: 7.01788 | AF64: 11.511 | AG64: 3.8383 | AH64: 44.0161 | AI64: 13.5735 | AJ64: 6.59924 | AK64: 9.06257 | AL64: 7.93292 | AM64: 10.5163 | AN64: 9.97229 | AO64: 6.03932 | AP64: 10.0597 | AQ64: 5.08272 | AR64: 11.511 | AS64: 10.9417 | AT64: 11.9842 | AU64: 8.58158 | AV64: 12.3371 | AW64: -
A65: BASE | B65: AF | C65: TRA_Car_Gas_Upm | D65: - | E65: UP | F65: ANNUAL | G65: 2010 | H65: - | I65: - | J65: - | K65: - | L65: 9.46134 | M65: 14.8161 | N65: 11.4002 | O65: 9.19097 | P65: 5.48036 | Q65: 13.1766 | R65: 13.3172 | S65: 9.2828 | T65: 11.1164 | U65: 15.3376 | V65: 15.5503 | W65: 9.46134 | X65: 7.2602 | Y65: 10.4868 | Z65: 12.3832 | AA65: 11.4002 | AB65: 10.61 | AC65: 18.9535 | AD65: 13.5497 | AE65: 9.0844 | AF65: 11.4002 | AG65: 3.88042 | AH65: 44.1743 | AI65: 13.0284 | AJ65: 9.46134 | AK65: 9.89403 | AL65: 8.17489 | AM65: 10.8213 | AN65: 9.88592 | AO65: 6.0591 | AP65: 10.5083 | AQ65: 6.56949 | AR65: 11.4002 | AS65: 13.0051 | AT65: 15.9089 | AU65: 8.29359 | AV65: 15.1126 | AW65: -
A66: BASE | B66: AF | C66: TRA_Car_Lpg_Exe | D66: - | E66: UP | F66: ANNUAL | G66: 2010 | H66: - | I66: - | J66: - | K66: - | L66: 127.303 | N66: 24.0282 | O66: 24.1987 | P66: 55.4985 | T66: 21.7157 | U66: 23.8374 | W66: 127.303 | Z66: 8.96853 | AA66: 24.0282 | AB66: 100.037 | AC66: 106.209 | AE66: 7.90068 | AF66: 24.0282 | AI66: 23.2053 | AJ66: 127.303 | AM66: 19.4213 | AO66: 10.7132 | AP66: 12.2946 | AQ66: 1.36071 | AR66: 24.0282 | AU66: 9.17169 | AV66: 38.7574 | AW66: -
A67: BASE | B67: AF | C67: TRA_Car_Lpg_Lom | D67: - | E67: UP | F67: ANNUAL | G67: 2010 | H67: - | I67: - | J67: - | K67: - | L67: 108.955 | N67: 24.0282 | O67: 24.1818 | P67: 55.5014 | T67: 21.5523 | U67: 22.719 | W67: 108.955 | Z67: 9.47858 | AA67: 24.0282 | AB67: 100.037 | AC67: 48.545 | AE67: 8.77923 | AF67: 24.0282 | AI67: 23.2053 | AJ67: 108.955 | AM67: 19.4167 | AO67: 10.7132 | AP67: 12.1586 | AQ67: 1.36071 | AR67: 24.0282 | AU67: 9.17169 | AV67: 35.5053 | AW67: -
A68: BASE | B68: AF | C68: TRA_Car_Lpg_Sma | D68: - | E68: UP | F68: ANNUAL | G68: 2010 | H68: - | I68: - | J68: - | K68: - | L68: 83.7134 | N68: 24.0282 | O68: 24.0998 | P68: 55.508 | T68: 21.4624 | U68: 21.6834 | W68: 83.7134 | Z68: 9.67218 | AA68: 24.0282 | AB68: 100.037 | AC68: 38.8603 | AE68: 11.298 | AF68: 24.0282 | AI68: 23.2053 | AJ68: 83.7134 | AM68: 19.4356 | AO68: 10.7132 | AP68: 11.6346 | AQ68: 1.36071 | AR68: 24.0282 | AU68: 9.17169 | AV68: 29.8541 | AW68: -
A69: BASE | B69: AF | C69: TRA_Car_Lpg_Upm | D69: - | E69: UP | F69: ANNUAL | G69: 2010 | H69: - | I69: - | J69: - | K69: - | L69: 118.135 | N69: 24.0282 | O69: 24.2529 | P69: 65.5213 | T69: 21.5358 | U69: 22.4231 | W69: 118.135 | Z69: 9.78714 | AA69: 24.0282 | AB69: 100.037 | AC69: 34.8007 | AE69: 8.2216 | AF69: 24.0282 | AI69: 23.2053 | AJ69: 118.135 | AM69: 19.4133 | AO69: 10.7132 | AP69: 12.1535 | AQ69: 1.36071 | AR69: 24.0282 | AU69: 9.17169 | AV69: 36.0533 | AW69: -
A70: BASE | B70: AF | C70: TRA_Car_Oth_Exe | D70: - | E70: UP | F70: ANNUAL | G70: 2010 | H70: - | I70: - | J70: - | K70: - | S70: 12.6342 | U70: 8.84033 | AD70: 12.6557 | AM70: 13.2002 | AO70: 9.11433 | AP70: 14.3268 | AS70: 13.1931 | AV70: 11.5725 | AW70: -
A71: BASE | B71: AF | C71: TRA_Car_Oth_Lom | D71: - | E71: UP | F71: ANNUAL | G71: 2010 | H71: - | I71: - | J71: - | K71: - | S71: 12.6325 | U71: 8.43699 | AD71: 12.6557 | AM71: 13.202 | AO71: 9.11433 | AP71: 14.3976 | AS71: 13.4402 | AV71: 10.4354 | AW71: -
A72: BASE | B72: AF | C72: TRA_Car_Oth_Sma | D72: - | E72: UP | F72: ANNUAL | G72: 2010 | H72: - | I72: - | J72: - | K72: - | S72: 11.6523 | U72: 9.15474 | AD72: 12.6557 | AM72: 13.2021 | AO72: 9.11433 | AP72: 14.3976 | AS72: 13.3906 | AV72: 9.14866 | AW72: -
A73: BASE | B73: AF | C73: TRA_Car_Oth_Upm | D73: - | E73: UP | F73: ANNUAL | G73: 2010 | H73: - | I73: - | J73: - | K73: - | S73: 12.6017 | U73: 8.55235 | AD73: 12.6557 | AM73: 13.2015 | AO73: 9.11433 | AP73: 14.7604 | AS73: 14.0517 | AV73: 11.1743 | AW73: -
A74: BASE | B74: AF | C74: TRA_Hdt_Dis | D74: - | E74: UP | F74: ANNUAL | G74: 2010 | H74: - | I74: - | J74: - | K74: - | L74: 30.821991 | M74: 106.0432 | N74: 42.566525 | O74: 68.136526 | P74: 15.27153 | Q74: 76.375921 | R74: 20.348356 | S74: 37.320741 | T74: 62.920188 | U74: 71.129504 | V74: 39.310312 | W74: 30.821991 | X74: 78.334837 | Y74: 38.477678 | Z74: 59.866649 | AA74: 42.566525 | AB74: 47.321164 | AC74: 57.429952 | AD74: 20.275159 | AE74: 35.667309 | AF74: 42.566525 | AG74: 31.204107 | AH74: 237.66775 | AI74: 71.914907 | AJ74: 30.821991 | AK74: 57.07294 | AL74: 27.354662 | AM74: 73.940932 | AN74: 25.319061 | AO74: 42.665394 | AP74: 31.938506 | AQ74: 22.696156 | AR74: 42.566525 | AS74: 44.569397 | AT74: 77.516105 | AU74: 56.275936 | AV74: 61.783618 | AW74: -
A75: BASE | B75: AF | C75: TRA_Hdt_Gas | D75: - | E75: UP | F75: ANNUAL | G75: 2010 | H75: - | I75: - | J75: - | K75: - | L75: 20.527078 | N75: 42.184469 | P75: 6.6019088 | R75: 25.261 | S75: 11.199552 | U75: 17.657511 | V75: 5.6697278 | W75: 20.527078 | X75: 91.851086 | Y75: 17.076116 | Z75: 32.664252 | AA75: 42.184469 | AB75: 10.530596 | AC75: 38.282575 | AD75: 21.274866 | AE75: 5.8481465 | AF75: 42.184469 | AG75: 16.048016 | AH75: 156.34584 | AI75: 32.795361 | AJ75: 20.527078 | AK75: 24.874082 | AM75: 55.842912 | AN75: 13.520155 | AO75: 18.525489 | AQ75: 5.3014201 | AR75: 42.184469 | AS75: 7.7675132 | AT75: 32.140699 | AV75: 48.156912 | AW75: -
A76: BASE | B76: AF | C76: TRA_Lcv_Cng | D76: - | E76: UP | F76: ANNUAL | G76: 2010 | H76: - | I76: - | J76: - | K76: - | Q76: 13.709679 | T76: 26.398945 | AM76: 10.654116 | AW76: -
A77: BASE | B77: AF | C77: TRA_Lcv_Dis | D77: - | E77: UP | F77: ANNUAL | G77: 2010 | H77: - | I77: - | J77: - | K77: - | L77: 21.486585 | M77: 35.6141 | N77: 33.003087 | O77: 22.067711 | P77: 10.033842 | Q77: 13.880517 | R77: 16.622691 | S77: 18.591444 | T77: 22.085671 | U77: 28.069934 | V77: 22.75427 | W77: 21.486585 | X77: 5.2471854 | Y77: 16.097323 | Z77: 19.134383 | AA77: 33.003087 | AB77: 24.279793 | AC77: 50.308455 | AD77: 17.050882 | AE77: 22.293931 | AF77: 33.003087 | AG77: 21.037094 | AH77: 148.15591 | AI77: 40.243872 | AJ77: 21.486585 | AK77: 29.506745 | AL77: 5.0315146 | AM77: 23.376997 | AN77: 22.145325 | AO77: 10.092945 | AP77: 17.254889 | AQ77: 13.435501 | AR77: 33.003087 | AS77: 28.965917 | AT77: 40.540523 | AU77: 18.32094 | AV77: 21.35638 | AW77: -
A78: BASE | B78: AF | C78: TRA_Lcv_Gas | D78: - | E78: UP | F78: ANNUAL | G78: 2010 | H78: - | I78: - | J78: - | K78: - | L78: 15.109813 | M78: 21.288196 | N78: 23.753693 | O78: 5.9949092 | P78: 10.373801 | Q78: 9.7831354 | R78: 14.054176 | S78: 11.171347 | T78: 14.464961 | U78: 17.279089 | V78: 15.830524 | W78: 15.109813 | X78: 0.84080152 | Y78: 7.2490837 | Z78: 26.37422 | AA78: 23.753693 | AB78: 12.88652 | AC78: 39.423868 | AD78: 11.584974 | AE78: 11.550833 | AF78: 23.753693 | AG78: 5.4670076 | AH78: 98.418932 | AI78: 27.754772 | AJ78: 15.109813 | AK78: 13.023325 | AL78: 11.533115 | AM78: 12.885458 | AN78: 10.130714 | AO78: 4.3840429 | AP78: 11.81185 | AQ78: 7.4305456 | AR78: 23.753693 | AS78: 10.540587 | AT78: 40.920709 | AU78: 13.346382 | AV78: 16.953356 | AW78: -
A79: BASE | B79: AF | C79: TRA_Lcv_Lpg | D79: - | E79: UP | F79: ANNUAL | G79: 2010 | H79: - | I79: - | J79: - | K79: - | T79: 18.696218 | U79: 14.386591 | AI79: 23.244304 | AM79: 16.066108 | AO79: 8.2811861 | AP79: 13.661109 | AV79: 38.062563 | AW79: -
A80: BASE | B80: AF | C80: TRA_Mop_Gas | D80: - | E80: UP | F80: ANNUAL | G80: 2010 | H80: - | I80: - | J80: - | K80: - | L80: 3.059505 | M80: 1.5659906 | N80: 6.7674854 | O80: 0.53522086 | P80: 1.1910728 | Q80: 1.3524993 | R80: 5.6488064 | S80: 2.1503348 | T80: 2.7418781 | U80: 1.7531512 | W80: 3.059505 | X80: 2.7667344 | Y80: 1.3416394 | Z80: 2.8842266 | AA80: 6.7674854 | AB80: 2.3390041 | AC80: 13.301357 | AE80: 4.7235231 | AF80: 6.7674854 | AG80: 1.643682 | AH80: 4.8530789 | AI80: 2.2186425 | AJ80: 3.059505 | AL80: 3.9445137 | AM80: 1.4421044 | AN80: 2.2901494 | AO80: 1.0083867 | AP80: 2.8941498 | AQ80: 1.0748718 | AR80: 6.7674854 | AS80: 1.2266647 | AT80: 3.1772115 | AU80: 1.7340623 | AV80: 3.5816312 | AW80: -
A81: BASE | B81: AF | C81: TRA_Mot_Gas | D81: - | E81: UP | F81: ANNUAL | G81: 2010 | H81: - | I81: - | J81: - | K81: - | L81: 7.8760563 | M81: 3.2445654 | N81: 7.6462312 | O81: 4.4298611 | P81: 3.148417 | Q81: 3.0052331 | R81: 5.3900112 | S81: 4.0744283 | T81: 3.0055854 | U81: 3.7974361 | V81: 4.7671192 | W81: 7.8760563 | X81: 5.9261677 | Y81: 2.8686142 | Z81: 7.7853275 | AA81: 7.6462312 | AB81: 4.6885261 | AC81: 18.374717 | AD81: 2.1569679 | AE81: 5.3003965 | AF81: 7.6462312 | AG81: 2.9819982 | AH81: 15.94053 | AI81: 3.1093269 | AJ81: 7.8760563 | AK81: 2.4954062 | AL81: 4.0454532 | AM81: 2.6064476 | AN81: 4.6545641 | AO81: 2.1108679 | AP81: 5.0012979 | AQ81: 2.3494097 | AR81: 7.6462312 | AS81: 2.797869 | AT81: 3.9710831 | AU81: 3.1108676 | AV81: 6.1446708 | AW81: -
A82: BASE | B82: CAP2ACT | C82: TRA_Bus_Cng_Coa | D82: - | E82: - | F82: - | G82: - | H82: - | I82: - | J82: - | K82: - | L82: 0.001 | M82: 0.001 | N82: 0.001 | O82: 0.001 | P82: 0.001 | Q82: 0.001 | R82: 0.001 | S82: 0.001 | T82: 0.001 | U82: 0.001 | V82: 0.001 | W82: 0.001 | X82: 0.001 | Y82: 0.001 | Z82: 0.001 | AA82: 0.001 | AB82: 0.001 | AC82: 0.001 | AD82: 0.001 | AE82: 0.001 | AF82: 0.001 | AG82: 0.001 | AH82: 0.001 | AI82: 0.001 | AJ82: 0.001 | AK82: 0.001 | AL82: 0.001 | AM82: 0.001 | AN82: 0.001 | AO82: 0.001 | AP82: 0.001 | AQ82: 0.001 | AR82: 0.001 | AS82: 0.001 | AT82: 0.001 | AU82: 0.001 | AV82: 0.001 | AW82: -
A83: BASE | B83: CAP2ACT | C83: TRA_Bus_Cng_Urb | D83: - | E83: - | F83: - | G83: - | H83: - | I83: - | J83: - | K83: - | L83: 0.001 | M83: 0.001 | N83: 0.001 | O83: 0.001 | P83: 0.001 | Q83: 0.001 | R83: 0.001 | S83: 0.001 | T83: 0.001 | U83: 0.001 | V83: 0.001 | W83: 0.001 | X83: 0.001 | Y83: 0.001 | Z83: 0.001 | AA83: 0.001 | AB83: 0.001 | AC83: 0.001 | AD83: 0.001 | AE83: 0.001 | AF83: 0.001 | AG83: 0.001 | AH83: 0.001 | AI83: 0.001 | AJ83: 0.001 | AK83: 0.001 | AL83: 0.001 | AM83: 0.001 | AN83: 0.001 | AO83: 0.001 | AP83: 0.001 | AQ83: 0.001 | AR83: 0.001 | AS83: 0.001 | AT83: 0.001 | AU83: 0.001 | AV83: 0.001 | AW83: -
A84: BASE | B84: CAP2ACT | C84: TRA_Bus_Dis_Coa | D84: - | E84: - | F84: - | G84: - | H84: - | I84: - | J84: - | K84: - | L84: 0.001 | M84: 0.001 | N84: 0.001 | O84: 0.001 | P84: 0.001 | Q84: 0.001 | R84: 0.001 | S84: 0.001 | T84: 0.001 | U84: 0.001 | V84: 0.001 | W84: 0.001 | X84: 0.001 | Y84: 0.001 | Z84: 0.001 | AA84: 0.001 | AB84: 0.001 | AC84: 0.001 | AD84: 0.001 | AE84: 0.001 | AF84: 0.001 | AG84: 0.001 | AH84: 0.001 | AI84: 0.001 | AJ84: 0.001 | AK84: 0.001 | AL84: 0.001 | AM84: 0.001 | AN84: 0.001 | AO84: 0.001 | AP84: 0.001 | AQ84: 0.001 | AR84: 0.001 | AS84: 0.001 | AT84: 0.001 | AU84: 0.001 | AV84: 0.001 | AW84: -
A85: BASE | B85: CAP2ACT | C85: TRA_Bus_Dis_Urb | D85: - | E85: - | F85: - | G85: - | H85: - | I85: - | J85: - | K85: - | L85: 0.001 | M85: 0.001 | N85: 0.001 | O85: 0.001 | P85: 0.001 | Q85: 0.001 | R85: 0.001 | S85: 0.001 | T85: 0.001 | U85: 0.001 | V85: 0.001 | W85: 0.001 | X85: 0.001 | Y85: 0.001 | Z85: 0.001 | AA85: 0.001 | AB85: 0.001 | AC85: 0.001 | AD85: 0.001 | AE85: 0.001 | AF85: 0.001 | AG85: 0.001 | AH85: 0.001 | AI85: 0.001 | AJ85: 0.001 | AK85: 0.001 | AL85: 0.001 | AM85: 0.001 | AN85: 0.001 | AO85: 0.001 | AP85: 0.001 | AQ85: 0.001 | AR85: 0.001 | AS85: 0.001 | AT85: 0.001 | AU85: 0.001 | AV85: 0.001 | AW85: -
A86: BASE | B86: CAP2ACT | C86: TRA_Bus_Gas_Coa | D86: - | E86: - | F86: - | G86: - | H86: - | I86: - | J86: - | K86: - | L86: 0.001 | M86: 0.001 | N86: 0.001 | O86: 0.001 | P86: 0.001 | Q86: 0.001 | R86: 0.001 | S86: 0.001 | T86: 0.001 | U86: 0.001 | V86: 0.001 | W86: 0.001 | X86: 0.001 | Y86: 0.001 | Z86: 0.001 | AA86: 0.001 | AB86: 0.001 | AC86: 0.001 | AD86: 0.001 | AE86: 0.001 | AF86: 0.001 | AG86: 0.001 | AH86: 0.001 | AI86: 0.001 | AJ86: 0.001 | AK86: 0.001 | AL86: 0.001 | AM86: 0.001 | AN86: 0.001 | AO86: 0.001 | AP86: 0.001 | AQ86: 0.001 | AR86: 0.001 | AS86: 0.001 | AT86: 0.001 | AU86: 0.001 | AV86: 0.001 | AW86: -
A87: BASE | B87: CAP2ACT | C87: TRA_Bus_Gas_Urb | D87: - | E87: - | F87: - | G87: - | H87: - | I87: - | J87: - | K87: - | L87: 0.001 | M87: 0.001 | N87: 0.001 | O87: 0.001 | P87: 0.001 | Q87: 0.001 | R87: 0.001 | S87: 0.001 | T87: 0.001 | U87: 0.001 | V87: 0.001 | W87: 0.001 | X87: 0.001 | Y87: 0.001 | Z87: 0.001 | AA87: 0.001 | AB87: 0.001 | AC87: 0.001 | AD87: 0.001 | AE87: 0.001 | AF87: 0.001 | AG87: 0.001 | AH87: 0.001 | AI87: 0.001 | AJ87: 0.001 | AK87: 0.001 | AL87: 0.001 | AM87: 0.001 | AN87: 0.001 | AO87: 0.001 | AP87: 0.001 | AQ87: 0.001 | AR87: 0.001 | AS87: 0.001 | AT87: 0.001 | AU87: 0.001 | AV87: 0.001 | AW87: -
A88: BASE | B88: CAP2ACT | C88: TRA_Bus_Lpg_Coa | D88: - | E88: - | F88: - | G88: - | H88: - | I88: - | J88: - | K88: - | L88: 0.001 | M88: 0.001 | N88: 0.001 | O88: 0.001 | P88: 0.001 | Q88: 0.001 | R88: 0.001 | S88: 0.001 | T88: 0.001 | U88: 0.001 | V88: 0.001 | W88: 0.001 | X88: 0.001 | Y88: 0.001 | Z88: 0.001 | AA88: 0.001 | AB88: 0.001 | AC88: 0.001 | AD88: 0.001 | AE88: 0.001 | AF88: 0.001 | AG88: 0.001 | AH88: 0.001 | AI88: 0.001 | AJ88: 0.001 | AK88: 0.001 | AL88: 0.001 | AM88: 0.001 | AN88: 0.001 | AO88: 0.001 | AP88: 0.001 | AQ88: 0.001 | AR88: 0.001 | AS88: 0.001 | AT88: 0.001 | AU88: 0.001 | AV88: 0.001 | AW88: -
A89: BASE | B89: CAP2ACT | C89: TRA_Bus_Lpg_Urb | D89: - | E89: - | F89: - | G89: - | H89: - | I89: - | J89: - | K89: - | L89: 0.001 | M89: 0.001 | N89: 0.001 | O89: 0.001 | P89: 0.001 | Q89: 0.001 | R89: 0.001 | S89: 0.001 | T89: 0.001 | U89: 0.001 | V89: 0.001 | W89: 0.001 | X89: 0.001 | Y89: 0.001 | Z89: 0.001 | AA89: 0.001 | AB89: 0.001 | AC89: 0.001 | AD89: 0.001 | AE89: 0.001 | AF89: 0.001 | AG89: 0.001 | AH89: 0.001 | AI89: 0.001 | AJ89: 0.001 | AK89: 0.001 | AL89: 0.001 | AM89: 0.001 | AN89: 0.001 | AO89: 0.001 | AP89: 0.001 | AQ89: 0.001 | AR89: 0.001 | AS89: 0.001 | AT89: 0.001 | AU89: 0.001 | AV89: 0.001 | AW89: -
A90: BASE | B90: CAP2ACT | C90: TRA_Car_Cng_Exe | D90: - | E90: - | F90: - | G90: - | H90: - | I90: - | J90: - | K90: - | L90: 0.001 | M90: 0.001 | N90: 0.001 | O90: 0.001 | P90: 0.001 | Q90: 0.001 | R90: 0.001 | S90: 0.001 | T90: 0.001 | U90: 0.001 | V90: 0.001 | W90: 0.001 | X90: 0.001 | Y90: 0.001 | Z90: 0.001 | AA90: 0.001 | AB90: 0.001 | AC90: 0.001 | AD90: 0.001 | AE90: 0.001 | AF90: 0.001 | AG90: 0.001 | AH90: 0.001 | AI90: 0.001 | AJ90: 0.001 | AK90: 0.001 | AL90: 0.001 | AM90: 0.001 | AN90: 0.001 | AO90: 0.001 | AP90: 0.001 | AQ90: 0.001 | AR90: 0.001 | AS90: 0.001 | AT90: 0.001 | AU90: 0.001 | AV90: 0.001 | AW90: -
A91: BASE | B91: CAP2ACT | C91: TRA_Car_Cng_Lom | D91: - | E91: - | F91: - | G91: - | H91: - | I91: - | J91: - | K91: - | L91: 0.001 | M91: 0.001 | N91: 0.001 | O91: 0.001 | P91: 0.001 | Q91: 0.001 | R91: 0.001 | S91: 0.001 | T91: 0.001 | U91: 0.001 | V91: 0.001 | W91: 0.001 | X91: 0.001 | Y91: 0.001 | Z91: 0.001 | AA91: 0.001 | AB91: 0.001 | AC91: 0.001 | AD91: 0.001 | AE91: 0.001 | AF91: 0.001 | AG91: 0.001 | AH91: 0.001 | AI91: 0.001 | AJ91: 0.001 | AK91: 0.001 | AL91: 0.001 | AM91: 0.001 | AN91: 0.001 | AO91: 0.001 | AP91: 0.001 | AQ91: 0.001 | AR91: 0.001 | AS91: 0.001 | AT91: 0.001 | AU91: 0.001 | AV91: 0.001 | AW91: -
A92: BASE | B92: CAP2ACT | C92: TRA_Car_Cng_Sma | D92: - | E92: - | F92: - | G92: - | H92: - | I92: - | J92: - | K92: - | L92: 0.001 | M92: 0.001 | N92: 0.001 | O92: 0.001 | P92: 0.001 | Q92: 0.001 | R92: 0.001 | S92: 0.001 | T92: 0.001 | U92: 0.001 | V92: 0.001 | W92: 0.001 | X92: 0.001 | Y92: 0.001 | Z92: 0.001 | AA92: 0.001 | AB92: 0.001 | AC92: 0.001 | AD92: 0.001 | AE92: 0.001 | AF92: 0.001 | AG92: 0.001 | AH92: 0.001 | AI92: 0.001 | AJ92: 0.001 | AK92: 0.001 | AL92: 0.001 | AM92: 0.001 | AN92: 0.001 | AO92: 0.001 | AP92: 0.001 | AQ92: 0.001 | AR92: 0.001 | AS92: 0.001 | AT92: 0.001 | AU92: 0.001 | AV92: 0.001 | AW92: -
... A167: BASE | B167: EFF | C167: TRA_Rai_Pas_Metro | D167: - | E167: - | F167: ANNUAL | G167: 2010 | H167: - | I167: - | J167: - | K167: - | L167: 5.7518614 | M167: 4.2115585 | N167: 5.427891 | O167: 4.5805535 | P167: 6.0404229 | Q167: 4.6960434 | R167: 5.7518614 | S167: 3.3880373 | T167: 4.6960434 | U167: 6.2633703 | V167: 3.2476803 | W167: 5.7518614 | X167: 3.5283296 | Y167: 5.4692413 | Z167: 6.111543 | AA167: 5.427891 | AB167: 6.2770827 | AC167: 4.304098 | AD167: 5.4692413 | AE167: 4.2475786 | AF167: 5.427891 | AG167: 5.3074937 | AH167: 5.3074937 | AI167: 4.8199606 | AJ167: 5.7518614 | AK167: 5.427891 | AL167: 5.7518614 | AM167: 6.6866527 | AN167: 5.4692413 | AO167: 6.8302388 | AP167: 7.1624821 | AQ167: 3.9426166 | AR167: 5.427891 | AS167: 4.9832416 | AT167: 5.3074937 | AU167: 5.9522581 | AV167: 6.1785081 | AW167: -

Sheet Average km per veh
B2: TechName | C2: Comm-IN | D2: Comm-OUT | E2: AL | F2: AT | G2: BA | H2: BE | I2: BG | J2: CH | K2: CY | L2: CZ | M2: DE | N2: DK | O2: EE | P2: EL | Q2: ES | R2: FI | S2: FR | T2: HR | U2: HU | V2: IE | W2: IS | X2: IT | Y2: KS | Z2: LT | AA2: LU | AB2: LV | AC2: ME | AD2: MK | AE2: MT | AF2: NL | AG2: NO | AH2: PL | AI2: PT | AJ2: RO | AK2: RS | AL2: SE | AM2: SI | AN2: SK | AO2: UK
A3: STOCK | B3: TRA_Car_Cng_Exe | C3: TRAGAS | D3: TCar | E3: 0 | F3: 0 | G3: 0 | H3: 0 | I3: 0 | J3: 0.9 | K3: 0 | L3: 0 | M3: 9.2 | N3: 0 | O3: 0 | P3: 0 | Q3: 0 | R3: 0 | S3: 0 | T3: 0 | U3: 0 | V3: 0 | W3: 0 | X3: 97.21 | Y3: 0 | Z3: 0 | AA3: 0 | AB3: 0 | AC3: 0 | AD3: 0 | AE3: 0 | AF3: 0.12 | AG3: 0 | AH3: 0 | AI3: 0 | AJ3: 0 | AK3: 1.0558825 | AL3: 2.42 | AM3: 0 | AN3: 0 | AO3: 0.18
B4: TRA_Car_Cng_Lom | C4: TRAGAS | D4: TCar | E4: 0 | F4: 0 | G4: 0 | H4: 0 | I4: 0 | J4: 2.34 | K4: 0 | L4: 0 | M4: 23.9 | N4: 0 | O4: 0 | P4: 0 | Q4: 0 | R4: 0 | S4: 0 | T4: 0 | U4: 0 | V4: 0 | W4: 0 | X4: 252.71 | Y4: 0 | Z4: 0 | AA4: 0 | AB4: 0 | AC4: 0 | AD4: 0 | AE4: 0 | AF4: 0.32 | AG4: 0 | AH4: 0 | AI4: 0 | AJ4: 0 | AK4: 2.7449036 | AL4: 8.9 | AM4: 0 | AN4: 0 | AO4: 0.48
B5: TRA_Car_Cng_Sma | C5: TRAGAS | D5: TCar | E5: 0 | F5: 0 | G5: 0 | H5: 0 | I5: 0 | J5: 2.29 | K5: 0 | L5: 0 | M5: 23.34 | N5: 0 | O5: 0 | P5: 0 | Q5: 0 | R5: 0 | S5: 0 | T5: 0 | U5: 0 | V5: 0 | W5: 0 | X5: 246.79 | Y5: 0 | Z5: 0 | AA5: 0 | AB5: 0 | AC5: 0 | AD5: 0 | AE5: 0 | AF5: 0.32 | AG5: 0 | AH5: 0 | AI5: 0 | AJ5: 0 | AK5: 2.6806013 | AL5: 8.94 | AM5: 0 | AN5: 0 | AO5: 0.47
B6: TRA_Car_Cng_Upm | C6: TRAGAS | D6: TCar | E6: 0 | F6: 0 | G6: 0 | H6: 0 | I6: 0 | J6: 1.05 | K6: 0 | L6: 0 | M6: 10.72 | N6: 0 | O6: 0 | P6: 0 | Q6: 0 | R6: 0 | S6: 0 | T6: 0 | U6: 0 | V6: 0 | W6: 0 | X6: 113.31 | Y6: 0 | Z6: 0 | AA6: 0 | AB6: 0 | AC6: 0 | AD6: 0 | AE6: 0 | AF6: 0.15 | AG6: 0 | AH6: 0 | AI6: 0 | AJ6: 0 | AK6: 1.2307587 | AL6: 4.74 | AM6: 0 | AN6: 0 | AO6: 0.21
B7: TRA_Car_Dis_Exe | C7: TRADST | D7: TCar | E7: 9.5478683 | F7: 509.07 | G7: 56.75314 | H7: 509.08 | I7: 212.83 | J7: 259.88 | K7: 34.71 | L7: 218.49 | M7: 3483.21 | N7: 93.82 | O7: 51.42 | P7: 41.98 | Q7: 2108.62 | R7: 228.8 | S7: 2771.18 | T7: 75.96 | U7: 124.01 | V7: 115.16 | W7: 16.91 | X7: 2443.14 | Y7: 15.390675 | Z7: 177.92 | AA7: 57.92 | AB7: 70.72 | AC7: 2.6764694 | AD7: 16.14 | AE7: 7.97 | AF7: 361.29 | AG7: 211.5 | AH7: 694.3 | AI7: 425.2 | AJ7: 298.81 | AK7: 70.522924 | AL7: 270.85 | AM7: 69.86 | AN7: 82.8 | AO7: 2069.75
B8: TRA_Car_Dis_Lom | C8: TRADST | D8: TCar | E8: 10.216538 | F8: 872.35 | G8: 131.07166 | H8: 1128.43 | I8: 303.18 | J8: 198.78 | K8: 8.88 | L8: 407.23 | M8: 3109.2 | N8: 189.54 | O8: 26.14 | P8: 44.92 | Q8: 4274.06 | R8: 134.11 | S8: 6576.88 | T8: 175.43 | U8: 204.45 | V8: 173.67 | W8: 8.6 | X8: 4903.81 | Y8: 35.54484 | Z8: 161.85 | AA8: 64.53 | AB8: 39.8 | AC8: 2.8639115 | AD8: 23 | AE8: 24.59 | AF8: 386.22 | AG8: 197.84 | AH8: 1310 | AI8: 681.17 | AJ8: 489.17 | AK8: 162.87305 | AL8: 151.06 | AM8: 126.18 | AN8: 144.02 | AO8: 2530.87
B9: TRA_Car_Dis_Sma | C9: TRADST | D9: TCar | E9: 8.1422984 | F9: 851.92 | G9: 128.00089 | H9: 1102.01 | I9: 296.08 | J9: 194.12 | K9: 8.67 | L9: 397.69 | M9: 3036.41 | N9: 185.11 | O9: 25.53 | P9: 35.8 | Q9: 3269.74 | R9: 130.97 | S9: 6422.89 | T9: 171.32 | U9: 199.67 | V9: 79.54 | W9: 8.39 | X9: 4788.99 | Y9: 34.71209 | Z9: 158.06 | AA9: 63.08 | AB9: 38.87 | AC9: 2.2824584 | AD9: 22.46 | AE9: 24.02 | AF9: 377.18 | AG9: 170.98 | AH9: 1279.33 | AI9: 665.22 | AJ9: 477.71 | AK9: 159.05723 | AL9: 151.77 | AM9: 123.23 | AN9: 140.65 | AO9: 2471.61
B10: TRA_Car_Dis_Upm | C10: TRADST | D10: TCar | E10: 4.8012268 | F10: 391.14 | G10: 58.770431 | H10: 505.96 | I10: 135.94 | J10: 89.13 | K10: 3.98 | L10: 182.59 | M10: 1394.08 | N10: 84.99 | O10: 11.72 | P10: 21.11 | Q10: 1814.42 | R10: 60.13 | S10: 2948.89 | T10: 78.66 | U10: 91.67 | V10: 127.95 | W10: 3.85 | X10: 2198.73 | Y10: 15.937736 | Z10: 72.57 | AA10: 30.38 | AB10: 17.85 | AC10: 1.3458854 | AD10: 10.31 | AE10: 11.03 | AF10: 173.31 | AG10: 110.94 | AH10: 587.37 | AI10: 305.42 | AJ10: 219.33 | AK10: 73.029663 | AL10: 66.63 | AM10: 56.58 | AN10: 64.58 | AO10: 1134.77
B11: TRA_Car_Fle_Fue_Exe | C11: TRAGSLSP95 | D11: TCar | E11: 0 | F11: 0 | G11: 0 | H11: 0 | I11: 0 | J11: 0.44 | K11: 0 | L11: 0 | M11: 0 | N11: 0 | O11: 0 | P11: 0 | Q11: 0 | R11: 0 | S11: 0 | T11: 0 | U11: 0 | V11: 0 | W11: 0 | X11: 0 | Y11: 0 | Z11: 0 | AA11: 0 | AB11: 0 | AC11: 0 | AD11: 0 | AE11: 0 | AF11: 0 | AG11: 0 | AH11: 0 | AI11: 0 | AJ11: 0 | AK11: 0 | AL11: 19.82 | AM11: 0 | AN11: 0 | AO11: 0
B12: TRA_Car_Fle_Fue_Lom | C12: TRAGSLSP95 | D12: TCar | E12: 0 | F12: 0 | G12: 0 | H12: 0 | I12: 0 | J12: 1.14 | K12: 0 | L12: 0 | M12: 0 | N12: 0 | O12: 0 | P12: 0 | Q12: 0 | R12: 0 | S12: 0 | T12: 0 | U12: 0 | V12: 0 | W12: 0 | X12: 0 | Y12: 0 | Z12: 0 | AA12: 0 | AB12: 0 | AC12: 0 | AD12: 0 | AE12: 0 | AF12: 0 | AG12: 0 | AH12: 0 | AI12: 0 | AJ12: 0 | AK12: 0 | AL12: 72.78 | AM12: 0 | AN12: 0 | AO12: 0
B13: TRA_Car_Fle_Fue_Sma | C13: TRAGSLSP95 | D13: TCar | E13: 0 | F13: 0 | G13: 0 | H13: 0 | I13: 0 | J13: 1.11 | K13: 0 | L13: 0 | M13: 0 | N13: 0 | O13: 0 | P13: 0 | Q13: 0 | R13: 0 | S13: 0 | T13: 0 | U13: 0 | V13: 0 | W13: 0 | X13: 0 | Y13: 0 | Z13: 0 | AA13: 0 | AB13: 0 | AC13: 0 | AD13: 0 | AE13: 0 | AF13: 0 | AG13: 0 | AH13: 0 | AI13: 0 | AJ13: 0 | AK13: 0 | AL13: 73.12 | AM13: 0 | AN13: 0 | AO13: 0
B14: TRA_Car_Fle_Fue_Upm | C14: TRAGSLSP95 | D14: TCar | E14: 0 | F14: 0 | G14: 0 | H14: 0 | I14: 0 | J14: 0.51 | K14: 0 | L14: 0 | M14: 0 | N14: 0 | O14: 0 | P14: 0 | Q14: 0 | R14: 0 | S14: 0 | T14: 0 | U14: 0 | V14: 0 | W14: 0 | X14: 0 | Y14: 0 | Z14: 0 | AA14: 0 | AB14: 0 | AC14: 0 | AD14: 0 | AE14: 0 | AF14: 0 | AG14: 0 | AH14: 0 | AI14: 0 | AJ14: 0 | AK14: 0 | AL14: 38.77 | AM14: 0 | AN14: 0 | AO14: 0
B15: TRA_Car_Gas_Exe | C15: TRAGSLSP95 | D15: TCar | E15: 7.4709744 | F15: 192.76 | G15: 11.081004 | H15: 149.02 | I15: 52.89 | J15: 805.57 | K15: 23.27 | L15: 134.5 | M15: 3124.93 | N15: 110.06 | O15: 56.61 | P15: 233.41 | Q15: 1144.8 | R15: 313.37 | S15: 509.92 | T15: 27.39 | U15: 66.04 | V15: 102.17 | W15: 30.63 | X15: 470.76 | Y15: 3.0143481 | Z15: 158.56 | AA15: 27.25 | AB15: 64.51 | AC15: 3.6577774 | AD15: 7.74 | AE15: 3.28 | AF15: 969.7 | AG15: 483.99 | AH15: 400.48 | AI15: 47.07 | AJ15: 88.69 | AK15: 20.057508 | AL15: 1515.46 | AM15: 23.4 | AN15: 48.16 | AO15: 2029.67
... B26: TRA_Car_Oth_Upm | C26: TRAGSLSP95 | D26: TCar | E26: 0 | F26: 0 | G26: 0 | H26: 0 | I26: 0 | J26: 0 | K26: 0 | L26: 0.8 | M26: 0 | N26: 0.06 | O26: 0 | P26: 0 | Q26: 0 | R26: 0 | S26: 0 | T26: 0 | U26: 0 | V26: 0 | W26: 0.14 | X26: 0 | Y26: 0 | Z26: 0 | AA26: 0 | AB26: 0 | AC26: 0 | AD26: 0 | AE26: 0 | AF26: 8.94 | AG26: 0 | AH26: 59.68 | AI26: 1.28 | AJ26: 0 | AK26: 0 | AL26: 3.68 | AM26: 0 | AN26: 0 | AO26: 0.32
B28: Exe | E28: =E3+E7+E11+E15+E19+E23 -> 17.018843 | F28: =F3+F7+F11+F15+F19+F23 -> 701.83 | G28: =G3+G7+G11+G15+G19+G23 -> 67.834143 | H28: =H3+H7+H11+H15+H19+H23 -> 663.01 | I28: =I3+I7+I11+I15+I19+I23 -> 279.18 | J28: =J3+J7+J11+J15+J19+J23 -> 1066.79 | K28: =K3+K7+K11+K15+K19+K23 -> 57.98 | L28: =L3+L7+L11+L15+L19+L23 -> 353.67 | ... AO28: =AO3+AO7+AO11+AO15+AO19+AO23 -> 4103.43
B29: Lom | E29: =E4+E8+E12+E16+E20+E24 -> 51.616254 | F29: =F4+F8+F12+F16+F20+F24 -> 1360.5 | G29: =G4+G8+G12+G16+G20+G24 -> 202.57427 | H29: =H4+H8+H12+H16+H20+H24 -> 1571.85 | I29: =I4+I8+I12+I16+I20+I24 -> 711.98 | J29: =J4+J8+J12+J16+J20+J24 -> 1269.86 | K29: =K4+K8+K12+K16+K20+K24 -> 188.12 | L29: =L4+L8+L12+L16+L20+L24 -> 1056.81 | ... AO29: =AO4+AO8+AO12+AO16+AO20+AO24 -> 8427.02
B30: Sma | E30: =E5+E9+E13+E17+E21+E25 -> 105.6593 | F30: =F5+F9+F13+F17+F21+F25 -> 1984.58 | G30: =G5+G9+G13+G17+G21+G25 -> 394.87548 | H30: =H5+H9+H13+H17+H21+H25 -> 2399.01 | I30: =I5+I9+I13+I17+I21+I25 -> 1288.96 | J30: =J5+J9+J13+J17+J21+J25 -> 1169.81 | K30: =K5+K9+K13+K17+K21+K25 -> 204.38 | L30: =L5+L9+L13+L17+L21+L25 -> 2611.68 | ... AO30: =AO5+AO9+AO13+AO17+AO21+AO25 -> 12026.44
B31: Ump | E31: =E6+E10+E14+E18+E22+E26 -> 20.571541 | F31: =F6+F10+F14+F18+F22+F26 -> 610.01 | G31: =G6+G10+G14+G18+G22+G26 -> 90.832116 | H31: =H6+H10+H14+H18+H22+H26 -> 704.78 | I31: =I6+I10+I14+I18+I22+I26 -> 319.24 | J31: =J6+J10+J14+J18+J22+J26 -> 569.37 | K31: =K6+K10+K14+K18+K22+K26 -> 84.35 | L31: =L6+L10+L14+L18+L22+L26 -> 473.84 | ... AO31: =AO6+AO10+AO14+AO18+AO22+AO26 -> 3778.44
A33: Km per veh | B33: AF
B34: TRA_Car_Cng_Exe | E34: 0 | F34: 0 | G34: 0 | H34: 0 | I34: 0 | J34: 16.1625 | K34: 0 | L34: 0 | M34: 30.5987 | N34: 0 | O34: 0 | P34: 0 | Q34: 0 | R34: 0 | S34: 0 | T34: 0 | U34: 0 | V34: 0 | W34: 0 | X34: 12.0975 | Y34: 0 | Z34: 0 | AA34: 0 | AB34: 0 | AC34: 0 | AD34: 0 | AE34: 0 | AF34: 6.6436 | AG34: 0 | AH34: 0 | AI34: 0 | AJ34: 0 | AK34: 12.0975 | AL34: 5.20098 | AM34: 0 | AN34: 0 | AO34: 0
B35: TRA_Car_Cng_Lom | E35: 0 | F35: 0 | G35: 0 | H35: 0 | I35: 0 | J35: 16.1625 | K35: 0 | L35: 0 | M35: 29.8109 | N35: 0 | O35: 0 | P35: 0 | Q35: 0 | R35: 0 | S35: 0 | T35: 0 | U35: 0 | V35: 0 | W35: 0 | X35: 12.3414 | Y35: 0 | Z35: 0 | AA35: 0 | AB35: 0 | AC35: 0 | AD35: 0 | AE35: 0 | AF35: 7.15538 | AG35: 0 | AH35: 0 | AI35: 0 | AJ35: 0 | AK35: 12.3414 | AL35: 5.28181 | AM35: 0 | AN35: 0 | AO35: 0
B36: TRA_Car_Cng_Sma | E36: 0 | F36: 0 | G36: 0 | H36: 0 | I36: 0 | J36: 16.1625 | K36: 0 | L36: 0 | M36: 29.7919 | N36: 0 | O36: 0 | P36: 0 | Q36: 0 | R36: 0 | S36: 0 | T36: 0 | U36: 0 | V36: 0 | W36: 0 | X36: 15.1212 | Y36: 0 | Z36: 0 | AA36: 0 | AB36: 0 | AC36: 0 | AD36: 0 | AE36: 0 | AF36: 6.6436 | AG36: 0 | AH36: 0 | AI36: 0 | AJ36: 0 | AK36: 15.1212 | AL36: 5.29046 | AM36: 0 | AN36: 0 | AO36: 0
B37: TRA_Car_Cng_Upm | E37: 0 | F37: 0 | G37: 0 | H37: 0 | I37: 0 | J37: 16.1625 | K37: 0 | L37: 0 | M37: 30.2524 | N37: 0 | O37: 0 | P37: 0 | Q37: 0 | R37: 0 | S37: 0 | T37: 0 | U37: 0 | V37: 0 | W37: 0 | X37: 12.7515 | Y37: 0 | Z37: 0 | AA37: 0 | AB37: 0 | AC37: 0 | AD37: 0 | AE37: 0 | AF37: 8.06019 | AG37: 0 | AH37: 0 | AI37: 0 | AJ37: 0 | AK37: 12.7515 | AL37: 5.48829 | AM37: 0 | AN37: 0 | AO37: 0
B38: TRA_Car_Dis_Exe | E38: 23.0298 | F38: 28.6446 | G38: 20.5348 | H38: 22.2029 | I38: 11.1628 | J38: 19.0919 | K38: 17.9343 | L38: 20.2401 | M38: 24.6415 | N38: 32.2135 | O38: 22.4352 | P38: 23.0298 | Q38: 19.0031 | R38: 23.7821 | S38: 18.8005 | T38: 20.5348 | U38: 25.579 | V38: 22.8608 | W38: 16.4218 | X38: 16.1706 | Y38: 20.5348 | Z38: 7.62566 | AA38: 67.863 | AB38: 24.4701 | AC38: 23.0298 | AD38: 30.495 | AE38: 3.33004 | AF38: 33.4627 | AG38: 23.3271 | AH38: 13.8141 | AI38: 19.5186 | AJ38: 10.7438 | AK38: 20.5348 | AL38: 39.2364 | AM38: 24.8525 | AN38: 11.8839 | AO38: 19.1104
B39: TRA_Car_Dis_Lom | E39: 19.6826 | F39: 26.3411 | G39: 18.9033 | H39: 23.7359 | I39: 12.5225 | J39: 17.0763 | K39: 13.6636 | L39: 18.4134 | M39: 24.1191 | N39: 30.9059 | O39: 19.7665 | P39: 19.6826 | Q39: 17.2917 | R39: 23.4268 | S39: 17.7626 | T39: 18.9033 | U39: 23.8671 | V39: 22.0542 | W39: 18.0538 | X39: 15.0969 | Y39: 18.9033 | Z39: 5.96731 | AA39: 69.0646 | AB39: 20.3945 | AC39: 19.6826 | AD39: 27.66 | AE39: 3.51014 | AF39: 33.1289 | AG39: 23.5978 | AH39: 14.1127 | AI39: 19.5186 | AJ39: 9.16727 | AK39: 18.9033 | AL39: 35.0221 | AM39: 24.9801 | AN39: 11.8965 | AO39: 17.5383
B40: TRA_Car_Dis_Sma | E40: 13.2971 | F40: 26.5225 | G40: 18.9033 | H40: 21.687 | I40: 12.5122 | J40: 17.0648 | K40: 12.8825 | L40: 18.4134 | M40: 24.033 | N40: 29.33 | O40: 21.1119 | P40: 13.2971 | Q40: 17.0657 | R40: 24.8722 | S40: 17.9041 | T40: 18.9033 | U40: 23.8671 | V40: 22.2259 | W40: 17.6751 | X40: 16.9659 | Y40: 18.9033 | Z40: 5.96731 | AA40: 68.7874 | AB40: 23.0539 | AC40: 13.2971 | AD40: 25.8461 | AE40: 3.64308 | AF40: 32.5422 | AG40: 23.7897 | AH40: 13.3304 | AI40: 19.5186 | AJ40: 9.16727 | AK40: 18.9033 | AL40: 34.8127 | AM40: 23.4068 | AN40: 11.8965 | AO40: 14.9747
B41: TRA_Car_Dis_Upm | E41: 20.2506 | F41: 26.9338 | G41: 19.4395 | H41: 22.4619 | I41: 6.63208 | J41: 18.041 | K41: 13.6481 | L41: 18.4134 | M41: 24.6652 | N41: 29.5565 | O41: 20.3336 | P41: 20.2506 | Q41: 17.0887 | R41: 22.4362 | S41: 18.0468 | T41: 19.4395 | U41: 23.8671 | V41: 22.0164 | W41: 19.2647 | X41: 15.4991 | Y41: 19.4395 | Z41: 5.96731 | AA41: 73.225 | AB41: 25.4212 | AC41: 20.2506 | AD41: 27.66 | AE41: 3.51631 | AF41: 32.6373 | AG41: 23.148 | AH41: 13.9253 | AI41: 19.5186 | AJ41: 9.16727 | AK41: 19.4395 | AL41: 36.3048 | AM41: 25.4459 | AN41: 11.8965 | AO41: 18.3772
B42: TRA_Car_Fle_Fue_Exe | E42: 0 | F42: 0 | G42: 0 | H42: 0 | I42: 0 | J42: 11.1287 | K42: 0 | L42: 0 | M42: 0 | N42: 0 | O42: 0 | P42: 0 | Q42: 0 | R42: 0 | S42: 0 | T42: 0 | U42: 0 | V42: 0 | W42: 0 | X42: 0 | Y42: 0 | Z42: 0 | AA42: 0 | AB42: 0 | AC42: 0 | AD42: 0 | AE42: 0 | AF42: 0 | AG42: 0 | AH42: 0 | AI42: 0 | AJ42: 0 | AK42: 0 | AL42: 16.7492 | AM42: 0 | AN42: 0 | AO42: 0
B43: TRA_Car_Fle_Fue_Lom | E43: 0 | F43: 0 | G43: 0 | H43: 0 | I43: 0 | J43: 11.1287 | K43: 0 | L43: 0 | M43: 0 | N43: 0 | O43: 0 | P43: 0 | Q43: 0 | R43: 0 | S43: 0 | T43: 0 | U43: 0 | V43: 0 | W43: 0 | X43: 0 | Y43: 0 | Z43: 0 | AA43: 0 | AB43: 0 | AC43: 0 | AD43: 0 | AE43: 0 | AF43: 0 | AG43: 0 | AH43: 0 | AI43: 0 | AJ43: 0 | AK43: 0 | AL43: 16.3708 | AM43: 0 | AN43: 0 | AO43: 0
B44: TRA_Car_Fle_Fue_Sma | E44: 0 | F44: 0 | G44: 0 | H44: 0 | I44: 0 | J44: 11.1287 | K44: 0 | L44: 0 | M44: 0 | N44: 0 | O44: 0 | P44: 0 | Q44: 0 | R44: 0 | S44: 0 | T44: 0 | U44: 0 | V44: 0 | W44: 0 | X44: 0 | Y44: 0 | Z44: 0 | AA44: 0 | AB44: 0 | AC44: 0 | AD44: 0 | AE44: 0 | AF44: 0 | AG44: 0 | AH44: 0 | AI44: 0 | AJ44: 0 | AK44: 0 | AL44: 15.3071 | AM44: 0 | AN44: 0 | AO44: 0
B45: TRA_Car_Fle_Fue_Upm | E45: 0 | F45: 0 | G45: 0 | H45: 0 | I45: 0 | J45: 11.1287 | K45: 0 | L45: 0 | M45: 0 | N45: 0 | O45: 0 | P45: 0 | Q45: 0 | R45: 0 | S45: 0 | T45: 0 | U45: 0 | V45: 0 | W45: 0 | X45: 0 | Y45: 0 | Z45: 0 | AA45: 0 | AB45: 0 | AC45: 0 | AD45: 0 | AE45: 0 | AF45: 0 | AG45: 0 | AH45: 0 | AI45: 0 | AJ45: 0 | AK45: 0 | AL45: 16.8051 | AM45: 0 | AN45: 0 | AO45: 0
... B57: TRA_Car_Oth_Upm | E57: 0 | F57: 0 | G57: 0 | H57: 0 | I57: 0 | J57: 0 | K57: 0 | L57: 12.6017 | M57: 0 | N57: 8.55235 | O57: 0 | P57: 0 | Q57: 0 | R57: 0 | S57: 0 | T57: 0 | U57: 0 | V57: 0 | W57: 12.6557 | X57: 0 | Y57: 0 | Z57: 0 | AA57: 0 | AB57: 0 | AC57: 0 | AD57: 0 | AE57: 0 | AF57: 13.2015 | AG57: 0 | AH57: 9.11433 | AI57: 14.7604 | AJ57: 0 | AK57: 0 | AL57: 14.0517 | AM57: 0 | AN57: 0 | AO57: 11.1743
A59: Product | B59: Exe | E59: =E34*'Average km per veh'!E3+E38*'Average km per veh'!E7+E42*'Average km per veh'!E11+E46*'Average km per veh'!E15+E50*'Average km per veh'!E19+E54*'Average km per veh'!E23 -> 292.50845 | F59: =F34*'Average km per veh'!F3+F38*'Average km per veh'!F7+F42*'Average km per veh'!F11+F46*'Average km per veh'!F15+F50*'Average km per veh'!F19+F54*'Average km per veh'!F23 -> 17563.333 | G59: =G34*'Average km per veh'!G3+G38*'Average km per veh'!G7+G42*'Average km per veh'!G11+G46*'Average km per veh'!G15+G50*'Average km per veh'!G19+G54*'Average km per veh'!G23 -> 1294.7275 | H59: =H34*'Average km per veh'!H3+H38*'Average km per veh'!H7+H42*'Average km per veh'!H11+H46*'Average km per veh'!H15+H50*'Average km per veh'!H19+H54*'Average km per veh'!H23 -> 12654.581 | I59: =I34*'Average km per veh'!I3+I38*'Average km per veh'!I7+I42*'Average km per veh'!I11+I46*'Average km per veh'!I15+I50*'Average km per veh'!I19+I54*'Average km per veh'!I23 -> 3428.1204 | J59: =J34*'Average km per veh'!J3+J38*'Average km per veh'!J7+J42*'Average km per veh'!J11+J46*'Average km per veh'!J15+J50*'Average km per veh'!J19+J54*'Average km per veh'!J23 -> 17047.679 | K59: =K34*'Average km per veh'!K3+K38*'Average km per veh'!K7+K42*'Average km per veh'!K11+K46*'Average km per veh'!K15+K50*'Average km per veh'!K19+K54*'Average km per veh'!K23 -> 973.90913 | L59: =L34*'Average km per veh'!L3+L38*'Average km per veh'!L7+L42*'Average km per veh'!L11+L46*'Average km per veh'!L15+L50*'Average km per veh'!L19+L54*'Average km per veh'!L23 -> 5693.4318 | ... AO59: =AO34*'Average km per veh'!AO3+AO38*'Average km per veh'!AO7+AO42*'Average km per veh'!AO11+AO46*'Average km per veh'!AO15+AO50*'Average km per veh'!AO19+AO54*'Average km per veh'!AO23 -> 71044.728
B60: Lom | E60: =E35*'Average km per veh'!E4+E39*'Average km per veh'!E8+E43*'Average km per veh'!E12+E47*'Average km per veh'!E16+E51*'Average km per veh'!E20+E55*'Average km per veh'!E24 -> 579.70664 | F60: =F35*'Average km per veh'!F4+F39*'Average km per veh'!F8+F43*'Average km per veh'!F12+F47*'Average km per veh'!F16+F51*'Average km per veh'!F20+F55*'Average km per veh'!F24 -> 30263.028 | G60: =G35*'Average km per veh'!G4+G39*'Average km per veh'!G8+G43*'Average km per veh'!G12+G47*'Average km per veh'!G16+G51*'Average km per veh'!G20+G55*'Average km per veh'!G24 -> 3327.2238 | H60: =H35*'Average km per veh'!H4+H39*'Average km per veh'!H8+H43*'Average km per veh'!H12+H47*'Average km per veh'!H16+H51*'Average km per veh'!H20+H55*'Average km per veh'!H24 -> 31266.689 | I60: =I35*'Average km per veh'!I4+I39*'Average km per veh'!I8+I43*'Average km per veh'!I12+I47*'Average km per veh'!I16+I51*'Average km per veh'!I20+I55*'Average km per veh'!I24 -> 7761.4346 | J60: =J35*'Average km per veh'!J4+J39*'Average km per veh'!J8+J43*'Average km per veh'!J12+J47*'Average km per veh'!J16+J51*'Average km per veh'!J20+J55*'Average km per veh'!J24 -> 17788.14 | K60: =K35*'Average km per veh'!K4+K39*'Average km per veh'!K8+K43*'Average km per veh'!K12+K47*'Average km per veh'!K16+K51*'Average km per veh'!K20+K55*'Average km per veh'!K24 -> 2588.177 | L60: =L35*'Average km per veh'!L4+L39*'Average km per veh'!L8+L43*'Average km per veh'!L12+L47*'Average km per veh'!L16+L51*'Average km per veh'!L20+L55*'Average km per veh'!L24 -> 13470.467 | ... AO60: =AO35*'Average km per veh'!AO4+AO39*'Average km per veh'!AO8+AO43*'Average km per veh'!AO12+AO47*'Average km per veh'!AO16+AO51*'Average km per veh'!AO20+AO55*'Average km per veh'!AO24 -> 127766.24
B61: Sma | E61: =E36*'Average km per veh'!E5+E40*'Average km per veh'!E9+E44*'Average km per veh'!E13+E48*'Average km per veh'!E17+E52*'Average km per veh'!E21+E56*'Average km per veh'!E25 -> 751.80708 | F61: =F36*'Average km per veh'!F5+F40*'Average km per veh'!F9+F44*'Average km per veh'!F13+F48*'Average km per veh'!F17+F52*'Average km per veh'!F21+F56*'Average km per veh'!F25 -> 37798.743 | G61: =G36*'Average km per veh'!G5+G40*'Average km per veh'!G9+G44*'Average km per veh'!G13+G48*'Average km per veh'!G17+G52*'Average km per veh'!G21+G56*'Average km per veh'!G25 -> 5491.6327 | H61: =H36*'Average km per veh'!H5+H40*'Average km per veh'!H9+H44*'Average km per veh'!H13+H48*'Average km per veh'!H17+H52*'Average km per veh'!H21+H56*'Average km per veh'!H25 -> 37663.352 | I61: =I36*'Average km per veh'!I5+I40*'Average km per veh'!I9+I44*'Average km per veh'!I13+I48*'Average km per veh'!I17+I52*'Average km per veh'!I21+I56*'Average km per veh'!I25 -> 11162.845 | J61: =J36*'Average km per veh'!J5+J40*'Average km per veh'!J9+J44*'Average km per veh'!J13+J48*'Average km per veh'!J17+J52*'Average km per veh'!J21+J56*'Average km per veh'!J25 -> 14131.749 | K61: =K36*'Average km per veh'!K5+K40*'Average km per veh'!K9+K44*'Average km per veh'!K13+K48*'Average km per veh'!K17+K52*'Average km per veh'!K21+K56*'Average km per veh'!K25 -> 2476.7096 | L61: =L36*'Average km per veh'!L5+L40*'Average km per veh'!L9+L44*'Average km per veh'!L13+L48*'Average km per veh'!L17+L52*'Average km per veh'!L21+L56*'Average km per veh'!L25 -> 26518.065 | ... AO61: =AO36*'Average km per veh'!AO5+AO40*'Average km per veh'!AO9+AO44*'Average km per veh'!AO13+AO48*'Average km per veh'!AO17+AO52*'Average km per veh'!AO21+AO56*'Average km per veh'!AO25 -> 155040.83
B62: Ump | E62: =E37*'Average km per veh'!E6+E41*'Average km per veh'!E10+E45*'Average km per veh'!E14+E49*'Average km per veh'!E18+E53*'Average km per veh'!E22+E57*'Average km per veh'!E26 -> 246.43603 | F62: =F37*'Average km per veh'!F6+F41*'Average km per veh'!F10+F45*'Average km per veh'!F14+F49*'Average km per veh'!F18+F53*'Average km per veh'!F22+F57*'Average km per veh'!F26 -> 13777.686 | G62: =G37*'Average km per veh'!G6+G41*'Average km per veh'!G10+G45*'Average km per veh'!G14+G49*'Average km per veh'!G18+G53*'Average km per veh'!G22+G57*'Average km per veh'!G26 -> 1507.9774 | H62: =H37*'Average km per veh'!H6+H41*'Average km per veh'!H10+H45*'Average km per veh'!H14+H49*'Average km per veh'!H18+H53*'Average km per veh'!H22+H57*'Average km per veh'!H26 -> 13278.326 | I62: =I37*'Average km per veh'!I6+I41*'Average km per veh'!I10+I45*'Average km per veh'!I14+I49*'Average km per veh'!I18+I53*'Average km per veh'!I22+I57*'Average km per veh'!I26 -> 2848.1573 | J62: =J37*'Average km per veh'!J6+J41*'Average km per veh'!J10+J45*'Average km per veh'!J14+J49*'Average km per veh'!J18+J53*'Average km per veh'!J22+J57*'Average km per veh'!J26 -> 7938.0155 | K62: =K37*'Average km per veh'!K6+K41*'Average km per veh'!K10+K45*'Average km per veh'!K14+K49*'Average km per veh'!K18+K53*'Average km per veh'!K22+K57*'Average km per veh'!K26 -> 1124.6228 | L62: =L37*'Average km per veh'!L6+L41*'Average km per veh'!L10+L45*'Average km per veh'!L14+L49*'Average km per veh'!L18+L53*'Average km per veh'!L22+L57*'Average km per veh'!L26 -> 6068.3733 | ... AO62: =AO37*'Average km per veh'!AO6+AO41*'Average km per veh'!AO10+AO45*'Average km per veh'!AO14+AO49*'Average km per veh'!AO18+AO53*'Average km per veh'!AO22+AO57*'Average km per veh'!AO26 -> 60889.092
A64: Weighted average
E65: AL | F65: AT | G65: BA | H65: BE | I65: BG | J65: CH | K65: CY | L65: CZ | M65: DE | N65: DK | O65: EE | P65: EL | Q65: ES | R65: FI | S65: FR | T65: HR | U65: HU | V65: IE | W65: IS | X65: IT | Y65: KS | Z65: LT | AA65: LU | AB65: LV | AC65: ME | AD65: MK | AE65: MT | AF65: NL | AG65: NO | AH65: PL | AI65: PT | AJ65: RO | AK65: RS | AL65: SE | AM65: SI | AN65: SK | AO65: UK
B66: Exe | E66: =E59/E28 -> 17.187329 | F66: =F59/F28 -> 25.025053 | G66: =G59/G28 -> 19.086664 | H66: =H59/H28 -> 19.086561 | I66: =I59/I28 -> 12.279248 | J66: =J59/J28 -> 15.980351 | K66: =K59/K28 -> 16.797329 | L66: =L59/L28 -> 16.098147 | ... AO66: =AO59/AO28 -> 17.313498
B67: Lom | E67: =E60/E29 -> 11.231087 | F67: =F60/F29 -> 22.244049 | G67: =G60/G29 -> 16.42471 | H67: =H60/H29 -> 19.891649 | I67: =I60/I29 -> 10.901198 | J67: =J60/J29 -> 14.007954 | K67: =K60/K29 -> 13.758117 | L67: =L60/L29 -> 12.746347 | ... AO67: =AO60/AO29 -> 15.161497
B68: Sma | E68: =E61/E30 -> 7.1153893 | F68: =F61/F30 -> 19.046218 | G68: =G61/G30 -> 13.907252 | H68: =H61/H30 -> 15.699539 | I68: =I61/I30 -> 8.6603503 | J68: =J61/J30 -> 12.080379 | K68: =K61/K30 -> 12.11816 | L68: =L61/L30 -> 10.153642 | ... AO68: =AO61/AO30 -> 12.891665
B69: Ump | E69: =E62/E31 -> 11.979464 | F69: =F62/F31 -> 22.586001 | G69: =G62/G31 -> 16.601809 | H69: =H62/H31 -> 18.840384 | I69: =I62/I31 -> 8.9216805 | J69: =J62/J31 -> 13.941752 | K69: =K62/K31 -> 13.332813 | L69: =L62/L31 -> 12.806798 | ... AO69: =AO62/AO31 -> 16.114876

Sheet FI FLEET
A1: BASE YEAR DATA 2010
A3: DeActTFM_INS | H3: work on this later
A4: Attribute | B4: PSET_PN | C4: Year | D4: FI | F4: old values
A5: STOCK | B5: TRA_Car_Gas* | C5: 2010 | D5: 2500 | F5: 1980.098
A6: STOCK | B6: TRA_Car_Elc* | C6: 2010 | D6: 0 | F6: 0.023
A7: STOCK | B7: TRA_Mot_Elc* | C7: 2010 | D7: 0 | F7: 0.002 | H7: STOCK | I7: TRA_Car_PIH* | J7: 2010 | K7: 0
A8: STOCK | B8: TRA_Lcv_Elc* | C8: 2010 | D8: 0 | F8: 0.08 | H8: STOCK | I8: TRA_Car_LH2 | J8: 2010 | K8: 0
H9: STOCK | I9: TRA_Lcv_Cng* | J9: 2010 | K9: 0.045
H10: STOCK | I10: TRA_Lcv_Dis* | J10: 2010 | K10: 273.166
H11: STOCK | I11: TRA_Lcv_Gas* | J11: 2010 | K11: 18.943
H12: STOCK | I12: TRA_Lcv_Lpg* | J12: 2010 | K12: 0
H13: STOCK | I13: TRA_Lcv_LH2 | J13: 2010 | K13: 0
H14: STOCK | I14: TRA_Mop_Gas* | J14: 2010 | K14: 221.098
H15: STOCK | I15: TRA_Mop_Elc* | J15: 2010 | K15: 0.366
H16: STOCK | I16: TRA_Bus_Cng* | J16: 2010 | K16: 0.085
H17: STOCK | I17: TRA_Bus_Dis* | J17: 2010 | K17: 11.349
H18: STOCK | I18: TRA_Bus_Gas* | J18: 2010 | K18: 0.05
H19: STOCK | I19: TRA_Bus_Lpg* | J19: 2010 | K19: 0
H20: STOCK | I20: TRA_Hdt_Cng* | J20: 2010 | K20: 0.038
... H28: STOCK | I28: TRA_Car_Oth* | J28: 2010 | K28: 0
A34: FUTURE YEAR DATA
A36: DeActTFM_INS
A37: Attribute | B37: PSET_PN | C37: FI~2015 | D37: FI~2020 | E37: FI~2025 | F37: FI~2030 | G37: FI~2035 | H37: FI~2040 | I37: FI~2045 | J37: FI~2050 | K37: FI~0
A38: PRC_RESID | B38: TRA_Bus_Cng* | C38: 0.047 | D38: 0.056 | E38: 0.075 | F38: 0.07 | G38: 0.061 | H38: 0.128 | I38: 0.427 | J38: 0.947 | K38: 5
A39: PRC_RESID | B39: TRA_Bus_Dis* | C39: 12.105 | D39: 8.65 | E39: 9.618 | F39: 8.396 | G39: 7.023 | H39: 5.762 | I39: 4.769 | J39: 4.068 | K39: 5
A40: PRC_RESID | B40: TRA_Bus_Gas* | C40: 0 | D40: 0 | E40: 0 | F40: 0 | G40: 0 | H40: 0 | I40: 0 | J40: 0 | K40: 5
A41: PRC_RESID | B41: TRA_Bus_Lpg* | C41: 0 | D41: 0 | E41: 0 | F41: 0 | G41: 0 | H41: 0 | I41: 0 | J41: 0 | K41: 5
A42: PRC_RESID | B42: TRA_Hdt_Cng* | C42: 0.073 | D42: 0.209 | E42: 0.911 | F42: 2.429 | G42: 4.671 | H42: 7.806 | I42: 11.834 | J42: 16.053 | K42: 5
A43: PRC_RESID | B43: TRA_Hdt_Dis* | C43: 97.957 | D43: 97.283 | E43: 90.731 | F43: 88.084 | G43: 83.553 | H43: 74.419 | I43: 63.537 | J43: 52.9 | K43: 5
A44: PRC_RESID | B44: TRA_Hdt_Gas* | C44: 1.557 | D44: 2.083 | E44: 2.243 | F44: 1.908 | G44: 1.512 | H44: 1.076 | I44: 0.672 | J44: 0.376 | K44: 5
A45: PRC_RESID | B45: TRA_Lcv_Elc* | C45: 0.124 | D45: 0.337 | E45: 9.506 | F45: 43.035 | G45: 111.182 | H45: 177.83 | I45: 224.169 | J45: 248.648 | K45: 5
A46: PRC_RESID | B46: TRA_Lcv_Cng* | C46: 0.189 | D46: 0.859 | E46: 1.215 | F46: 0.993 | G46: 0.629 | H46: 0.346 | I46: 0.161 | J46: 0.074 | K46: 5
A47: PRC_RESID | B47: TRA_Lcv_Dis* | C47: 297.179 | D47: 326.553 | E47: 313.342 | F47: 272.01 | G47: 203.881 | H47: 133.261 | I47: 76.901 | J47: 38.893 | K47: 5
A48: PRC_RESID | B48: TRA_Lcv_Gas* | C48: 13.461 | D48: 11.176 | E48: 6.521 | F48: 4.367 | G48: 3.062 | H48: 1.973 | I48: 1.159 | J48: 0.616 | K48: 5
A49: PRC_RESID | B49: TRA_Lcv_Lpg* | C49: 0 | D49: 0 | E49: 0 | F49: 0 | G49: 0 | H49: 0 | I49: 0 | J49: 0 | K49: 5
... A63: PRC_RESID | B63: TRA_Car_LH2* | C63: 0 | D63: 0.001 | E63: 0.002 | F63: 0.02 | G63: 0.506 | H63: 3.515 | I63: 18.697 | J63: 53.012 | K63: 5
