Workbook
Name FID_1: [1]AGR_Fuels!$A$2

Sheet Fill Data
B2: ~TFM_Fill-R: w=RES_SpHeat; Hcol=Region
B3: TimeSlice | C3: LimType | D3: Attribute | E3: Year | F3: AllRegions | G3: Pset_CI | H3: Pset_PN | I3: Pset_CO | J3: Cset_CN
D4: ACTFLO | F4: 1 | H4: R_ES-SH* | I4: R_ES-*SpHeat
D5: AFA | F5: 1 | H5: R_ES-SH*
D6: EFF | F6: 1 | H6: R_ES-SH*
B8: ~TFM_Fill-R: w=RES_WatHeat; Hcol=Region
B9: TimeSlice | C9: LimType | D9: Attribute | E9: Year | F9: AllRegions | G9: Pset_CI | H9: Pset_PN | I9: Pset_CO | J9: Cset_CN
D10: AFA | F10: 1 | H10: R_ES-WH*
D11: EFF | F11: 1 | H11: R_ES-WH*
B14: ~TFM_Fill-R: w=RES_SpCool; Hcol=Region
B15: TimeSlice | C15: LimType | D15: Attribute | E15: Year | F15: AllRegions | G15: Pset_CI | H15: Pset_PN | I15: Pset_CO | J15: Cset_CN
D16: AFA | F16: 1 | H16: R_ES-SC*
D17: EFF | F17: 1 | H17: R_ES-SC*
B20: ~TFM_Fill-R: w=RES_Others; Hcol=Region
B21: TimeSlice | C21: LimType | D21: Attribute | E21: Year | F21: AllRegions | G21: Pset_CI | H21: Pset_PN | I21: Pset_CO | J21: Cset_CN
D22: PRC_CAPACT | F22: 1 | H22: R_ES-CK-*
D23: EFF | F23: 1 | H23: R_ES-CK-*
D24: INPUT | F24: 1 | H24: RLIGELC00
D25: INPUT | F25: 1 | H25: RREFELC00
D26: INPUT | F26: 1 | H26: RCWAELC00
D27: INPUT | F27: 1 | H27: RCDRELC00
D28: INPUT | F28: 1 | H28: RDWAELC00
D29: INPUT | F29: 1 | H29: ROELELC00
B34: ~TFM_Fill-R: w=COM_All; Hcol=Region
B35: TimeSlice | C35: LimType | D35: Attribute | E35: Year | F35: AllRegions | G35: Pset_CI | H35: Pset_PN | I35: Pset_CO | J35: Cset_CN
D36: EFF | F36: 1 | H36: C_ES-SH*
D37: EFF | F37: 1 | H37: C_ES-WH*
D38: EFF | F38: 1 | H38: C_ES-SC*
D39: PRC_CAPACT | F39: 1 | H39: C_ES-CK-*
D40: EFF | F40: 1 | H40: C_ES-CK-*
D41: INPUT | F41: 1 | H41: NRbldg_BuildLight
D42: INPUT | F42: 1 | H42: NRbldg_BuildTech
D43: INPUT | F43: 1 | H43: NRbldg_ICTM
D44: INPUT | F44: 1 | H44: NRbldg_Refrig
D45: INPUT | F45: 1 | H45: NRbldg_StLight
D46: INPUT | F46: 1 | H46: NRbldg_Vent
B49: CHANGES
B50: RSD_SpCool | C50: Increased cooling shares
B51: INS-UPD SpCool | C51: Increased cooling shares
B52: RSD_HP | C52: Change FLO_SHAR to electricity

Sheet RES_SpHeat
A1: scenario | B1: attribute | C1: process | D1: commodity | E1: lim_type | F1: time_slice | G1: year | H1: commodity_group | I1: currency | J1: stage | K1: sow | L1: AL | M1: AT | N1: BA | O1: BE | P1: BG | Q1: CH | R1: CY | S1: CZ | T1: DE | U1: DK | V1: EE | W1: EL | X1: ES | Y1: FI | Z1: FR | AA1: HR | AB1: HU | AC1: IE | AD1: IS | AE1: IT | AF1: KS | AG1: LT | AH1: LU | AI1: LV | AJ1: ME | AK1: MK | AL1: MT | AM1: NL | AN1: NO | AO1: PL | AP1: PT | AQ1: RO | AR1: RS | AS1: SE | AT1: SI | AU1: SK | AV1: UK | AW1: year2
A2: BASE | B2: ACTFLO | C2: R_ES-SH-DH-70_BIO | D2: R_ES-DH-70-SpHeat | E2: - | F2: - | G2: 2010 | H2: commodity_group | I2: - | J2: - | K2: - | L2: 0.74633079 | M2: 0.79425199 | N2: 0.76016377 | O2: 0.78997503 | P2: 0.72609118 | Q2: 0.88939691 | R2: 0.56988643 | S2: 0.75698357 | T2: 0.88939691 | U2: 0.84781454 | V2: 0.73363854 | W2: 0.74633079 | X2: 0.70928681 | Y2: 0.83322321 | Z2: 0.79998616 | AA2: 0.70586636 | AB2: 0.76441135 | AC2: 0.76351422 | AD2: 0.84781454 | AE2: 0.76866988 | AF2: 0.76016377 | AG2: 0.74146384 | AH2: 0.79040869 | AI2: 0.79542896 | AJ2: 0.76016377 | AK2: 0.74633079 | AL2: 1.0434129 | AM2: 0.82267628 | AN2: 0.84781454 | AO2: 0.7832275 | AP2: 0.79601791 | AQ2: 0.73191705 | AR2: 0.76016377 | AS2: 0.7 | AT2: 0.78984393 | AU2: 0.7395726 | AV2: 0.81749292 | AW2: -
A3: BASE | B3: ACTFLO | C3: R_ES-SH-DH-70_COA | D3: R_ES-DH-70-SpHeat | E3: - | F3: - | G3: 2010 | H3: commodity_group | I3: - | J3: - | K3: - | L3: 0.7 | M3: 0.84000944 | N3: 0.81118081 | O3: 0.81351118 | P3: 0.76823819 | Q3: 0.92459294 | R3: 0.7 | S3: 0.80041513 | T3: 0.92459294 | U3: 0.7 | V3: 0.77552864 | W3: 0.7 | X3: 0.75325271 | Y3: 0.87390787 | Z3: 0.85293754 | AA3: 0.74878229 | AB3: 0.7876654 | AC3: 0.80013745 | AD3: 0.7 | AE3: 0.79418328 | AF3: 0.81118081 | AG3: 0.80856567 | AH3: 0.84657514 | AI3: 0.8283423 | AJ3: 0.81118081 | AK3: 0.7 | AL3: 0.7 | AM3: 0.87282859 | AN3: 0.7 | AO3: 0.83735337 | AP3: 0.7 | AQ3: 0.78986581 | AR3: 0.81118081 | AS3: 0.7 | AT3: 0.82758004 | AU3: 0.80138951 | AV3: 0.82867758 | AW3: -
A4: BASE | B4: ACTFLO | C4: R_ES-SH-DH-70_ELC-HPA | D4: R_ES-DH-70-SpHeat | E4: - | F4: - | G4: 2010 | H4: commodity_group | I4: - | J4: - | K4: - | L4: 0.72282882 | M4: 0.81928901 | N4: 0.71202455 | O4: 0.799003 | P4: 0.7340881 | Q4: 0.86347572 | R4: 0.70618229 | S4: 0.70582025 | T4: 0.86347572 | U4: 0.8001875 | V4: 0.75698599 | W4: 0.72282882 | X4: 0.71635951 | Y4: 0.81733074 | Z4: 0.81671824 | AA4: 0.71202455 | AB4: 0.72917682 | AC4: 0.75951434 | AD4: 0.8001875 | AE4: 0.76164436 | AF4: 0.71202455 | AG4: 0.72542657 | AH4: 0.78087502 | AI4: 0.7595127 | AJ4: 0.71202455 | AK4: 0.72282882 | AL4: 0.67551175 | AM4: 0.82446857 | AN4: 0.8001875 | AO4: 0.77572558 | AP4: 0.74814389 | AQ4: 0.72440504 | AR4: 0.71202455 | AS4: 0.72971726 | AT4: 0.77385528 | AU4: 0.68382179 | AV4: 0.77247864 | AW4: -
A5: BASE | B5: ACTFLO | C5: R_ES-SH-DH-70_ELC-HPG | D5: R_ES-DH-70-SpHeat | E5: - | F5: - | G5: 2010 | H5: commodity_group | I5: - | J5: - | K5: - | L5: 0.72282882 | M5: 0.81928901 | N5: 0.71202455 | O5: 0.799003 | P5: 0.7340881 | Q5: 0.86347572 | R5: 0.70618229 | S5: 0.70582025 | T5: 0.86347572 | U5: 0.8001875 | V5: 0.75698599 | W5: 0.72282882 | X5: 0.71635951 | Y5: 0.81733074 | Z5: 0.81671824 | AA5: 0.71202455 | AB5: 0.72917682 | AC5: 0.75951434 | AD5: 0.8001875 | AE5: 0.76164436 | AF5: 0.71202455 | AG5: 0.72542657 | AH5: 0.78087502 | AI5: 0.7595127 | AJ5: 0.71202455 | AK5: 0.72282882 | AL5: 0.67551175 | AM5: 0.82446857 | AN5: 0.8001875 | AO5: 0.77572558 | AP5: 0.74814389 | AQ5: 0.72440504 | AR5: 0.71202455 | AS5: 0.72971726 | AT5: 0.77385528 | AU5: 0.68382179 | AV5: 0.77247864 | AW5: -
A6: BASE | B6: ACTFLO | C6: R_ES-SH-DH-70_ELC-R | D6: R_ES-DH-70-SpHeat | E6: - | F6: - | G6: 2010 | H6: commodity_group | I6: - | J6: - | K6: - | L6: 0.72282882 | M6: 0.81928901 | N6: 0.71202455 | O6: 0.799003 | P6: 0.7340881 | Q6: 0.86347572 | R6: 0.70618229 | S6: 0.70582025 | T6: 0.86347572 | U6: 0.8001875 | V6: 0.75698599 | W6: 0.72282882 | X6: 0.71635951 | Y6: 0.81733074 | Z6: 0.81671824 | AA6: 0.71202455 | AB6: 0.72917682 | AC6: 0.75951434 | AD6: 0.8001875 | AE6: 0.76164436 | AF6: 0.71202455 | AG6: 0.72542657 | AH6: 0.78087502 | AI6: 0.7595127 | AJ6: 0.71202455 | AK6: 0.72282882 | AL6: 0.67551175 | AM6: 0.82446857 | AN6: 0.8001875 | AO6: 0.77572558 | AP6: 0.74814389 | AQ6: 0.72440504 | AR6: 0.71202455 | AS6: 0.72971726 | AT6: 0.77385528 | AU6: 0.68382179 | AV6: 0.77247864 | AW6: -
A7: BASE | B7: ACTFLO | C7: R_ES-SH-DH-70_GAS | D7: R_ES-DH-70-SpHeat | E7: - | F7: - | G7: 2010 | H7: commodity_group | I7: - | J7: - | K7: - | L7: 0.78014366 | M7: 0.75592888 | N7: 0.7449943 | O7: 0.74380141 | P7: 0.74639155 | Q7: 0.81017863 | R7: 0.7 | S7: 0.73442601 | T7: 0.81017863 | U7: 0.78641563 | V7: 0.78019664 | W7: 0.78014366 | X7: 0.71577683 | Y7: 0.77841878 | Z7: 0.76097692 | AA7: 0.7449943 | AB7: 0.72153447 | AC7: 0.75604428 | AD7: 0.78641563 | AE7: 0.7268583 | AF7: 0.7449943 | AG7: 0.74154132 | AH7: 0.76486371 | AI7: 0.78490217 | AJ7: 0.7449943 | AK7: 0.78014366 | AL7: 0.7 | AM7: 0.77566284 | AN7: 0.78641563 | AO7: 0.7735443 | AP7: 0.78557278 | AQ7: 0.70221298 | AR7: 0.7449943 | AS7: 0.73166795 | AT7: 0.7894079 | AU7: 0.70945499 | AV7: 0.75515261 | AW7: -
A8: BASE | B8: ACTFLO | C8: R_ES-SH-DH-70_GEO | D8: R_ES-DH-70-SpHeat | E8: - | F8: - | G8: 2010 | H8: commodity_group | I8: - | J8: - | K8: - | L8: 0.85983635 | M8: 0.88333199 | N8: 0.86884496 | O8: 0.83553618 | P8: 0.81206531 | Q8: 0.95587493 | R8: 0.8 | S8: 0.85208331 | T8: 0.95587493 | U8: 0.91841114 | V8: 0.89056812 | W8: 0.76932726 | X8: 0.8 | Y8: 0.91664483 | Z8: 0.88619005 | AA8: 0.82057579 | AB8: 0.78352711 | AC8: 0.8 | AD8: 0.91841114 | AE8: 0.84751573 | AF8: 0.86884496 | AG8: 0.85076796 | AH8: 0.8 | AI8: 0.89852031 | AJ8: 0.86884496 | AK8: 0.85983635 | AL8: 0.8 | AM8: 0.90645522 | AN8: 0.91841114 | AO8: 0.89540543 | AP8: 0.8909757 | AQ8: 0.81167632 | AR8: 0.86884496 | AS8: 0.80134177 | AT8: 0.89751538 | AU8: 0.82350393 | AV8: 0.86559601 | AW8: -
A9: BASE | B9: ACTFLO | C9: R_ES-SH-DH-70_HET | D9: R_ES-DH-70-SpHeat | E9: - | F9: - | G9: 2010 | H9: commodity_group | I9: - | J9: - | K9: - | L9: 0.85983635 | M9: 0.88333199 | N9: 0.86884496 | O9: 0.83553618 | P9: 0.81206531 | Q9: 0.95587493 | R9: 0.8 | S9: 0.85208331 | T9: 0.95587493 | U9: 0.91841114 | V9: 0.89056812 | W9: 0.76932726 | X9: 0.8 | Y9: 0.91664483 | Z9: 0.88619005 | AA9: 0.82057579 | AB9: 0.78352711 | AC9: 0.8 | AD9: 0.91841114 | AE9: 0.84751573 | AF9: 0.86884496 | AG9: 0.85076796 | AH9: 0.8 | AI9: 0.89852031 | AJ9: 0.86884496 | AK9: 0.85983635 | AL9: 0.8 | AM9: 0.90645522 | AN9: 0.91841114 | AO9: 0.89540543 | AP9: 0.8909757 | AQ9: 0.81167632 | AR9: 0.86884496 | AS9: 0.80134177 | AT9: 0.89751538 | AU9: 0.82350393 | AV9: 0.86559601 | AW9: -
A10: BASE | B10: ACTFLO | C10: R_ES-SH-DH-70_LPG | D10: R_ES-DH-70-SpHeat | E10: - | F10: - | G10: 2010 | H10: commodity_group | I10: - | J10: - | K10: - | L10: 0.77466709 | M10: 0.80046714 | N10: 0.78562799 | O10: 0.78828873 | P10: 0.79832009 | Q10: 0.85774115 | R10: 0.58765689 | S10: 0.7 | T10: 0.85774115 | U10: 0.81901204 | V10: 0.81235393 | W10: 0.77466709 | X10: 0.73343396 | Y10: 0.80783474 | Z10: 0.80927992 | AA10: 0.73652624 | AB10: 0.7 | AC10: 0.79660266 | AD10: 0.81901204 | AE10: 0.77871481 | AF10: 0.78562799 | AG10: 0.88346567 | AH10: 0.81205753 | AI10: 0.87388164 | AJ10: 0.78562799 | AK10: 0.77466709 | AL10: 0.7 | AM10: 0.85466749 | AN10: 0.81901204 | AO10: 0.85913534 | AP10: 0.87110463 | AQ10: 0.78550869 | AR10: 0.78562799 | AS10: 0.80143671 | AT10: 0.792354 | AU10: 0.7 | AV10: 0.81555876 | AW10: -
A11: BASE | B11: ACTFLO | C11: R_ES-SH-DH-70_OIL | D11: R_ES-DH-70-SpHeat | E11: - | F11: - | G11: 2010 | H11: commodity_group | I11: - | J11: - | K11: - | L11: 0.77466709 | M11: 0.80046714 | N11: 0.78562799 | O11: 0.78828873 | P11: 0.79832009 | Q11: 0.85774115 | R11: 0.58765689 | S11: 0.7 | T11: 0.85774115 | U11: 0.81901204 | V11: 0.81235393 | W11: 0.77466709 | X11: 0.73343396 | Y11: 0.80783474 | Z11: 0.80927992 | AA11: 0.73652624 | AB11: 0.7 | AC11: 0.79660266 | AD11: 0.81901204 | AE11: 0.77871481 | AF11: 0.78562799 | AG11: 0.88346567 | AH11: 0.81205753 | AI11: 0.87388164 | AJ11: 0.78562799 | AK11: 0.77466709 | AL11: 0.7 | AM11: 0.85466749 | AN11: 0.81901204 | AO11: 0.85913534 | AP11: 0.87110463 | AQ11: 0.78550869 | AR11: 0.78562799 | AS11: 0.80143671 | AT11: 0.792354 | AU11: 0.7 | AV11: 0.81555876 | AW11: -
A12: BASE | B12: ACTFLO | C12: R_ES-SH-DH_BIO | D12: R_ES-DH-SpHeat | E12: - | F12: - | G12: 2010 | H12: commodity_group | I12: - | J12: - | K12: - | L12: 0.74633079 | M12: 0.79425199 | N12: 0.76016377 | O12: 0.78997503 | P12: 0.72609118 | Q12: 0.88939691 | R12: 0.56988643 | S12: 0.75698357 | T12: 0.88939691 | U12: 0.84781454 | V12: 0.73363854 | W12: 0.74633079 | X12: 0.70928681 | Y12: 0.83322321 | Z12: 0.79998616 | AA12: 0.70586636 | AB12: 0.76441135 | AC12: 0.76351422 | AD12: 0.84781454 | AE12: 0.76866988 | AF12: 0.76016377 | AG12: 0.74146384 | AH12: 0.79040869 | AI12: 0.79542896 | AJ12: 0.76016377 | AK12: 0.74633079 | AL12: 1.0434129 | AM12: 0.82267628 | AN12: 0.84781454 | AO12: 0.7832275 | AP12: 0.79601791 | AQ12: 0.73191705 | AR12: 0.76016377 | AS12: 0.7 | AT12: 0.78984393 | AU12: 0.7395726 | AV12: 0.81749292 | AW12: -
A13: BASE | B13: ACTFLO | C13: R_ES-SH-DH_COA | D13: R_ES-DH-SpHeat | E13: - | F13: - | G13: 2010 | H13: commodity_group | I13: - | J13: - | K13: - | L13: 0.7 | M13: 0.84000944 | N13: 0.81118081 | O13: 0.81351118 | P13: 0.76823819 | Q13: 0.92459294 | R13: 0.7 | S13: 0.80041513 | T13: 0.92459294 | U13: 0.7 | V13: 0.77552864 | W13: 0.7 | X13: 0.75325271 | Y13: 0.87390787 | Z13: 0.85293754 | AA13: 0.74878229 | AB13: 0.7876654 | AC13: 0.80013745 | AD13: 0.7 | AE13: 0.79418328 | AF13: 0.81118081 | AG13: 0.80856567 | AH13: 0.84657514 | AI13: 0.8283423 | AJ13: 0.81118081 | AK13: 0.7 | AL13: 0.7 | AM13: 0.87282859 | AN13: 0.7 | AO13: 0.83735337 | AP13: 0.7 | AQ13: 0.78986581 | AR13: 0.81118081 | AS13: 0.7 | AT13: 0.82758004 | AU13: 0.80138951 | AV13: 0.82867758 | AW13: -
... A121: BASE | B121: EFF | C121: R_ES-SH-SD_OIL | D121: - | E121: - | F121: ANNUAL | G121: 2010 | H121: - | I121: - | J121: - | K121: - | L121: 0.75 | M121: 0.8 | N121: 0.75 | O121: 0.8 | P121: 0.75 | Q121: 0.8 | R121: 0.8 | S121: 0.75 | T121: 0.8 | U121: 0.8 | V121: 0.8 | W121: 0.75 | X121: 0.8 | Y121: 0.8 | Z121: 0.8 | AA121: 0.8 | AB121: 0.75 | AC121: 0.8 | AD121: 0.8 | AE121: 0.8 | AF121: 0.75 | AG121: 0.75 | AH121: 0.8 | AI121: 0.75 | AJ121: 0.75 | AK121: 0.75 | AL121: 0.75 | AM121: 0.8 | AN121: 0.8 | AO121: 0.75 | AP121: 0.75 | AQ121: 0.75 | AR121: 0.75 | AS121: 0.8 | AT121: 0.8 | AU121: 0.75 | AV121: 0.8 | AW121: -

Sheet RES_WatHeat
A1: scenario | B1: attribute | C1: process | D1: commodity | E1: lim_type | F1: time_slice | G1: year | H1: commodity_group | I1: currency | J1: stage | K1: sow | L1: AL | M1: AT | N1: BA | O1: BE | P1: BG | Q1: CH | R1: CY | S1: CZ | T1: DE | U1: DK | V1: EE | W1: EL | X1: ES | Y1: FI | Z1: FR | AA1: HR | AB1: HU | AC1: IE | AD1: IS | AE1: IT | AF1: KS | AG1: LT | AH1: LU | AI1: LV | AJ1: ME | AK1: MK | AL1: MT | AM1: NL | AN1: NO | AO1: PL | AP1: PT | AQ1: RO | AR1: RS | AS1: SE | AT1: SI | AU1: SK | AV1: UK | AW1: year2
A2: BASE | B2: AFA | C2: R_ES-WH-DH_BIO | D2: - | E2: UP | F2: - | G2: 2010 | H2: - | I2: - | J2: - | K2: - | L2: 0.024815579 | M2: 0.02616379 | N2: 0.013092413 | O2: 0.022154431 | P2: 0.017639248 | Q2: 0.019789784 | R2: 0.022016615 | S2: 0.016570422 | T2: 0.021416336 | U2: 0.022609527 | V2: 0.020783505 | W2: 0.024236124 | X2: 0.02792954 | Y2: 0.0264163 | Z2: 0.023146812 | AA2: 0.014271101 | AB2: 0.012408249 | AC2: 0.025003153 | AD2: 0.024491869 | AE2: 0.01963372 | AF2: 0.0099620397 | AG2: 0.017074148 | AH2: 0.017815471 | AI2: 0.023953567 | AJ2: 0.017648292 | AK2: 0.014569274 | AL2: 0.010716071 | AM2: 0.021496708 | AN2: 0.035834053 | AO2: 0.021342082 | AP2: 0.03445659 | AQ2: 0.014301223 | AR2: 0.016109247 | AS2: 0.021612123 | AT2: 0.028772249 | AU2: 0.021840343 | AV2: 0.021419366 | AW2: -
A3: BASE | B3: AFA | C3: R_ES-WH-DH_COA | D3: - | E3: UP | F3: - | G3: 2010 | H3: - | I3: - | J3: - | K3: - | L3: 0.024815579 | M3: 0.02616379 | N3: 0.013092413 | O3: 0.022154431 | P3: 0.017639248 | Q3: 0.019789784 | R3: 0.022016615 | S3: 0.016570422 | T3: 0.021416336 | U3: 0.022609527 | V3: 0.020783505 | W3: 0.024236124 | X3: 0.02792954 | Y3: 0.0264163 | Z3: 0.023146812 | AA3: 0.014271101 | AB3: 0.012408249 | AC3: 0.025003153 | AD3: 0.024491869 | AE3: 0.01963372 | AF3: 0.0099620397 | AG3: 0.017074148 | AH3: 0.017815471 | AI3: 0.023953567 | AJ3: 0.017648292 | AK3: 0.014569274 | AL3: 0.010716071 | AM3: 0.021496708 | AN3: 0.035834053 | AO3: 0.021342082 | AP3: 0.03445659 | AQ3: 0.014301223 | AR3: 0.016109247 | AS3: 0.021612123 | AT3: 0.028772249 | AU3: 0.021840343 | AV3: 0.021419366 | AW3: -
A4: BASE | B4: AFA | C4: R_ES-WH-DH_ELC | D4: - | E4: UP | F4: - | G4: 2010 | H4: - | I4: - | J4: - | K4: - | L4: 0.074446738 | M4: 0.07849137 | N4: 0.03927724 | O4: 0.066463294 | P4: 0.052917743 | Q4: 0.059369353 | R4: 0.066049845 | S4: 0.049711265 | T4: 0.064249008 | U4: 0.06782858 | V4: 0.062350515 | W4: 0.072708373 | X4: 0.083788621 | Y4: 0.079248901 | Z4: 0.069440436 | AA4: 0.042813302 | AB4: 0.037224746 | AC4: 0.07500946 | AD4: 0.073475606 | AE4: 0.058901159 | AF4: 0.029886119 | AG4: 0.051222444 | AH4: 0.053446413 | AI4: 0.071860701 | AJ4: 0.052944877 | AK4: 0.043707822 | AL4: 0.032148212 | AM4: 0.064490123 | AN4: 0.10750216 | AO4: 0.064026246 | AP4: 0.10336977 | AQ4: 0.042903668 | AR4: 0.048327741 | AS4: 0.064836369 | AT4: 0.086316746 | AU4: 0.065521028 | AV4: 0.064258097 | AW4: -
A5: BASE | B5: AFA | C5: R_ES-WH-DH_GAS | D5: - | E5: UP | F5: - | G5: 2010 | H5: - | I5: - | J5: - | K5: - | L5: 0.031019474 | M5: 0.032704737 | N5: 0.016365517 | O5: 0.027693039 | P5: 0.02204906 | Q5: 0.02473723 | R5: 0.027520769 | S5: 0.020713027 | T5: 0.02677042 | U5: 0.028261908 | V5: 0.025979381 | W5: 0.030295155 | X5: 0.034911925 | Y5: 0.033020375 | Z5: 0.028933515 | AA5: 0.017838876 | AB5: 0.015510311 | AC5: 0.031253942 | AD5: 0.030614836 | AE5: 0.02454215 | AF5: 0.01245255 | AG5: 0.021342685 | AH5: 0.022269339 | AI5: 0.029941959 | AJ5: 0.022060365 | AK5: 0.018211592 | AL5: 0.013395089 | AM5: 0.026870885 | AN5: 0.044792567 | AO5: 0.026677603 | AP5: 0.043070738 | AQ5: 0.017876528 | AR5: 0.020136559 | AS5: 0.027015154 | AT5: 0.035965311 | AU5: 0.027300428 | AV5: 0.026774207 | AW5: -
A6: BASE | B6: AFA | C6: R_ES-WH-DH_HET | D6: - | E6: UP | F6: - | G6: 2010 | H6: - | I6: - | J6: - | K6: - | L6: 0.024815579 | M6: 0.02616379 | N6: 0.013092413 | O6: 0.022154431 | P6: 0.017639248 | Q6: 0.019789784 | R6: 0.022016615 | S6: 0.016570422 | T6: 0.021416336 | U6: 0.022609527 | V6: 0.020783505 | W6: 0.024236124 | X6: 0.02792954 | Y6: 0.0264163 | Z6: 0.023146812 | AA6: 0.014271101 | AB6: 0.012408249 | AC6: 0.025003153 | AD6: 0.024491869 | AE6: 0.01963372 | AF6: 0.0099620397 | AG6: 0.017074148 | AH6: 0.017815471 | AI6: 0.023953567 | AJ6: 0.017648292 | AK6: 0.014569274 | AL6: 0.010716071 | AM6: 0.021496708 | AN6: 0.035834053 | AO6: 0.021342082 | AP6: 0.03445659 | AQ6: 0.014301223 | AR6: 0.016109247 | AS6: 0.021612123 | AT6: 0.028772249 | AU6: 0.021840343 | AV6: 0.021419366 | AW6: -
A7: BASE | B7: AFA | C7: R_ES-WH-DH_LPG | D7: - | E7: UP | F7: - | G7: 2010 | H7: - | I7: - | J7: - | K7: - | L7: 0.031019474 | M7: 0.032704737 | N7: 0.016365517 | O7: 0.027693039 | P7: 0.02204906 | Q7: 0.02473723 | R7: 0.027520769 | S7: 0.020713027 | T7: 0.02677042 | U7: 0.028261908 | V7: 0.025979381 | W7: 0.030295155 | X7: 0.034911925 | Y7: 0.033020375 | Z7: 0.028933515 | AA7: 0.017838876 | AB7: 0.015510311 | AC7: 0.031253942 | AD7: 0.030614836 | AE7: 0.02454215 | AF7: 0.01245255 | AG7: 0.021342685 | AH7: 0.022269339 | AI7: 0.029941959 | AJ7: 0.022060365 | AK7: 0.018211592 | AL7: 0.013395089 | AM7: 0.026870885 | AN7: 0.044792567 | AO7: 0.026677603 | AP7: 0.043070738 | AQ7: 0.017876528 | AR7: 0.020136559 | AS7: 0.027015154 | AT7: 0.035965311 | AU7: 0.027300428 | AV7: 0.026774207 | AW7: -
A8: BASE | B8: AFA | C8: R_ES-WH-DH_OIL | D8: - | E8: UP | F8: - | G8: 2010 | H8: - | I8: - | J8: - | K8: - | L8: 0.024815579 | M8: 0.02616379 | N8: 0.013092413 | O8: 0.022154431 | P8: 0.017639248 | Q8: 0.019789784 | R8: 0.022016615 | S8: 0.016570422 | T8: 0.021416336 | U8: 0.022609527 | V8: 0.020783505 | W8: 0.024236124 | X8: 0.02792954 | Y8: 0.0264163 | Z8: 0.023146812 | AA8: 0.014271101 | AB8: 0.012408249 | AC8: 0.025003153 | AD8: 0.024491869 | AE8: 0.01963372 | AF8: 0.0099620397 | AG8: 0.017074148 | AH8: 0.017815471 | AI8: 0.023953567 | AJ8: 0.017648292 | AK8: 0.014569274 | AL8: 0.010716071 | AM8: 0.021496708 | AN8: 0.035834053 | AO8: 0.021342082 | AP8: 0.03445659 | AQ8: 0.014301223 | AR8: 0.016109247 | AS8: 0.021612123 | AT8: 0.028772249 | AU8: 0.021840343 | AV8: 0.021419366 | AW8: -
A9: BASE | B9: AFA | C9: R_ES-WH-DH_SOL | D9: - | E9: UP | F9: - | G9: 2010 | H9: - | I9: - | J9: - | K9: - | L9: 0.024815579 | M9: 0.02616379 | N9: 0.013092413 | O9: 0.022154431 | P9: 0.017639248 | Q9: 0.019789784 | R9: 0.022016615 | S9: 0.016570422 | T9: 0.021416336 | U9: 0.022609527 | V9: 0.020783505 | W9: 0.024236124 | X9: 0.02792954 | Y9: 0.0264163 | Z9: 0.023146812 | AA9: 0.014271101 | AB9: 0.012408249 | AC9: 0.025003153 | AD9: 0.024491869 | AE9: 0.01963372 | AF9: 0.0099620397 | AG9: 0.017074148 | AH9: 0.017815471 | AI9: 0.023953567 | AJ9: 0.017648292 | AK9: 0.014569274 | AL9: 0.010716071 | AM9: 0.021496708 | AN9: 0.035834053 | AO9: 0.021342082 | AP9: 0.03445659 | AQ9: 0.014301223 | AR9: 0.016109247 | AS9: 0.021612123 | AT9: 0.028772249 | AU9: 0.021840343 | AV9: 0.021419366 | AW9: -
A10: BASE | B10: AFA | C10: R_ES-WH-FL_BIO | D10: - | E10: UP | F10: - | G10: 2010 | H10: - | I10: - | J10: - | K10: - | L10: 0.093058422 | M10: 0.098114212 | N10: 0.04909655 | O10: 0.083079118 | P10: 0.066147179 | Q10: 0.074211691 | R10: 0.082562306 | S10: 0.062139082 | T10: 0.08031126 | U10: 0.084785725 | V10: 0.077938143 | W10: 0.090885466 | X10: 0.10473578 | Y10: 0.099061126 | Z10: 0.086800545 | AA10: 0.053516628 | AB10: 0.046530933 | AC10: 0.093761825 | AD10: 0.091844508 | AE10: 0.073626449 | AF10: 0.037357649 | AG10: 0.064028055 | AH10: 0.066808016 | AI10: 0.089825876 | AJ10: 0.066181096 | AK10: 0.054634777 | AL10: 0.040185266 | AM10: 0.080612654 | AN10: 0.1343777 | AO10: 0.080032808 | AP10: 0.12921221 | AQ10: 0.053629585 | AR10: 0.060409676 | AS10: 0.081045461 | AT10: 0.10789593 | AU10: 0.081901285 | AV10: 0.080322621 | AW10: -
A11: BASE | B11: AFA | C11: R_ES-WH-FL_COA | D11: - | E11: UP | F11: - | G11: 2010 | H11: - | I11: - | J11: - | K11: - | L11: 0.093058422 | M11: 0.098114212 | N11: 0.04909655 | O11: 0.083079118 | P11: 0.066147179 | Q11: 0.074211691 | R11: 0.082562306 | S11: 0.062139082 | T11: 0.08031126 | U11: 0.084785725 | V11: 0.077938143 | W11: 0.090885466 | X11: 0.10473578 | Y11: 0.099061126 | Z11: 0.086800545 | AA11: 0.053516628 | AB11: 0.046530933 | AC11: 0.093761825 | AD11: 0.091844508 | AE11: 0.073626449 | AF11: 0.037357649 | AG11: 0.064028055 | AH11: 0.066808016 | AI11: 0.089825876 | AJ11: 0.066181096 | AK11: 0.054634777 | AL11: 0.040185266 | AM11: 0.080612654 | AN11: 0.1343777 | AO11: 0.080032808 | AP11: 0.12921221 | AQ11: 0.053629585 | AR11: 0.060409676 | AS11: 0.081045461 | AT11: 0.10789593 | AU11: 0.081901285 | AV11: 0.080322621 | AW11: -
A12: BASE | B12: AFA | C12: R_ES-WH-FL_ELC | D12: - | E12: UP | F12: - | G12: 2010 | H12: - | I12: - | J12: - | K12: - | L12: 0.093058422 | M12: 0.098114212 | N12: 0.04909655 | O12: 0.083079118 | P12: 0.066147179 | Q12: 0.074211691 | R12: 0.082562306 | S12: 0.062139082 | T12: 0.08031126 | U12: 0.084785725 | V12: 0.077938143 | W12: 0.090885466 | X12: 0.10473578 | Y12: 0.099061126 | Z12: 0.086800545 | AA12: 0.053516628 | AB12: 0.046530933 | AC12: 0.093761825 | AD12: 0.091844508 | AE12: 0.073626449 | AF12: 0.037357649 | AG12: 0.064028055 | AH12: 0.066808016 | AI12: 0.089825876 | AJ12: 0.066181096 | AK12: 0.054634777 | AL12: 0.040185266 | AM12: 0.080612654 | AN12: 0.1343777 | AO12: 0.080032808 | AP12: 0.12921221 | AQ12: 0.053629585 | AR12: 0.060409676 | AS12: 0.081045461 | AT12: 0.10789593 | AU12: 0.081901285 | AV12: 0.080322621 | AW12: -
A13: BASE | B13: AFA | C13: R_ES-WH-FL_GAS | D13: - | E13: UP | F13: - | G13: 2010 | H13: - | I13: - | J13: - | K13: - | L13: 0.093058422 | M13: 0.098114212 | N13: 0.04909655 | O13: 0.083079118 | P13: 0.066147179 | Q13: 0.074211691 | R13: 0.082562306 | S13: 0.062139082 | T13: 0.08031126 | U13: 0.084785725 | V13: 0.077938143 | W13: 0.090885466 | X13: 0.10473578 | Y13: 0.099061126 | Z13: 0.086800545 | AA13: 0.053516628 | AB13: 0.046530933 | AC13: 0.093761825 | AD13: 0.091844508 | AE13: 0.073626449 | AF13: 0.037357649 | AG13: 0.064028055 | AH13: 0.066808016 | AI13: 0.089825876 | AJ13: 0.066181096 | AK13: 0.054634777 | AL13: 0.040185266 | AM13: 0.080612654 | AN13: 0.1343777 | AO13: 0.080032808 | AP13: 0.12921221 | AQ13: 0.053629585 | AR13: 0.060409676 | AS13: 0.081045461 | AT13: 0.10789593 | AU13: 0.081901285 | AV13: 0.080322621 | AW13: -
... A49: BASE | B49: EFF | C49: R_ES-WH-SD_SOL | D49: - | E49: - | F49: ANNUAL | G49: 2010 | H49: - | I49: - | J49: - | K49: - | L49: 0.81 | M49: 0.89 | N49: 0.82 | O49: 0.87 | P49: 0.78 | Q49: 0.95 | R49: 0.65 | S49: 0.81 | T49: 0.95 | U49: 0.92 | V49: 0.84 | W49: 0.81 | X49: 0.65 | Y49: 0.92 | Z49: 0.89 | AA49: 0.82 | AB49: 0.8 | AC49: 0.65 | AD49: 0.92 | AE49: 0.85650558 | AF49: 0.82 | AG49: 0.81 | AH49: 0.65 | AI49: 0.84 | AJ49: 0.82 | AK49: 0.81 | AL49: 0.65 | AM49: 0.91 | AN49: 0.92 | AO49: 0.84 | AP49: 0.86 | AQ49: 0.78 | AR49: 0.82 | AS49: 0.84 | AT49: 0.88 | AU49: 0.78 | AV49: 0.65 | AW49: -

Sheet RES_SpCool
A1: scenario | B1: attribute | C1: process | D1: commodity | E1: lim_type | F1: time_slice | G1: year | H1: commodity_group | I1: currency | J1: stage | K1: sow | L1: AL | M1: AT | N1: BA | O1: BE | P1: BG | Q1: CH | R1: CY | S1: CZ | T1: DE | U1: DK | V1: EE | W1: EL | X1: ES | Y1: FI | Z1: FR | AA1: HR | AB1: HU | AC1: IE | AD1: IS | AE1: IT | AF1: KS | AG1: LT | AH1: LU | AI1: LV | AJ1: ME | AK1: MK | AL1: MT | AM1: NL | AN1: NO | AO1: PL | AP1: PT | AQ1: RO | AR1: RS | AS1: SE | AT1: SI | AU1: SK | AV1: UK | AW1: year2
A2: BASE | B2: AFA | C2: R_ES-SC-DH_ELC | D2: - | E2: UP | F2: - | G2: 2010 | H2: - | I2: - | J2: - | K2: - | L2: 0.02288359 | M2: 0.0021302164 | N2: 0.054996059 | O2: 0.0069617957 | P2: 0.0036027425 | Q2: 0.002159531 | R2: 0.049181985 | S2: 0.00039949171 | T2: 0.0019130725 | U2: 0.0014437084 | V2: 8.1419412e-05 | W2: 0.017147161 | X2: 0.012724499 | Y2: 0.00051828235 | Z2: 0.014718315 | AA2: 0.026783388 | AB2: 0.00042401414 | AC2: 0.0011683861 | AD2: 0.00045030461 | AE2: 0.013152332 | AF2: 0.046086779 | AG2: 6.6124823e-05 | AH2: 0.019752038 | AI2: 1.0873074e-05 | AJ2: 0.022813613 | AK2: 0.065256273 | AL2: 0.056542395 | AM2: 0.0045234859 | AN2: 0.0016626781 | AO2: 0.00026127893 | AP2: 0.009162039 | AQ2: 0.00054641281 | AR2: 0.059964651 | AS2: 0.0010973361 | AT2: 0.004211295 | AU2: 0.0013208195 | AV2: 0.00078546003 | AW2: -
A3: BASE | B3: AFA | C3: R_ES-SC-FL_ELC | D3: - | E3: UP | F3: - | G3: 2010 | H3: - | I3: - | J3: - | K3: - | L3: 0.02288359 | M3: 0.0021302164 | N3: 0.054996059 | O3: 0.0069617957 | P3: 0.0036027425 | Q3: 0.002159531 | R3: 0.049181985 | S3: 0.00039949171 | T3: 0.0019130725 | U3: 0.0014437084 | V3: 8.1419412e-05 | W3: 0.017147161 | X3: 0.012724499 | Y3: 0.00051828235 | Z3: 0.014718315 | AA3: 0.026783388 | AB3: 0.00042401414 | AC3: 0.0011683861 | AD3: 0.00045030461 | AE3: 0.013152332 | AF3: 0.046086779 | AG3: 6.6124823e-05 | AH3: 0.019752038 | AI3: 1.0873074e-05 | AJ3: 0.022813613 | AK3: 0.065256273 | AL3: 0.056542395 | AM3: 0.0045234859 | AN3: 0.0016626781 | AO3: 0.00026127893 | AP3: 0.009162039 | AQ3: 0.00054641281 | AR3: 0.059964651 | AS3: 0.0010973361 | AT3: 0.004211295 | AU3: 0.0013208195 | AV3: 0.00078546003 | AW3: -
A4: BASE | B4: AFA | C4: R_ES-SC-SD_ELC | D4: - | E4: UP | F4: - | G4: 2010 | H4: - | I4: - | J4: - | K4: - | L4: 0.02288359 | M4: 0.0021302164 | N4: 0.054996059 | O4: 0.0069617957 | P4: 0.0036027425 | Q4: 0.002159531 | R4: 0.049181985 | S4: 0.00039949171 | T4: 0.0019130725 | U4: 0.0014437084 | V4: 8.1419412e-05 | W4: 0.017147161 | X4: 0.012724499 | Y4: 0.00051828235 | Z4: 0.014718315 | AA4: 0.026783388 | AB4: 0.00042401414 | AC4: 0.0011683861 | AD4: 0.00045030461 | AE4: 0.013152332 | AF4: 0.046086779 | AG4: 6.6124823e-05 | AH4: 0.019752038 | AI4: 1.0873074e-05 | AJ4: 0.022813613 | AK4: 0.065256273 | AL4: 0.056542395 | AM4: 0.0045234859 | AN4: 0.0016626781 | AO4: 0.00026127893 | AP4: 0.009162039 | AQ4: 0.00054641281 | AR4: 0.059964651 | AS4: 0.0010973361 | AT4: 0.004211295 | AU4: 0.0013208195 | AV4: 0.00078546003 | AW4: -
A5: BASE | B5: EFF | C5: R_ES-SC-DH_ELC | D5: - | E5: - | F5: ANNUAL | G5: 2010 | H5: - | I5: - | J5: - | K5: - | L5: 1.95 | M5: 2.1 | N5: 1.97 | O5: 2.05 | P5: 1.9 | Q5: 2.19 | R5: 1.8 | S5: 1.95 | T5: 2.19 | U5: 2.14 | V5: 2 | W5: 1.95 | X5: 2 | Y5: 2.14 | Z5: 2.1 | AA5: 1.97 | AB5: 1.92 | AC5: 2.07 | AD5: 2.14 | AE5: 2.03 | AF5: 1.97 | AG5: 1.95 | AH5: 2.1 | AI5: 2 | AJ5: 1.97 | AK5: 1.95 | AL5: 1.85 | AM5: 2.125 | AN5: 2.14 | AO5: 2 | AP5: 2.03 | AQ5: 1.9 | AR5: 1.97 | AS5: 2 | AT5: 2.07 | AU5: 1.9 | AV5: 2.07 | AW5: -
A6: BASE | B6: EFF | C6: R_ES-SC-FL_ELC | D6: - | E6: - | F6: ANNUAL | G6: 2010 | H6: - | I6: - | J6: - | K6: - | L6: 1.95 | M6: 2.1 | N6: 1.97 | O6: 2.05 | P6: 1.9 | Q6: 2.19 | R6: 1.8 | S6: 1.95 | T6: 2.19 | U6: 2.14 | V6: 2 | W6: 1.95 | X6: 2 | Y6: 2.14 | Z6: 2.1 | AA6: 1.97 | AB6: 1.92 | AC6: 2.07 | AD6: 2.14 | AE6: 2.03 | AF6: 1.97 | AG6: 1.95 | AH6: 2.1 | AI6: 2 | AJ6: 1.97 | AK6: 1.95 | AL6: 1.85 | AM6: 2.125 | AN6: 2.14 | AO6: 2 | AP6: 2.03 | AQ6: 1.9 | AR6: 1.97 | AS6: 2 | AT6: 2.07 | AU6: 1.9 | AV6: 2.07 | AW6: -
A7: BASE | B7: EFF | C7: R_ES-SC-SD_ELC | D7: - | E7: - | F7: ANNUAL | G7: 2010 | H7: - | I7: - | J7: - | K7: - | L7: 1.95 | M7: 2.1 | N7: 1.97 | O7: 2.05 | P7: 1.9 | Q7: 2.19 | R7: 1.8 | S7: 1.95 | T7: 2.19 | U7: 2.14 | V7: 2 | W7: 1.95 | X7: 2 | Y7: 2.14 | Z7: 2.1 | AA7: 1.97 | AB7: 1.92 | AC7: 2.07 | AD7: 2.14 | AE7: 2.03 | AF7: 1.97 | AG7: 1.95 | AH7: 2.1 | AI7: 2 | AJ7: 1.97 | AK7: 1.95 | AL7: 1.85 | AM7: 2.125 | AN7: 2.14 | AO7: 2 | AP7: 2.03 | AQ7: 1.9 | AR7: 1.97 | AS7: 2 | AT7: 2.07 | AU7: 1.9 | AV7: 2.07 | AW7: -

Sheet RES_Others
A1: scenario | B1: attribute | C1: process | D1: commodity | E1: lim_type | F1: time_slice | G1: year | H1: commodity_group | I1: currency | J1: stage | K1: sow | L1: AL | M1: AT | N1: BA | O1: BE | P1: BG | Q1: CH | R1: CY | S1: CZ | T1: DE | U1: DK | V1: EE | W1: EL | X1: ES | Y1: FI | Z1: FR | AA1: HR | AB1: HU | AC1: IE | AD1: IS | AE1: IT | AF1: KS | AG1: LT | AH1: LU | AI1: LV | AJ1: ME | AK1: MK | AL1: MT | AM1: NL | AN1: NO | AO1: PL | AP1: PT | AQ1: RO | AR1: RS | AS1: SE | AT1: SI | AU1: SK | AV1: UK | AW1: year2
A2: BASE | B2: EFF | C2: R_ES-CK-DH_BIO | D2: - | E2: - | F2: ANNUAL | G2: 2010 | H2: - | I2: - | J2: - | K2: - | L2: 0.33 | M2: 0.35 | P2: 0.32 | Q2: 0.35 | S2: 0.32 | V2: 0.32 | W2: 0.33 | X2: 0.33 | AB2: 0.33 | AD2: 0.35 | AG2: 0.32 | AI2: 0.33 | AJ2: 0.33 | AK2: 0.33 | AN2: 0.35 | AO2: 0.33 | AP2: 0.32 | AQ2: 0.32 | AT2: 0.35 | AW2: -
A3: BASE | B3: EFF | C3: R_ES-CK-DH_COA | D3: - | E3: - | F3: ANNUAL | G3: 2010 | H3: - | I3: - | J3: - | K3: - | M3: 0.35 | P3: 0.32 | Q3: 0.35 | X3: 0.33 | AB3: 0.33 | AD3: 0.35 | AN3: 0.35 | AO3: 0.33 | AW3: -
A4: BASE | B4: EFF | C4: R_ES-CK-DH_ELC | D4: - | E4: - | F4: ANNUAL | G4: 2010 | H4: - | I4: - | J4: - | K4: - | L4: 0.81 | M4: 0.83 | N4: 0.81 | O4: 0.83 | P4: 0.8 | Q4: 0.84 | R4: 0.8 | S4: 0.8 | T4: 0.84 | U4: 0.84 | V4: 0.8 | W4: 0.81 | X4: 0.81 | Y4: 0.84 | Z4: 0.84 | AA4: 0.81 | AB4: 0.81 | AC4: 0.83 | AD4: 0.84 | AE4: 0.84 | AF4: 0.81 | AG4: 0.8 | AH4: 0.84 | AI4: 0.81 | AJ4: 0.81 | AK4: 0.81 | AL4: 0.81 | AM4: 0.835 | AN4: 0.84 | AO4: 0.81 | AP4: 0.8 | AQ4: 0.8 | AR4: 0.81 | AS4: 0.85 | AT4: 0.84 | AU4: 0.81 | AV4: 0.83 | AW4: -
A5: BASE | B5: EFF | C5: R_ES-CK-DH_GAS | D5: - | E5: - | F5: ANNUAL | G5: 2010 | H5: - | I5: - | J5: - | K5: - | L5: 0.46 | M5: 0.49 | N5: 0.46 | O5: 0.49 | P5: 0.44 | Q5: 0.49 | S5: 0.45 | T5: 0.49 | U5: 0.49 | V5: 0.45 | W5: 0.46 | X5: 0.46 | Y5: 0.5 | Z5: 0.49 | AA5: 0.46 | AB5: 0.46 | AC5: 0.48 | AD5: 0.49 | AE5: 0.5 | AF5: 0.46 | AG5: 0.45 | AH5: 0.5 | AI5: 0.46 | AJ5: 0.46 | AK5: 0.46 | AM5: 0.485 | AN5: 0.49 | AO5: 0.46 | AP5: 0.44 | AQ5: 0.45 | AR5: 0.46 | AS5: 0.5 | AT5: 0.49 | AU5: 0.46 | AV5: 0.48 | AW5: -
A6: BASE | B6: EFF | C6: R_ES-CK-DH_LPG | D6: - | E6: - | F6: ANNUAL | G6: 2010 | H6: - | I6: - | J6: - | K6: - | L6: 0.43 | M6: 0.45 | N6: 0.43 | O6: 0.45 | P6: 0.41 | Q6: 0.46 | R6: 0.42 | S6: 0.42 | T6: 0.46 | U6: 0.46 | V6: 0.42 | W6: 0.43 | X6: 0.43 | Y6: 0.46 | Z6: 0.46 | AA6: 0.43 | AB6: 0.42 | AC6: 0.45 | AD6: 0.46 | AE6: 0.46 | AF6: 0.43 | AG6: 0.42 | AH6: 0.46 | AI6: 0.43 | AJ6: 0.43 | AK6: 0.43 | AL6: 0.43 | AM6: 0.45 | AN6: 0.46 | AO6: 0.43 | AP6: 0.41 | AQ6: 0.42 | AR6: 0.43 | AT6: 0.46 | AU6: 0.43 | AV6: 0.45 | AW6: -
A7: BASE | B7: EFF | C7: R_ES-CK-FL_BIO | D7: - | E7: - | F7: ANNUAL | G7: 2010 | H7: - | I7: - | J7: - | K7: - | L7: 0.33 | M7: 0.35 | P7: 0.32 | Q7: 0.35 | S7: 0.32 | V7: 0.32 | W7: 0.33 | X7: 0.33 | AB7: 0.33 | AD7: 0.35 | AG7: 0.32 | AI7: 0.33 | AJ7: 0.33 | AK7: 0.33 | AN7: 0.35 | AO7: 0.33 | AP7: 0.32 | AQ7: 0.32 | AT7: 0.35 | AW7: -
A8: BASE | B8: EFF | C8: R_ES-CK-FL_COA | D8: - | E8: - | F8: ANNUAL | G8: 2010 | H8: - | I8: - | J8: - | K8: - | M8: 0.35 | P8: 0.32 | Q8: 0.35 | X8: 0.33 | AB8: 0.33 | AD8: 0.35 | AN8: 0.35 | AO8: 0.33 | AW8: -
A9: BASE | B9: EFF | C9: R_ES-CK-FL_ELC | D9: - | E9: - | F9: ANNUAL | G9: 2010 | H9: - | I9: - | J9: - | K9: - | L9: 0.81 | M9: 0.83 | N9: 0.81 | O9: 0.83 | P9: 0.8 | Q9: 0.84 | R9: 0.8 | S9: 0.8 | T9: 0.84 | U9: 0.84 | V9: 0.8 | W9: 0.81 | X9: 0.81 | Y9: 0.84 | Z9: 0.84 | AA9: 0.81 | AB9: 0.81 | AC9: 0.83 | AD9: 0.84 | AE9: 0.84 | AF9: 0.81 | AG9: 0.8 | AH9: 0.84 | AI9: 0.81 | AJ9: 0.81 | AK9: 0.81 | AL9: 0.81 | AM9: 0.835 | AN9: 0.84 | AO9: 0.81 | AP9: 0.8 | AQ9: 0.8 | AR9: 0.81 | AS9: 0.85 | AT9: 0.84 | AU9: 0.81 | AV9: 0.83 | AW9: -
A10: BASE | B10: EFF | C10: R_ES-CK-FL_GAS | D10: - | E10: - | F10: ANNUAL | G10: 2010 | H10: - | I10: - | J10: - | K10: - | L10: 0.46 | M10: 0.49 | N10: 0.46 | O10: 0.49 | P10: 0.44 | Q10: 0.49 | S10: 0.45 | T10: 0.49 | U10: 0.49 | V10: 0.45 | W10: 0.46 | X10: 0.46 | Y10: 0.5 | Z10: 0.49 | AA10: 0.46 | AB10: 0.46 | AC10: 0.48 | AD10: 0.49 | AE10: 0.5 | AF10: 0.46 | AG10: 0.45 | AH10: 0.5 | AI10: 0.46 | AJ10: 0.46 | AK10: 0.46 | AM10: 0.485 | AN10: 0.49 | AO10: 0.46 | AP10: 0.44 | AQ10: 0.45 | AR10: 0.46 | AS10: 0.5 | AT10: 0.49 | AU10: 0.46 | AV10: 0.48 | AW10: -
A11: BASE | B11: EFF | C11: R_ES-CK-FL_LPG | D11: - | E11: - | F11: ANNUAL | G11: 2010 | H11: - | I11: - | J11: - | K11: - | L11: 0.43 | M11: 0.45 | N11: 0.43 | O11: 0.45 | P11: 0.41 | Q11: 0.46 | R11: 0.42 | S11: 0.42 | T11: 0.46 | U11: 0.46 | V11: 0.42 | W11: 0.43 | X11: 0.43 | Y11: 0.46 | Z11: 0.46 | AA11: 0.43 | AB11: 0.42 | AC11: 0.45 | AD11: 0.46 | AE11: 0.46 | AF11: 0.43 | AG11: 0.42 | AH11: 0.46 | AI11: 0.43 | AJ11: 0.43 | AK11: 0.43 | AL11: 0.43 | AM11: 0.45 | AN11: 0.46 | AO11: 0.43 | AP11: 0.41 | AQ11: 0.42 | AR11: 0.43 | AT11: 0.46 | AU11: 0.43 | AV11: 0.45 | AW11: -
A12: BASE | B12: EFF | C12: R_ES-CK-SD_BIO | D12: - | E12: - | F12: ANNUAL | G12: 2010 | H12: - | I12: - | J12: - | K12: - | L12: 0.33 | M12: 0.35 | P12: 0.32 | Q12: 0.35 | S12: 0.32 | V12: 0.32 | W12: 0.33 | X12: 0.33 | AB12: 0.33 | AD12: 0.35 | AG12: 0.32 | AI12: 0.33 | AJ12: 0.33 | AK12: 0.33 | AN12: 0.35 | AO12: 0.33 | AP12: 0.32 | AQ12: 0.32 | AT12: 0.35 | AW12: -
A13: BASE | B13: EFF | C13: R_ES-CK-SD_COA | D13: - | E13: - | F13: ANNUAL | G13: 2010 | H13: - | I13: - | J13: - | K13: - | M13: 0.35 | P13: 0.32 | Q13: 0.35 | X13: 0.33 | AB13: 0.33 | AD13: 0.35 | AN13: 0.35 | AO13: 0.33 | AW13: -
A14: BASE | B14: EFF | C14: R_ES-CK-SD_ELC | D14: - | E14: - | F14: ANNUAL | G14: 2010 | H14: - | I14: - | J14: - | K14: - | L14: 0.81 | M14: 0.83 | N14: 0.81 | O14: 0.83 | P14: 0.8 | Q14: 0.84 | R14: 0.8 | S14: 0.8 | T14: 0.84 | U14: 0.84 | V14: 0.8 | W14: 0.81 | X14: 0.81 | Y14: 0.84 | Z14: 0.84 | AA14: 0.81 | AB14: 0.81 | AC14: 0.83 | AD14: 0.84 | AE14: 0.84 | AF14: 0.81 | AG14: 0.8 | AH14: 0.84 | AI14: 0.81 | AJ14: 0.81 | AK14: 0.81 | AL14: 0.81 | AM14: 0.835 | AN14: 0.84 | AO14: 0.81 | AP14: 0.8 | AQ14: 0.8 | AR14: 0.81 | AS14: 0.85 | AT14: 0.84 | AU14: 0.81 | AV14: 0.83 | AW14: -
A15: BASE | B15: EFF | C15: R_ES-CK-SD_GAS | D15: - | E15: - | F15: ANNUAL | G15: 2010 | H15: - | I15: - | J15: - | K15: - | L15: 0.46 | M15: 0.49 | N15: 0.46 | O15: 0.49 | P15: 0.44 | Q15: 0.49 | S15: 0.45 | T15: 0.49 | U15: 0.49 | V15: 0.45 | W15: 0.46 | X15: 0.46 | Y15: 0.5 | Z15: 0.49 | AA15: 0.46 | AB15: 0.46 | AC15: 0.48 | AD15: 0.49 | AE15: 0.5 | AF15: 0.46 | AG15: 0.45 | AH15: 0.5 | AI15: 0.46 | AJ15: 0.46 | AK15: 0.46 | AM15: 0.485 | AN15: 0.49 | AO15: 0.46 | AP15: 0.44 | AQ15: 0.45 | AR15: 0.46 | AS15: 0.5 | AT15: 0.49 | AU15: 0.46 | AV15: 0.48 | AW15: -
A16: BASE | B16: EFF | C16: R_ES-CK-SD_LPG | D16: - | E16: - | F16: ANNUAL | G16: 2010 | H16: - | I16: - | J16: - | K16: - | L16: 0.43 | M16: 0.45 | N16: 0.43 | O16: 0.45 | P16: 0.41 | Q16: 0.46 | R16: 0.42 | S16: 0.42 | T16: 0.46 | U16: 0.46 | V16: 0.42 | W16: 0.43 | X16: 0.43 | Y16: 0.46 | Z16: 0.46 | AA16: 0.43 | AB16: 0.42 | AC16: 0.45 | AD16: 0.46 | AE16: 0.46 | AF16: 0.43 | AG16: 0.42 | AH16: 0.46 | AI16: 0.43 | AJ16: 0.43 | AK16: 0.43 | AL16: 0.43 | AM16: 0.45 | AN16: 0.46 | AO16: 0.43 | AP16: 0.41 | AQ16: 0.42 | AR16: 0.43 | AT16: 0.46 | AU16: 0.43 | AV16: 0.45 | AW16: -
A17: BASE | B17: INPUT | C17: RCDRELC00 | D17: RSDELC-other | E17: - | F17: ANNUAL | G17: 2010 | H17: - | I17: - | J17: - | K17: - | L17: 1.3506549 | M17: 1.4528306 | N17: 1.3506549 | O17: 1.4858905 | P17: 1.6097525 | Q17: 1.4528306 | R17: 1.751679 | S17: 1.1982857 | T17: 1.3448908 | U17: 1.3580897 | V17: 1.5711564 | W17: 1.3506549 | X17: 1.6326984 | Y17: 1.4609764 | Z17: 1.5834954 | AA17: 1.471827 | AB17: 1.2406208 | AC17: 1.5168224 | AD17: 1.3802609 | AE17: 1.3592212 | AF17: 1.3506549 | AG17: 1.2966457 | AH17: 1.4336778 | AI17: 1.549689 | AJ17: 1.3506549 | AK17: 1.3506549 | AL17: 1.4233452 | AM17: 1.358695 | AN17: 1.3802609 | AO17: 1.2578488 | AP17: 1.5696323 | AQ17: 1.4106392 | AR17: 1.3506549 | AS17: 1.3802609 | AT17: 1.5277628 | AU17: 1.2447193 | AV17: 1.4703969 | AW17: -
A18: BASE | B18: INPUT | C18: RCWAELC00 | D18: RSDELC-other | E18: - | F18: ANNUAL | G18: 2010 | H18: - | I18: - | J18: - | K18: - | L18: 0.6334404 | M18: 0.69565674 | N18: 0.6334404 | O18: 0.71658654 | P18: 0.79621341 | Q18: 0.69565674 | R18: 0.89315818 | S18: 0.54314893 | T18: 0.62859133 | U18: 0.63571625 | V18: 0.80383409 | W18: 0.6334404 | X18: 0.80949437 | Y18: 0.70077138 | Z18: 0.78025358 | AA18: 0.70772941 | AB18: 0.54783736 | AC18: 0.74142937 | AD18: 0.64982188 | AE18: 0.65557664 | AF18: 0.6334404 | AG18: 0.60000311 | AH18: 0.69303637 | AI18: 0.77359501 | AJ18: 0.6334404 | AK18: 0.6334404 | AL18: 0.6765942 | AM18: 0.63629086 | AN18: 0.64982188 | AO18: 0.57695961 | AP18: 0.76877015 | AQ18: 0.68053958 | AR18: 0.6334404 | AS18: 0.64982188 | AT18: 0.74352222 | AU18: 0.5703685 | AV18: 0.70657716 | AW18: -
A19: BASE | B19: INPUT | C19: RDWAELC00 | D19: RSDELC-other | E19: - | F19: ANNUAL | G19: 2010 | H19: - | I19: - | J19: - | K19: - | L19: 0.83333716 | M19: 0.94166673 | N19: 0.83333716 | O19: 0.97750479 | P19: 1.1191605 | Q19: 0.94166673 | R19: 1.2892961 | S19: 0.68135848 | T19: 0.82820057 | U19: 0.84120604 | V19: 1.0565161 | W19: 0.83333716 | X19: 1.0773286 | Y19: 0.95052782 | Z19: 1.0878365 | AA19: 0.96211546 | AB19: 0.72018985 | AC19: 1.0202179 | AD19: 0.86444861 | AE19: 0.87259244 | AF19: 0.83333716 | AG19: 0.77546577 | AH19: 0.93736822 | AI19: 1.0781964 | AJ19: 0.83333716 | AK19: 0.83333716 | AL19: 0.90854739 | AM19: 0.84158712 | AN19: 0.86444861 | AO19: 0.73776177 | AP19: 1.0214794 | AQ19: 0.87585978 | AR19: 0.83333716 | AS19: 0.86444861 | AT19: 1.0243633 | AU19: 0.72592165 | AV19: 0.96032574 | AW19: -
A20: BASE | B20: INPUT | C20: RLIGELC00 | D20: RSDELC-other | E20: - | F20: ANNUAL | G20: 2010 | H20: - | I20: - | J20: - | K20: - | L20: 0.099564297 | M20: 0.09914047 | N20: 0.099564297 | O20: 0.093281255 | P20: 0.10595351 | Q20: 0.09914047 | R20: 0.10029887 | S20: 0.093740152 | T20: 0.10196711 | U20: 0.098362194 | V20: 0.10029889 | W20: 0.099564297 | X20: 0.094829111 | Y20: 0.09679948 | Z20: 0.09918654 | AA20: 0.09919915 | AB20: 0.098803084 | AC20: 0.099140861 | AD20: 0.098317527 | AE20: 0.096222713 | AF20: 0.099564297 | AG20: 0.10029944 | AH20: 0.09914156 | AI20: 0.10029973 | AJ20: 0.099564297 | AK20: 0.099564297 | AL20: 0.10029896 | AM20: 0.099141613 | AN20: 0.098317527 | AO20: 0.1002986 | AP20: 0.098587313 | AQ20: 0.10401086 | AR20: 0.099564297 | AS20: 0.098317527 | AT20: 0.10029943 | AU20: 0.10029907 | AV20: 0.099772728 | AW20: -
A21: BASE | B21: INPUT | C21: ROELELC00 | D21: RSDELC-other | E21: - | F21: ANNUAL | G21: 2010 | H21: - | I21: - | J21: - | K21: - | L21: 1.1383772 | M21: 1.1826274 | N21: 1.1383772 | O21: 1.2446125 | P21: 1.6265524 | Q21: 1.1826274 | R21: 1.7455907 | S21: 0.88069197 | T21: 1.008183 | U21: 1.0141848 | V21: 1.5334124 | W21: 1.1383772 | X21: 1.5224105 | Y21: 1.1805012 | Z21: 1.3991597 | AA21: 1.2899264 | AB21: 0.94616773 | AC21: 1.3120957 | AD21: 1.0282571 | AE21: 1.1310412 | AF21: 1.1383772 | AG21: 1.0734411 | AH21: 1.1521222 | AI21: 1.5002998 | AJ21: 1.1383772 | AK21: 1.1383772 | AL21: 1.1696571 | AM21: 1.0075969 | AN21: 1.0282571 | AO21: 0.96626589 | AP21: 1.4367497 | AQ21: 1.286239 | AR21: 1.1383772 | AS21: 1.0282571 | AT21: 1.3391207 | AU21: 0.94329319 | AV21: 1.2119484 | AW21: -
A22: BASE | B22: INPUT | C22: RREFELC00 | D22: RSDELC-other | E22: - | F22: ANNUAL | G22: 2010 | H22: - | I22: - | J22: - | K22: - | L22: 1.3855408 | M22: 1.4699645 | N22: 1.3855408 | O22: 1.5324575 | P22: 1.6336805 | Q22: 1.4699645 | R22: 1.7057504 | S22: 1.5920745 | T22: 1.3512032 | U22: 1.3525853 | V22: 1.7125292 | W22: 1.3855408 | X22: 1.4394022 | Y22: 1.4467598 | Z22: 1.5734673 | AA22: 1.5340254 | AB22: 1.5537825 | AC22: 1.4724804 | AD22: 1.4080856 | AE22: 1.442837 | AF22: 1.3855408 | AG22: 1.6334684 | AH22: 1.428193 | AI22: 1.5949706 | AJ22: 1.3855408 | AK22: 1.3855408 | AL22: 1.7219433 | AM22: 1.3108611 | AN22: 1.4080856 | AO22: 1.4663514 | AP22: 1.5560253 | AQ22: 1.406359 | AR22: 1.3855408 | AS22: 1.4080856 | AT22: 1.7348766 | AU22: 1.6743012 | AV22: 1.3160866 | AW22: -
A23: BASE | B23: PRC_CAPACT | C23: R_ES-CK-DH_BIO | D23: - | E23: - | F23: - | G23: - | H23: - | I23: - | J23: - | K23: - | L23: 0.0096401693 | M23: 0.0030415223 | P23: 0.0036540878 | Q23: 0.002 | S23: 0.002828146 | V23: 0.002766056 | W23: 0.0056268448 | X23: 0.0038085079 | AB23: 0.0027436497 | AD23: 0.002 | AG23: 0.0024095487 | AI23: 0.0018732826 | AJ23: 0.0079551734 | AK23: 0.002 | AN23: 0.002 | AO23: 0.0031582031 | AP23: 0.015925988 | AQ23: 0.0026716941 | AT23: 0.0023401915 | AW23: -
A24: BASE | B24: PRC_CAPACT | C24: R_ES-CK-DH_COA | D24: - | E24: - | F24: - | G24: - | H24: - | I24: - | J24: - | K24: - | M24: 0.0030415223 | P24: 0.0036540878 | Q24: 0.002 | X24: 0.0038085079 | AB24: 0.0027436497 | AD24: 0.002 | AN24: 0.002 | AO24: 0.0031582031 | AW24: -
A25: BASE | B25: PRC_CAPACT | C25: R_ES-CK-DH_ELC | D25: - | E25: - | F25: - | G25: - | H25: - | I25: - | J25: - | K25: - | L25: 0.0096401693 | M25: 0.0030415223 | N25: 0.0042581434 | O25: 0.0034102939 | P25: 0.0036540878 | Q25: 0.0035508104 | R25: 0.0031425495 | S25: 0.002828146 | T25: 0.0032488706 | U25: 0.0028361457 | V25: 0.002766056 | W25: 0.0056268448 | X25: 0.0038085079 | Y25: 0.0026293573 | Z25: 0.0046456786 | AA25: 0.0030876066 | AB25: 0.0027436497 | AC25: 0.002970741 | AD25: 0.0022971798 | AE25: 0.0024563707 | AF25: 0.0037550697 | AG25: 0.0024095487 | AH25: 0.0028951277 | AI25: 0.0018732826 | AJ25: 0.0079551734 | AK25: 0.0052408565 | AL25: 0.0040464055 | AM25: 0.0033326077 | AN25: 0.0074120673 | AO25: 0.0031582031 | AP25: 0.015925988 | AQ25: 0.0026716941 | AR25: 0.0048263692 | AS25: 0.0026513054 | AT25: 0.0023401915 | AU25: 0.003632819 | AV25: 0.0020315869 | AW25: -
A26: BASE | B26: PRC_CAPACT | C26: R_ES-CK-DH_GAS | D26: - | E26: - | F26: - | G26: - | H26: - | I26: - | J26: - | K26: - | L26: 0.002 | M26: 0.0030415223 | N26: 0.0042581434 | O26: 0.0034102939 | P26: 0.0036540878 | Q26: 0.0035508104 | S26: 0.002828146 | T26: 0.0032488706 | U26: 0.0028361457 | V26: 0.002766056 | W26: 0.0056268448 | X26: 0.0038085079 | Y26: 0.0026293573 | Z26: 0.0046456786 | AA26: 0.0030876066 | AB26: 0.0027436497 | AC26: 0.002970741 | AD26: 0.002 | AE26: 0.0024563707 | AF26: 0.002 | AG26: 0.0024095487 | AH26: 0.0028951277 | AI26: 0.0018732826 | AJ26: 0.002 | AK26: 0.002 | AM26: 0.0033326077 | AN26: 0.0074120673 | AO26: 0.0031582031 | AP26: 0.015925988 | AQ26: 0.0026716941 | AR26: 0.0048263692 | AS26: 0.0026513054 | AT26: 0.0023401915 | AU26: 0.003632819 | AV26: 0.0020315869 | AW26: -
A27: BASE | B27: PRC_CAPACT | C27: R_ES-CK-DH_LPG | D27: - | E27: - | F27: - | G27: - | H27: - | I27: - | J27: - | K27: - | L27: 0.0096401693 | M27: 0.0030415223 | N27: 0.002 | O27: 0.0034102939 | P27: 0.0036540878 | Q27: 0.002 | R27: 0.0031425495 | S27: 0.002828146 | T27: 0.0032488706 | U27: 0.0028361457 | V27: 0.002766056 | W27: 0.0056268448 | X27: 0.0038085079 | Y27: 0.0026293573 | Z27: 0.0046456786 | AA27: 0.0030876066 | AB27: 0.0027436497 | AC27: 0.002970741 | AD27: 0.0022971798 | AE27: 0.0024563707 | AF27: 0.0037550697 | AG27: 0.0024095487 | AH27: 0.0028951277 | AI27: 0.0018732826 | AJ27: 0.002 | AK27: 0.0052408565 | AL27: 0.0040464055 | AM27: 0.0033326077 | AN27: 0.0074120673 | AO27: 0.0031582031 | AP27: 0.015925988 | AQ27: 0.0026716941 | AR27: 0.0048263692 | AT27: 0.0023401915 | AU27: 0.003632819 | AV27: 0.0020315869 | AW27: -
A28: BASE | B28: PRC_CAPACT | C28: R_ES-CK-FL_BIO | D28: - | E28: - | F28: - | G28: - | H28: - | I28: - | J28: - | K28: - | L28: 0.0096401693 | M28: 0.0030415223 | P28: 0.0036540878 | Q28: 0.002 | S28: 0.002828146 | V28: 0.002766056 | W28: 0.0056268448 | X28: 0.0038085079 | AB28: 0.0027436497 | AD28: 0.002 | AG28: 0.0024095487 | AI28: 0.0018732826 | AJ28: 0.0079551734 | AK28: 0.002 | AN28: 0.002 | AO28: 0.0031582031 | AP28: 0.015925988 | AQ28: 0.0026716941 | AT28: 0.0023401915 | AW28: -
A29: BASE | B29: PRC_CAPACT | C29: R_ES-CK-FL_COA | D29: - | E29: - | F29: - | G29: - | H29: - | I29: - | J29: - | K29: - | M29: 0.0030415223 | P29: 0.0036540878 | Q29: 0.002 | X29: 0.0038085079 | AB29: 0.0027436497 | AD29: 0.002 | AN29: 0.002 | AO29: 0.0031582031 | AW29: -
A30: BASE | B30: PRC_CAPACT | C30: R_ES-CK-FL_ELC | D30: - | E30: - | F30: - | G30: - | H30: - | I30: - | J30: - | K30: - | L30: 0.0096401693 | M30: 0.0030415223 | N30: 0.0042581434 | O30: 0.0034102939 | P30: 0.0036540878 | Q30: 0.0035508104 | R30: 0.0031425495 | S30: 0.002828146 | T30: 0.0032488706 | U30: 0.0028361457 | V30: 0.002766056 | W30: 0.0056268448 | X30: 0.0038085079 | Y30: 0.0026293573 | Z30: 0.0046456786 | AA30: 0.0030876066 | AB30: 0.0027436497 | AC30: 0.002970741 | AD30: 0.0022971798 | AE30: 0.0024563707 | AF30: 0.0037550697 | AG30: 0.0024095487 | AH30: 0.0028951277 | AI30: 0.0018732826 | AJ30: 0.0079551734 | AK30: 0.0052408565 | AL30: 0.0040464055 | AM30: 0.0033326077 | AN30: 0.0074120673 | AO30: 0.0031582031 | AP30: 0.015925988 | AQ30: 0.0026716941 | AR30: 0.0048263692 | AS30: 0.0026513054 | AT30: 0.0023401915 | AU30: 0.003632819 | AV30: 0.0020315869 | AW30: -
A31: BASE | B31: PRC_CAPACT | C31: R_ES-CK-FL_GAS | D31: - | E31: - | F31: - | G31: - | H31: - | I31: - | J31: - | K31: - | L31: 0.002 | M31: 0.0030415223 | N31: 0.0042581434 | O31: 0.0034102939 | P31: 0.0036540878 | Q31: 0.0035508104 | S31: 0.002828146 | T31: 0.0032488706 | U31: 0.0028361457 | V31: 0.002766056 | W31: 0.0056268448 | X31: 0.0038085079 | Y31: 0.0026293573 | Z31: 0.0046456786 | AA31: 0.0030876066 | AB31: 0.0027436497 | AC31: 0.002970741 | AD31: 0.002 | AE31: 0.0024563707 | AF31: 0.002 | AG31: 0.0024095487 | AH31: 0.0028951277 | AI31: 0.0018732826 | AJ31: 0.002 | AK31: 0.002 | AM31: 0.0033326077 | AN31: 0.0074120673 | AO31: 0.0031582031 | AP31: 0.015925988 | AQ31: 0.0026716941 | AR31: 0.0048263692 | AS31: 0.0026513054 | AT31: 0.0023401915 | AU31: 0.003632819 | AV31: 0.0020315869 | AW31: -
A32: BASE | B32: PRC_CAPACT | C32: R_ES-CK-FL_LPG | D32: - | E32: - | F32: - | G32: - | H32: - | I32: - | J32: - | K32: - | L32: 0.0096401693 | M32: 0.0030415223 | N32: 0.002 | O32: 0.0034102939 | P32: 0.0036540878 | Q32: 0.002 | R32: 0.0031425495 | S32: 0.002828146 | T32: 0.0032488706 | U32: 0.0028361457 | V32: 0.002766056 | W32: 0.0056268448 | X32: 0.0038085079 | Y32: 0.0026293573 | Z32: 0.0046456786 | AA32: 0.0030876066 | AB32: 0.0027436497 | AC32: 0.002970741 | AD32: 0.0022971798 | AE32: 0.0024563707 | AF32: 0.0037550697 | AG32: 0.0024095487 | AH32: 0.0028951277 | AI32: 0.0018732826 | AJ32: 0.002 | AK32: 0.0052408565 | AL32: 0.0040464055 | AM32: 0.0033326077 | AN32: 0.0074120673 | AO32: 0.0031582031 | AP32: 0.015925988 | AQ32: 0.0026716941 | AR32: 0.0048263692 | AT32: 0.0023401915 | AU32: 0.003632819 | AV32: 0.0020315869 | AW32: -
A33: BASE | B33: PRC_CAPACT | C33: R_ES-CK-SD_BIO | D33: - | E33: - | F33: - | G33: - | H33: - | I33: - | J33: - | K33: - | L33: 0.0096401693 | M33: 0.0030415223 | P33: 0.0036540878 | Q33: 0.002 | S33: 0.002828146 | V33: 0.002766056 | W33: 0.0056268448 | X33: 0.0038085079 | AB33: 0.0027436497 | AD33: 0.002 | AG33: 0.0024095487 | AI33: 0.0018732826 | AJ33: 0.0079551734 | AK33: 0.002 | AN33: 0.002 | AO33: 0.0031582031 | AP33: 0.015925988 | AQ33: 0.0026716941 | AT33: 0.0023401915 | AW33: -
A34: BASE | B34: PRC_CAPACT | C34: R_ES-CK-SD_COA | D34: - | E34: - | F34: - | G34: - | H34: - | I34: - | J34: - | K34: - | M34: 0.0030415223 | P34: 0.0036540878 | Q34: 0.002 | X34: 0.0038085079 | AB34: 0.0027436497 | AD34: 0.002 | AN34: 0.002 | AO34: 0.0031582031 | AW34: -
A35: BASE | B35: PRC_CAPACT | C35: R_ES-CK-SD_ELC | D35: - | E35: - | F35: - | G35: - | H35: - | I35: - | J35: - | K35: - | L35: 0.0096401693 | M35: 0.0030415223 | N35: 0.0042581434 | O35: 0.0034102939 | P35: 0.0036540878 | Q35: 0.0035508104 | R35: 0.0031425495 | S35: 0.002828146 | T35: 0.0032488706 | U35: 0.0028361457 | V35: 0.002766056 | W35: 0.0056268448 | X35: 0.0038085079 | Y35: 0.0026293573 | Z35: 0.0046456786 | AA35: 0.0030876066 | AB35: 0.0027436497 | AC35: 0.002970741 | AD35: 0.0022971798 | AE35: 0.0024563707 | AF35: 0.0037550697 | AG35: 0.0024095487 | AH35: 0.0028951277 | AI35: 0.0018732826 | AJ35: 0.0079551734 | AK35: 0.0052408565 | AL35: 0.0040464055 | AM35: 0.0033326077 | AN35: 0.0074120673 | AO35: 0.0031582031 | AP35: 0.015925988 | AQ35: 0.0026716941 | AR35: 0.0048263692 | AS35: 0.0026513054 | AT35: 0.0023401915 | AU35: 0.003632819 | AV35: 0.0020315869 | AW35: -
A36: BASE | B36: PRC_CAPACT | C36: R_ES-CK-SD_GAS | D36: - | E36: - | F36: - | G36: - | H36: - | I36: - | J36: - | K36: - | L36: 0.002 | M36: 0.0030415223 | N36: 0.0042581434 | O36: 0.0034102939 | P36: 0.0036540878 | Q36: 0.0035508104 | S36: 0.002828146 | T36: 0.0032488706 | U36: 0.0028361457 | V36: 0.002766056 | W36: 0.0056268448 | X36: 0.0038085079 | Y36: 0.0026293573 | Z36: 0.0046456786 | AA36: 0.0030876066 | AB36: 0.0027436497 | AC36: 0.002970741 | AD36: 0.002 | AE36: 0.0024563707 | AF36: 0.002 | AG36: 0.0024095487 | AH36: 0.0028951277 | AI36: 0.0018732826 | AJ36: 0.002 | AK36: 0.002 | AM36: 0.0033326077 | AN36: 0.0074120673 | AO36: 0.0031582031 | AP36: 0.015925988 | AQ36: 0.0026716941 | AR36: 0.0048263692 | AS36: 0.0026513054 | AT36: 0.0023401915 | AU36: 0.003632819 | AV36: 0.0020315869 | AW36: -
A37: BASE | B37: PRC_CAPACT | C37: R_ES-CK-SD_LPG | D37: - | E37: - | F37: - | G37: - | H37: - | I37: - | J37: - | K37: - | L37: 0.0096401693 | M37: 0.0030415223 | N37: 0.002 | O37: 0.0034102939 | P37: 0.0036540878 | Q37: 0.002 | R37: 0.0031425495 | S37: 0.002828146 | T37: 0.0032488706 | U37: 0.0028361457 | V37: 0.002766056 | W37: 0.0056268448 | X37: 0.0038085079 | Y37: 0.0026293573 | Z37: 0.0046456786 | AA37: 0.0030876066 | AB37: 0.0027436497 | AC37: 0.002970741 | AD37: 0.0022971798 | AE37: 0.0024563707 | AF37: 0.0037550697 | AG37: 0.0024095487 | AH37: 0.0028951277 | AI37: 0.0018732826 | AJ37: 0.002 | AK37: 0.0052408565 | AL37: 0.0040464055 | AM37: 0.0033326077 | AN37: 0.0074120673 | AO37: 0.0031582031 | AP37: 0.015925988 | AQ37: 0.0026716941 | AR37: 0.0048263692 | AT37: 0.0023401915 | AU37: 0.003632819 | AV37: 0.0020315869 | AW37: -

Sheet RSD_HeatCAPEX
B1: Central EU | L1: South EU | V1: East EU | AF1: North EU
B2: ~TFM_INS-TS: EUR17 | L2: ~TFM_INS-TS: EUR17 | V2: ~TFM_INS-TS: EUR17 | AF2: ~TFM_INS-TS: EUR17
B3: Attribute | C3: PSet_PN | D3: Region | E3: *units | F3: 2011 | G3: 2020 | H3: 2030 | I3: 2040 | J3: 2050 | L3: Attribute | M3: PSet_PN | N3: Region | O3: *units | P3: 2011 | Q3: 2020 | R3: 2030 | S3: 2040 | T3: 2050 | V3: Attribute | W3: PSet_PN | X3: Region | Y3: *units | Z3: 2011 | AA3: 2020 | AB3: 2030 | AC3: 2040 | AD3: 2050 | AF3: Attribute | AG3: PSet_PN | AH3: Region | AI3: *units | AJ3: 2011 | AK3: 2020 | AL3: 2030 | AM3: 2040 | AN3: 2050
B4: INVCOST | C4: =RSDTechsCE!B4 -> R_ES-SH-DH_OIL01 | E4: k€/unit | F4: =IFERROR(RSDTechsCE!L4/1000,"") -> 5.527 | G4: =IFERROR(RSDTechsCE!M4/1000,"") -> 5.527 | H4: =IFERROR(RSDTechsCE!N4/1000,"") -> 5.527 | I4: =IFERROR(RSDTechsCE!O4/1000,"") -> 5.527 | J4: =IFERROR(RSDTechsCE!P4/1000,"") -> 5.527
B5: INVCOST | C5: =RSDTechsCE!B5 -> R_ES-SH-DH_OIL02 | E5: k€/unit | F5: =IFERROR(RSDTechsCE!L5/1000,"") -> 5.527 | G5: =IFERROR(RSDTechsCE!M5/1000,"") -> 5.527 | H5: =IFERROR(RSDTechsCE!N5/1000,"") -> 5.527 | I5: =IFERROR(RSDTechsCE!O5/1000,"") -> 5.527 | J5: =IFERROR(RSDTechsCE!P5/1000,"") -> 5.527
B6: INVCOST | C6: =RSDTechsCE!B6 -> R_ES-SH-DH_OIL02-SOLspl | E6: k€/unit | F6: =IFERROR(RSDTechsCE!L6/1000,"") -> 6.294 | G6: =IFERROR(RSDTechsCE!M6/1000,"") -> 6.00036 | H6: =IFERROR(RSDTechsCE!N6/1000,"") -> 5.75566 | I6: =IFERROR(RSDTechsCE!O6/1000,"") -> 4.67898 | J6: =IFERROR(RSDTechsCE!P6/1000,"") -> 4.67898
B7: INVCOST | C7: =RSDTechsCE!B7 -> R_ES-SH-DH_OIL02-BIOspl | E7: k€/unit | F7: =IFERROR(RSDTechsCE!L7/1000,"") -> 4.2 | G7: =IFERROR(RSDTechsCE!M7/1000,"") -> 4.2 | H7: =IFERROR(RSDTechsCE!N7/1000,"") -> 5.1 | I7: =IFERROR(RSDTechsCE!O7/1000,"") -> 5.1 | J7: =IFERROR(RSDTechsCE!P7/1000,"") -> 5.1
B8: INVCOST | C8: =RSDTechsCE!B8 -> R_ES-SH-DH_GAS01 | E8: k€/unit | F8: =IFERROR(RSDTechsCE!L8/1000,"") -> 4.309 | G8: =IFERROR(RSDTechsCE!M8/1000,"") -> 4.309 | H8: =IFERROR(RSDTechsCE!N8/1000,"") -> 4.309 | I8: =IFERROR(RSDTechsCE!O8/1000,"") -> 4.309 | J8: =IFERROR(RSDTechsCE!P8/1000,"") -> 4.309
B9: INVCOST | C9: =RSDTechsCE!B9 -> R_ES-SH-DH_GAS02 | E9: k€/unit | F9: =IFERROR(RSDTechsCE!L9/1000,"") -> 4.309 | G9: =IFERROR(RSDTechsCE!M9/1000,"") -> 4.309 | H9: =IFERROR(RSDTechsCE!N9/1000,"") -> 4.309 | I9: =IFERROR(RSDTechsCE!O9/1000,"") -> 4.309 | J9: =IFERROR(RSDTechsCE!P9/1000,"") -> 4.309
B10: INVCOST | C10: =RSDTechsCE!B10 -> R_ES-SH-DH_GAS01-SOLspl | E10: k€/unit | F10: =IFERROR(RSDTechsCE!L10/1000,"") -> 6.294 | G10: =IFERROR(RSDTechsCE!M10/1000,"") -> 6.00036 | H10: =IFERROR(RSDTechsCE!N10/1000,"") -> 5.75566 | I10: =IFERROR(RSDTechsCE!O10/1000,"") -> 4.67898 | J10: =IFERROR(RSDTechsCE!P10/1000,"") -> 4.67898
B11: INVCOST | C11: =RSDTechsCE!B11 -> R_ES-SH-DH_GAS02-BIOspl | E11: k€/unit | F11: =IFERROR(RSDTechsCE!L11/1000,"") -> 4.2 | G11: =IFERROR(RSDTechsCE!M11/1000,"") -> 4.2 | H11: =IFERROR(RSDTechsCE!N11/1000,"") -> 5.1 | I11: =IFERROR(RSDTechsCE!O11/1000,"") -> 5.1 | J11: =IFERROR(RSDTechsCE!P11/1000,"") -> 5.1
B12: INVCOST | C12: =RSDTechsCE!B12 -> R_ES-SH-DH_BIO01 | E12: k€/unit | F12: =IFERROR(RSDTechsCE!L12/1000,"") -> 16.55 | G12: =IFERROR(RSDTechsCE!M12/1000,"") -> 16.55 | H12: =IFERROR(RSDTechsCE!N12/1000,"") -> 17.72 | I12: =IFERROR(RSDTechsCE!O12/1000,"") -> 17.72 | J12: =IFERROR(RSDTechsCE!P12/1000,"") -> 17.72
B13: INVCOST | C13: =RSDTechsCE!B13 -> R_ES-SH-DH_ELC01 | E13: k€/unit | F13: =IFERROR(RSDTechsCE!L13/1000,"") -> 4 | G13: =IFERROR(RSDTechsCE!M13/1000,"") -> 4 | H13: =IFERROR(RSDTechsCE!N13/1000,"") -> 4 | I13: =IFERROR(RSDTechsCE!O13/1000,"") -> 4 | J13: =IFERROR(RSDTechsCE!P13/1000,"") -> 4
B14: INVCOST | C14: =RSDTechsCE!B14 -> R_ES-SH-DH_ELC02 | E14: k€/unit | F14: =IFERROR(RSDTechsCE!L14/1000,"") -> 15.389 | G14: =IFERROR(RSDTechsCE!M14/1000,"") -> 14.61955 | H14: =IFERROR(RSDTechsCE!N14/1000,"") -> 13.23454 | I14: =IFERROR(RSDTechsCE!O14/1000,"") -> 12.61898 | J14: =IFERROR(RSDTechsCE!P14/1000,"") -> 12.61898
B15: INVCOST | C15: =RSDTechsCE!B15 -> R_ES-SH-DH_ELC02-ELCspl | E15: k€/unit | F15: =IFERROR(RSDTechsCE!L15/1000,"") -> 3.0395388 | G15: =IFERROR(RSDTechsCE!M15/1000,"") -> 3.0395388 | H15: =IFERROR(RSDTechsCE!N15/1000,"") -> 3.0395388 | I15: =IFERROR(RSDTechsCE!O15/1000,"") -> 3.0395388 | J15: =IFERROR(RSDTechsCE!P15/1000,"") -> 3.0395388
... B41: INVCOST | C41: =RSDTechsCE!B41 -> R_ES-CHP-DH-OILspl | E41: k€/unit | F41: =IFERROR(RSDTechsCE!L41/1000,"") -> 5.527 | G41: =IFERROR(RSDTechsCE!M41/1000,"") -> 5.527 | H41: =IFERROR(RSDTechsCE!N41/1000,"") -> 5.527 | I41: =IFERROR(RSDTechsCE!O41/1000,"") -> 5.527 | J41: =IFERROR(RSDTechsCE!P41/1000,"") -> 5.527
B43: ~TFM_INS-TS: EUR17
B44: Attribute | C44: PSet_PN | D44: Region | E44: *units | F44: 2011 | G44: 2020 | H44: 2030 | I44: 2040 | J44: 2050
B45: INVCOST | C45: =RSDTechsCE!B45 -> R_ES-SH-DH-70_OIL01 | E45: k€/unit | F45: =IFERROR(RSDTechsCE!L45/1000,"") -> 5.527 | G45: =IFERROR(RSDTechsCE!M45/1000,"") -> 5.527 | H45: =IFERROR(RSDTechsCE!N45/1000,"") -> 5.527 | I45: =IFERROR(RSDTechsCE!O45/1000,"") -> 5.527 | J45: =IFERROR(RSDTechsCE!P45/1000,"") -> 5.527
B46: INVCOST | C46: =RSDTechsCE!B46 -> R_ES-SH-DH-70_OIL02 | E46: k€/unit | F46: =IFERROR(RSDTechsCE!L46/1000,"") -> 5.527 | G46: =IFERROR(RSDTechsCE!M46/1000,"") -> 5.527 | H46: =IFERROR(RSDTechsCE!N46/1000,"") -> 5.527 | I46: =IFERROR(RSDTechsCE!O46/1000,"") -> 5.527 | J46: =IFERROR(RSDTechsCE!P46/1000,"") -> 5.527
B47: INVCOST | C47: =RSDTechsCE!B47 -> R_ES-SH-DH-70_OIL02-SOLspl | E47: k€/unit | F47: =IFERROR(RSDTechsCE!L47/1000,"") -> 6.294 | G47: =IFERROR(RSDTechsCE!M47/1000,"") -> 6.00036 | H47: =IFERROR(RSDTechsCE!N47/1000,"") -> 5.75566 | I47: =IFERROR(RSDTechsCE!O47/1000,"") -> 4.67898 | J47: =IFERROR(RSDTechsCE!P47/1000,"") -> 4.67898
B48: INVCOST | C48: =RSDTechsCE!B48 -> R_ES-SH-DH-70_OIL02-BIOspl | E48: k€/unit | F48: =IFERROR(RSDTechsCE!L48/1000,"") -> 4.2 | G48: =IFERROR(RSDTechsCE!M48/1000,"") -> 4.2 | H48: =IFERROR(RSDTechsCE!N48/1000,"") -> 5.1 | I48: =IFERROR(RSDTechsCE!O48/1000,"") -> 5.1 | J48: =IFERROR(RSDTechsCE!P48/1000,"") -> 5.1
B49: INVCOST | C49: =RSDTechsCE!B49 -> R_ES-SH-DH-70_GAS01 | E49: k€/unit | F49: =IFERROR(RSDTechsCE!L49/1000,"") -> 4.309 | G49: =IFERROR(RSDTechsCE!M49/1000,"") -> 4.309 | H49: =IFERROR(RSDTechsCE!N49/1000,"") -> 4.309 | I49: =IFERROR(RSDTechsCE!O49/1000,"") -> 4.309 | J49: =IFERROR(RSDTechsCE!P49/1000,"") -> 4.309
B50: INVCOST | C50: =RSDTechsCE!B50 -> R_ES-SH-DH-70_GAS02 | E50: k€/unit | F50: =IFERROR(RSDTechsCE!L50/1000,"") -> 4.309 | G50: =IFERROR(RSDTechsCE!M50/1000,"") -> 4.309 | H50: =IFERROR(RSDTechsCE!N50/1000,"") -> 4.309 | I50: =IFERROR(RSDTechsCE!O50/1000,"") -> 4.309 | J50: =IFERROR(RSDTechsCE!P50/1000,"") -> 4.309
B51: INVCOST | C51: =RSDTechsCE!B51 -> R_ES-SH-DH-70_GAS02-SOLspl | E51: k€/unit | F51: =IFERROR(RSDTechsCE!L51/1000,"") -> 6.294 | G51: =IFERROR(RSDTechsCE!M51/1000,"") -> 6.00036 | H51: =IFERROR(RSDTechsCE!N51/1000,"") -> 5.75566 | I51: =IFERROR(RSDTechsCE!O51/1000,"") -> 4.67898 | J51: =IFERROR(RSDTechsCE!P51/1000,"") -> 4.67898
B52: INVCOST | C52: =RSDTechsCE!B52 -> R_ES-SH-DH-70_GAS02-BIOspl | E52: k€/unit | F52: =IFERROR(RSDTechsCE!L52/1000,"") -> 4.2 | G52: =IFERROR(RSDTechsCE!M52/1000,"") -> 4.2 | H52: =IFERROR(RSDTechsCE!N52/1000,"") -> 5.1 | I52: =IFERROR(RSDTechsCE!O52/1000,"") -> 5.1 | J52: =IFERROR(RSDTechsCE!P52/1000,"") -> 5.1
B53: INVCOST | C53: =RSDTechsCE!B53 -> R_ES-SH-DH-70_BIO01 | E53: k€/unit | F53: =IFERROR(RSDTechsCE!L53/1000,"") -> 16.55 | G53: =IFERROR(RSDTechsCE!M53/1000,"") -> 16.55 | H53: =IFERROR(RSDTechsCE!N53/1000,"") -> 17.72 | I53: =IFERROR(RSDTechsCE!O53/1000,"") -> 17.72 | J53: =IFERROR(RSDTechsCE!P53/1000,"") -> 17.72
B54: INVCOST | C54: =RSDTechsCE!B54 -> R_ES-SH-DH-70_ELC01 | E54: k€/unit | F54: =IFERROR(RSDTechsCE!L54/1000,"") -> 4 | G54: =IFERROR(RSDTechsCE!M54/1000,"") -> 4 | H54: =IFERROR(RSDTechsCE!N54/1000,"") -> 4 | I54: =IFERROR(RSDTechsCE!O54/1000,"") -> 4 | J54: =IFERROR(RSDTechsCE!P54/1000,"") -> 4
B55: INVCOST | C55: =RSDTechsCE!B55 -> R_ES-SH-DH-70_ELC02 | E55: k€/unit | F55: =IFERROR(RSDTechsCE!L55/1000,"") -> 15.389 | G55: =IFERROR(RSDTechsCE!M55/1000,"") -> 14.61955 | H55: =IFERROR(RSDTechsCE!N55/1000,"") -> 13.23454 | I55: =IFERROR(RSDTechsCE!O55/1000,"") -> 12.61898 | J55: =IFERROR(RSDTechsCE!P55/1000,"") -> 12.61898
B56: INVCOST | C56: =RSDTechsCE!B56 -> R_ES-SH-DH-70_ELC02-ELCspl | E56: k€/unit | F56: =IFERROR(RSDTechsCE!L56/1000,"") -> 3.0395388 | G56: =IFERROR(RSDTechsCE!M56/1000,"") -> 3.0395388 | H56: =IFERROR(RSDTechsCE!N56/1000,"") -> 3.0395388 | I56: =IFERROR(RSDTechsCE!O56/1000,"") -> 3.0395388 | J56: =IFERROR(RSDTechsCE!P56/1000,"") -> 3.0395388
... B82: INVCOST | C82: =RSDTechsCE!B82 -> R_ES-CHP-DH-70-OILspl | E82: k€/unit | F82: =IFERROR(RSDTechsCE!L82/1000,"") -> 5.527 | G82: =IFERROR(RSDTechsCE!M82/1000,"") -> 5.527 | H82: =IFERROR(RSDTechsCE!N82/1000,"") -> 5.527 | I82: =IFERROR(RSDTechsCE!O82/1000,"") -> 5.527 | J82: =IFERROR(RSDTechsCE!P82/1000,"") -> 5.527
B84: ~TFM_INS-TS: EUR17
B85: Attribute | C85: PSet_PN | D85: Region | E85: *units | F85: 2011 | G85: 2020 | H85: 2030 | I85: 2040 | J85: 2050
B86: INVCOST | C86: =RSDTechsCE!B86 -> R_ES-SH-SD_OIL01 | E86: k€/unit | F86: =IFERROR(RSDTechsCE!L86/1000,"") -> 5.527 | G86: =IFERROR(RSDTechsCE!M86/1000,"") -> 5.527 | H86: =IFERROR(RSDTechsCE!N86/1000,"") -> 5.527 | I86: =IFERROR(RSDTechsCE!O86/1000,"") -> 5.527 | J86: =IFERROR(RSDTechsCE!P86/1000,"") -> 5.527
B87: INVCOST | C87: =RSDTechsCE!B87 -> R_ES-SH-SD_OIL02 | E87: k€/unit | F87: =IFERROR(RSDTechsCE!L87/1000,"") -> 5.527 | G87: =IFERROR(RSDTechsCE!M87/1000,"") -> 5.527 | H87: =IFERROR(RSDTechsCE!N87/1000,"") -> 5.527 | I87: =IFERROR(RSDTechsCE!O87/1000,"") -> 5.527 | J87: =IFERROR(RSDTechsCE!P87/1000,"") -> 5.527
B88: INVCOST | C88: =RSDTechsCE!B88 -> R_ES-SH-SD_OIL02-SOLspl | E88: k€/unit | F88: =IFERROR(RSDTechsCE!L88/1000,"") -> 6.294 | G88: =IFERROR(RSDTechsCE!M88/1000,"") -> 6.00036 | H88: =IFERROR(RSDTechsCE!N88/1000,"") -> 5.75566 | I88: =IFERROR(RSDTechsCE!O88/1000,"") -> 4.67898 | J88: =IFERROR(RSDTechsCE!P88/1000,"") -> 4.67898
B89: INVCOST | C89: =RSDTechsCE!B89 -> R_ES-SH-SD_OIL02-BIOspl | E89: k€/unit | F89: =IFERROR(RSDTechsCE!L89/1000,"") -> 4.2 | G89: =IFERROR(RSDTechsCE!M89/1000,"") -> 4.2 | H89: =IFERROR(RSDTechsCE!N89/1000,"") -> 5.1 | I89: =IFERROR(RSDTechsCE!O89/1000,"") -> 5.1 | J89: =IFERROR(RSDTechsCE!P89/1000,"") -> 5.1
B90: INVCOST | C90: =RSDTechsCE!B90 -> R_ES-SH-SD_GAS01 | E90: k€/unit | F90: =IFERROR(RSDTechsCE!L90/1000,"") -> 4.309 | G90: =IFERROR(RSDTechsCE!M90/1000,"") -> 4.309 | H90: =IFERROR(RSDTechsCE!N90/1000,"") -> 4.309 | I90: =IFERROR(RSDTechsCE!O90/1000,"") -> 4.309 | J90: =IFERROR(RSDTechsCE!P90/1000,"") -> 4.309
B91: INVCOST | C91: =RSDTechsCE!B91 -> R_ES-SH-SD_GAS02 | E91: k€/unit | F91: =IFERROR(RSDTechsCE!L91/1000,"") -> 4.309 | G91: =IFERROR(RSDTechsCE!M91/1000,"") -> 4.309 | H91: =IFERROR(RSDTechsCE!N91/1000,"") -> 4.309 | I91: =IFERROR(RSDTechsCE!O91/1000,"") -> 4.309 | J91: =IFERROR(RSDTechsCE!P91/1000,"") -> 4.309
B92: INVCOST | C92: =RSDTechsCE!B92 -> R_ES-SH-SD_GAS02-SOLspl | E92: k€/unit | F92: =IFERROR(RSDTechsCE!L92/1000,"") -> 6.294 | G92: =IFERROR(RSDTechsCE!M92/1000,"") -> 6.00036 | H92: =IFERROR(RSDTechsCE!N92/1000,"") -> 5.75566 | I92: =IFERROR(RSDTechsCE!O92/1000,"") -> 4.67898 | J92: =IFERROR(RSDTechsCE!P92/1000,"") -> 4.67898
B93: INVCOST | C93: =RSDTechsCE!B93 -> R_ES-SH-SD_GAS02-BIOspl | E93: k€/unit | F93: =IFERROR(RSDTechsCE!L93/1000,"") -> 4.2 | G93: =IFERROR(RSDTechsCE!M93/1000,"") -> 4.2 | H93: =IFERROR(RSDTechsCE!N93/1000,"") -> 5.1 | I93: =IFERROR(RSDTechsCE!O93/1000,"") -> 5.1 | J93: =IFERROR(RSDTechsCE!P93/1000,"") -> 5.1
B94: INVCOST | C94: =RSDTechsCE!B94 -> R_ES-SH-SD_BIO01 | E94: k€/unit | F94: =IFERROR(RSDTechsCE!L94/1000,"") -> 16.55 | G94: =IFERROR(RSDTechsCE!M94/1000,"") -> 16.55 | H94: =IFERROR(RSDTechsCE!N94/1000,"") -> 17.72 | I94: =IFERROR(RSDTechsCE!O94/1000,"") -> 17.72 | J94: =IFERROR(RSDTechsCE!P94/1000,"") -> 17.72
B95: INVCOST | C95: =RSDTechsCE!B95 -> R_ES-SH-SD_ELC01 | E95: k€/unit | F95: =IFERROR(RSDTechsCE!L95/1000,"") -> 4 | G95: =IFERROR(RSDTechsCE!M95/1000,"") -> 4 | H95: =IFERROR(RSDTechsCE!N95/1000,"") -> 4 | I95: =IFERROR(RSDTechsCE!O95/1000,"") -> 4 | J95: =IFERROR(RSDTechsCE!P95/1000,"") -> 4
B96: INVCOST | C96: =RSDTechsCE!B96 -> R_ES-SH-SD_ELC02 | E96: k€/unit | F96: =IFERROR(RSDTechsCE!L96/1000,"") -> 15.389 | G96: =IFERROR(RSDTechsCE!M96/1000,"") -> 14.61955 | H96: =IFERROR(RSDTechsCE!N96/1000,"") -> 13.23454 | I96: =IFERROR(RSDTechsCE!O96/1000,"") -> 12.61898 | J96: =IFERROR(RSDTechsCE!P96/1000,"") -> 12.61898
B97: INVCOST | C97: =RSDTechsCE!B97 -> R_ES-SH-SD_ELC02-ELCspl | E97: k€/unit | F97: =IFERROR(RSDTechsCE!L97/1000,"") -> 3.0395388 | G97: =IFERROR(RSDTechsCE!M97/1000,"") -> 3.0395388 | H97: =IFERROR(RSDTechsCE!N97/1000,"") -> 3.0395388 | I97: =IFERROR(RSDTechsCE!O97/1000,"") -> 3.0395388 | J97: =IFERROR(RSDTechsCE!P97/1000,"") -> 3.0395388
... B123: INVCOST | C123: =RSDTechsCE!B123 -> R_ES-CHP-SD-OILspl | E123: k€/unit | F123: =IFERROR(RSDTechsCE!L123/1000,"") -> 5.527 | G123: =IFERROR(RSDTechsCE!M123/1000,"") -> 5.527 | H123: =IFERROR(RSDTechsCE!N123/1000,"") -> 5.527 | I123: =IFERROR(RSDTechsCE!O123/1000,"") -> 5.527 | J123: =IFERROR(RSDTechsCE!P123/1000,"") -> 5.527
B125: ~TFM_INS-TS: EUR17
B126: Attribute | C126: PSet_PN | D126: Region | E126: *units | F126: 2011 | G126: 2020 | H126: 2030 | I126: 2040 | J126: 2050
B127: INVCOST | C127: =RSDTechsCE!B127 -> R_ES-SH-FL_OIL01 | E127: k€/unit | F127: =IFERROR(RSDTechsCE!L127/1000,"") -> 3.375 | G127: =IFERROR(RSDTechsCE!M127/1000,"") -> 3.375 | H127: =IFERROR(RSDTechsCE!N127/1000,"") -> 3.375 | I127: =IFERROR(RSDTechsCE!O127/1000,"") -> 3.375 | J127: =IFERROR(RSDTechsCE!P127/1000,"") -> 3.375
B128: INVCOST | C128: =RSDTechsCE!B128 -> R_ES-SH-FL_OIL02 | E128: k€/unit | F128: =IFERROR(RSDTechsCE!L128/1000,"") -> 3.375 | G128: =IFERROR(RSDTechsCE!M128/1000,"") -> 3.375 | H128: =IFERROR(RSDTechsCE!N128/1000,"") -> 3.375 | I128: =IFERROR(RSDTechsCE!O128/1000,"") -> 3.375 | J128: =IFERROR(RSDTechsCE!P128/1000,"") -> 3.375
B129: INVCOST | C129: =RSDTechsCE!B129 -> R_ES-SH-FL_OIL02-SOLspl | E129: k€/unit | F129: =IFERROR(RSDTechsCE!L129/1000,"") -> 4.9666667 | G129: =IFERROR(RSDTechsCE!M129/1000,"") -> 4.5586667 | H129: =IFERROR(RSDTechsCE!N129/1000,"") -> 4.2186667 | I129: =IFERROR(RSDTechsCE!O129/1000,"") -> 2.7226667 | J129: =IFERROR(RSDTechsCE!P129/1000,"") -> 2.7226667
B130: INVCOST | C130: =RSDTechsCE!B130 -> R_ES-SH-FL_OIL02-BIOspl | E130: k€/unit | F130: =IFERROR(RSDTechsCE!L130/1000,"") -> 4.2 | G130: =IFERROR(RSDTechsCE!M130/1000,"") -> 4.2 | H130: =IFERROR(RSDTechsCE!N130/1000,"") -> 5.1 | I130: =IFERROR(RSDTechsCE!O130/1000,"") -> 5.1 | J130: =IFERROR(RSDTechsCE!P130/1000,"") -> 5.1
B131: INVCOST | C131: =RSDTechsCE!B131 -> R_ES-SH-FL_GAS01 | E131: k€/unit | F131: =IFERROR(RSDTechsCE!L131/1000,"") -> 2.742 | G131: =IFERROR(RSDTechsCE!M131/1000,"") -> 2.39925 | H131: =IFERROR(RSDTechsCE!N131/1000,"") -> 2.0565 | I131: =IFERROR(RSDTechsCE!O131/1000,"") -> 2.0565 | J131: =IFERROR(RSDTechsCE!P131/1000,"") -> 2.0565
B132: INVCOST | C132: =RSDTechsCE!B132 -> R_ES-SH-FL_GAS02 | E132: k€/unit | F132: =IFERROR(RSDTechsCE!L132/1000,"") -> 2.742 | G132: =IFERROR(RSDTechsCE!M132/1000,"") -> 2.39925 | H132: =IFERROR(RSDTechsCE!N132/1000,"") -> 2.0565 | I132: =IFERROR(RSDTechsCE!O132/1000,"") -> 2.0565 | J132: =IFERROR(RSDTechsCE!P132/1000,"") -> 2.0565
B133: INVCOST | C133: =RSDTechsCE!B133 -> R_ES-SH-FL_GAS01-SOLspl | E133: k€/unit | F133: =IFERROR(RSDTechsCE!L133/1000,"") -> 4.9666667 | G133: =IFERROR(RSDTechsCE!M133/1000,"") -> 4.5586667 | H133: =IFERROR(RSDTechsCE!N133/1000,"") -> 4.2186667 | I133: =IFERROR(RSDTechsCE!O133/1000,"") -> 2.7226667 | J133: =IFERROR(RSDTechsCE!P133/1000,"") -> 2.7226667
B134: INVCOST | C134: =RSDTechsCE!B134 -> R_ES-SH-FL_GAS01-BIOspl | E134: k€/unit | F134: =IFERROR(RSDTechsCE!L134/1000,"") -> 4.2 | G134: =IFERROR(RSDTechsCE!M134/1000,"") -> 4.2 | H134: =IFERROR(RSDTechsCE!N134/1000,"") -> 5.1 | I134: =IFERROR(RSDTechsCE!O134/1000,"") -> 5.1 | J134: =IFERROR(RSDTechsCE!P134/1000,"") -> 5.1
B135: INVCOST | C135: =RSDTechsCE!B135 -> R_ES-SH-FL_BIO01 | E135: k€/unit | F135: =IFERROR(RSDTechsCE!L135/1000,"") -> 10.4625 | G135: =IFERROR(RSDTechsCE!M135/1000,"") -> 10.4625 | H135: =IFERROR(RSDTechsCE!N135/1000,"") -> 10.4625 | I135: =IFERROR(RSDTechsCE!O135/1000,"") -> 10.4625 | J135: =IFERROR(RSDTechsCE!P135/1000,"") -> 10.4625
B136: INVCOST | C136: =RSDTechsCE!B136 -> R_ES-SH-FL_ELC01 | E136: k€/unit | F136: =IFERROR(RSDTechsCE!L136/1000,"") -> 2.66 | G136: =IFERROR(RSDTechsCE!M136/1000,"") -> 2.66 | H136: =IFERROR(RSDTechsCE!N136/1000,"") -> 2.66 | I136: =IFERROR(RSDTechsCE!O136/1000,"") -> 2.66 | J136: =IFERROR(RSDTechsCE!P136/1000,"") -> 2.66
B137: INVCOST | C137: =RSDTechsCE!B137 -> R_ES-SH-FL_ELC02 | E137: k€/unit | F137: =IFERROR(RSDTechsCE!L137/1000,"") -> 13.5701 | G137: =IFERROR(RSDTechsCE!M137/1000,"") -> 12.891595 | H137: =IFERROR(RSDTechsCE!N137/1000,"") -> 11.670286 | I137: =IFERROR(RSDTechsCE!O137/1000,"") -> 11.127482 | J137: =IFERROR(RSDTechsCE!P137/1000,"") -> 11.127482
B138: INVCOST | C138: =RSDTechsCE!B138 -> R_ES-SH-FL_ELC02-ELCspl | E138: k€/unit | F138: =IFERROR(RSDTechsCE!L138/1000,"") -> 2.7022521 | G138: =IFERROR(RSDTechsCE!M138/1000,"") -> 2.7022521 | H138: =IFERROR(RSDTechsCE!N138/1000,"") -> 2.7022521 | I138: =IFERROR(RSDTechsCE!O138/1000,"") -> 2.7022521 | J138: =IFERROR(RSDTechsCE!P138/1000,"") -> 2.7022521
... B164: INVCOST | C164: =RSDTechsCE!B164 -> R_ES-CHP-FL-OILspl | E164: k€/unit | F164: =IFERROR(RSDTechsCE!L164/1000,"") -> 3.375 | G164: =IFERROR(RSDTechsCE!M164/1000,"") -> 3.375 | H164: =IFERROR(RSDTechsCE!N164/1000,"") -> 3.375 | I164: =IFERROR(RSDTechsCE!O164/1000,"") -> 3.375 | J164: =IFERROR(RSDTechsCE!P164/1000,"") -> 3.375

Sheet RSD_DistrictHCAPEX_OPEX
B1: Central EU | L1: South EU | V1: East EU | AF1: North EU
B2: ~TFM_INS-TS: EUR17 | L2: ~TFM_INS-TS: EUR17 | V2: ~TFM_INS-TS: EUR17 | AF2: ~TFM_INS-TS: EUR17
B3: Attribute | C3: PSet_PN | D3: Region | E3: *units | F3: 2011 | G3: 2020 | H3: 2030 | I3: 2040 | J3: 2050 | L3: Attribute | M3: PSet_PN | N3: Region | O3: *units | P3: 2011 | Q3: 2020 | R3: 2030 | S3: 2040 | T3: 2050 | V3: Attribute | W3: PSet_PN | X3: Region | Y3: *units | Z3: 2011 | AA3: 2020 | AB3: 2030 | AC3: 2040 | AD3: 2050 | AF3: Attribute | AG3: PSet_PN | AH3: Region | AI3: *units | AJ3: 2011 | AK3: 2020 | AL3: 2030 | AM3: 2040 | AN3: 2050
B4: INVCOST | C4: R_ES-SH-DH_HET01 | E4: k€/unit | F4: 3 | J4: 2.5
B5: INVCOST | C5: R_ES-SH-DH-70_HET01 | E5: k€/unit | F5: 3 | J5: 2.5
B6: INVCOST | C6: R_ES-SH-SD_HET01 | E6: k€/unit | F6: 3 | J6: 2.5
B7: INVCOST | C7: R_ES-SH-FL_HET01 | E7: k€/unit | F7: 3 | J7: 2.5
B8: FIXOM | C8: R_ES-SH-DH_HET01 | E8: k€/unit | F8: 0.15 | J8: 0.15
B9: FIXOM | C9: R_ES-SH-DH-70_HET01 | E9: k€/unit | F9: 0.15 | J9: 0.15
B10: FIXOM | C10: R_ES-SH-SD_HET01 | E10: k€/unit | F10: 0.15 | J10: 0.15
B11: FIXOM | C11: R_ES-SH-FL_HET01 | E11: k€/unit | F11: 0.15 | J11: 0.15

Sheet RSD_HeatOPEX
B1: Central EU | H1: South EU | N1: East EU | T1: North EU
B2: ~TFM_INS-TS | H2: ~TFM_INS-TS | N2: ~TFM_INS-TS | T2: ~TFM_INS-TS
B3: Attribute | C3: PSet_PN | D3: Region | E3: *units | F3: 2011 | H3: Attribute | I3: PSet_PN | J3: Region | K3: *units | L3: 2011 | N3: Attribute | O3: PSet_PN | P3: Region | Q3: *units | R3: 2011 | T3: Attribute | U3: PSet_PN | V3: Region | W3: *units | X3: 2011
B4: FIXOM | C4: =RSDTechsCE!B4 -> R_ES-SH-DH_OIL01 | E4: k€/unit-y | F4: =IFERROR(RSDTechsCE!Q4/1000,"") -> 0.185
B5: FIXOM | C5: =RSDTechsCE!B5 -> R_ES-SH-DH_OIL02 | E5: k€/unit-y | F5: =IFERROR(RSDTechsCE!Q5/1000,"") -> 0.185
B6: FIXOM | C6: =RSDTechsCE!B6 -> R_ES-SH-DH_OIL02-SOLspl | E6: k€/unit-y | F6: =IFERROR(RSDTechsCE!Q6/1000,"") -> 0.115
B7: FIXOM | C7: =RSDTechsCE!B7 -> R_ES-SH-DH_OIL02-BIOspl | E7: k€/unit-y | F7: =IFERROR(RSDTechsCE!Q7/1000,"") -> 0.001
B8: FIXOM | C8: =RSDTechsCE!B8 -> R_ES-SH-DH_GAS01 | E8: k€/unit-y | F8: =IFERROR(RSDTechsCE!Q8/1000,"") -> 0.226
B9: FIXOM | C9: =RSDTechsCE!B9 -> R_ES-SH-DH_GAS02 | E9: k€/unit-y | F9: =IFERROR(RSDTechsCE!Q9/1000,"") -> 0.226
B10: FIXOM | C10: =RSDTechsCE!B10 -> R_ES-SH-DH_GAS01-SOLspl | E10: k€/unit-y | F10: =IFERROR(RSDTechsCE!Q10/1000,"") -> 0.115
B11: FIXOM | C11: =RSDTechsCE!B11 -> R_ES-SH-DH_GAS02-BIOspl | E11: k€/unit-y | F11: =IFERROR(RSDTechsCE!Q11/1000,"") -> 0.001
B12: FIXOM | C12: =RSDTechsCE!B12 -> R_ES-SH-DH_BIO01 | E12: k€/unit-y | F12: =IFERROR(RSDTechsCE!Q12/1000,"") -> 0.47058824
B13: FIXOM | C13: =RSDTechsCE!B13 -> R_ES-SH-DH_ELC01 | E13: k€/unit-y | F13: =IFERROR(RSDTechsCE!Q13/1000,"") -> 0.01
B14: FIXOM | C14: =RSDTechsCE!B14 -> R_ES-SH-DH_ELC02 | E14: k€/unit-y | F14: =IFERROR(RSDTechsCE!Q14/1000,"") -> 0.3
B15: FIXOM | C15: =RSDTechsCE!B15 -> R_ES-SH-DH_ELC02-ELCspl | E15: k€/unit-y | F15: =IFERROR(RSDTechsCE!Q15/1000,"") -> 0.055
... B41: FIXOM | C41: =RSDTechsCE!B41 -> R_ES-CHP-DH-OILspl | E41: k€/unit-y | F41: =IFERROR(RSDTechsCE!Q41/1000,"") -> 0.185
B43: ~TFM_INS-TS
B44: Attribute | C44: PSet_PN | D44: Region | E44: *units | F44: 2011
B45: FIXOM | C45: =RSDTechsCE!B45 -> R_ES-SH-DH-70_OIL01 | E45: k€/unit-y | F45: =IFERROR(RSDTechsCE!Q45/1000,"") -> 0.185
B46: FIXOM | C46: =RSDTechsCE!B46 -> R_ES-SH-DH-70_OIL02 | E46: k€/unit-y | F46: =IFERROR(RSDTechsCE!Q46/1000,"") -> 0.185
B47: FIXOM | C47: =RSDTechsCE!B47 -> R_ES-SH-DH-70_OIL02-SOLspl | E47: k€/unit-y | F47: =IFERROR(RSDTechsCE!Q47/1000,"") -> 0.115
B48: FIXOM | C48: =RSDTechsCE!B48 -> R_ES-SH-DH-70_OIL02-BIOspl | E48: k€/unit-y | F48: =IFERROR(RSDTechsCE!Q48/1000,"") -> 0.001
B49: FIXOM | C49: =RSDTechsCE!B49 -> R_ES-SH-DH-70_GAS01 | E49: k€/unit-y | F49: =IFERROR(RSDTechsCE!Q49/1000,"") -> 0.226
B50: FIXOM | C50: =RSDTechsCE!B50 -> R_ES-SH-DH-70_GAS02 | E50: k€/unit-y | F50: =IFERROR(RSDTechsCE!Q50/1000,"") -> 0.226
B51: FIXOM | C51: =RSDTechsCE!B51 -> R_ES-SH-DH-70_GAS02-SOLspl | E51: k€/unit-y | F51: =IFERROR(RSDTechsCE!Q51/1000,"") -> 0.115
B52: FIXOM | C52: =RSDTechsCE!B52 -> R_ES-SH-DH-70_GAS02-BIOspl | E52: k€/unit-y | F52: =IFERROR(RSDTechsCE!Q52/1000,"") -> 0.001
B53: FIXOM | C53: =RSDTechsCE!B53 -> R_ES-SH-DH-70_BIO01 | E53: k€/unit-y | F53: =IFERROR(RSDTechsCE!Q53/1000,"") -> 0.47058824
B54: FIXOM | C54: =RSDTechsCE!B54 -> R_ES-SH-DH-70_ELC01 | E54: k€/unit-y | F54: =IFERROR(RSDTechsCE!Q54/1000,"") -> 0.01
B55: FIXOM | C55: =RSDTechsCE!B55 -> R_ES-SH-DH-70_ELC02 | E55: k€/unit-y | F55: =IFERROR(RSDTechsCE!Q55/1000,"") -> 0.3
B56: FIXOM | C56: =RSDTechsCE!B56 -> R_ES-SH-DH-70_ELC02-ELCspl | E56: k€/unit-y | F56: =IFERROR(RSDTechsCE!Q56/1000,"") -> 0.055
... B82: FIXOM | C82: =RSDTechsCE!B82 -> R_ES-CHP-DH-70-OILspl | E82: k€/unit-y | F82: =IFERROR(RSDTechsCE!Q82/1000,"") -> 0.185
B84: ~TFM_INS-TS
B85: Attribute | C85: PSet_PN | D85: Region | E85: *units | F85: 2011
B86: FIXOM | C86: =RSDTechsCE!B86 -> R_ES-SH-SD_OIL01 | E86: k€/unit-y | F86: =IFERROR(RSDTechsCE!Q86/1000,"") -> 0.185
B87: FIXOM | C87: =RSDTechsCE!B87 -> R_ES-SH-SD_OIL02 | E87: k€/unit-y | F87: =IFERROR(RSDTechsCE!Q87/1000,"") -> 0.185
B88: FIXOM | C88: =RSDTechsCE!B88 -> R_ES-SH-SD_OIL02-SOLspl | E88: k€/unit-y | F88: =IFERROR(RSDTechsCE!Q88/1000,"") -> 0.115
B89: FIXOM | C89: =RSDTechsCE!B89 -> R_ES-SH-SD_OIL02-BIOspl | E89: k€/unit-y | F89: =IFERROR(RSDTechsCE!Q89/1000,"") -> 0.001
B90: FIXOM | C90: =RSDTechsCE!B90 -> R_ES-SH-SD_GAS01 | E90: k€/unit-y | F90: =IFERROR(RSDTechsCE!Q90/1000,"") -> 0.226
B91: FIXOM | C91: =RSDTechsCE!B91 -> R_ES-SH-SD_GAS02 | E91: k€/unit-y | F91: =IFERROR(RSDTechsCE!Q91/1000,"") -> 0.226
B92: FIXOM | C92: =RSDTechsCE!B92 -> R_ES-SH-SD_GAS02-SOLspl | E92: k€/unit-y | F92: =IFERROR(RSDTechsCE!Q92/1000,"") -> 0.115
B93: FIXOM | C93: =RSDTechsCE!B93 -> R_ES-SH-SD_GAS02-BIOspl | E93: k€/unit-y | F93: =IFERROR(RSDTechsCE!Q93/1000,"") -> 0.001
B94: FIXOM | C94: =RSDTechsCE!B94 -> R_ES-SH-SD_BIO01 | E94: k€/unit-y | F94: =IFERROR(RSDTechsCE!Q94/1000,"") -> 0.47058824
B95: FIXOM | C95: =RSDTechsCE!B95 -> R_ES-SH-SD_ELC01 | E95: k€/unit-y | F95: =IFERROR(RSDTechsCE!Q95/1000,"") -> 0.01
B96: FIXOM | C96: =RSDTechsCE!B96 -> R_ES-SH-SD_ELC02 | E96: k€/unit-y | F96: =IFERROR(RSDTechsCE!Q96/1000,"") -> 0.3
B97: FIXOM | C97: =RSDTechsCE!B97 -> R_ES-SH-SD_ELC02-ELCspl | E97: k€/unit-y | F97: =IFERROR(RSDTechsCE!Q97/1000,"") -> 0.055
... B123: FIXOM | C123: =RSDTechsCE!B123 -> R_ES-CHP-SD-OILspl | E123: k€/unit-y | F123: =IFERROR(RSDTechsCE!Q123/1000,"") -> 0.185
B125: ~TFM_INS-TS
B126: Attribute | C126: PSet_PN | D126: Region | E126: *units | F126: 2011
B127: FIXOM | C127: =RSDTechsCE!B127 -> R_ES-SH-FL_OIL01 | E127: k€/unit-y | F127: =IFERROR(RSDTechsCE!Q127/1000,"") -> 0.075
B128: FIXOM | C128: =RSDTechsCE!B128 -> R_ES-SH-FL_OIL02 | E128: k€/unit-y | F128: =IFERROR(RSDTechsCE!Q128/1000,"") -> 0.075
B129: FIXOM | C129: =RSDTechsCE!B129 -> R_ES-SH-FL_OIL02-SOLspl | E129: k€/unit-y | F129: =IFERROR(RSDTechsCE!Q129/1000,"") -> 0.038333333
B130: FIXOM | C130: =RSDTechsCE!B130 -> R_ES-SH-FL_OIL02-BIOspl | E130: k€/unit-y | F130: =IFERROR(RSDTechsCE!Q130/1000,"") -> 0.001
B131: FIXOM | C131: =RSDTechsCE!B131 -> R_ES-SH-FL_GAS01 | E131: k€/unit-y | F131: =IFERROR(RSDTechsCE!Q131/1000,"") -> 0.22
B132: FIXOM | C132: =RSDTechsCE!B132 -> R_ES-SH-FL_GAS02 | E132: k€/unit-y | F132: =IFERROR(RSDTechsCE!Q132/1000,"") -> 0.22
B133: FIXOM | C133: =RSDTechsCE!B133 -> R_ES-SH-FL_GAS01-SOLspl | E133: k€/unit-y | F133: =IFERROR(RSDTechsCE!Q133/1000,"") -> 0.038333333
B134: FIXOM | C134: =RSDTechsCE!B134 -> R_ES-SH-FL_GAS01-BIOspl | E134: k€/unit-y | F134: =IFERROR(RSDTechsCE!Q134/1000,"") -> 0.001
B135: FIXOM | C135: =RSDTechsCE!B135 -> R_ES-SH-FL_BIO01 | E135: k€/unit-y | F135: =IFERROR(RSDTechsCE!Q135/1000,"") -> 0.125
B136: FIXOM | C136: =RSDTechsCE!B136 -> R_ES-SH-FL_ELC01 | E136: k€/unit-y | F136: =IFERROR(RSDTechsCE!Q136/1000,"") -> 0.0001
B137: FIXOM | C137: =RSDTechsCE!B137 -> R_ES-SH-FL_ELC02 | E137: k€/unit-y | F137: =IFERROR(RSDTechsCE!Q137/1000,"") -> 0.325
B138: FIXOM | C138: =RSDTechsCE!B138 -> R_ES-SH-FL_ELC02-ELCspl | E138: k€/unit-y | F138: =IFERROR(RSDTechsCE!Q138/1000,"") -> 0.0001
... B164: FIXOM | C164: =RSDTechsCE!B164 -> R_ES-CHP-FL-OILspl | E164: k€/unit-y | F164: =IFERROR(RSDTechsCE!Q164/1000,"") -> 0.023125

Sheet RSDTechsCE
A1: Residential
A2: Type | B2: JET Code | C2: JET Description | D2: Building type | E2: Database tech | F2: Input | G2: Input-A | H2: Output | I2: Former tech | J2: Former desc | K2: Life | L2: INVCOST (€/unit) | M2: INVCOST~2020 | N2: INVCOST~2030 | O2: INVCOST~2040 | P2: INVCOST~2050 | Q2: FIXOM (€/unit-y) | R2: VAROM (€/GJ) | S2: EFF | T2: EFF~2020 | U2: EFF~2030 | V2: EFF~2040 | W2: EFF~2050 | X2: CEFF-Heat | Y2: CEFF-Cool | Z2: CEFF-Cool~2020 | AA2: CEFF-Cool~2030 | AB2: CEFF-Cool~2040 | AC2: CEFF-Cool~2050 | AD2: Cap2Act | AE2: Share-O~SpHeat | AF2: Share-O~WatHeat | AG2: Share-O~SpCool | AH2: CHPR | AI2: CHPR~2020 | AJ2: CHPR~2030 | AK2: Total EFF | AL2: Total EFF~2020 | AM2: Total EFF~2030 | AN2: Corr factor | AO2: Incl add costs? | AP2: n of dwellings | AQ2: Notes | AR2: Range Check~LO | AS2: Range Check~UP
A3: *Detached pre70 (DH)
A4: Boiler | B4: R_ES-SH-DH_OIL01 | C4: Oil/Biodiesel boiler condensing_SH-WH | D4: DH | E4: HOB-oil | F4: RSDOIL, RSDBDL | H4: R_ES-DH-SpHeat, R_ES-DH-WatHeat | I4: R_ES-SH-DH_OIL04 | J4: Oil boiler condensing.HeatHotwater | K4: 20 | L4: 5527 | M4: 5527 | N4: 5527 | O4: 5527 | P4: 5527 | Q4: 185 | S4: 0.84595206 | T4: 0.84595206 | U4: 0.84595206 | V4: 0.84595206 | W4: 0.84595206 | AE4: 1 | AF4: 1
A5: Boiler | B5: R_ES-SH-DH_OIL02 | C5: Oil/Biodiesel boiler condensing + wt other techs_SH-WH | D5: DH | E5: =E4 -> HOB-oil | F5: RSDOIL, RSDBDL | H5: R_ES-DH-SpHeat, R_ES-DH-WatHeat | I5: R_ES-SH-DH_OIL05 | J5: Solar collector with diesel backup.HeatHotwater | K5: 20 | L5: =L4 -> 5527 | M5: =M4 -> 5527 | N5: =N4 -> 5527 | O5: =O4 -> 5527 | P5: =P4 -> 5527 | Q5: =Q4 -> 185 | S5: =S4 -> 0.84595206 | T5: =T4 -> 0.84595206 | U5: =U4 -> 0.84595206 | V5: =V4 -> 0.84595206 | W5: =W4 -> 0.84595206
A6: suppl. | B6: =B5&"-"&RIGHT(F6,3)&"spl" -> R_ES-SH-DH_OIL02-SOLspl | C6: Backup for Oil boiler - Solar thermal_SH-WH | D6: DH | E6: Solar heating and hot tap water | F6: RSDSOL | H6: R_ES-DH-SpHeat, R_ES-DH-WatHeat | K6: 20 | L6: 6294 | M6: 6000.36 | N6: 5755.66 | O6: 4678.98 | P6: 4678.98 | Q6: 115 | S6: 1 | AE6: 0.15 | AF6: 0.15 | AO6: Y | AQ6: Solar share 10-20 % (used 15%) as Gas+Solar
A7: suppl. | B7: =B5&"-"&RIGHT(F7,3)&"spl" -> R_ES-SH-DH_OIL02-BIOspl | C7: Backup for Oil boiler - Wood stove_SH | D7: DH | E7: HOB-wood | F7: RSDBIO | H7: R_ES-DH-SpHeat | K7: 20 | L7: 4200 | M7: 4200 | N7: 5100 | O7: 5100 | P7: 5100 | Q7: 1 | S7: 0.65 | T7: 0.7 | U7: 0.75 | V7: 0.75 | W7: 0.75 | AE7: 0.4 | AO7: Y | AQ7: Added Storage costs (add. inv.)
A8: Boiler | B8: R_ES-SH-DH_GAS01 | C8: Gas/LPG/Biogas boiler condensing_SH-WH | D8: DH | E8: HOB-gas | F8: RSDGAS, RSDLPG, RSDBGS | H8: R_ES-DH-SpHeat, R_ES-DH-WatHeat | I8: R_ES-SH-DH_GAS05 | J8: Natural gas boiler condensing.HeatHotwater | K8: 22 | L8: 4309 | M8: 4309 | N8: 4309 | O8: 4309 | P8: 4309 | Q8: 226 | S8: 0.84679858 | T8: 0.84679858 | U8: 0.84679858 | V8: 0.84679858 | W8: 0.84679858 | AE8: 1 | AF8: 1
A9: Boiler | B9: R_ES-SH-DH_GAS02 | C9: Gas/LPG/Biogas boiler condensing + wt other techs_SH-WH | D9: DH | E9: HOB-gas | F9: RSDGAS, RSDLPG, RSDBGS | H9: R_ES-DH-SpHeat, R_ES-DH-WatHeat | K9: =K8 -> 22 | L9: =L8 -> 4309 | M9: =M8 -> 4309 | N9: =N8 -> 4309 | O9: =O8 -> 4309 | P9: =P8 -> 4309 | Q9: =Q8 -> 226 | S9: =S8 -> 0.84679858 | T9: =T8 -> 0.84679858 | U9: =U8 -> 0.84679858 | V9: =V8 -> 0.84679858 | W9: =W8 -> 0.84679858 | AE9: =AE8 -> 1 | AF9: =AF8 -> 1
A10: suppl. | B10: =B8&"-"&RIGHT(F10,3)&"spl" -> R_ES-SH-DH_GAS01-SOLspl | C10: Backup for Gas boiler - Solar thermal_SH-WH | D10: DH | E10: Solar heating and hot tap water | F10: RSDSOL | H10: R_ES-DH-SpHeat, R_ES-DH-WatHeat | K10: 20 | L10: 6294 | M10: 6000.36 | N10: 5755.66 | O10: 4678.98 | P10: 4678.98 | Q10: 115 | S10: 1 | AE10: 0.15 | AF10: 0.15 | AO10: Y | AQ10: Solar share 10-20 % (used 15%). AddInv: Control unit that facilitates the operation
A11: suppl. | B11: =B9&"-"&RIGHT(F11,3)&"spl" -> R_ES-SH-DH_GAS02-BIOspl | C11: Backup for Gas boiler - Wood stove_SH | D11: DH | E11: HOB-wood | F11: RSDBIO | H11: R_ES-DH-SpHeat | K11: 20 | L11: 4200 | M11: 4200 | N11: 5100 | O11: 5100 | P11: 5100 | Q11: 1 | S11: 0.65 | T11: 0.7 | U11: 0.75 | V11: 0.75 | W11: 0.75 | AE11: 0.4 | AO11: Y | AQ11: Added Storage costs (add. inv.)
A12: Boiler | B12: R_ES-SH-DH_BIO01 | C12: Biomass boiler_SH-WH | D12: DH | E12: HOB-biomass | F12: RSDBIO | H12: R_ES-DH-SpHeat, R_ES-DH-WatHeat | I12: R_ES-SH-DH_BIO02 | J12: Biomass stove | K12: 20 | L12: 16550 | M12: 16550 | N12: 17720 | O12: 17720 | P12: 17720 | Q12: 470.58824 | S12: 0.67308496 | T12: 0.67308496 | U12: 0.67308496 | V12: 0.67308496 | W12: 0.67308496 | AE12: 1 | AF12: 1 | AO12: Y | AQ12: Added Storage costs (add. inv.)
A13: Boiler | B13: R_ES-SH-DH_ELC01 | C13: Electric boiler_SH-WH | D13: DH | E13: Electric_electric boiler | F13: RSDELC | H13: R_ES-DH-SpHeat, R_ES-DH-WatHeat | I13: R_ES-SH-DH_ELC01 | J13: Electric radiators | K13: 15 | L13: 4000 | M13: 4000 | N13: 4000 | O13: 4000 | P13: 4000 | Q13: 10 | S13: 1 | AE13: 1 | AF13: 1 | AQ13: Include both room heaters and hot tap water preparation
A14: Electric HP | B14: R_ES-SH-DH_ELC02 | C14: Heat Pump Air-to-Air_SH | D14: DH | E14: HP-e-air-to-air | F14: RSDELC | G14: AHET | H14: R_ES-DH-SpHeat, R_ES-DH-SpCool | I14: R_ES-SH-DH_ELC02 | J14: Air heat pump Electric | K14: 20 | L14: 15389 | M14: 14619.55 | N14: 13234.54 | O14: 12618.98 | P14: 12618.98 | Q14: 300 | S14: 3 | T14: 3.2 | U14: 3.7 | V14: 4 | W14: 4 | AE14: 0.7 | AO14: Y | AQ14: HP covers between 60 % and 80 % of the total space heating demand of a building
A15: suppl. | B15: =B14&"-"&RIGHT(F15,3)&"spl" -> R_ES-SH-DH_ELC02-ELCspl | C15: Backup for Heat Pump Air-to-Air - Electric_SH-WH | D15: DH | E15: Electric_electric boiler | F15: RSDELC | H15: R_ES-DH-SpHeat, R_ES-DH-WatHeat | K15: 15 | L15: 3039.5388 | M15: 3039.5388 | N15: 3039.5388 | O15: 3039.5388 | P15: 3039.5388 | Q15: 55 | S15: 1 | T15: 1 | U15: 1 | V15: 1 | W15: 1 | AE15: 0.3 | AF15: 1 | AQ15: AddInv: shunt-valve.
A16: suppl. | B16: =B14&"-"&RIGHT(F16,3)&"spl" -> R_ES-SH-DH_ELC02-GASspl | C16: Backup for Heat Pump Air-to-Air - Natural Gas boiler_SH-WH | D16: DH | E16: HOB-gas | F16: RSDLPG, RSDBGS, RSDGAS | H16: R_ES-DH-SpHeat, R_ES-DH-WatHeat | K16: =K8 -> 22 | L16: 5348.1 | M16: =$L$16*(M8/$L$8) -> 5348.1 | N16: =$L$16*(N8/$L$8) -> 5348.1 | O16: =$L$16*(O8/$L$8) -> 5348.1 | P16: =$L$16*(P8/$L$8) -> 5348.1 | Q16: 113 | S16: 0.84679858 | T16: 0.84679858 | U16: 0.84679858 | V16: 0.84679858 | W16: 0.84679858 | AE16: 0.3 | AF16: 1 | AO16: Y | AQ16: AddInv: shunt-valve.
A17: suppl. | B17: =B14&"-"&RIGHT(F17,3)&"spl" -> R_ES-SH-DH_ELC02-BIOspl | C17: Backup for Heat Pump Air-to-Air - Biomass boiler_SH-WH | D17: DH | E17: HOB-biomass | F17: RSDBIO | H17: R_ES-DH-SpHeat, R_ES-DH-WatHeat | K17: =K12 -> 20 | L17: 10328.1 | M17: 10328.1 | N17: 11257.629 | O17: 11257.629 | P17: 11257.629 | Q17: 136.15 | S17: 0.67308496 | T17: 0.67308496 | U17: 0.67308496 | V17: 0.67308496 | W17: 0.67308496 | AE17: 0.3 | AF17: 1 | AO17: Y | AQ17: AddInv: shunt-valve.
A18: suppl. | B18: =B14&"-"&RIGHT(F18,3)&"spl" -> R_ES-SH-DH_ELC02-SOLspl | C18: Backup for Heat Pump Air-to-Air - Solar thermal_SH-WH | D18: DH | E18: Solar heating and hot tap water | F18: RSDSOL | H18: R_ES-DH-SpHeat, R_ES-DH-WatHeat | K18: 20 | L18: 4396.6 | M18: 5027.214 | N18: 4759.809 | O18: 3583.227 | P18: 3583.227 | Q18: 61 | S18: 1 | T18: 1 | U18: 1 | V18: 1 | W18: 1 | AE18: 0.3 | AF18: 1 | AQ18: AddInv: shunt-valve.
A19: Electric HP | B19: R_ES-SH-DH_ELC04 | C19: Heat Pump Air-to-Water_SH-WH | D19: DH | E19: HP-e-air-to-water | F19: RSDELC | G19: AHET | H19: R_ES-DH-SpHeat, R_ES-DH-WatHeat | K19: 20 | L19: 15389 | M19: 14003.99 | N19: 14003.99 | O19: 12618.98 | P19: 12618.98 | Q19: 246 | S19: 3.1 | T19: 3.3 | U19: 3.7 | V19: 4 | W19: 4 | AE19: 1 | AF19: 1
A20: Electric HP | B20: R_ES-SH-DH_ELC05 | C20: Heat Pump Air-to-Water_SH-WH-SC | D20: DH | E20: =E19&" + add costs" -> HP-e-air-to-water + add costs | F20: RSDELC | G20: AHET | H20: R_ES-DH-SpHeat, R_ES-DH-WatHeat, R_ES-DH-SpCool | K20: =K19 -> 20 | L20: =L19*$AN20 -> 16927.9 | M20: =M19*$AN20 -> 15404.389 | N20: =N19*$AN20 -> 15404.389 | O20: =O19*$AN20 -> 13880.878 | P20: =P19*$AN20 -> 13880.878 | Q20: =Q19*$AN20 -> 270.6 | S20: =S19 -> 3.1 | T20: =T19 -> 3.3 | U20: =U19 -> 3.7 | V20: =V19 -> 4 | W20: =W19 -> 4 | AE20: =AE19 -> 1 | AF20: =AF19 -> 1 | AG20: 1 | AN20: 1.1
A21: Electric HP | B21: R_ES-SH-DH_ELC06 | C21: Heat Pump Ground Source Horizontal_SH-WH | D21: DH | E21: Heat pump, ground source | F21: RSDELC | G21: GHET | H21: R_ES-DH-SpHeat, R_ES-DH-WatHeat | K21: 20 | L21: 16350 | M21: 15205.5 | N21: 14061 | O21: 12916.5 | P21: 12916.5 | Q21: 300 | S21: 3.6 | T21: 3.7 | U21: 4 | V21: 4.5 | W21: 4.5 | AE21: 1 | AF21: 1
A22: Electric HP | B22: R_ES-SH-DH_ELC07 | C22: Heat Pump Ground Source Horizontal_SH-WH-SC | D22: DH | E22: =E21&" + add costs" -> Heat pump, ground source + add costs | F22: RSDELC | G22: GHET | H22: R_ES-DH-SpHeat, R_ES-DH-WatHeat, R_ES-DH-SpCool | I22: R_ES-SH-DH_ELC05 | J22: Ground heat pump Hor Electric HeatCool | K22: =K21 -> 20 | L22: =L21*$AN22 -> 17985 | M22: =M21*$AN22 -> 16726.05 | N22: =N21*$AN22 -> 15467.1 | O22: =O21*$AN22 -> 14208.15 | P22: =P21*$AN22 -> 14208.15 | Q22: =Q21*$AN22 -> 330 | S22: =S21 -> 3.6 | T22: =T21 -> 3.7 | U22: =U21 -> 4 | V22: =V21 -> 4.5 | W22: =W21 -> 4.5 | AE22: =AE21 -> 1 | AF22: =AF21 -> 1 | AG22: 1 | AN22: 1.1
A23: Electric HP | B23: R_ES-SH-DH_ELC08 | C23: Heat Pump Ground Source Vertical_SH-WH | D23: DH | E23: =E21 -> Heat pump, ground source | F23: RSDELC | G23: GHET | H23: R_ES-DH-SpHeat, R_ES-DH-WatHeat | K23: 20 | L23: 25800 | M23: 24655.5 | N23: 23511 | O23: 22366.5 | P23: 22366.5 | Q23: 300 | S23: 3.6 | T23: 3.7 | U23: 4 | V23: 4.5 | W23: 4.5 | AE23: 1 | AF23: 1 | AO23: Y | AQ23: Dominated tech by horizontal tech
A24: Electric HP | B24: R_ES-SH-DH_ELC09 | C24: Heat Pump Ground Source Vertical_SH-WH-SC | D24: DH | E24: =E23&" + add costs" -> Heat pump, ground source + add costs | F24: RSDELC | G24: GHET | H24: R_ES-DH-SpHeat, R_ES-DH-WatHeat, R_ES-DH-SpCool | I24: R_ES-SH-DH_ELC06 | J24: Ground heat pump Ver Electric HeatCool | K24: =K23 -> 20 | L24: =L23*$AN24 -> 28380 | M24: =M23*$AN24 -> 27121.05 | N24: =N23*$AN24 -> 25862.1 | O24: =O23*$AN24 -> 24603.15 | P24: =P23*$AN24 -> 24603.15 | Q24: =Q23*$AN24 -> 330 | S24: =S23 -> 3.6 | T24: =T23 -> 3.7 | U24: =U23 -> 4 | V24: =V23 -> 4.5 | W24: =W23 -> 4.5 | AE24: =AE23 -> 1 | AF24: =AF23 -> 1 | AG24: 1 | AN24: 1.1 | AO24: Y
A25: Electric HP | B25: R_ES-SH-DH_ELC10 | C25: Heat Pump Groundwater_SH-WH | D25: DH | E25: HP-e-groundwater | F25: RSDELC | G25: GHET | H25: R_ES-DH-SpHeat, R_ES-DH-WatHeat | K25: 25 | L25: 25735 | M25: 25735 | N25: 21647.5 | O25: 21647.5 | P25: 20012.5 | Q25: 300 | S25: 3.52 | T25: 3.52 | U25: 4.928 | V25: 4.928 | W25: 5.28 | AE25: 1 | AF25: 1 | AO25: Y | AQ25: Drilling costs & heat exchanger
A26: Electric HP | B26: R_ES-SH-DH_ELC11 | C26: Heat Pump Groundwater_SH-WH-SC | D26: DH | E26: =E25&" + add costs" -> HP-e-groundwater + add costs | F26: RSDELC | G26: GHET | H26: R_ES-DH-SpHeat, R_ES-DH-WatHeat, R_ES-DH-SpCool | I26: R_ES-SH-DH_ELC07 | J26: Groundwater heat pump Electric Heat Cool | K26: =K25 -> 25 | L26: =L25*$AN26 -> 28308.5 | M26: =M25*$AN26 -> 28308.5 | N26: =N25*$AN26 -> 23812.25 | O26: =O25*$AN26 -> 23812.25 | P26: =P25*$AN26 -> 22013.75 | Q26: =Q25*$AN26 -> 330 | S26: =S25 -> 3.52 | T26: =T25 -> 3.52 | U26: =U25 -> 4.928 | V26: =V25 -> 4.928 | W26: =W25 -> 5.28 | AE26: =AE25 -> 1 | AF26: =AF25 -> 1 | AG26: 1 | AN26: 1.1 | AO26: Y | AQ26: Drilling costs & heat exchanger
A27: GHP | B27: R_ES-SH-DH_GAS03 | C27: Gas/LPG-driven Heat Pump absorption Air-to-Water_SH-WH | D27: DH | E27: GHP – direct-fired absorption heat pump air/brine to water | F27: RSDGAS, RSDLPG, RSDBGS | G27: AHET | H27: R_ES-DH-SpHeat, R_ES-DH-WatHeat | I27: R_ES-SH-DH_GAS06 | J27: Air heat pump with natural gas HeatCool | K27: 22 | L27: 28900 | M27: 28900 | N27: 27166 | O27: 27166 | P27: 27166 | Q27: 155 | S27: 1.35 | T27: 1.45 | U27: 1.7 | V27: 1.7 | W27: 1.7 | AE27: 1 | AF27: 1
A28: GHP | B28: R_ES-SH-DH_GAS04 | C28: Gas/LPG-driven Heat Pump absorption Air-to-Water_SH-WH-SC | D28: DH | E28: =E27&" + add costs" -> GHP – direct-fired absorption heat pump air/brine to water + add costs | F28: RSDGAS, RSDLPG, RSDBGS | G28: AHET | H28: R_ES-DH-SpHeat, R_ES-DH-WatHeat, R_ES-DH-SpCool | I28: R_ES-SH-DH_GAS06 | J28: Air heat pump with natural gas HeatCool | K28: =K27 -> 22 | L28: =L27*$AN28 -> 31790 | M28: =M27*$AN28 -> 31790 | N28: =N27*$AN28 -> 29882.6 | O28: =O27*$AN28 -> 29882.6 | P28: =P27*$AN28 -> 29882.6 | Q28: =Q27*$AN28 -> 170.5 | S28: =S27 -> 1.35 | T28: =T27 -> 1.45 | U28: =U27 -> 1.7 | V28: =V27 -> 1.7 | W28: =W27 -> 1.7 | AE28: =AE27 -> 1 | AF28: =AF27 -> 1 | AG28: 1 | AN28: 1.1
A29: GHP | B29: R_ES-SH-DH_GAS05 | C29: Gas/LPG-driven Heat Pump absorption brine to water + Solar th collectors_SH-WH | D29: DH | E29: GHP – adsorption heat pump brine to water + Solar thermal collectors | F29: RSDGAS, RSDLPG, RSDBGS | G29: AHET | H29: R_ES-DH-SpHeat, R_ES-DH-WatHeat | K29: 20 | L29: 19496 | M29: 19496 | N29: 19496 | O29: 19496 | P29: 19496 | Q29: 272 | S29: 1.12 | T29: 1.12 | U29: 1.12 | V29: 1.12 | W29: 1.12 | AE29: 1 | AF29: 1
A30: GHP | B30: R_ES-SH-DH_GAS06 | C30: Gas/LPG-driven Heat Pump absorption brine to water + Solar th collectors_SH-WH-SC | D30: DH | E30: =E29&" + add costs" -> GHP – adsorption heat pump brine to water + Solar thermal collectors + add costs | F30: RSDGAS, RSDLPG, RSDBGS | G30: AHET | H30: R_ES-DH-SpHeat, R_ES-DH-WatHeat, R_ES-DH-SpCool | K30: =K29 -> 20 | L30: =L29*$AN30 -> 21445.6 | M30: =M29*$AN30 -> 21445.6 | N30: =N29*$AN30 -> 21445.6 | O30: =O29*$AN30 -> 21445.6 | P30: =P29*$AN30 -> 21445.6 | Q30: =Q29*$AN30 -> 299.2 | S30: =S29 -> 1.12 | T30: =T29 -> 1.12 | U30: =U29 -> 1.12 | V30: =V29 -> 1.12 | W30: =W29 -> 1.12 | AE30: =AE29 -> 1 | AF30: =AF29 -> 1 | AG30: 1 | AN30: 1.1
A31: GHP | B31: R_ES-SH-DH_GAS07 | C31: Gas/LPG-driven Heat Pump engine Air-to-Water_SH-WH | D31: DH | E31: GHP – gas engine driven heat pump air/brine to water | F31: RSDGAS, RSDLPG, RSDBGS | G31: AHET | H31: R_ES-DH-SpHeat, R_ES-DH-WatHeat | K31: 20 | L31: 47500 | M31: 47500 | N31: 47500 | O31: 47500 | P31: 47500 | Q31: 135 | S31: 1.5 | T31: 1.55 | U31: 1.55 | V31: 1.6 | W31: 1.6 | AE31: 1 | AF31: 1 | AQ31: Data missing. NE data used
A32: GHP | B32: R_ES-SH-DH_GAS08 | C32: Gas/LPG-driven Heat Pump engine Air-to-Water_SH-WH-SC | D32: DH | E32: =E31&" + add costs" -> GHP – gas engine driven heat pump air/brine to water + add costs | F32: RSDGAS, RSDLPG, RSDBGS | G32: AHET | H32: R_ES-DH-SpHeat, R_ES-DH-WatHeat, R_ES-DH-SpCool | K32: =K31 -> 20 | L32: =L31*$AN32 -> 52250 | M32: =M31*$AN32 -> 52250 | N32: =N31*$AN32 -> 52250 | O32: =O31*$AN32 -> 52250 | P32: =P31*$AN32 -> 52250 | Q32: =Q31*$AN32 -> 148.5 | S32: =S31 -> 1.5 | T32: =T31 -> 1.55 | U32: =U31 -> 1.55 | V32: =V31 -> 1.6 | W32: =W31 -> 1.6 | AE32: =AE31 -> 1 | AF32: =AF31 -> 1 | AG32: 1 | AN32: 1.1
A33: CHP | B33: R_ES-CHP-DH_GAS01 | C33: CHP engines – Natural Gas micro turbine | D33: DH | E33: CHP engines – micro turbine | F33: RSDGAS, RSDLPG, RSDBGS | H33: RSDELC, R_ES-DH-SpHeat | K33: 10 | L33: 103980 | M33: 103980 | N33: 77985 | O33: 77985 | P33: 62388 | S33: 0.26 | T33: 0.26 | U33: 0.26 | V33: 0.26 | W33: 0.26 | AE33: 0.6 | AH33: =(AK33-S33)/S33 -> 2.4615385 | AI33: =(AL33-T33)/T33 -> 2.4615385 | AJ33: =(AM33-U33)/U33 -> 2.4615385 | AK33: 0.9 | AL33: 0.9 | AM33: 0.9 | AO33: n/a
A34: CHP | B34: R_ES-CHP-DH_OIL01 | C34: CHP engines – Diesel micro turbine | D34: DH | E34: CHP engines – micro turbine | F34: RSDOIL, RSDBDL | H34: RSDELC, R_ES-DH-SpHeat | K34: 10 | L34: 103980 | M34: 103980 | N34: 77985 | O34: 77985 | P34: 62388 | S34: 0.26 | T34: 0.26 | U34: 0.26 | V34: 0.26 | W34: 0.26 | AE34: 0.6 | AH34: =(AK34-S34)/S34 -> 2.4615385 | AI34: =(AL34-T34)/T34 -> 2.4615385 | AJ34: =(AM34-U34)/U34 -> 2.4615385 | AK34: 0.9 | AL34: 0.9 | AM34: 0.9
A35: CHP | B35: R_ES-CHP-DH_GAS02 | C35: CHP engines – Natural Gas internal combustion engine | D35: DH | E35: CHP engines – internal combustion engine, natural gas | F35: RSDGAS, RSDLPG, RSDBGS | H35: RSDELC, R_ES-DH-SpHeat | K35: 10 | L35: 23200 | M35: 19070 | N35: 16385.5 | O35: 16385.5 | P35: 16385.5 | Q35: 310 | S35: 0.2 | T35: 0.22 | U35: 0.25 | AE35: 0.6 | AH35: =(AK35-S35)/S35 -> 2.25 | AI35: =(AL35-T35)/T35 -> 2.1818182 | AJ35: =(AM35-U35)/U35 -> 1.9 | AK35: 0.65 | AL35: 0.7 | AM35: 0.725 | AO35: Y | AQ35: The mechanical (or electrical) efficiency of a gas engine is around 20 % as annual average for micro-CHP units and 28-36 % for mini CHP units. The combined efficiency (electricity and heat) is on the level of 80-90 %.
A36: CHP | B36: R_ES-CHP-DH_OIL02 | C36: CHP engines – Diesel internal combustion engine | D36: DH | E36: CHP engines – internal combustion engine, diesel | F36: RSDOIL, RSDBDL | H36: RSDELC, R_ES-DH-SpHeat | K36: 10 | L36: 24000 | M36: 19710 | N36: 16921.5 | O36: 16921.5 | P36: 16921.5 | Q36: 310 | S36: 0.2 | T36: 0.22 | U36: 0.25 | AE36: 0.6 | AH36: =AH35 -> 2.25 | AI36: =AI35 -> 2.1818182 | AJ36: =AJ35 -> 1.9 | AK36: 0.65 | AL36: 0.7 | AM36: 0.725 | AO36: Y
A37: CHP | B37: R_ES-CHP-DH_GAS03 | C37: CHP engines – Stirling engine | D37: DH | E37: CHP engines – Stirling engine | F37: RSDGAS, RSDLPG, RSDBGS | H37: RSDELC, R_ES-DH-SpHeat | K37: 10 | L37: 18500 | M37: 16750 | N37: 14125 | O37: 14125 | P37: 14125 | Q37: 250 | S37: 0.12 | T37: 0.14 | U37: 0.16 | AE37: 0.6 | AH37: =(AK37-S37)/S37 -> 5.4583333 | AI37: =(AL37-T37)/T37 -> 4.7142857 | AJ37: =(AM37-U37)/U37 -> 4.15625 | AK37: 0.775 | AL37: 0.8 | AM37: 0.825 | AO37: Y | AQ37: typically combined with a condensing natural gas boiler for peak loads
A38: CHP | B38: R_ES-CHP-DH_GAS04 | C38: CHP fuel cells – Natural Gas fuel cell | D38: DH | E38: CHP fuel cells – natural gas fuel cell | F38: RSDGAS | H38: RSDELC, R_ES-DH-SpHeat | K38: 10 | L38: 21491 | M38: 21491 | N38: 9091 | O38: 9091 | P38: 4131 | Q38: 274 | S38: 0.375 | T38: 0.45 | U38: 0.475 | AE38: 0.6 | AH38: =(AK38-S38)/S38 -> 0.46666667 | AI38: =(AL38-T38)/T38 -> 0.16666667 | AJ38: =(AM38-U38)/U38 -> 0.10526316 | AK38: 0.55 | AL38: 0.525 | AM38: 0.525 | AO38: Y | AQ38: Includes auxiliary boiler and storage (also for tap water). The micro CHP unit will cover approx. 50-70 % of the total heat demand (from NE)
A39: CHP | B39: R_ES-CHP-DH_HH201 | C39: CHP fuel cells – Hydrogen fuel cell | D39: DH | E39: CHP fuel cells – hydrogen fuel cell | F39: RSDHH2 | H39: RSDELC, R_ES-DH-SpHeat | K39: 10 | L39: 13000 | M39: 6900 | N39: 5100 | O39: No | P39: No | Q39: 500 | S39: 0.475 | T39: 0.505 | U39: 0.545 | AE39: 0.6 | AH39: =(AK39-S39)/S39 -> -0.15789474 | AI39: =(AL39-T39)/T39 -> -0.12871287 | AJ39: =(AM39-U39)/U39 -> -0.17431193 | AK39: 0.4 | AL39: 0.44 | AM39: 0.45 | AO39: Y | AQ39: The micro CHP unit will cover approx. 50-70 % of the total heat demand. The remaining part should be supplied from a supplementary heater/burner. Electroliser EFF not included (from NE)
A40: suppl. | B40: R_ES-CHP-DH-GASspl | C40: Backup for CHPs - Natural Gas boiler | D40: DH | E40: HOB-gas | F40: RSDLPG, RSDBGS, RSDGAS | H40: R_ES-DH-SpHeat, R_ES-DH-WatHeat | K40: =K4 -> 20 | L40: 4309 | M40: 4309 | N40: 4309 | O40: 4309 | P40: 4309 | Q40: 226 | S40: 0.84679858 | T40: 0.84679858 | U40: 0.84679858 | V40: 0.84679858 | W40: 0.84679858 | AE40: 0.4 | AF40: 1
A41: suppl. | B41: R_ES-CHP-DH-OILspl | C41: Backup for CHPs - Oil boiler | D41: DH | E41: HOB-oil | F41: RSDBDL, RSDOIL | H41: R_ES-DH-SpHeat, R_ES-DH-WatHeat | K41: =K8 -> 22 | L41: 5527 | M41: 5527 | N41: 5527 | O41: 5527 | P41: 5527 | Q41: 185 | S41: 0.84595206 | T41: 0.84595206 | U41: 0.84595206 | V41: 0.84595206 | W41: 0.84595206 | AE41: 0.4 | AF41: 1
A43: Type | B43: JET Code | C43: JET Description | D43: Building type | E43: Database tech | F43: Input | G43: Input-A | H43: Output | I43: Former tech | J43: Former desc | K43: Life | L43: INVCOST (€/unit) | M43: INVCOST~2020 | N43: INVCOST~2030 | O43: INVCOST~2040 | P43: INVCOST~2050 | Q43: FIXOM (€/unit-y) | R43: VAROM (€/GJ) | S43: EFF | T43: EFF~2020 | U43: EFF~2030 | V43: EFF~2040 | W43: EFF~2050 | X43: CEFF-Heat | Y43: CEFF-Cool | Z43: CEFF-Cool~2020 | AA43: CEFF-Cool~2030 | AB43: CEFF-Cool~2040 | AC43: CEFF-Cool~2050 | AD43: Cap2Act | AE43: Share-O~SpHeat | AF43: Share-O~WatHeat | AG43: Share-O~SpCool | AH43: CHPR | AI43: CHPR~2020 | AJ43: CHPR~2030 | AK43: Total EFF | AL43: Total EFF~2020 | AM43: Total EFF~2030 | AN43: Corr factor | AO43: Incl add costs? | AP43: n of dwellings | AQ43: Notes | AR43: Range Check~LO | AS43: Range Check~UP
A44: *Detached post70 (DH-70)
A45: Boiler | B45: R_ES-SH-DH-70_OIL01 | C45: Oil/Biodiesel boiler condensing_SH-WH | D45: DH-70 | E45: =IF(E4="","",E4) -> HOB-oil | F45: =IF(F4="","",F4) -> RSDOIL, RSDBDL | G45: =IF(G4="","",G4) | H45: R_ES-DH-70-SpHeat, R_ES-DH-70-WatHeat | K45: =IF(K4="","",K4) -> 20 | L45: =IF(L4="","",L4) -> 5527 | M45: =IF(M4="","",M4) -> 5527 | N45: =IF(N4="","",N4) -> 5527 | O45: =IF(O4="","",O4) -> 5527 | P45: =IF(P4="","",P4) -> 5527 | Q45: =IF(Q4="","",Q4) -> 185 | R45: =IF(R4="","",R4) | ... AO45: =IF(AO4="","",AO4) | AQ45: =IF(AQ4="","",AQ4)
A46: Boiler | B46: R_ES-SH-DH-70_OIL02 | C46: Oil/Biodiesel boiler condensing + wt other techs_SH-WH | D46: DH-70 | E46: =IF(E5="","",E5) -> HOB-oil | F46: =IF(F5="","",F5) -> RSDOIL, RSDBDL | G46: =IF(G5="","",G5) | H46: R_ES-DH-70-SpHeat, R_ES-DH-70-WatHeat | K46: =IF(K5="","",K5) -> 20 | L46: =IF(L5="","",L5) -> 5527 | M46: =IF(M5="","",M5) -> 5527 | N46: =IF(N5="","",N5) -> 5527 | O46: =IF(O5="","",O5) -> 5527 | P46: =IF(P5="","",P5) -> 5527 | Q46: =IF(Q5="","",Q5) -> 185 | R46: =IF(R5="","",R5) | ... AO46: =IF(AO5="","",AO5) | AQ46: =IF(AQ5="","",AQ5)
A47: suppl. | B47: =B46&"-"&RIGHT(F47,3)&"spl" -> R_ES-SH-DH-70_OIL02-SOLspl | C47: Backup for Oil boiler - Solar thermal_SH-WH | D47: DH-70 | E47: =IF(E6="","",E6) -> Solar heating and hot tap water | F47: =IF(F6="","",F6) -> RSDSOL | G47: =IF(G6="","",G6) | H47: R_ES-DH-70-SpHeat, R_ES-DH-70-WatHeat | K47: =IF(K6="","",K6) -> 20 | L47: =IF(L6="","",L6) -> 6294 | M47: =IF(M6="","",M6) -> 6000.36 | N47: =IF(N6="","",N6) -> 5755.66 | O47: =IF(O6="","",O6) -> 4678.98 | P47: =IF(P6="","",P6) -> 4678.98 | Q47: =IF(Q6="","",Q6) -> 115 | R47: =IF(R6="","",R6) | ... AO47: =IF(AO6="","",AO6) -> Y | AQ47: =IF(AQ6="","",AQ6) -> Solar share 10-20 % (used 15%) as Gas+Solar
A48: suppl. | B48: =B46&"-"&RIGHT(F48,3)&"spl" -> R_ES-SH-DH-70_OIL02-BIOspl | C48: Backup for Oil boiler - Wood stove_SH | D48: DH-70 | E48: =IF(E7="","",E7) -> HOB-wood | F48: =IF(F7="","",F7) -> RSDBIO | G48: =IF(G7="","",G7) | H48: R_ES-DH-70-SpHeat | K48: =IF(K7="","",K7) -> 20 | L48: =IF(L7="","",L7) -> 4200 | M48: =IF(M7="","",M7) -> 4200 | N48: =IF(N7="","",N7) -> 5100 | O48: =IF(O7="","",O7) -> 5100 | P48: =IF(P7="","",P7) -> 5100 | Q48: =IF(Q7="","",Q7) -> 1 | R48: =IF(R7="","",R7) | ... AO48: =IF(AO7="","",AO7) -> Y | AQ48: =IF(AQ7="","",AQ7) -> Added Storage costs (add. inv.)
A49: Boiler | B49: R_ES-SH-DH-70_GAS01 | C49: Gas/LPG/Biogas boiler condensing_SH-WH | D49: DH-70 | E49: =IF(E8="","",E8) -> HOB-gas | F49: =IF(F8="","",F8) -> RSDGAS, RSDLPG, RSDBGS | G49: =IF(G8="","",G8) | H49: R_ES-DH-70-SpHeat, R_ES-DH-70-WatHeat | K49: =IF(K8="","",K8) -> 22 | L49: =IF(L8="","",L8) -> 4309 | M49: =IF(M8="","",M8) -> 4309 | N49: =IF(N8="","",N8) -> 4309 | O49: =IF(O8="","",O8) -> 4309 | P49: =IF(P8="","",P8) -> 4309 | Q49: =IF(Q8="","",Q8) -> 226 | R49: =IF(R8="","",R8) | ... AO49: =IF(AO8="","",AO8) | AQ49: =IF(AQ8="","",AQ8)
A50: Boiler | B50: R_ES-SH-DH-70_GAS02 | C50: Gas/LPG/Biogas boiler condensing + wt other techs_SH-WH | D50: DH-70 | E50: =IF(E9="","",E9) -> HOB-gas | F50: =IF(F9="","",F9) -> RSDGAS, RSDLPG, RSDBGS | G50: =IF(G9="","",G9) | H50: R_ES-DH-70-SpHeat, R_ES-DH-70-WatHeat | K50: =IF(K9="","",K9) -> 22 | L50: =IF(L9="","",L9) -> 4309 | M50: =IF(M9="","",M9) -> 4309 | N50: =IF(N9="","",N9) -> 4309 | O50: =IF(O9="","",O9) -> 4309 | P50: =IF(P9="","",P9) -> 4309 | Q50: =IF(Q9="","",Q9) -> 226 | R50: =IF(R9="","",R9) | ... AO50: =IF(AO9="","",AO9) | AQ50: =IF(AQ9="","",AQ9)
A51: suppl. | B51: =B50&"-"&RIGHT(F51,3)&"spl" -> R_ES-SH-DH-70_GAS02-SOLspl | C51: Backup for Gas boiler - Solar thermal_SH-WH | D51: DH-70 | E51: =IF(E10="","",E10) -> Solar heating and hot tap water | F51: =IF(F10="","",F10) -> RSDSOL | G51: =IF(G10="","",G10) | H51: R_ES-DH-70-SpHeat, R_ES-DH-70-WatHeat | K51: =IF(K10="","",K10) -> 20 | L51: =IF(L10="","",L10) -> 6294 | M51: =IF(M10="","",M10) -> 6000.36 | N51: =IF(N10="","",N10) -> 5755.66 | O51: =IF(O10="","",O10) -> 4678.98 | P51: =IF(P10="","",P10) -> 4678.98 | Q51: =IF(Q10="","",Q10) -> 115 | R51: =IF(R10="","",R10) | ... AO51: =IF(AO10="","",AO10) -> Y | AQ51: =IF(AQ10="","",AQ10) -> Solar share 10-20 % (used 15%). AddInv: Control unit that facilitates the operation
A52: suppl. | B52: =B50&"-"&RIGHT(F52,3)&"spl" -> R_ES-SH-DH-70_GAS02-BIOspl | C52: Backup for Gas boiler - Wood stove_SH | D52: DH-70 | E52: =IF(E11="","",E11) -> HOB-wood | F52: =IF(F11="","",F11) -> RSDBIO | G52: =IF(G11="","",G11) | H52: R_ES-DH-70-SpHeat | K52: =IF(K11="","",K11) -> 20 | L52: =IF(L11="","",L11) -> 4200 | M52: =IF(M11="","",M11) -> 4200 | N52: =IF(N11="","",N11) -> 5100 | O52: =IF(O11="","",O11) -> 5100 | P52: =IF(P11="","",P11) -> 5100 | Q52: =IF(Q11="","",Q11) -> 1 | R52: =IF(R11="","",R11) | ... AO52: =IF(AO11="","",AO11) -> Y | AQ52: =IF(AQ11="","",AQ11) -> Added Storage costs (add. inv.)
A53: Boiler | B53: R_ES-SH-DH-70_BIO01 | C53: Biomass boiler_SH-WH | D53: DH-70 | E53: =IF(E12="","",E12) -> HOB-biomass | F53: =IF(F12="","",F12) -> RSDBIO | G53: =IF(G12="","",G12) | H53: R_ES-DH-70-SpHeat, R_ES-DH-70-WatHeat | K53: =IF(K12="","",K12) -> 20 | L53: =IF(L12="","",L12) -> 16550 | M53: =IF(M12="","",M12) -> 16550 | N53: =IF(N12="","",N12) -> 17720 | O53: =IF(O12="","",O12) -> 17720 | P53: =IF(P12="","",P12) -> 17720 | Q53: =IF(Q12="","",Q12) -> 470.58824 | R53: =IF(R12="","",R12) | ... AO53: =IF(AO12="","",AO12) -> Y | AQ53: =IF(AQ12="","",AQ12) -> Added Storage costs (add. inv.)
A54: Boiler | B54: R_ES-SH-DH-70_ELC01 | C54: Electric boiler_SH-WH | D54: DH-70 | E54: =IF(E13="","",E13) -> Electric_electric boiler | F54: =IF(F13="","",F13) -> RSDELC | G54: =IF(G13="","",G13) | H54: R_ES-DH-70-SpHeat, R_ES-DH-70-WatHeat | K54: =IF(K13="","",K13) -> 15 | L54: =IF(L13="","",L13) -> 4000 | M54: =IF(M13="","",M13) -> 4000 | N54: =IF(N13="","",N13) -> 4000 | O54: =IF(O13="","",O13) -> 4000 | P54: =IF(P13="","",P13) -> 4000 | Q54: =IF(Q13="","",Q13) -> 10 | R54: =IF(R13="","",R13) | ... AO54: =IF(AO13="","",AO13) | AQ54: =IF(AQ13="","",AQ13) -> Include both room heaters and hot tap water preparation
A55: Electric HP | B55: R_ES-SH-DH-70_ELC02 | C55: Heat Pump Air-to-Air_SH | D55: DH-70 | E55: =IF(E14="","",E14) -> HP-e-air-to-air | F55: =IF(F14="","",F14) -> RSDELC | G55: =IF(G14="","",G14) -> AHET | H55: R_ES-DH-70-SpHeat, R_ES-DH-70-SpCool | K55: =IF(K14="","",K14) -> 20 | L55: =IF(L14="","",L14) -> 15389 | M55: =IF(M14="","",M14) -> 14619.55 | N55: =IF(N14="","",N14) -> 13234.54 | O55: =IF(O14="","",O14) -> 12618.98 | P55: =IF(P14="","",P14) -> 12618.98 | Q55: =IF(Q14="","",Q14) -> 300 | R55: =IF(R14="","",R14) | ... AO55: =IF(AO14="","",AO14) -> Y | AQ55: =IF(AQ14="","",AQ14) -> HP covers between 60 % and 80 % of the total space heating demand of a building
A56: suppl. | B56: =B55&"-"&RIGHT(F56,3)&"spl" -> R_ES-SH-DH-70_ELC02-ELCspl | C56: Backup for Heat Pump Air-to-Air - Electric_SH-WH | D56: DH-70 | E56: =IF(E15="","",E15) -> Electric_electric boiler | F56: =IF(F15="","",F15) -> RSDELC | G56: =IF(G15="","",G15) | H56: R_ES-DH-70-SpHeat, R_ES-DH-70-WatHeat | K56: =IF(K15="","",K15) -> 15 | L56: =IF(L15="","",L15) -> 3039.5388 | M56: =IF(M15="","",M15) -> 3039.5388 | N56: =IF(N15="","",N15) -> 3039.5388 | O56: =IF(O15="","",O15) -> 3039.5388 | P56: =IF(P15="","",P15) -> 3039.5388 | Q56: =IF(Q15="","",Q15) -> 55 | R56: =IF(R15="","",R15) | ... AO56: =IF(AO15="","",AO15) | AQ56: =IF(AQ15="","",AQ15) -> AddInv: shunt-valve.
A57: suppl. | B57: =B55&"-"&RIGHT(F57,3)&"spl" -> R_ES-SH-DH-70_ELC02-GASspl | C57: Backup for Heat Pump Air-to-Air - Natural Gas boiler_SH-WH | D57: DH-70 | E57: =IF(E16="","",E16) -> HOB-gas | F57: =IF(F16="","",F16) -> RSDLPG, RSDBGS, RSDGAS | G57: =IF(G16="","",G16) | H57: R_ES-DH-70-SpHeat, R_ES-DH-70-WatHeat | K57: =IF(K16="","",K16) -> 22 | L57: =IF(L16="","",L16) -> 5348.1 | M57: =IF(M16="","",M16) -> 5348.1 | N57: =IF(N16="","",N16) -> 5348.1 | O57: =IF(O16="","",O16) -> 5348.1 | P57: =IF(P16="","",P16) -> 5348.1 | Q57: =IF(Q16="","",Q16) -> 113 | R57: =IF(R16="","",R16) | ... AO57: =IF(AO16="","",AO16) -> Y | AQ57: =IF(AQ16="","",AQ16) -> AddInv: shunt-valve.
A58: suppl. | B58: =B55&"-"&RIGHT(F58,3)&"spl" -> R_ES-SH-DH-70_ELC02-BIOspl | C58: Backup for Heat Pump Air-to-Air - Biomass boiler_SH-WH | D58: DH-70 | E58: =IF(E17="","",E17) -> HOB-biomass | F58: =IF(F17="","",F17) -> RSDBIO | G58: =IF(G17="","",G17) | H58: R_ES-DH-70-SpHeat, R_ES-DH-70-WatHeat | K58: =IF(K17="","",K17) -> 20 | L58: =IF(L17="","",L17) -> 10328.1 | M58: =IF(M17="","",M17) -> 10328.1 | N58: =IF(N17="","",N17) -> 11257.629 | O58: =IF(O17="","",O17) -> 11257.629 | P58: =IF(P17="","",P17) -> 11257.629 | Q58: =IF(Q17="","",Q17) -> 136.15 | R58: =IF(R17="","",R17) | ... AO58: =IF(AO17="","",AO17) -> Y | AQ58: =IF(AQ17="","",AQ17) -> AddInv: shunt-valve.
A59: suppl. | B59: =B55&"-"&RIGHT(F59,3)&"spl" -> R_ES-SH-DH-70_ELC02-SOLspl | C59: Backup for Heat Pump Air-to-Air - Solar thermal_SH-WH | D59: DH-70 | E59: =IF(E18="","",E18) -> Solar heating and hot tap water | F59: =IF(F18="","",F18) -> RSDSOL | G59: =IF(G18="","",G18) | H59: R_ES-DH-70-SpHeat, R_ES-DH-70-WatHeat | K59: =IF(K18="","",K18) -> 20 | L59: =IF(L18="","",L18) -> 4396.6 | M59: =IF(M18="","",M18) -> 5027.214 | N59: =IF(N18="","",N18) -> 4759.809 | O59: =IF(O18="","",O18) -> 3583.227 | P59: =IF(P18="","",P18) -> 3583.227 | Q59: =IF(Q18="","",Q18) -> 61 | R59: =IF(R18="","",R18) | ... AO59: =IF(AO18="","",AO18) | AQ59: =IF(AQ18="","",AQ18) -> AddInv: shunt-valve.
A60: Electric HP | B60: R_ES-SH-DH-70_ELC04 | C60: Heat Pump Air-to-Water_SH-WH | D60: DH-70 | E60: =IF(E19="","",E19) -> HP-e-air-to-water | F60: =IF(F19="","",F19) -> RSDELC | G60: =IF(G19="","",G19) -> AHET | H60: R_ES-DH-70-SpHeat, R_ES-DH-70-WatHeat | K60: =IF(K19="","",K19) -> 20 | L60: =IF(L19="","",L19) -> 15389 | M60: =IF(M19="","",M19) -> 14003.99 | N60: =IF(N19="","",N19) -> 14003.99 | O60: =IF(O19="","",O19) -> 12618.98 | P60: =IF(P19="","",P19) -> 12618.98 | Q60: =IF(Q19="","",Q19) -> 246 | R60: =IF(R19="","",R19) | ... AO60: =IF(AO19="","",AO19) | AQ60: =IF(AQ19="","",AQ19)
A61: Electric HP | B61: R_ES-SH-DH-70_ELC05 | C61: Heat Pump Air-to-Water_SH-WH-SC | D61: DH-70 | E61: =IF(E20="","",E20) -> HP-e-air-to-water + add costs | F61: =IF(F20="","",F20) -> RSDELC | G61: =IF(G20="","",G20) -> AHET | H61: R_ES-DH-70-SpHeat, R_ES-DH-70-WatHeat, R_ES-DH-70-SpCool | K61: =IF(K20="","",K20) -> 20 | L61: =IF(L20="","",L20) -> 16927.9 | M61: =IF(M20="","",M20) -> 15404.389 | N61: =IF(N20="","",N20) -> 15404.389 | O61: =IF(O20="","",O20) -> 13880.878 | P61: =IF(P20="","",P20) -> 13880.878 | Q61: =IF(Q20="","",Q20) -> 270.6 | R61: =IF(R20="","",R20) | ... AO61: =IF(AO20="","",AO20) | AQ61: =IF(AQ20="","",AQ20)
A62: Electric HP | B62: R_ES-SH-DH-70_ELC06 | C62: Heat Pump Ground Source Horizontal_SH-WH | D62: DH-70 | E62: =IF(E21="","",E21) -> Heat pump, ground source | F62: =IF(F21="","",F21) -> RSDELC | G62: =IF(G21="","",G21) -> GHET | H62: R_ES-DH-70-SpHeat, R_ES-DH-70-WatHeat | K62: =IF(K21="","",K21) -> 20 | L62: =IF(L21="","",L21) -> 16350 | M62: =IF(M21="","",M21) -> 15205.5 | N62: =IF(N21="","",N21) -> 14061 | O62: =IF(O21="","",O21) -> 12916.5 | P62: =IF(P21="","",P21) -> 12916.5 | Q62: =IF(Q21="","",Q21) -> 300 | R62: =IF(R21="","",R21) | ... AO62: =IF(AO21="","",AO21) | AQ62: =IF(AQ21="","",AQ21)
A63: Electric HP | B63: R_ES-SH-DH-70_ELC07 | C63: Heat Pump Ground Source Horizontal_SH-WH-SC | D63: DH-70 | E63: =IF(E22="","",E22) -> Heat pump, ground source + add costs | F63: =IF(F22="","",F22) -> RSDELC | G63: =IF(G22="","",G22) -> GHET | H63: R_ES-DH-70-SpHeat, R_ES-DH-70-WatHeat, R_ES-DH-70-SpCool | K63: =IF(K22="","",K22) -> 20 | L63: =IF(L22="","",L22) -> 17985 | M63: =IF(M22="","",M22) -> 16726.05 | N63: =IF(N22="","",N22) -> 15467.1 | O63: =IF(O22="","",O22) -> 14208.15 | P63: =IF(P22="","",P22) -> 14208.15 | Q63: =IF(Q22="","",Q22) -> 330 | R63: =IF(R22="","",R22) | ... AO63: =IF(AO22="","",AO22) | AQ63: =IF(AQ22="","",AQ22)
A64: Electric HP | B64: R_ES-SH-DH-70_ELC08 | C64: Heat Pump Ground Source Vertical_SH-WH | D64: DH-70 | E64: =IF(E23="","",E23) -> Heat pump, ground source | F64: =IF(F23="","",F23) -> RSDELC | G64: =IF(G23="","",G23) -> GHET | H64: R_ES-DH-70-SpHeat, R_ES-DH-70-WatHeat | K64: =IF(K23="","",K23) -> 20 | L64: =IF(L23="","",L23) -> 25800 | M64: =IF(M23="","",M23) -> 24655.5 | N64: =IF(N23="","",N23) -> 23511 | O64: =IF(O23="","",O23) -> 22366.5 | P64: =IF(P23="","",P23) -> 22366.5 | Q64: =IF(Q23="","",Q23) -> 300 | R64: =IF(R23="","",R23) | ... AO64: =IF(AO23="","",AO23) -> Y | AQ64: =IF(AQ23="","",AQ23) -> Dominated tech by horizontal tech
A65: Electric HP | B65: R_ES-SH-DH-70_ELC09 | C65: Heat Pump Ground Source Vertical_SH-WH-SC | D65: DH-70 | E65: =IF(E24="","",E24) -> Heat pump, ground source + add costs | F65: =IF(F24="","",F24) -> RSDELC | G65: =IF(G24="","",G24) -> GHET | H65: R_ES-DH-70-SpHeat, R_ES-DH-70-WatHeat, R_ES-DH-70-SpCool | K65: =IF(K24="","",K24) -> 20 | L65: =IF(L24="","",L24) -> 28380 | M65: =IF(M24="","",M24) -> 27121.05 | N65: =IF(N24="","",N24) -> 25862.1 | O65: =IF(O24="","",O24) -> 24603.15 | P65: =IF(P24="","",P24) -> 24603.15 | Q65: =IF(Q24="","",Q24) -> 330 | R65: =IF(R24="","",R24) | ... AO65: =IF(AO24="","",AO24) -> Y | AQ65: =IF(AQ24="","",AQ24)
A66: Electric HP | B66: R_ES-SH-DH-70_ELC10 | C66: Heat Pump Groundwater_SH-WH | D66: DH-70 | E66: =IF(E25="","",E25) -> HP-e-groundwater | F66: =IF(F25="","",F25) -> RSDELC | G66: =IF(G25="","",G25) -> GHET | H66: R_ES-DH-70-SpHeat, R_ES-DH-70-WatHeat | K66: =IF(K25="","",K25) -> 25 | L66: =IF(L25="","",L25) -> 25735 | M66: =IF(M25="","",M25) -> 25735 | N66: =IF(N25="","",N25) -> 21647.5 | O66: =IF(O25="","",O25) -> 21647.5 | P66: =IF(P25="","",P25) -> 20012.5 | Q66: =IF(Q25="","",Q25) -> 300 | R66: =IF(R25="","",R25) | ... AO66: =IF(AO25="","",AO25) -> Y | AQ66: =IF(AQ25="","",AQ25) -> Drilling costs & heat exchanger
A67: Electric HP | B67: R_ES-SH-DH-70_ELC11 | C67: Heat Pump Groundwater_SH-WH-SC | D67: DH-70 | E67: =IF(E26="","",E26) -> HP-e-groundwater + add costs | F67: =IF(F26="","",F26) -> RSDELC | G67: =IF(G26="","",G26) -> GHET | H67: R_ES-DH-70-SpHeat, R_ES-DH-70-WatHeat, R_ES-DH-70-SpCool | K67: =IF(K26="","",K26) -> 25 | L67: =IF(L26="","",L26) -> 28308.5 | M67: =IF(M26="","",M26) -> 28308.5 | N67: =IF(N26="","",N26) -> 23812.25 | O67: =IF(O26="","",O26) -> 23812.25 | P67: =IF(P26="","",P26) -> 22013.75 | Q67: =IF(Q26="","",Q26) -> 330 | R67: =IF(R26="","",R26) | ... AO67: =IF(AO26="","",AO26) -> Y | AQ67: =IF(AQ26="","",AQ26) -> Drilling costs & heat exchanger
A68: GHP | B68: R_ES-SH-DH-70_GAS03 | C68: Gas/LPG-driven Heat Pump absorption Air-to-Water_SH-WH | D68: DH-70 | E68: =IF(E27="","",E27) -> GHP – direct-fired absorption heat pump air/brine to water | F68: =IF(F27="","",F27) -> RSDGAS, RSDLPG, RSDBGS | G68: =IF(G27="","",G27) -> AHET | H68: R_ES-DH-70-SpHeat, R_ES-DH-70-WatHeat | K68: =IF(K27="","",K27) -> 22 | L68: =IF(L27="","",L27) -> 28900 | M68: =IF(M27="","",M27) -> 28900 | N68: =IF(N27="","",N27) -> 27166 | O68: =IF(O27="","",O27) -> 27166 | P68: =IF(P27="","",P27) -> 27166 | Q68: =IF(Q27="","",Q27) -> 155 | R68: =IF(R27="","",R27) | ... AO68: =IF(AO27="","",AO27) | AQ68: =IF(AQ27="","",AQ27)
A69: GHP | B69: R_ES-SH-DH-70_GAS04 | C69: Gas/LPG-driven Heat Pump absorption Air-to-Water_SH-WH-SC | D69: DH-70 | E69: =IF(E28="","",E28) -> GHP – direct-fired absorption heat pump air/brine to water + add costs | F69: =IF(F28="","",F28) -> RSDGAS, RSDLPG, RSDBGS | G69: =IF(G28="","",G28) -> AHET | H69: R_ES-DH-70-SpHeat, R_ES-DH-70-WatHeat, R_ES-DH-70-SpCool | K69: =IF(K28="","",K28) -> 22 | L69: =IF(L28="","",L28) -> 31790 | M69: =IF(M28="","",M28) -> 31790 | N69: =IF(N28="","",N28) -> 29882.6 | O69: =IF(O28="","",O28) -> 29882.6 | P69: =IF(P28="","",P28) -> 29882.6 | Q69: =IF(Q28="","",Q28) -> 170.5 | R69: =IF(R28="","",R28) | ... AO69: =IF(AO28="","",AO28) | AQ69: =IF(AQ28="","",AQ28)
A70: GHP | B70: R_ES-SH-DH-70_GAS05 | C70: Gas/LPG-driven Heat Pump absorption brine to water + Solar th collectors_SH-WH | D70: DH-70 | E70: =IF(E29="","",E29) -> GHP – adsorption heat pump brine to water + Solar thermal collectors | F70: =IF(F29="","",F29) -> RSDGAS, RSDLPG, RSDBGS | G70: =IF(G29="","",G29) -> AHET | H70: R_ES-DH-70-SpHeat, R_ES-DH-70-WatHeat | K70: =IF(K29="","",K29) -> 20 | L70: =IF(L29="","",L29) -> 19496 | M70: =IF(M29="","",M29) -> 19496 | N70: =IF(N29="","",N29) -> 19496 | O70: =IF(O29="","",O29) -> 19496 | P70: =IF(P29="","",P29) -> 19496 | Q70: =IF(Q29="","",Q29) -> 272 | R70: =IF(R29="","",R29) | ... AO70: =IF(AO29="","",AO29) | AQ70: =IF(AQ29="","",AQ29)
A71: GHP | B71: R_ES-SH-DH-70_GAS06 | C71: Gas/LPG-driven Heat Pump absorption brine to water + Solar th collectors_SH-WH-SC | D71: DH-70 | E71: =IF(E30="","",E30) -> GHP – adsorption heat pump brine to water + Solar thermal collectors + add costs | F71: =IF(F30="","",F30) -> RSDGAS, RSDLPG, RSDBGS | G71: =IF(G30="","",G30) -> AHET | H71: R_ES-DH-70-SpHeat, R_ES-DH-70-WatHeat, R_ES-DH-70-SpCool | K71: =IF(K30="","",K30) -> 20 | L71: =IF(L30="","",L30) -> 21445.6 | M71: =IF(M30="","",M30) -> 21445.6 | N71: =IF(N30="","",N30) -> 21445.6 | O71: =IF(O30="","",O30) -> 21445.6 | P71: =IF(P30="","",P30) -> 21445.6 | Q71: =IF(Q30="","",Q30) -> 299.2 | R71: =IF(R30="","",R30) | ... AO71: =IF(AO30="","",AO30) | AQ71: =IF(AQ30="","",AQ30)
... A82: suppl. | B82: R_ES-CHP-DH-70-OILspl | C82: Backup for CHPs - Oil boiler | D82: DH-70 | E82: =IF(E41="","",E41) -> HOB-oil | F82: =IF(F41="","",F41) -> RSDBDL, RSDOIL | G82: =IF(G41="","",G41) | H82: R_ES-DH-70-SpHeat, R_ES-DH-70-WatHeat | K82: =IF(K41="","",K41) -> 22 | L82: =IF(L41="","",L41) -> 5527 | M82: =IF(M41="","",M41) -> 5527 | N82: =IF(N41="","",N41) -> 5527 | O82: =IF(O41="","",O41) -> 5527 | P82: =IF(P41="","",P41) -> 5527 | Q82: =IF(Q41="","",Q41) -> 185 | R82: =IF(R41="","",R41) | ... AO82: =IF(AO41="","",AO41) | AQ82: =IF(AQ41="","",AQ41)
A84: Type | B84: JET Code | C84: JET Description | D84: Building type | E84: Database tech | F84: Input | G84: Input-A | H84: Output | I84: Former tech | J84: Former desc | K84: Life | L84: INVCOST (€/unit) | M84: INVCOST~2020 | N84: INVCOST~2030 | O84: INVCOST~2040 | P84: INVCOST~2050 | Q84: FIXOM (€/unit-y) | R84: VAROM (€/GJ) | S84: EFF | T84: EFF~2020 | U84: EFF~2030 | V84: EFF~2040 | W84: EFF~2050 | X84: CEFF-Heat | Y84: CEFF-Cool | Z84: CEFF-Cool~2020 | AA84: CEFF-Cool~2030 | AB84: CEFF-Cool~2040 | AC84: CEFF-Cool~2050 | AD84: Cap2Act | AE84: Share-O~SpHeat | AF84: Share-O~WatHeat | AG84: Share-O~SpCool | AH84: CHPR | AI84: CHPR~2020 | AJ84: CHPR~2030 | AK84: Total EFF | AL84: Total EFF~2020 | AM84: Total EFF~2030 | AN84: Corr factor | AO84: Incl add costs? | AP84: n of dwellings | AQ84: Notes | AR84: Range Check~LO | AS84: Range Check~UP
A85: *Semidetached dwellings (SD)
A86: Boiler | B86: R_ES-SH-SD_OIL01 | C86: Oil/Biodiesel boiler condensing_SH-WH | D86: SD | E86: =IF(E4="","",E4) -> HOB-oil | F86: =IF(F4="","",F4) -> RSDOIL, RSDBDL | G86: =IF(G4="","",G4) | H86: R_ES-SD-SpHeat, R_ES-SD-WatHeat | K86: =IF(K4="","",K4) -> 20 | L86: =IF(L4="","",L4) -> 5527 | M86: =IF(M4="","",M4) -> 5527 | N86: =IF(N4="","",N4) -> 5527 | O86: =IF(O4="","",O4) -> 5527 | P86: =IF(P4="","",P4) -> 5527 | Q86: =IF(Q4="","",Q4) -> 185 | R86: =IF(R4="","",R4) | ... AO86: =IF(AO4="","",AO4) | AQ86: =IF(AQ4="","",AQ4)
A87: Boiler | B87: R_ES-SH-SD_OIL02 | C87: Oil/Biodiesel boiler condensing + wt other techs_SH-WH | D87: SD | E87: =IF(E5="","",E5) -> HOB-oil | F87: =IF(F5="","",F5) -> RSDOIL, RSDBDL | G87: =IF(G5="","",G5) | H87: R_ES-SD-SpHeat, R_ES-SD-WatHeat | K87: =IF(K5="","",K5) -> 20 | L87: =IF(L5="","",L5) -> 5527 | M87: =IF(M5="","",M5) -> 5527 | N87: =IF(N5="","",N5) -> 5527 | O87: =IF(O5="","",O5) -> 5527 | P87: =IF(P5="","",P5) -> 5527 | Q87: =IF(Q5="","",Q5) -> 185 | R87: =IF(R5="","",R5) | ... AO87: =IF(AO5="","",AO5) | AQ87: =IF(AQ5="","",AQ5)
A88: suppl. | B88: =B87&"-"&RIGHT(F88,3)&"spl" -> R_ES-SH-SD_OIL02-SOLspl | C88: Backup for Oil boiler - Solar thermal_SH-WH | D88: SD | E88: =IF(E6="","",E6) -> Solar heating and hot tap water | F88: =IF(F6="","",F6) -> RSDSOL | G88: =IF(G6="","",G6) | H88: R_ES-SD-SpHeat, R_ES-SD-WatHeat | K88: =IF(K6="","",K6) -> 20 | L88: =IF(L6="","",L6) -> 6294 | M88: =IF(M6="","",M6) -> 6000.36 | N88: =IF(N6="","",N6) -> 5755.66 | O88: =IF(O6="","",O6) -> 4678.98 | P88: =IF(P6="","",P6) -> 4678.98 | Q88: =IF(Q6="","",Q6) -> 115 | R88: =IF(R6="","",R6) | ... AO88: =IF(AO6="","",AO6) -> Y | AQ88: =IF(AQ6="","",AQ6) -> Solar share 10-20 % (used 15%) as Gas+Solar
A89: suppl. | B89: =B87&"-"&RIGHT(F89,3)&"spl" -> R_ES-SH-SD_OIL02-BIOspl | C89: Backup for Oil boiler - Wood stove_SH | D89: SD | E89: =IF(E7="","",E7) -> HOB-wood | F89: =IF(F7="","",F7) -> RSDBIO | G89: =IF(G7="","",G7) | H89: R_ES-SD-SpHeat | K89: =IF(K7="","",K7) -> 20 | L89: =IF(L7="","",L7) -> 4200 | M89: =IF(M7="","",M7) -> 4200 | N89: =IF(N7="","",N7) -> 5100 | O89: =IF(O7="","",O7) -> 5100 | P89: =IF(P7="","",P7) -> 5100 | Q89: =IF(Q7="","",Q7) -> 1 | R89: =IF(R7="","",R7) | ... AO89: =IF(AO7="","",AO7) -> Y | AQ89: =IF(AQ7="","",AQ7) -> Added Storage costs (add. inv.)
A90: Boiler | B90: R_ES-SH-SD_GAS01 | C90: Gas/LPG/Biogas boiler condensing_SH-WH | D90: SD | E90: =IF(E8="","",E8) -> HOB-gas | F90: =IF(F8="","",F8) -> RSDGAS, RSDLPG, RSDBGS | G90: =IF(G8="","",G8) | H90: R_ES-SD-SpHeat, R_ES-SD-WatHeat | K90: =IF(K8="","",K8) -> 22 | L90: =IF(L8="","",L8) -> 4309 | M90: =IF(M8="","",M8) -> 4309 | N90: =IF(N8="","",N8) -> 4309 | O90: =IF(O8="","",O8) -> 4309 | P90: =IF(P8="","",P8) -> 4309 | Q90: =IF(Q8="","",Q8) -> 226 | R90: =IF(R8="","",R8) | ... AO90: =IF(AO8="","",AO8) | AQ90: =IF(AQ8="","",AQ8)
A91: Boiler | B91: R_ES-SH-SD_GAS02 | C91: Gas/LPG/Biogas boiler condensing + wt other techs_SH-WH | D91: SD | E91: =IF(E9="","",E9) -> HOB-gas | F91: =IF(F9="","",F9) -> RSDGAS, RSDLPG, RSDBGS | G91: =IF(G9="","",G9) | H91: R_ES-SD-SpHeat, R_ES-SD-WatHeat | K91: =IF(K9="","",K9) -> 22 | L91: =IF(L9="","",L9) -> 4309 | M91: =IF(M9="","",M9) -> 4309 | N91: =IF(N9="","",N9) -> 4309 | O91: =IF(O9="","",O9) -> 4309 | P91: =IF(P9="","",P9) -> 4309 | Q91: =IF(Q9="","",Q9) -> 226 | R91: =IF(R9="","",R9) | ... AO91: =IF(AO9="","",AO9) | AQ91: =IF(AQ9="","",AQ9)
A92: suppl. | B92: =B91&"-"&RIGHT(F92,3)&"spl" -> R_ES-SH-SD_GAS02-SOLspl | C92: Backup for Gas boiler - Solar thermal_SH-WH | D92: SD | E92: =IF(E10="","",E10) -> Solar heating and hot tap water | F92: =IF(F10="","",F10) -> RSDSOL | G92: =IF(G10="","",G10) | H92: R_ES-SD-SpHeat, R_ES-SD-WatHeat | K92: =IF(K10="","",K10) -> 20 | L92: =IF(L10="","",L10) -> 6294 | M92: =IF(M10="","",M10) -> 6000.36 | N92: =IF(N10="","",N10) -> 5755.66 | O92: =IF(O10="","",O10) -> 4678.98 | P92: =IF(P10="","",P10) -> 4678.98 | Q92: =IF(Q10="","",Q10) -> 115 | R92: =IF(R10="","",R10) | ... AO92: =IF(AO10="","",AO10) -> Y | AQ92: =IF(AQ10="","",AQ10) -> Solar share 10-20 % (used 15%). AddInv: Control unit that facilitates the operation
A93: suppl. | B93: =B91&"-"&RIGHT(F93,3)&"spl" -> R_ES-SH-SD_GAS02-BIOspl | C93: Backup for Gas boiler - Wood stove_SH | D93: SD | E93: =IF(E11="","",E11) -> HOB-wood | F93: =IF(F11="","",F11) -> RSDBIO | G93: =IF(G11="","",G11) | H93: R_ES-SD-SpHeat | K93: =IF(K11="","",K11) -> 20 | L93: =IF(L11="","",L11) -> 4200 | M93: =IF(M11="","",M11) -> 4200 | N93: =IF(N11="","",N11) -> 5100 | O93: =IF(O11="","",O11) -> 5100 | P93: =IF(P11="","",P11) -> 5100 | Q93: =IF(Q11="","",Q11) -> 1 | R93: =IF(R11="","",R11) | ... AO93: =IF(AO11="","",AO11) -> Y | AQ93: =IF(AQ11="","",AQ11) -> Added Storage costs (add. inv.)
A94: Boiler | B94: R_ES-SH-SD_BIO01 | C94: Biomass boiler_SH-WH | D94: SD | E94: =IF(E12="","",E12) -> HOB-biomass | F94: =IF(F12="","",F12) -> RSDBIO | G94: =IF(G12="","",G12) | H94: R_ES-SD-SpHeat, R_ES-SD-WatHeat | K94: =IF(K12="","",K12) -> 20 | L94: =IF(L12="","",L12) -> 16550 | M94: =IF(M12="","",M12) -> 16550 | N94: =IF(N12="","",N12) -> 17720 | O94: =IF(O12="","",O12) -> 17720 | P94: =IF(P12="","",P12) -> 17720 | Q94: =IF(Q12="","",Q12) -> 470.58824 | R94: =IF(R12="","",R12) | ... AO94: =IF(AO12="","",AO12) -> Y | AQ94: =IF(AQ12="","",AQ12) -> Added Storage costs (add. inv.)
A95: Boiler | B95: R_ES-SH-SD_ELC01 | C95: Electric boiler_SH-WH | D95: SD | E95: =IF(E13="","",E13) -> Electric_electric boiler | F95: =IF(F13="","",F13) -> RSDELC | G95: =IF(G13="","",G13) | H95: R_ES-SD-SpHeat, R_ES-SD-WatHeat | K95: =IF(K13="","",K13) -> 15 | L95: =IF(L13="","",L13) -> 4000 | M95: =IF(M13="","",M13) -> 4000 | N95: =IF(N13="","",N13) -> 4000 | O95: =IF(O13="","",O13) -> 4000 | P95: =IF(P13="","",P13) -> 4000 | Q95: =IF(Q13="","",Q13) -> 10 | R95: =IF(R13="","",R13) | ... AO95: =IF(AO13="","",AO13) | AQ95: =IF(AQ13="","",AQ13) -> Include both room heaters and hot tap water preparation
A96: Electric HP | B96: R_ES-SH-SD_ELC02 | C96: Heat Pump Air-to-Air_SH | D96: SD | E96: =IF(E14="","",E14) -> HP-e-air-to-air | F96: =IF(F14="","",F14) -> RSDELC | G96: =IF(G14="","",G14) -> AHET | H96: R_ES-SD-SpHeat, R_ES-SD-SpCool | K96: =IF(K14="","",K14) -> 20 | L96: =IF(L14="","",L14) -> 15389 | M96: =IF(M14="","",M14) -> 14619.55 | N96: =IF(N14="","",N14) -> 13234.54 | O96: =IF(O14="","",O14) -> 12618.98 | P96: =IF(P14="","",P14) -> 12618.98 | Q96: =IF(Q14="","",Q14) -> 300 | R96: =IF(R14="","",R14) | ... AO96: =IF(AO14="","",AO14) -> Y | AQ96: =IF(AQ14="","",AQ14) -> HP covers between 60 % and 80 % of the total space heating demand of a building
A97: suppl. | B97: =B96&"-"&RIGHT(F97,3)&"spl" -> R_ES-SH-SD_ELC02-ELCspl | C97: Backup for Heat Pump Air-to-Air - Electric_SH-WH | D97: SD | E97: =IF(E15="","",E15) -> Electric_electric boiler | F97: =IF(F15="","",F15) -> RSDELC | G97: =IF(G15="","",G15) | H97: R_ES-SD-SpHeat, R_ES-SD-WatHeat | K97: =IF(K15="","",K15) -> 15 | L97: =IF(L15="","",L15) -> 3039.5388 | M97: =IF(M15="","",M15) -> 3039.5388 | N97: =IF(N15="","",N15) -> 3039.5388 | O97: =IF(O15="","",O15) -> 3039.5388 | P97: =IF(P15="","",P15) -> 3039.5388 | Q97: =IF(Q15="","",Q15) -> 55 | R97: =IF(R15="","",R15) | ... AO97: =IF(AO15="","",AO15) | AQ97: =IF(AQ15="","",AQ15) -> AddInv: shunt-valve.
A98: suppl. | B98: =B96&"-"&RIGHT(F98,3)&"spl" -> R_ES-SH-SD_ELC02-GASspl | C98: Backup for Heat Pump Air-to-Air - Natural Gas boiler_SH-WH | D98: SD | E98: =IF(E16="","",E16) -> HOB-gas | F98: =IF(F16="","",F16) -> RSDLPG, RSDBGS, RSDGAS | G98: =IF(G16="","",G16) | H98: R_ES-SD-SpHeat, R_ES-SD-WatHeat | K98: =IF(K16="","",K16) -> 22 | L98: =IF(L16="","",L16) -> 5348.1 | M98: =IF(M16="","",M16) -> 5348.1 | N98: =IF(N16="","",N16) -> 5348.1 | O98: =IF(O16="","",O16) -> 5348.1 | P98: =IF(P16="","",P16) -> 5348.1 | Q98: =IF(Q16="","",Q16) -> 113 | R98: =IF(R16="","",R16) | ... AO98: =IF(AO16="","",AO16) -> Y | AQ98: =IF(AQ16="","",AQ16) -> AddInv: shunt-valve.
A99: suppl. | B99: =B96&"-"&RIGHT(F99,3)&"spl" -> R_ES-SH-SD_ELC02-BIOspl | C99: Backup for Heat Pump Air-to-Air - Biomass boiler_SH-WH | D99: SD | E99: =IF(E17="","",E17) -> HOB-biomass | F99: =IF(F17="","",F17) -> RSDBIO | G99: =IF(G17="","",G17) | H99: R_ES-SD-SpHeat, R_ES-SD-WatHeat | K99: =IF(K17="","",K17) -> 20 | L99: =IF(L17="","",L17) -> 10328.1 | M99: =IF(M17="","",M17) -> 10328.1 | N99: =IF(N17="","",N17) -> 11257.629 | O99: =IF(O17="","",O17) -> 11257.629 | P99: =IF(P17="","",P17) -> 11257.629 | Q99: =IF(Q17="","",Q17) -> 136.15 | R99: =IF(R17="","",R17) | ... AO99: =IF(AO17="","",AO17) -> Y | AQ99: =IF(AQ17="","",AQ17) -> AddInv: shunt-valve.
A100: suppl. | B100: =B96&"-"&RIGHT(F100,3)&"spl" -> R_ES-SH-SD_ELC02-SOLspl | C100: Backup for Heat Pump Air-to-Air - Solar thermal_SH-WH | D100: SD | E100: =IF(E18="","",E18) -> Solar heating and hot tap water | F100: =IF(F18="","",F18) -> RSDSOL | G100: =IF(G18="","",G18) | H100: R_ES-SD-SpHeat, R_ES-SD-WatHeat | K100: =IF(K18="","",K18) -> 20 | L100: =IF(L18="","",L18) -> 4396.6 | M100: =IF(M18="","",M18) -> 5027.214 | N100: =IF(N18="","",N18) -> 4759.809 | O100: =IF(O18="","",O18) -> 3583.227 | P100: =IF(P18="","",P18) -> 3583.227 | Q100: =IF(Q18="","",Q18) -> 61 | R100: =IF(R18="","",R18) | ... AO100: =IF(AO18="","",AO18) | AQ100: =IF(AQ18="","",AQ18) -> AddInv: shunt-valve.
A101: Electric HP | B101: R_ES-SH-SD_ELC04 | C101: Heat Pump Air-to-Water_SH-WH | D101: SD | E101: =IF(E19="","",E19) -> HP-e-air-to-water | F101: =IF(F19="","",F19) -> RSDELC | G101: =IF(G19="","",G19) -> AHET | H101: R_ES-SD-SpHeat, R_ES-SD-WatHeat | K101: =IF(K19="","",K19) -> 20 | L101: =IF(L19="","",L19) -> 15389 | M101: =IF(M19="","",M19) -> 14003.99 | N101: =IF(N19="","",N19) -> 14003.99 | O101: =IF(O19="","",O19) -> 12618.98 | P101: =IF(P19="","",P19) -> 12618.98 | Q101: =IF(Q19="","",Q19) -> 246 | R101: =IF(R19="","",R19) | ... AO101: =IF(AO19="","",AO19) | AQ101: =IF(AQ19="","",AQ19)
A102: Electric HP | B102: R_ES-SH-SD_ELC05 | C102: Heat Pump Air-to-Water_SH-WH-SC | D102: SD | E102: =IF(E20="","",E20) -> HP-e-air-to-water + add costs | F102: =IF(F20="","",F20) -> RSDELC | G102: =IF(G20="","",G20) -> AHET | H102: R_ES-SD-SpHeat, R_ES-SD-WatHeat, R_ES-SD-SpCool | K102: =IF(K20="","",K20) -> 20 | L102: =IF(L20="","",L20) -> 16927.9 | M102: =IF(M20="","",M20) -> 15404.389 | N102: =IF(N20="","",N20) -> 15404.389 | O102: =IF(O20="","",O20) -> 13880.878 | P102: =IF(P20="","",P20) -> 13880.878 | Q102: =IF(Q20="","",Q20) -> 270.6 | R102: =IF(R20="","",R20) | ... AO102: =IF(AO20="","",AO20) | AQ102: =IF(AQ20="","",AQ20)
A103: Electric HP | B103: R_ES-SH-SD_ELC06 | C103: Heat Pump Ground Source Horizontal_SH-WH | D103: SD | E103: =IF(E21="","",E21) -> Heat pump, ground source | F103: =IF(F21="","",F21) -> RSDELC | G103: =IF(G21="","",G21) -> GHET | H103: R_ES-SD-SpHeat, R_ES-SD-WatHeat | K103: =IF(K21="","",K21) -> 20 | L103: =IF(L21="","",L21) -> 16350 | M103: =IF(M21="","",M21) -> 15205.5 | N103: =IF(N21="","",N21) -> 14061 | O103: =IF(O21="","",O21) -> 12916.5 | P103: =IF(P21="","",P21) -> 12916.5 | Q103: =IF(Q21="","",Q21) -> 300 | R103: =IF(R21="","",R21) | ... AO103: =IF(AO21="","",AO21) | AQ103: =IF(AQ21="","",AQ21)
A104: Electric HP | B104: R_ES-SH-SD_ELC07 | C104: Heat Pump Ground Source Horizontal_SH-WH-SC | D104: SD | E104: =IF(E22="","",E22) -> Heat pump, ground source + add costs | F104: =IF(F22="","",F22) -> RSDELC | G104: =IF(G22="","",G22) -> GHET | H104: R_ES-SD-SpHeat, R_ES-SD-WatHeat, R_ES-SD-SpCool | K104: =IF(K22="","",K22) -> 20 | L104: =IF(L22="","",L22) -> 17985 | M104: =IF(M22="","",M22) -> 16726.05 | N104: =IF(N22="","",N22) -> 15467.1 | O104: =IF(O22="","",O22) -> 14208.15 | P104: =IF(P22="","",P22) -> 14208.15 | Q104: =IF(Q22="","",Q22) -> 330 | R104: =IF(R22="","",R22) | ... AO104: =IF(AO22="","",AO22) | AQ104: =IF(AQ22="","",AQ22)
A105: Electric HP | B105: R_ES-SH-SD_ELC08 | C105: Heat Pump Ground Source Vertical_SH-WH | D105: SD | E105: =IF(E23="","",E23) -> Heat pump, ground source | F105: =IF(F23="","",F23) -> RSDELC | G105: =IF(G23="","",G23) -> GHET | H105: R_ES-SD-SpHeat, R_ES-SD-WatHeat | K105: =IF(K23="","",K23) -> 20 | L105: =IF(L23="","",L23) -> 25800 | M105: =IF(M23="","",M23) -> 24655.5 | N105: =IF(N23="","",N23) -> 23511 | O105: =IF(O23="","",O23) -> 22366.5 | P105: =IF(P23="","",P23) -> 22366.5 | Q105: =IF(Q23="","",Q23) -> 300 | R105: =IF(R23="","",R23) | ... AO105: =IF(AO23="","",AO23) -> Y | AQ105: =IF(AQ23="","",AQ23) -> Dominated tech by horizontal tech
A106: Electric HP | B106: R_ES-SH-SD_ELC09 | C106: Heat Pump Ground Source Vertical_SH-WH-SC | D106: SD | E106: =IF(E24="","",E24) -> Heat pump, ground source + add costs | F106: =IF(F24="","",F24) -> RSDELC | G106: =IF(G24="","",G24) -> GHET | H106: R_ES-SD-SpHeat, R_ES-SD-WatHeat, R_ES-SD-SpCool | K106: =IF(K24="","",K24) -> 20 | L106: =IF(L24="","",L24) -> 28380 | M106: =IF(M24="","",M24) -> 27121.05 | N106: =IF(N24="","",N24) -> 25862.1 | O106: =IF(O24="","",O24) -> 24603.15 | P106: =IF(P24="","",P24) -> 24603.15 | Q106: =IF(Q24="","",Q24) -> 330 | R106: =IF(R24="","",R24) | ... AO106: =IF(AO24="","",AO24) -> Y | AQ106: =IF(AQ24="","",AQ24)
A107: Electric HP | B107: R_ES-SH-SD_ELC10 | C107: Heat Pump Groundwater_SH-WH | D107: SD | E107: =IF(E25="","",E25) -> HP-e-groundwater | F107: =IF(F25="","",F25) -> RSDELC | G107: =IF(G25="","",G25) -> GHET | H107: R_ES-SD-SpHeat, R_ES-SD-WatHeat | K107: =IF(K25="","",K25) -> 25 | L107: =IF(L25="","",L25) -> 25735 | M107: =IF(M25="","",M25) -> 25735 | N107: =IF(N25="","",N25) -> 21647.5 | O107: =IF(O25="","",O25) -> 21647.5 | P107: =IF(P25="","",P25) -> 20012.5 | Q107: =IF(Q25="","",Q25) -> 300 | R107: =IF(R25="","",R25) | ... AO107: =IF(AO25="","",AO25) -> Y | AQ107: =IF(AQ25="","",AQ25) -> Drilling costs & heat exchanger
A108: Electric HP | B108: R_ES-SH-SD_ELC11 | C108: Heat Pump Groundwater_SH-WH-SC | D108: SD | E108: =IF(E26="","",E26) -> HP-e-groundwater + add costs | F108: =IF(F26="","",F26) -> RSDELC | G108: =IF(G26="","",G26) -> GHET | H108: R_ES-SD-SpHeat, R_ES-SD-WatHeat, R_ES-SD-SpCool | K108: =IF(K26="","",K26) -> 25 | L108: =IF(L26="","",L26) -> 28308.5 | M108: =IF(M26="","",M26) -> 28308.5 | N108: =IF(N26="","",N26) -> 23812.25 | O108: =IF(O26="","",O26) -> 23812.25 | P108: =IF(P26="","",P26) -> 22013.75 | Q108: =IF(Q26="","",Q26) -> 330 | R108: =IF(R26="","",R26) | ... AO108: =IF(AO26="","",AO26) -> Y | AQ108: =IF(AQ26="","",AQ26) -> Drilling costs & heat exchanger
A109: GHP | B109: R_ES-SH-SD_GAS03 | C109: Gas/LPG-driven Heat Pump absorption Air-to-Water_SH-WH | D109: SD | E109: =IF(E27="","",E27) -> GHP – direct-fired absorption heat pump air/brine to water | F109: =IF(F27="","",F27) -> RSDGAS, RSDLPG, RSDBGS | G109: =IF(G27="","",G27) -> AHET | H109: R_ES-SD-SpHeat, R_ES-SD-WatHeat | K109: =IF(K27="","",K27) -> 22 | L109: =IF(L27="","",L27) -> 28900 | M109: =IF(M27="","",M27) -> 28900 | N109: =IF(N27="","",N27) -> 27166 | O109: =IF(O27="","",O27) -> 27166 | P109: =IF(P27="","",P27) -> 27166 | Q109: =IF(Q27="","",Q27) -> 155 | R109: =IF(R27="","",R27) | ... AO109: =IF(AO27="","",AO27) | AQ109: =IF(AQ27="","",AQ27)
A110: GHP | B110: R_ES-SH-SD_GAS04 | C110: Gas/LPG-driven Heat Pump absorption Air-to-Water_SH-WH-SC | D110: SD | E110: =IF(E28="","",E28) -> GHP – direct-fired absorption heat pump air/brine to water + add costs | F110: =IF(F28="","",F28) -> RSDGAS, RSDLPG, RSDBGS | G110: =IF(G28="","",G28) -> AHET | H110: R_ES-SD-SpHeat, R_ES-SD-WatHeat, R_ES-SD-SpCool | K110: =IF(K28="","",K28) -> 22 | L110: =IF(L28="","",L28) -> 31790 | M110: =IF(M28="","",M28) -> 31790 | N110: =IF(N28="","",N28) -> 29882.6 | O110: =IF(O28="","",O28) -> 29882.6 | P110: =IF(P28="","",P28) -> 29882.6 | Q110: =IF(Q28="","",Q28) -> 170.5 | R110: =IF(R28="","",R28) | ... AO110: =IF(AO28="","",AO28) | AQ110: =IF(AQ28="","",AQ28)
A111: GHP | B111: R_ES-SH-SD_GAS05 | C111: Gas/LPG-driven Heat Pump absorption brine to water + Solar th collectors_SH-WH | D111: SD | E111: =IF(E29="","",E29) -> GHP – adsorption heat pump brine to water + Solar thermal collectors | F111: =IF(F29="","",F29) -> RSDGAS, RSDLPG, RSDBGS | G111: =IF(G29="","",G29) -> AHET | H111: R_ES-SD-SpHeat, R_ES-SD-WatHeat | K111: =IF(K29="","",K29) -> 20 | L111: =IF(L29="","",L29) -> 19496 | M111: =IF(M29="","",M29) -> 19496 | N111: =IF(N29="","",N29) -> 19496 | O111: =IF(O29="","",O29) -> 19496 | P111: =IF(P29="","",P29) -> 19496 | Q111: =IF(Q29="","",Q29) -> 272 | R111: =IF(R29="","",R29) | ... AO111: =IF(AO29="","",AO29) | AQ111: =IF(AQ29="","",AQ29)
A112: GHP | B112: R_ES-SH-SD_GAS06 | C112: Gas/LPG-driven Heat Pump absorption brine to water + Solar th collectors_SH-WH-SC | D112: SD | E112: =IF(E30="","",E30) -> GHP – adsorption heat pump brine to water + Solar thermal collectors + add costs | F112: =IF(F30="","",F30) -> RSDGAS, RSDLPG, RSDBGS | G112: =IF(G30="","",G30) -> AHET | H112: R_ES-SD-SpHeat, R_ES-SD-WatHeat, R_ES-SD-SpCool | K112: =IF(K30="","",K30) -> 20 | L112: =IF(L30="","",L30) -> 21445.6 | M112: =IF(M30="","",M30) -> 21445.6 | N112: =IF(N30="","",N30) -> 21445.6 | O112: =IF(O30="","",O30) -> 21445.6 | P112: =IF(P30="","",P30) -> 21445.6 | Q112: =IF(Q30="","",Q30) -> 299.2 | R112: =IF(R30="","",R30) | ... AO112: =IF(AO30="","",AO30) | AQ112: =IF(AQ30="","",AQ30)
...

Sheet RSD_HP
A2: This TFM_INS works for all type of buildings
C5: ~TFM_INS-TS: Region=AT,BE,BG,CY,CZ,DE,DK,EE,ES,FI,FR,EL,HU,IE,IT,LT,LU,LV,MT,NL,PL,PT,RO,SE,SI,SK,UK,CH,IS,NO,AL,BA,HR,KS,ME,MK,RS
C6: PSET_PN | D6: Attribute | E6: Timeslice | F6: Cset_CN | G6: Top_Check | H6: Other_Indexes | I6: 2011 | J6: 2020 | K6: 2030 | L6: 2040 | M6: 2050
A7: Heat Pump Air-to-Air_SH | C7: R_ES-SH*ELC02 | D7: CEFF | E7: W,R,S,F | F7: R_ES*SpHeat | G7: O | I7: 3 | J7: 3.2 | K7: 3.7 | L7: 4
A8: Heat Pump Air-to-Water_SH-WH | C8: R_ES-SH*ELC04 | D8: CEFF | E8: W,R,S,F | F8: R_ES*SpHeat | G8: O | I8: 3.1
A9: Heat Pump Air-to-Water_SH-WH-SC | C9: R_ES-SH*ELC05 | D9: CEFF | E9: W,R,S,F | F9: R_ES*SpHeat | G9: O | I9: 3.1
A10: Heat Pump Ground Source Horizontal_SH-WH | C10: R_ES-SH*ELC06 | D10: CEFF | E10: W,S | F10: R_ES*SpHeat | G10: O | I10: 3.6 | J10: 3.7 | K10: 4 | L10: 4.5 | O10: as in old SUBRES_B-NewTechs-RCA
A11: Heat Pump Ground Source Horizontal_SH-WH | C11: R_ES-SH*ELC06 | D11: CEFF | E11: F | F11: R_ES*SpHeat | G11: O | I11: 4.1 | J11: 4.2 | K11: 4.5 | L11: 5
A12: Heat Pump Ground Source Horizontal_SH-WH | C12: R_ES-SH*ELC06 | D12: CEFF | E12: R | F12: R_ES*SpHeat | G12: O | I12: 3.1 | J12: 3.2 | K12: 3.5 | L12: 4
A13: Heat Pump Ground Source Horizontal_SH-WH-SC | C13: R_ES-SH*ELC07 | D13: CEFF | E13: W,S | F13: R_ES*SpHeat | G13: O | I13: 3.6 | J13: 3.7 | K13: 4 | L13: 4.5
A14: Heat Pump Ground Source Horizontal_SH-WH-SC | C14: R_ES-SH*ELC07 | D14: CEFF | E14: F | F14: R_ES*SpHeat | G14: O | I14: 4.1 | J14: 4.2 | K14: 4.5 | L14: 5
A15: Heat Pump Ground Source Horizontal_SH-WH-SC | C15: R_ES-SH*ELC07 | D15: CEFF | E15: R | F15: R_ES*SpHeat | G15: O | I15: 3.1 | J15: 3.2 | K15: 3.5 | L15: 4
A16: Heat Pump Ground Source Vertical_SH-WH | C16: R_ES-SH*ELC08 | D16: CEFF | F16: R_ES*SpHeat | G16: O | I16: 3.6 | J16: 3.7 | K16: 4 | L16: 4.5 | O16: as in old SUBRES_B-NewTechs-RCA
A17: Heat Pump Ground Source Vertical_SH-WH-SC | C17: R_ES-SH*ELC09 | D17: CEFF | F17: R_ES*SpHeat | G17: O | I17: 3.6 | J17: 3.7 | K17: 4 | L17: 4.5
A18: Heat Pump Groundwater_SH-WH | C18: R_ES-SH*ELC10 | D18: CEFF | F18: R_ES*SpHeat | G18: O | I18: 3.52 | K18: 4.928 | M18: 5.28
A19: Heat Pump Groundwater_SH-WH-SC | C19: R_ES-SH*ELC11 | D19: CEFF | F19: R_ES*SpHeat | G19: O | I19: 3.52 | K19: 4.928 | M19: 5.28
A20: Gas/LPG-driven Heat Pump absorption Air-to-Water_SH-WH | C20: R_ES-SH*GAS03 | D20: CEFF | E20: W,R,S,F | F20: R_ES*SpHeat | G20: O | I20: 1.35 | J20: 1.45 | K20: 1.7
A21: Gas/LPG-driven Heat Pump absorption Air-to-Water_SH-WH-SC | C21: R_ES-SH*GAS04 | D21: CEFF | E21: W,R,S,F | F21: R_ES*SpHeat | G21: O | I21: 1.35 | J21: 1.45 | K21: 1.7
A22: Gas/LPG-driven Heat Pump absorption brine to water + Solar th collectors_SH-WH | C22: R_ES-SH*GAS05 | D22: CEFF | E22: W,R,S,F | F22: R_ES*SpHeat | G22: O | I22: 1.12
A23: Gas/LPG-driven Heat Pump absorption brine to water + Solar th collectors_SH-WH-SC | C23: R_ES-SH*GAS06 | D23: CEFF | E23: W,R,S,F | F23: R_ES*SpHeat | G23: O | I23: 1.12
A24: Gas/LPG-driven Heat Pump engine Air-to-Water_SH-WH | C24: R_ES-SH*GAS07 | D24: CEFF | E24: W,R,S,F | F24: R_ES*SpHeat | G24: O | I24: 1.5 | J24: 1.55 | L24: 1.6
A25: Gas/LPG-driven Heat Pump engine Air-to-Water_SH-WH-SC | C25: R_ES-SH*GAS08 | D25: CEFF | E25: W,R,S,F | F25: R_ES*SpHeat | G25: O | I25: 1.5 | J25: 1.55 | L25: 1.6
C26: R_ES-SH*ELC02 | D26: FLO_SHAR | E26: W,R,S,F | F26: RSDELC-heating | H26: NRG | I26: =1/I7 -> 0.33333333 | J26: =1/J7 -> 0.3125 | K26: =1/K7 -> 0.27027027 | L26: =1/L7 -> 0.25 | O26: RSDAHT
C27: R_ES-SH*ELC04 | D27: FLO_SHAR | E27: W,R,S,F | F27: RSDELC-heating | H27: NRG | I27: =1/I8 -> 0.32258065 | O27: RSDAHT
C28: R_ES-SH*ELC05 | D28: FLO_SHAR | E28: W,R,S,F | F28: RSDELC-heating | H28: NRG | I28: =1/I9 -> 0.32258065 | O28: RSDAHT
C29: R_ES-SH*ELC06 | D29: FLO_SHAR | E29: W,S | F29: RSDELC-heating | H29: NRG | I29: =1/I10 -> 0.27777778 | J29: =1/J10 -> 0.27027027 | K29: =1/K10 -> 0.25 | L29: =1/L10 -> 0.22222222 | O29: RSDGHT
C30: R_ES-SH*ELC06 | D30: FLO_SHAR | E30: F | F30: RSDELC-heating | H30: NRG | I30: =1/I11 -> 0.24390244 | J30: =1/J11 -> 0.23809524 | K30: =1/K11 -> 0.22222222 | L30: =1/L11 -> 0.2 | O30: RSDGHT
C31: R_ES-SH*ELC06 | D31: FLO_SHAR | E31: R | F31: RSDELC-heating | H31: NRG | I31: =1/I12 -> 0.32258065 | J31: =1/J12 -> 0.3125 | K31: =1/K12 -> 0.28571429 | L31: =1/L12 -> 0.25 | O31: RSDGHT
C32: R_ES-SH*ELC07 | D32: FLO_SHAR | E32: W,S | F32: RSDELC-heating | H32: NRG | I32: =1/I13 -> 0.27777778 | J32: =1/J13 -> 0.27027027 | K32: =1/K13 -> 0.25 | L32: =1/L13 -> 0.22222222 | O32: RSDGHT
C33: R_ES-SH*ELC07 | D33: FLO_SHAR | E33: F | F33: RSDELC-heating | H33: NRG | I33: =1/I14 -> 0.24390244 | J33: =1/J14 -> 0.23809524 | K33: =1/K14 -> 0.22222222 | L33: =1/L14 -> 0.2 | O33: RSDGHT
C34: R_ES-SH*ELC07 | D34: FLO_SHAR | E34: R | F34: RSDELC-heating | H34: NRG | I34: =1/I15 -> 0.32258065 | J34: =1/J15 -> 0.3125 | K34: =1/K15 -> 0.28571429 | L34: =1/L15 -> 0.25 | O34: RSDGHT
C35: R_ES-SH*ELC08 | D35: FLO_SHAR | F35: RSDELC-heating | H35: NRG | I35: =1/I16 -> 0.27777778 | J35: =1/J16 -> 0.27027027 | K35: =1/K16 -> 0.25 | L35: =1/L16 -> 0.22222222 | O35: RSDGHT
C36: R_ES-SH*ELC09 | D36: FLO_SHAR | F36: RSDELC-heating | H36: NRG | I36: =1/I17 -> 0.27777778 | J36: =1/J17 -> 0.27027027 | K36: =1/K17 -> 0.25 | L36: =1/L17 -> 0.22222222 | O36: RSDGHT
C37: R_ES-SH*ELC10 | D37: FLO_SHAR | F37: RSDELC-heating | H37: NRG | I37: =1/I18 -> 0.28409091 | K37: =1/K18 -> 0.20292208 | M37: =1/M18 -> 0.18939394 | O37: RSDGHT
C38: R_ES-SH*ELC11 | D38: FLO_SHAR | F38: RSDELC-heating | H38: NRG | I38: =1/I19 -> 0.28409091 | K38: =1/K19 -> 0.20292208 | M38: =1/M19 -> 0.18939394 | O38: RSDGHT
C39: R_ES-SH*GAS03 | D39: FLO_SHAR | F39: RSDAHT | H39: NRG | I39: =(I20-1)/I20 -> 0.25925926 | J39: =(J20-1)/J20 -> 0.31034483 | K39: =(K20-1)/K20 -> 0.41176471
C40: R_ES-SH*GAS04 | D40: FLO_SHAR | F40: RSDAHT | H40: NRG | I40: =(I21-1)/I21 -> 0.25925926 | J40: =(J21-1)/J21 -> 0.31034483 | K40: =(K21-1)/K21 -> 0.41176471
C41: R_ES-SH*GAS05 | D41: FLO_SHAR | F41: RSDAHT | H41: NRG | I41: =(I22-1)/I22 -> 0.10714286
C42: R_ES-SH*GAS06 | D42: FLO_SHAR | F42: RSDAHT | H42: NRG | I42: =(I23-1)/I23 -> 0.10714286
C43: R_ES-SH*GAS07 | D43: FLO_SHAR | F43: RSDAHT | H43: NRG | I43: =(I24-1)/I24 -> 0.33333333 | J43: =(J24-1)/J24 -> 0.35483871 | L43: =(L24-1)/L24 -> 0.375
C44: R_ES-SH*GAS08 | D44: FLO_SHAR | F44: RSDAHT | H44: NRG | I44: =(I25-1)/I25 -> 0.33333333 | J44: =(J25-1)/J25 -> 0.35483871 | L44: =(L25-1)/L25 -> 0.375

Sheet RSD_SpaceHeat
C2: ~TFM_INS
C3: PSET_PN | D3: Pset_CO | E3: Attribute | F3: LimType | G3: Other_Indexes | H3: Year | I3: Allregions
C4: R_ES-SH*,R_ES-CHP* | D4: R_*SpHeat | E4: NCAP_AFC | G4: ACT | H4: 0 | I4: -1
H7: Lower bound
H8: 0.5 | I8: 0.5 | J8: 0.5 | K8: 0.5 | L8: 0.5 | M8: 0.5 | N8: 0.5 | O8: 0.5 | P8: 0.5 | Q8: 0.5 | R8: 0.5 | S8: 0.5 | T8: 0.5 | U8: 0.5 | V8: 0.5 | W8: 0.5 | X8: 0.5 | Y8: 0.5 | Z8: 0.5 | AA8: 0.5 | AB8: 0.5 | AC8: 0.5 | AD8: 0.5 | AE8: 0.5 | AF8: 0.5 | AG8: 0.5 | AH8: 0.5 | AI8: 0.5 | AJ8: 0.5 | AK8: 0.5 | AL8: 0.5 | AM8: 0.5 | AN8: 0.5 | AO8: 0.5 | AP8: 0.5 | AQ8: 0.5 | AR8: 0.5
F9: WAS: | G9: R_ES-FL-SpHeat | H9: 0.018475322 | I9: 0.019172891 | J9: 0.0075769865 | K9: 0.018939405 | L9: 0.0075775084 | M9: 0.015597269 | N9: 0.016857316 | O9: 0.013505211 | P9: 0.016391248 | Q9: 0.014821368 | R9: 0.019437825 | S9: 0.015409061 | T9: 0.018211782 | U9: 0.012711787 | V9: 0.011747267 | W9: 0.0098954034 | X9: 0.036762426 | Y9: 0.017738242 | Z9: 0.011862837 | AA9: 0.027429356 | AB9: 0.015544495 | AC9: 0.0042891197 | AD9: 0.016999598 | AE9: 0.018824547 | AF9: 0.013279233 | AG9: 0.0049545766 | AH9: 0.008208706 | AI9: 0.018629135 | AJ9: 0.014812556 | AK9: 0.015120643 | AL9: 0.01140427 | AM9: 0.006477436 | AN9: 0.0094542067 | AO9: 0.015390959 | AP9: 0.009563933 | AQ9: 0.013073233 | AR9: 0.0088410702
G10: R_ES-DH-70-SpHeat | H10: 0.05740652 | I10: 0.07101598 | J10: 0.024880926 | K10: 0.058848519 | L10: 0.029317037 | M10: 0.059137047 | N10: 0.047236469 | O10: 0.047246766 | P10: 0.059868594 | Q10: 0.038032012 | R10: 0.092572784 | S10: 0.039055203 | T10: 0.053027878 | U10: 0.036297217 | V10: 0.044641832 | W10: 0.048898527 | X10: 0.13635011 | Y10: 0.0576022 | Z10: 0.041692511 | AA10: 0.055540634 | AB10: 0.058381162 | AC10: 0.013681541 | AD10: 0.054771614 | AE10: 0.070597975 | AF10: 0.052803384 | AG10: 0.018189142 | AH10: 0.046423189 | AI10: 0.066771236 | AJ10: 0.052739287 | AK10: 0.055353239 | AL10: 0.045787224 | AM10: 0.023644827 | AN10: 0.028773773 | AO10: 0.051902374 | AP10: 0.026405179 | AQ10: 0.03978824 | AR10: 0.026907699
G11: R_ES-SD-SpHeat | H11: 0.042158598 | I11: 0.043552852 | J11: 0.014781949 | K11: 0.044673346 | L11: 0.01740734 | M11: 0.035648151 | N11: 0.041163197 | O11: 0.033520976 | P11: 0.036194646 | Q11: 0.024614395 | R11: 0.053941416 | S11: 0.036273481 | T11: 0.032011554 | U11: 0.0207947 | V11: 0.028064637 | W11: 0.033756807 | X11: 0.08004023 | Y11: 0.037051716 | Z11: 0.028661472 | AA11: 0.049996712 | AB11: 0.037338476 | AC11: 0.0089324148 | AD11: 0.040452077 | AE11: 0.040646037 | AF11: 0.035900149 | AG11: 0.010835477 | AH11: 0.025944449 | AI11: 0.039938602 | AJ11: 0.034703361 | AK11: 0.034888068 | AL11: 0.039595945 | AM11: 0.013844718 | AN11: 0.015340179 | AO11: 0.028372936 | AP11: 0.015750506 | AQ11: 0.021212329 | AR11: 0.014345318
C13: ~TFM_INS
C14: PSET_PN | D14: Pset_CO | E14: Attribute | F14: LimType | G14: Cset_CN | H14: AT | I14: BE | J14: BG | K14: CH | L14: CY | M14: CZ | N14: DE | O14: DK | P14: EE | Q14: ES | R14: FI | S14: FR | T14: EL | U14: HR | V14: HU | W14: IE | X14: IS | Y14: IT | Z14: LT | AA14: LU | AB14: LV | AC14: MT | AD14: NL | AE14: NO | AF14: PL | AG14: PT | AH14: RO | AI14: SE | AJ14: SI | AK14: SK | AL14: UK | AM14: AL | AN14: BA | AO14: ME | AP14: MK | AQ14: RS | AR14: KS
C15: R_ES-SH-FL*,R_ES-CHP-FL* | E15: NCAP_AFC | G15: R_ES-FL-SpHeat | H15: =MAX(H9:H11) -> 0.05740652 | I15: =MAX(I9:I11) -> 0.07101598 | J15: =MAX(J9:J11) -> 0.024880926 | K15: =MAX(K9:K11) -> 0.058848519 | L15: =MAX(L9:L11) -> 0.029317037 | M15: =MAX(M9:M11) -> 0.059137047 | N15: =MAX(N9:N11) -> 0.047236469 | O15: =MAX(O9:O11) -> 0.047246766 | ... AR15: =MAX(AR9:AR11) -> 0.026907699
C16: R_ES-SH-DH*,R_ES-CHP-DH* | E16: NCAP_AFC | G16: R_ES-DH-SpHeat | H16: 0.09933152 | I16: 0.08383346 | J16: 0.0331676 | K16: 0.10182664 | L16: 0.033476448 | M16: 0.074848038 | N16: 0.098466429 | O16: 0.078803249 | P16: 0.086498267 | Q16: 0.056191569 | R16: 0.1318845 | S16: 0.10190598 | T16: 0.057337769 | U16: 0.048534008 | V16: 0.065400863 | W16: 0.09405191 | X16: 0.1942522 | Y16: 0.072611717 | Z16: 0.065589116 | AA16: 0.12003288 | AB16: 0.0869947 | AC16: 0.017136259 | AD16: 0.087388781 | AE16: 0.10416621 | AF16: 0.089980778 | AG16: 0.021191755 | AH16: 0.052913391 | AI16: 0.095421968 | AJ16: 0.077713628 | AK16: 0.074015938 | AL16: 0.083575163 | AM16: 0.025566583 | AN16: 0.031874806 | AO16: 0.057795628 | AP16: 0.035330389 | AQ16: 0.044076334 | AR16: 0.02980762
C17: R_ES-SH-DH-70*,R_ES-CHP-DH-70* | E17: NCAP_AFC | G17: R_ES-DH-70-SpHeat | H17: 0.05740652 | I17: 0.07101598 | J17: 0.024880926 | K17: 0.058848519 | L17: 0.029317037 | M17: 0.059137047 | N17: 0.047236469 | O17: 0.047246766 | P17: 0.059868594 | Q17: 0.038032012 | R17: 0.092572784 | S17: 0.039055203 | T17: 0.053027878 | U17: 0.036297217 | V17: 0.044641832 | W17: 0.048898527 | X17: 0.13635011 | Y17: 0.0576022 | Z17: 0.041692511 | AA17: 0.055540634 | AB17: 0.058381162 | AC17: 0.013681541 | AD17: 0.054771614 | AE17: 0.070597975 | AF17: 0.052803384 | AG17: 0.018189142 | AH17: 0.046423189 | AI17: 0.066771236 | AJ17: 0.052739287 | AK17: 0.055353239 | AL17: 0.045787224 | AM17: 0.023644827 | AN17: 0.028773773 | AO17: 0.051902374 | AP17: 0.026405179 | AQ17: 0.03978824 | AR17: 0.026907699
C18: R_ES-SH-SD*,R_ES-CHP-SD* | E18: NCAP_AFC | G18: R_ES-SD-SpHeat | H18: =MAX(H10:H11) -> 0.05740652 | I18: =MAX(I10:I11) -> 0.07101598 | J18: =MAX(J10:J11) -> 0.024880926 | K18: =MAX(K10:K11) -> 0.058848519 | L18: =MAX(L10:L11) -> 0.029317037 | M18: =MAX(M10:M11) -> 0.059137047 | N18: =MAX(N10:N11) -> 0.047236469 | O18: =MAX(O10:O11) -> 0.047246766 | ... AR18: =MAX(AR10:AR11) -> 0.026907699
C19: =C15&",-"&LEFT(C15,5)&"*spl" -> R_ES-SH-FL*,R_ES-CHP-FL*,-R_ES-*spl | E19: NCAP_AFA | F19: LO | H19: =H$8*H15 -> 0.02870326 | I19: =I$8*I15 -> 0.03550799 | J19: =J$8*J15 -> 0.012440463 | K19: =K$8*K15 -> 0.029424259 | L19: =L$8*L15 -> 0.014658518 | M19: =M$8*M15 -> 0.029568524 | N19: =N$8*N15 -> 0.023618234 | O19: =O$8*O15 -> 0.023623383 | ... AR19: =AR$8*AR15 -> 0.01345385
C20: =C16&",-"&LEFT(C16,5)&"*spl" -> R_ES-SH-DH*,R_ES-CHP-DH*,-R_ES-*spl | E20: NCAP_AFA | F20: LO | H20: =H$8*H16 -> 0.04966576 | I20: =I$8*I16 -> 0.04191673 | J20: =J$8*J16 -> 0.0165838 | K20: =K$8*K16 -> 0.050913318 | L20: =L$8*L16 -> 0.016738224 | M20: =M$8*M16 -> 0.037424019 | N20: =N$8*N16 -> 0.049233214 | O20: =O$8*O16 -> 0.039401625 | ... AR20: =AR$8*AR16 -> 0.01490381
C21: =C17&",-"&LEFT(C17,5)&"*spl" -> R_ES-SH-DH-70*,R_ES-CHP-DH-70*,-R_ES-*spl | E21: NCAP_AFA | F21: LO | H21: =H$8*H17 -> 0.02870326 | I21: =I$8*I17 -> 0.03550799 | J21: =J$8*J17 -> 0.012440463 | K21: =K$8*K17 -> 0.029424259 | L21: =L$8*L17 -> 0.014658518 | M21: =M$8*M17 -> 0.029568524 | N21: =N$8*N17 -> 0.023618234 | O21: =O$8*O17 -> 0.023623383 | ... AR21: =AR$8*AR17 -> 0.01345385
C22: =C18&",-"&LEFT(C18,5)&"*spl" -> R_ES-SH-SD*,R_ES-CHP-SD*,-R_ES-*spl | E22: NCAP_AFA | F22: LO | H22: =H$8*H18 -> 0.02870326 | I22: =I$8*I18 -> 0.03550799 | J22: =J$8*J18 -> 0.012440463 | K22: =K$8*K18 -> 0.029424259 | L22: =L$8*L18 -> 0.014658518 | M22: =M$8*M18 -> 0.029568524 | N22: =N$8*N18 -> 0.023618234 | O22: =O$8*O18 -> 0.023623383 | ... AR22: =AR$8*AR18 -> 0.01345385 | AU22: WAS
A23: =AU23*(0.4/AU23)^0.31 -> 0.20330196 | C23: R_ES-SH-FL_OIL02-SOLspl | E23: NCAP_AFC | G23: R_ES-FL-SpHeat | H23: =H$15*$A23 -> 0.011670858 | I23: =I$15*$A23 -> 0.014437688 | J23: =J$15*$A23 -> 0.005058341 | K23: =K$15*$A23 -> 0.011964019 | L23: =L$15*$A23 -> 0.005960211 | M23: =M$15*$A23 -> 0.012022678 | N23: =N$15*$A23 -> 0.0096032667 | O23: =O$15*$A23 -> 0.00960536 | ... AR23: =AR$15*$A23 -> 0.005470388 | AU23: 0.15
A24: =AU24*(0.4/AU24)^0.31 -> 0.4 | C24: R_ES-SH-FL_OIL02-BIOspl | E24: NCAP_AFC | G24: R_ES-FL-SpHeat | H24: =H$15*$A24 -> 0.022962608 | I24: =I$15*$A24 -> 0.028406392 | J24: =J$15*$A24 -> 0.0099523703 | K24: =K$15*$A24 -> 0.023539407 | L24: =L$15*$A24 -> 0.011726815 | M24: =M$15*$A24 -> 0.023654819 | N24: =N$15*$A24 -> 0.018894588 | O24: =O$15*$A24 -> 0.018898706 | ... AR24: =AR$15*$A24 -> 0.01076308 | AU24: 0.4
A25: =AU25*(0.4/AU25)^0.31 -> 0.20330196 | C25: R_ES-SH-FL_GAS01-SOLspl | E25: NCAP_AFC | G25: R_ES-FL-SpHeat | H25: =H$15*$A25 -> 0.011670858 | I25: =I$15*$A25 -> 0.014437688 | J25: =J$15*$A25 -> 0.005058341 | K25: =K$15*$A25 -> 0.011964019 | L25: =L$15*$A25 -> 0.005960211 | M25: =M$15*$A25 -> 0.012022678 | N25: =N$15*$A25 -> 0.0096032667 | O25: =O$15*$A25 -> 0.00960536 | ... AR25: =AR$15*$A25 -> 0.005470388 | AU25: 0.15
A26: =AU26*(0.4/AU26)^0.31 -> 0.4 | C26: R_ES-SH-FL_GAS01-BIOspl | E26: NCAP_AFC | G26: R_ES-FL-SpHeat | H26: =H$15*$A26 -> 0.022962608 | I26: =I$15*$A26 -> 0.028406392 | J26: =J$15*$A26 -> 0.0099523703 | K26: =K$15*$A26 -> 0.023539407 | L26: =L$15*$A26 -> 0.011726815 | M26: =M$15*$A26 -> 0.023654819 | N26: =N$15*$A26 -> 0.018894588 | O26: =O$15*$A26 -> 0.018898706 | ... AR26: =AR$15*$A26 -> 0.01076308 | AU26: 0.4
A27: =AU27*(0.4/AU27)^0.31 -> 0.24794154 | C27: R_ES-SH-FL_ELC02-ELCspl | E27: NCAP_AFC | G27: R_ES-FL-SpHeat | H27: =H$15*$A27 -> 0.014233461 | I27: =I$15*$A27 -> 0.017607812 | J27: =J$15*$A27 -> 0.006169015 | K27: =K$15*$A27 -> 0.014590992 | L27: =L$15*$A27 -> 0.0072689112 | M27: =M$15*$A27 -> 0.014662531 | N27: =N$15*$A27 -> 0.011711883 | O27: =O$15*$A27 -> 0.011714436 | ... AR27: =AR$15*$A27 -> 0.0066715364 | AU27: 0.2
A28: =AU28*(0.4/AU28)^0.31 -> 0.24794154 | C28: R_ES-SH-FL_ELC02-GASspl | E28: NCAP_AFC | G28: R_ES-FL-SpHeat | H28: =H$15*$A28 -> 0.014233461 | I28: =I$15*$A28 -> 0.017607812 | J28: =J$15*$A28 -> 0.006169015 | K28: =K$15*$A28 -> 0.014590992 | L28: =L$15*$A28 -> 0.0072689112 | M28: =M$15*$A28 -> 0.014662531 | N28: =N$15*$A28 -> 0.011711883 | O28: =O$15*$A28 -> 0.011714436 | ... AR28: =AR$15*$A28 -> 0.0066715364 | AU28: 0.2
A29: =AU29*(0.4/AU29)^0.31 -> 0.24794154 | C29: R_ES-SH-FL_ELC02-BIOspl | E29: NCAP_AFC | G29: R_ES-FL-SpHeat | H29: =H$15*$A29 -> 0.014233461 | I29: =I$15*$A29 -> 0.017607812 | J29: =J$15*$A29 -> 0.006169015 | K29: =K$15*$A29 -> 0.014590992 | L29: =L$15*$A29 -> 0.0072689112 | M29: =M$15*$A29 -> 0.014662531 | N29: =N$15*$A29 -> 0.011711883 | O29: =O$15*$A29 -> 0.011714436 | ... AR29: =AR$15*$A29 -> 0.0066715364 | AU29: 0.2
A30: =AU30*(0.4/AU30)^0.31 -> 0.24794154 | C30: R_ES-SH-FL_ELC02-SOLspl | E30: NCAP_AFC | G30: R_ES-FL-SpHeat | H30: =H$15*$A30 -> 0.014233461 | I30: =I$15*$A30 -> 0.017607812 | J30: =J$15*$A30 -> 0.006169015 | K30: =K$15*$A30 -> 0.014590992 | L30: =L$15*$A30 -> 0.0072689112 | M30: =M$15*$A30 -> 0.014662531 | N30: =N$15*$A30 -> 0.011711883 | O30: =O$15*$A30 -> 0.011714436 | ... AR30: =AR$15*$A30 -> 0.0066715364 | AU30: 0.2
A31: =AU31*(0.4/AU31)^0.31 -> 0.20330196 | C31: R_ES-SH-DH_OIL02-SOLspl | E31: NCAP_AFC | G31: R_ES-DH-SpHeat | H31: =H$16*$A31 -> 0.020194293 | I31: =I$16*$A31 -> 0.017043507 | J31: =J$16*$A31 -> 0.0067430382 | K31: =K$16*$A31 -> 0.020701555 | L31: =L$16*$A31 -> 0.0068058276 | M31: =M$16*$A31 -> 0.015216753 | N31: =N$16*$A31 -> 0.020018418 | O31: =O$16*$A31 -> 0.016020855 | ... AR31: =AR$16*$A31 -> 0.0060599476 | AU31: 0.15
A32: =AU32*(0.4/AU32)^0.31 -> 0.4 | C32: R_ES-SH-DH_OIL02-BIOspl | E32: NCAP_AFC | G32: R_ES-DH-SpHeat | H32: =H$16*$A32 -> 0.039732608 | I32: =I$16*$A32 -> 0.033533384 | J32: =J$16*$A32 -> 0.01326704 | K32: =K$16*$A32 -> 0.040730654 | L32: =L$16*$A32 -> 0.013390579 | M32: =M$16*$A32 -> 0.029939215 | N32: =N$16*$A32 -> 0.039386572 | O32: =O$16*$A32 -> 0.0315213 | ... AR32: =AR$16*$A32 -> 0.011923048 | AU32: 0.4
A33: =AU33*(0.4/AU33)^0.31 -> 0.20330196 | C33: R_ES-SH-DH_GAS02-SOLspl | E33: NCAP_AFC | G33: R_ES-DH-SpHeat | H33: =H$16*$A33 -> 0.020194293 | I33: =I$16*$A33 -> 0.017043507 | J33: =J$16*$A33 -> 0.0067430382 | K33: =K$16*$A33 -> 0.020701555 | L33: =L$16*$A33 -> 0.0068058276 | M33: =M$16*$A33 -> 0.015216753 | N33: =N$16*$A33 -> 0.020018418 | O33: =O$16*$A33 -> 0.016020855 | ... AR33: =AR$16*$A33 -> 0.0060599476 | AU33: 0.15
A34: =AU34*(0.4/AU34)^0.31 -> 0.4 | C34: R_ES-SH-DH_GAS02-BIOspl | E34: NCAP_AFC | G34: R_ES-DH-SpHeat | H34: =H$16*$A34 -> 0.039732608 | I34: =I$16*$A34 -> 0.033533384 | J34: =J$16*$A34 -> 0.01326704 | K34: =K$16*$A34 -> 0.040730654 | L34: =L$16*$A34 -> 0.013390579 | M34: =M$16*$A34 -> 0.029939215 | N34: =N$16*$A34 -> 0.039386572 | O34: =O$16*$A34 -> 0.0315213 | ... AR34: =AR$16*$A34 -> 0.011923048 | AU34: 0.4
A35: =AU35*(0.4/AU35)^0.31 -> 0.24794154 | C35: R_ES-SH-DH_ELC02-ELCspl | E35: NCAP_AFC | G35: R_ES-DH-SpHeat | H35: =H$16*$A35 -> 0.02462841 | I35: =I$16*$A35 -> 0.020785797 | J35: =J$16*$A35 -> 0.0082236259 | K35: =K$16*$A35 -> 0.025247053 | L35: =L$16*$A35 -> 0.0083002022 | M35: =M$16*$A35 -> 0.018557938 | N35: =N$16*$A35 -> 0.024413918 | O35: =O$16*$A35 -> 0.019538599 | ... AR35: =AR$16*$A35 -> 0.0073905472 | AU35: 0.2
A36: =AU36*(0.4/AU36)^0.31 -> 0.24794154 | C36: R_ES-SH-DH_ELC02-GASspl | E36: NCAP_AFC | G36: R_ES-DH-SpHeat | H36: =H$16*$A36 -> 0.02462841 | I36: =I$16*$A36 -> 0.020785797 | J36: =J$16*$A36 -> 0.0082236259 | K36: =K$16*$A36 -> 0.025247053 | L36: =L$16*$A36 -> 0.0083002022 | M36: =M$16*$A36 -> 0.018557938 | N36: =N$16*$A36 -> 0.024413918 | O36: =O$16*$A36 -> 0.019538599 | ... AR36: =AR$16*$A36 -> 0.0073905472 | AU36: 0.2
A37: =AU37*(0.4/AU37)^0.31 -> 0.24794154 | C37: R_ES-SH-DH_ELC02-BIOspl | E37: NCAP_AFC | G37: R_ES-DH-SpHeat | H37: =H$16*$A37 -> 0.02462841 | I37: =I$16*$A37 -> 0.020785797 | J37: =J$16*$A37 -> 0.0082236259 | K37: =K$16*$A37 -> 0.025247053 | L37: =L$16*$A37 -> 0.0083002022 | M37: =M$16*$A37 -> 0.018557938 | N37: =N$16*$A37 -> 0.024413918 | O37: =O$16*$A37 -> 0.019538599 | ... AR37: =AR$16*$A37 -> 0.0073905472 | AU37: 0.2
A38: =AU38*(0.4/AU38)^0.31 -> 0.24794154 | C38: R_ES-SH-DH_ELC02-SOLspl | E38: NCAP_AFC | G38: R_ES-DH-SpHeat | H38: =H$16*$A38 -> 0.02462841 | I38: =I$16*$A38 -> 0.020785797 | J38: =J$16*$A38 -> 0.0082236259 | K38: =K$16*$A38 -> 0.025247053 | L38: =L$16*$A38 -> 0.0083002022 | M38: =M$16*$A38 -> 0.018557938 | N38: =N$16*$A38 -> 0.024413918 | O38: =O$16*$A38 -> 0.019538599 | ... AR38: =AR$16*$A38 -> 0.0073905472 | AU38: 0.2
A39: =AU39*(0.4/AU39)^0.31 -> 0.20330196 | C39: R_ES-SH-DH-70_OIL02-SOLspl | E39: NCAP_AFC | G39: R_ES-DH-70-SpHeat | H39: =H$17*$A39 -> 0.011670858 | I39: =I$17*$A39 -> 0.014437688 | J39: =J$17*$A39 -> 0.005058341 | K39: =K$17*$A39 -> 0.011964019 | L39: =L$17*$A39 -> 0.005960211 | M39: =M$17*$A39 -> 0.012022678 | N39: =N$17*$A39 -> 0.0096032667 | O39: =O$17*$A39 -> 0.00960536 | ... AR39: =AR$17*$A39 -> 0.005470388 | AU39: 0.15
A40: =AU40*(0.4/AU40)^0.31 -> 0.4 | C40: R_ES-SH-DH-70_OIL02-BIOspl | E40: NCAP_AFC | G40: R_ES-DH-70-SpHeat | H40: =H$17*$A40 -> 0.022962608 | I40: =I$17*$A40 -> 0.028406392 | J40: =J$17*$A40 -> 0.0099523703 | K40: =K$17*$A40 -> 0.023539407 | L40: =L$17*$A40 -> 0.011726815 | M40: =M$17*$A40 -> 0.023654819 | N40: =N$17*$A40 -> 0.018894588 | O40: =O$17*$A40 -> 0.018898706 | ... AR40: =AR$17*$A40 -> 0.01076308 | AU40: 0.4
A41: =AU41*(0.4/AU41)^0.31 -> 0.20330196 | C41: R_ES-SH-DH-70_GAS02-SOLspl | E41: NCAP_AFC | G41: R_ES-DH-70-SpHeat | H41: =H$17*$A41 -> 0.011670858 | I41: =I$17*$A41 -> 0.014437688 | J41: =J$17*$A41 -> 0.005058341 | K41: =K$17*$A41 -> 0.011964019 | L41: =L$17*$A41 -> 0.005960211 | M41: =M$17*$A41 -> 0.012022678 | N41: =N$17*$A41 -> 0.0096032667 | O41: =O$17*$A41 -> 0.00960536 | ... AR41: =AR$17*$A41 -> 0.005470388 | AU41: 0.15
A42: =AU42*(0.4/AU42)^0.31 -> 0.4 | C42: R_ES-SH-DH-70_GAS02-BIOspl | E42: NCAP_AFC | G42: R_ES-DH-70-SpHeat | H42: =H$17*$A42 -> 0.022962608 | I42: =I$17*$A42 -> 0.028406392 | J42: =J$17*$A42 -> 0.0099523703 | K42: =K$17*$A42 -> 0.023539407 | L42: =L$17*$A42 -> 0.011726815 | M42: =M$17*$A42 -> 0.023654819 | N42: =N$17*$A42 -> 0.018894588 | O42: =O$17*$A42 -> 0.018898706 | ... AR42: =AR$17*$A42 -> 0.01076308 | AU42: 0.4
A43: =AU43*(0.4/AU43)^0.31 -> 0.24794154 | C43: R_ES-SH-DH-70_ELC02-ELCspl | E43: NCAP_AFC | G43: R_ES-DH-70-SpHeat | H43: =H$17*$A43 -> 0.014233461 | I43: =I$17*$A43 -> 0.017607812 | J43: =J$17*$A43 -> 0.006169015 | K43: =K$17*$A43 -> 0.014590992 | L43: =L$17*$A43 -> 0.0072689112 | M43: =M$17*$A43 -> 0.014662531 | N43: =N$17*$A43 -> 0.011711883 | O43: =O$17*$A43 -> 0.011714436 | ... AR43: =AR$17*$A43 -> 0.0066715364 | AU43: 0.2
A44: =AU44*(0.4/AU44)^0.31 -> 0.24794154 | C44: R_ES-SH-DH-70_ELC02-GASspl | E44: NCAP_AFC | G44: R_ES-DH-70-SpHeat | H44: =H$17*$A44 -> 0.014233461 | I44: =I$17*$A44 -> 0.017607812 | J44: =J$17*$A44 -> 0.006169015 | K44: =K$17*$A44 -> 0.014590992 | L44: =L$17*$A44 -> 0.0072689112 | M44: =M$17*$A44 -> 0.014662531 | N44: =N$17*$A44 -> 0.011711883 | O44: =O$17*$A44 -> 0.011714436 | ... AR44: =AR$17*$A44 -> 0.0066715364 | AU44: 0.2
A45: =AU45*(0.4/AU45)^0.31 -> 0.24794154 | C45: R_ES-SH-DH-70_ELC02-BIOspl | E45: NCAP_AFC | G45: R_ES-DH-70-SpHeat | H45: =H$17*$A45 -> 0.014233461 | I45: =I$17*$A45 -> 0.017607812 | J45: =J$17*$A45 -> 0.006169015 | K45: =K$17*$A45 -> 0.014590992 | L45: =L$17*$A45 -> 0.0072689112 | M45: =M$17*$A45 -> 0.014662531 | N45: =N$17*$A45 -> 0.011711883 | O45: =O$17*$A45 -> 0.011714436 | ... AR45: =AR$17*$A45 -> 0.0066715364 | AU45: 0.2
A46: =AU46*(0.4/AU46)^0.31 -> 0.24794154 | C46: R_ES-SH-DH-70_ELC02-SOLspl | E46: NCAP_AFC | G46: R_ES-DH-70-SpHeat | H46: =H$17*$A46 -> 0.014233461 | I46: =I$17*$A46 -> 0.017607812 | J46: =J$17*$A46 -> 0.006169015 | K46: =K$17*$A46 -> 0.014590992 | L46: =L$17*$A46 -> 0.0072689112 | M46: =M$17*$A46 -> 0.014662531 | N46: =N$17*$A46 -> 0.011711883 | O46: =O$17*$A46 -> 0.011714436 | ... AR46: =AR$17*$A46 -> 0.0066715364 | AU46: 0.2
A47: =AU47*(0.4/AU47)^0.31 -> 0.20330196 | C47: R_ES-SH-SD_OIL02-SOLspl | E47: NCAP_AFC | G47: R_ES-SD-SpHeat | H47: =H$18*$A47 -> 0.011670858 | I47: =I$18*$A47 -> 0.014437688 | J47: =J$18*$A47 -> 0.005058341 | K47: =K$18*$A47 -> 0.011964019 | L47: =L$18*$A47 -> 0.005960211 | M47: =M$18*$A47 -> 0.012022678 | N47: =N$18*$A47 -> 0.0096032667 | O47: =O$18*$A47 -> 0.00960536 | ... AR47: =AR$18*$A47 -> 0.005470388 | AU47: 0.15
A48: =AU48*(0.4/AU48)^0.31 -> 0.4 | C48: R_ES-SH-SD_OIL02-BIOspl | E48: NCAP_AFC | G48: R_ES-SD-SpHeat | H48: =H$18*$A48 -> 0.022962608 | I48: =I$18*$A48 -> 0.028406392 | J48: =J$18*$A48 -> 0.0099523703 | K48: =K$18*$A48 -> 0.023539407 | L48: =L$18*$A48 -> 0.011726815 | M48: =M$18*$A48 -> 0.023654819 | N48: =N$18*$A48 -> 0.018894588 | O48: =O$18*$A48 -> 0.018898706 | ... AR48: =AR$18*$A48 -> 0.01076308 | AU48: 0.4
A49: =AU49*(0.4/AU49)^0.31 -> 0.20330196 | C49: R_ES-SH-SD_GAS02-SOLspl | E49: NCAP_AFC | G49: R_ES-SD-SpHeat | H49: =H$18*$A49 -> 0.011670858 | I49: =I$18*$A49 -> 0.014437688 | J49: =J$18*$A49 -> 0.005058341 | K49: =K$18*$A49 -> 0.011964019 | L49: =L$18*$A49 -> 0.005960211 | M49: =M$18*$A49 -> 0.012022678 | N49: =N$18*$A49 -> 0.0096032667 | O49: =O$18*$A49 -> 0.00960536 | ... AR49: =AR$18*$A49 -> 0.005470388 | AU49: 0.15
A50: =AU50*(0.4/AU50)^0.31 -> 0.4 | C50: R_ES-SH-SD_GAS02-BIOspl | E50: NCAP_AFC | G50: R_ES-SD-SpHeat | H50: =H$18*$A50 -> 0.022962608 | I50: =I$18*$A50 -> 0.028406392 | J50: =J$18*$A50 -> 0.0099523703 | K50: =K$18*$A50 -> 0.023539407 | L50: =L$18*$A50 -> 0.011726815 | M50: =M$18*$A50 -> 0.023654819 | N50: =N$18*$A50 -> 0.018894588 | O50: =O$18*$A50 -> 0.018898706 | ... AR50: =AR$18*$A50 -> 0.01076308 | AU50: 0.4
A51: =AU51*(0.4/AU51)^0.31 -> 0.24794154 | C51: R_ES-SH-SD_ELC02-ELCspl | E51: NCAP_AFC | G51: R_ES-SD-SpHeat | H51: =H$18*$A51 -> 0.014233461 | I51: =I$18*$A51 -> 0.017607812 | J51: =J$18*$A51 -> 0.006169015 | K51: =K$18*$A51 -> 0.014590992 | L51: =L$18*$A51 -> 0.0072689112 | M51: =M$18*$A51 -> 0.014662531 | N51: =N$18*$A51 -> 0.011711883 | O51: =O$18*$A51 -> 0.011714436 | ... AR51: =AR$18*$A51 -> 0.0066715364 | AU51: 0.2
A52: =AU52*(0.4/AU52)^0.31 -> 0.24794154 | C52: R_ES-SH-SD_ELC02-GASspl | E52: NCAP_AFC | G52: R_ES-SD-SpHeat | H52: =H$18*$A52 -> 0.014233461 | I52: =I$18*$A52 -> 0.017607812 | J52: =J$18*$A52 -> 0.006169015 | K52: =K$18*$A52 -> 0.014590992 | L52: =L$18*$A52 -> 0.0072689112 | M52: =M$18*$A52 -> 0.014662531 | N52: =N$18*$A52 -> 0.011711883 | O52: =O$18*$A52 -> 0.011714436 | ... AR52: =AR$18*$A52 -> 0.0066715364 | AU52: 0.2
A53: =AU53*(0.4/AU53)^0.31 -> 0.24794154 | C53: R_ES-SH-SD_ELC02-BIOspl | E53: NCAP_AFC | G53: R_ES-SD-SpHeat | H53: =H$18*$A53 -> 0.014233461 | I53: =I$18*$A53 -> 0.017607812 | J53: =J$18*$A53 -> 0.006169015 | K53: =K$18*$A53 -> 0.014590992 | L53: =L$18*$A53 -> 0.0072689112 | M53: =M$18*$A53 -> 0.014662531 | N53: =N$18*$A53 -> 0.011711883 | O53: =O$18*$A53 -> 0.011714436 | ... AR53: =AR$18*$A53 -> 0.0066715364 | AU53: 0.2
A54: =AU54*(0.4/AU54)^0.31 -> 0.24794154 | C54: R_ES-SH-SD_ELC02-SOLspl | E54: NCAP_AFC | G54: R_ES-SD-SpHeat | H54: =H$18*$A54 -> 0.014233461 | I54: =I$18*$A54 -> 0.017607812 | J54: =J$18*$A54 -> 0.006169015 | K54: =K$18*$A54 -> 0.014590992 | L54: =L$18*$A54 -> 0.0072689112 | M54: =M$18*$A54 -> 0.014662531 | N54: =N$18*$A54 -> 0.011711883 | O54: =O$18*$A54 -> 0.011714436 | ... AR54: =AR$18*$A54 -> 0.0066715364 | AU54: 0.2

Sheet RSD_WaterHeat
J7: Data from SubRes - IDEES.
J8: Same for all dwellings.
F9: WAS: | G9: R_ES-FL-WatHeat | I9: 0.005 | J9: 0.005 | K9: 0.004 | L9: 0.004 | M9: 0.005 | N9: 0.004 | O9: 0.005 | P9: 0.005 | Q9: 0.004 | R9: 0.006 | S9: 0.006 | T9: 0.005 | U9: 0.005 | V9: 0.004 | W9: 0.003 | X9: 0.005 | Y9: 0.005 | Z9: 0.004 | AA9: 0.004 | AB9: 0.004 | AC9: 0.005 | AD9: 0.004 | AE9: 0.005 | AF9: 0.005 | AG9: 0.005 | AH9: 0.007 | AI9: 0.003 | AJ9: 0.005 | AK9: 0.006 | AL9: 0.005 | AM9: 0.005 | AN9: 0.005 | AO9: 0.002 | AP9: 0.003 | AQ9: 0.003 | AR9: 0.003 | AS9: 0.002
C11: ~TFM_INS
C12: PSET_PN | D12: Pset_CO | E12: Attribute | F12: LimType | G12: Cset_CN | H12: Year | I12: AT | J12: BE | K12: BG | L12: CH | M12: CY | N12: CZ | O12: DE | P12: DK | Q12: EE | R12: ES | S12: FI | T12: FR | U12: EL | V12: HR | W12: HU | X12: IE | Y12: IS | Z12: IT | AA12: LT | AB12: LU | AC12: LV | AD12: MT | AE12: NL | AF12: NO | AG12: PL | AH12: PT | AI12: RO | AJ12: SE | AK12: SI | AL12: SK | AM12: UK | AN12: AL | AO12: BA | AP12: ME | AQ12: MK | AR12: RS | AS12: KS
C13: R_ES_SH*,R_ES_CHP* | D13: R_ES-DH-WatHeat | E13: NCAP_AFC | G13: =D13 -> R_ES-DH-WatHeat | I13: 0.011 | J13: 0.01 | K13: 0.008 | L13: 0.009 | M13: 0.009 | N13: 0.007 | O13: 0.009 | P13: 0.01 | Q13: 0.009 | R13: 0.012 | S13: 0.011 | T13: 0.01 | U13: 0.01 | V13: 0.007 | W13: 0.006 | X13: 0.011 | Y13: 0.01 | Z13: 0.008 | AA13: 0.007 | AB13: 0.008 | AC13: 0.01 | AD13: 0.008 | AE13: 0.009 | AF13: 0.01 | AG13: 0.009 | AH13: 0.014 | AI13: 0.006 | AJ13: 0.009 | AK13: 0.013 | AL13: 0.009 | AM13: 0.009 | AN13: 0.009 | AO13: 0.005 | AP13: 0.007 | AQ13: 0.005 | AR13: 0.006 | AS13: 0.004
C14: R_ES_SH*,R_ES_CHP* | D14: R_ES-SD-WatHeat | E14: NCAP_AFC | G14: =D14 -> R_ES-SD-WatHeat | I14: 0.011 | J14: 0.01 | K14: 0.008 | L14: 0.009 | M14: 0.009 | N14: 0.007 | O14: 0.009 | P14: 0.01 | Q14: 0.009 | R14: 0.012 | S14: 0.011 | T14: 0.01 | U14: 0.01 | V14: 0.007 | W14: 0.006 | X14: 0.011 | Y14: 0.01 | Z14: 0.008 | AA14: 0.007 | AB14: 0.008 | AC14: 0.01 | AD14: 0.008 | AE14: 0.009 | AF14: 0.01 | AG14: 0.009 | AH14: 0.014 | AI14: 0.006 | AJ14: 0.009 | AK14: 0.013 | AL14: 0.009 | AM14: 0.009 | AN14: 0.009 | AO14: 0.005 | AP14: 0.007 | AQ14: 0.005 | AR14: 0.006 | AS14: 0.004
C15: R_ES_SH*,R_ES_CHP* | D15: R_ES-FL-WatHeat | E15: NCAP_AFC | G15: =D15 -> R_ES-FL-WatHeat | I15: =MAX(I9,I13) -> 0.011 | J15: =MAX(J9,J13) -> 0.01 | K15: =MAX(K9,K13) -> 0.008 | L15: =MAX(L9,L13) -> 0.009 | M15: =MAX(M9,M13) -> 0.009 | N15: =MAX(N9,N13) -> 0.007 | O15: =MAX(O9,O13) -> 0.009 | P15: =MAX(P9,P13) -> 0.01 | ... AS15: =MAX(AS9,AS13) -> 0.004
A16: 0.5 | C16: R_ES-SH-FL_OIL02-SOLspl | E16: NCAP_AFC | G16: R_ES-FL-WatHeat | I16: =I$15*$A16 -> 0.0055 | J16: =J$15*$A16 -> 0.005 | K16: =K$15*$A16 -> 0.004 | L16: =L$15*$A16 -> 0.0045 | M16: =M$15*$A16 -> 0.0045 | N16: =N$15*$A16 -> 0.0035 | O16: =O$15*$A16 -> 0.0045 | P16: =P$15*$A16 -> 0.005 | ... AS16: =AS$15*$A16 -> 0.002
A17: 0.5 | C17: R_ES-SH-FL_GAS01-SOLspl | E17: NCAP_AFC | G17: R_ES-FL-WatHeat | I17: =I$15*$A17 -> 0.0055 | J17: =J$15*$A17 -> 0.005 | K17: =K$15*$A17 -> 0.004 | L17: =L$15*$A17 -> 0.0045 | M17: =M$15*$A17 -> 0.0045 | N17: =N$15*$A17 -> 0.0035 | O17: =O$15*$A17 -> 0.0045 | P17: =P$15*$A17 -> 0.005 | ... AS17: =AS$15*$A17 -> 0.002
A18: 0.5 | C18: R_ES-SH-DH_OIL02-SOLspl | E18: NCAP_AFC | G18: R_ES-DH-WatHeat | I18: =I$13*$A18 -> 0.0055 | J18: =J$13*$A18 -> 0.005 | K18: =K$13*$A18 -> 0.004 | L18: =L$13*$A18 -> 0.0045 | M18: =M$13*$A18 -> 0.0045 | N18: =N$13*$A18 -> 0.0035 | O18: =O$13*$A18 -> 0.0045 | P18: =P$13*$A18 -> 0.005 | ... AS18: =AS$13*$A18 -> 0.002
A19: 0.5 | C19: R_ES-SH-DH_GAS02-SOLspl | E19: NCAP_AFC | G19: R_ES-DH-WatHeat | I19: =I$13*$A19 -> 0.0055 | J19: =J$13*$A19 -> 0.005 | K19: =K$13*$A19 -> 0.004 | L19: =L$13*$A19 -> 0.0045 | M19: =M$13*$A19 -> 0.0045 | N19: =N$13*$A19 -> 0.0035 | O19: =O$13*$A19 -> 0.0045 | P19: =P$13*$A19 -> 0.005 | ... AS19: =AS$13*$A19 -> 0.002
A20: 0.5 | C20: R_ES-SH-DH-70_OIL02-SOLspl | E20: NCAP_AFC | G20: R_ES-DH-WatHeat | I20: =I$13*$A20 -> 0.0055 | J20: =J$13*$A20 -> 0.005 | K20: =K$13*$A20 -> 0.004 | L20: =L$13*$A20 -> 0.0045 | M20: =M$13*$A20 -> 0.0045 | N20: =N$13*$A20 -> 0.0035 | O20: =O$13*$A20 -> 0.0045 | P20: =P$13*$A20 -> 0.005 | ... AS20: =AS$13*$A20 -> 0.002
A21: 0.5 | C21: R_ES-SH-DH-70_GAS02-SOLspl | E21: NCAP_AFC | G21: R_ES-DH-WatHeat | I21: =I$13*$A21 -> 0.0055 | J21: =J$13*$A21 -> 0.005 | K21: =K$13*$A21 -> 0.004 | L21: =L$13*$A21 -> 0.0045 | M21: =M$13*$A21 -> 0.0045 | N21: =N$13*$A21 -> 0.0035 | O21: =O$13*$A21 -> 0.0045 | P21: =P$13*$A21 -> 0.005 | ... AS21: =AS$13*$A21 -> 0.002
A22: 0.5 | C22: R_ES-SH-SD_OIL02-SOLspl | E22: NCAP_AFC | G22: R_ES-SD-WatHeat | I22: =I$13*$A22 -> 0.0055 | J22: =J$13*$A22 -> 0.005 | K22: =K$13*$A22 -> 0.004 | L22: =L$13*$A22 -> 0.0045 | M22: =M$13*$A22 -> 0.0045 | N22: =N$13*$A22 -> 0.0035 | O22: =O$13*$A22 -> 0.0045 | P22: =P$13*$A22 -> 0.005 | ... AS22: =AS$13*$A22 -> 0.002
A23: 0.5 | C23: R_ES-SH-SD_GAS02-SOLspl | E23: NCAP_AFC | G23: R_ES-SD-WatHeat | I23: =I$13*$A23 -> 0.0055 | J23: =J$13*$A23 -> 0.005 | K23: =K$13*$A23 -> 0.004 | L23: =L$13*$A23 -> 0.0045 | M23: =M$13*$A23 -> 0.0045 | N23: =N$13*$A23 -> 0.0035 | O23: =O$13*$A23 -> 0.0045 | P23: =P$13*$A23 -> 0.005 | ... AS23: =AS$13*$A23 -> 0.002
A24: 1.5 | C24: R_ES_SH-DH_HET* | E24: NCAP_AFC | G24: R_ES-DH-WatHeat | H24: 2035 | I24: =I$13*$A24 -> 0.0165 | J24: =J$13*$A24 -> 0.015 | K24: =K$13*$A24 -> 0.012 | L24: =L$13*$A24 -> 0.0135 | M24: =M$13*$A24 -> 0.0135 | N24: =N$13*$A24 -> 0.0105 | O24: =O$13*$A24 -> 0.0135 | P24: =P$13*$A24 -> 0.015 | ... AS24: =AS$13*$A24 -> 0.006
A25: 1.5 | C25: R_ES_SH-SD_HET* | E25: NCAP_AFC | G25: R_ES-SD-WatHeat | H25: 2035 | I25: =I$13*$A25 -> 0.0165 | J25: =J$13*$A25 -> 0.015 | K25: =K$13*$A25 -> 0.012 | L25: =L$13*$A25 -> 0.0135 | M25: =M$13*$A25 -> 0.0135 | N25: =N$13*$A25 -> 0.0105 | O25: =O$13*$A25 -> 0.0135 | P25: =P$13*$A25 -> 0.015 | ... AS25: =AS$13*$A25 -> 0.006
A26: 1.5 | C26: R_ES_SH-FL_HET* | E26: NCAP_AFC | G26: R_ES-FL-WatHeat | H26: 2035 | I26: =I$13*$A26 -> 0.0165 | J26: =J$13*$A26 -> 0.015 | K26: =K$13*$A26 -> 0.012 | L26: =L$13*$A26 -> 0.0135 | M26: =M$13*$A26 -> 0.0135 | N26: =N$13*$A26 -> 0.0105 | O26: =O$13*$A26 -> 0.0135 | P26: =P$13*$A26 -> 0.015 | ... AS26: =AS$13*$A26 -> 0.006

Sheet RSD_SpCool
H1: AT | I1: BE | J1: BG | K1: CH | L1: CY | M1: CZ | N1: DE | O1: DK | P1: EE | Q1: ES | R1: FI | S1: FR | T1: EL | U1: HR | V1: HU | W1: IE | X1: IS | Y1: IT | Z1: LT | AA1: LU | AB1: LV | AC1: MT | AD1: NL | AE1: NO | AF1: PL | AG1: PT | AH1: RO | AI1: SE | AJ1: SI | AK1: SK | AL1: UK | AM1: AL | AN1: BA | AO1: ME | AP1: MK | AQ1: RS | AR1: KS
H2: 0.0003 | I2: 0.00109 | J2: 0.00054 | K2: 0.00035 | L2: 0.00747 | M2: 6e-05 | N2: 0.00028 | O2: 0.00021 | P2: 1e-05 | Q2: 0.0018 | R2: 8e-05 | S2: 0.0021 | T2: 0.00238 | U2: 0.00481 | V2: 7e-05 | W2: 0.00018 | X2: 5e-05 | Y2: 0.0018 | Z2: 1e-05 | AA2: 0.00298 | AB2: 0 | AC2: 0.01518 | AD2: 0.00071 | AE2: 0.00016 | AF2: 4e-05 | AG2: 0.00129 | AH2: 8e-05 | AI2: 0.00016 | AJ2: 0.00061 | AK2: 0.0002 | AL2: 0.00012 | AM2: 0.00273 | AN2: 0.00641 | AO2: 0.00291 | AP2: 0.00733 | AQ2: 0.00716 | AR2: 0.00555 | AT2: =SQRT(MAX(H2:AR2)*AU2) -> 0.0056282295 | AU2: =AVERAGE(H2:AR2) -> 0.0020867568
H3: 0.0003 | I3: 0.00109 | J3: 0.00054 | K3: 0.00035 | L3: 0.00747 | M3: 6e-05 | N3: 0.00028 | O3: 0.00021 | P3: 1e-05 | Q3: 0.0018 | R3: 8e-05 | S3: 0.0021 | T3: 0.00238 | U3: 0.00481 | V3: 7e-05 | W3: 0.00018 | X3: 5e-05 | Y3: 0.0018 | Z3: 1e-05 | AA3: 0.00298 | AB3: 0 | AC3: 0.01518 | AD3: 0.00071 | AE3: 0.00016 | AF3: 4e-05 | AG3: 0.00129 | AH3: 8e-05 | AI3: 0.00016 | AJ3: 0.00061 | AK3: 0.0002 | AL3: 0.00012 | AM3: 0.00273 | AN3: 0.00641 | AO3: 0.00291 | AP3: 0.00733 | AQ3: 0.00716 | AR3: 0.00555 | AT3: =SQRT(MAX(H3:AR3)*AU3) -> 0.0056282295 | AU3: =AVERAGE(H3:AR3) -> 0.0020867568
H4: 0.00015 | I4: 0.00054 | J4: 0.00027 | K4: 0.00018 | L4: 0.00373 | M4: 3e-05 | N4: 0.00014 | O4: 0.00011 | P4: 1e-05 | Q4: 0.0009 | R4: 4e-05 | S4: 0.00105 | T4: 0.00119 | U4: 0.0024 | V4: 3e-05 | W4: 9e-05 | X4: 2e-05 | Y4: 0.0009 | Z4: 0 | AA4: 0.00149 | AB4: 0 | AC4: 0.00759 | AD4: 0.00035 | AE4: 8e-05 | AF4: 2e-05 | AG4: 0.00064 | AH4: 4e-05 | AI4: 8e-05 | AJ4: 0.00031 | AK4: 0.0001 | AL4: 6e-05 | AM4: 0.00137 | AN4: 0.0032 | AO4: 0.00146 | AP4: 0.00367 | AQ4: 0.00358 | AR4: 0.00277 | AT4: =SQRT(MAX(H4:AR4)*AU4) -> 0.002813568 | AU4: =AVERAGE(H4:AR4) -> 0.001042973
I7: Data from SubRes - IDEES.
I8: Same for all dwellings.
B11: ~TFM_INS
B12: PSET_PN | C12: Pset_CO | D12: Attribute | E12: LimType | F12: Cset_CN | G12: Year | H12: AT | I12: BE | J12: BG | K12: CH | L12: CY | M12: CZ | N12: DE | O12: DK | P12: EE | Q12: ES | R12: FI | S12: FR | T12: EL | U12: HR | V12: HU | W12: IE | X12: IS | Y12: IT | Z12: LT | AA12: LU | AB12: LV | AC12: MT | AD12: NL | AE12: NO | AF12: PL | AG12: PT | AH12: RO | AI12: SE | AJ12: SI | AK12: SK | AL12: UK | AM12: AL | AN12: BA | AO12: ME | AP12: MK | AQ12: RS | AR12: KS | AT12: 0.007
B13: R_ES_SH* | C13: R_ES-DH-SpCool | D13: NCAP_AFC | F13: =C13 -> R_ES-DH-SpCool | H13: =MAX($AT$12,IF(H2<$AT2,$AT2*(H2/$AT2)^0.5,H2)) -> 0.007 | I13: =MAX($AT$12,IF(I2<$AT2,$AT2*(I2/$AT2)^0.5,I2)) -> 0.007 | J13: =MAX($AT$12,IF(J2<$AT2,$AT2*(J2/$AT2)^0.5,J2)) -> 0.007 | K13: =MAX($AT$12,IF(K2<$AT2,$AT2*(K2/$AT2)^0.5,K2)) -> 0.007 | L13: =MAX($AT$12,IF(L2<$AT2,$AT2*(L2/$AT2)^0.5,L2)) -> 0.00747 | M13: =MAX($AT$12,IF(M2<$AT2,$AT2*(M2/$AT2)^0.5,M2)) -> 0.007 | N13: =MAX($AT$12,IF(N2<$AT2,$AT2*(N2/$AT2)^0.5,N2)) -> 0.007 | O13: =MAX($AT$12,IF(O2<$AT2,$AT2*(O2/$AT2)^0.5,O2)) -> 0.007 | ... AR13: =MAX($AT$12,IF(AR2<$AT2,$AT2*(AR2/$AT2)^0.5,AR2)) -> 0.007 | AT13: =MIN(H13:AR13) -> 0.007
B14: R_ES_SH* | C14: R_ES-SD-SpCool | D14: NCAP_AFC | F14: =C14 -> R_ES-SD-SpCool | H14: =MAX($AT$12,IF(H3<$AT3,$AT3*(H3/$AT3)^0.5,H3)) -> 0.007 | I14: =MAX($AT$12,IF(I3<$AT3,$AT3*(I3/$AT3)^0.5,I3)) -> 0.007 | J14: =MAX($AT$12,IF(J3<$AT3,$AT3*(J3/$AT3)^0.5,J3)) -> 0.007 | K14: =MAX($AT$12,IF(K3<$AT3,$AT3*(K3/$AT3)^0.5,K3)) -> 0.007 | L14: =MAX($AT$12,IF(L3<$AT3,$AT3*(L3/$AT3)^0.5,L3)) -> 0.00747 | M14: =MAX($AT$12,IF(M3<$AT3,$AT3*(M3/$AT3)^0.5,M3)) -> 0.007 | N14: =MAX($AT$12,IF(N3<$AT3,$AT3*(N3/$AT3)^0.5,N3)) -> 0.007 | O14: =MAX($AT$12,IF(O3<$AT3,$AT3*(O3/$AT3)^0.5,O3)) -> 0.007 | ... AR14: =MAX($AT$12,IF(AR3<$AT3,$AT3*(AR3/$AT3)^0.5,AR3)) -> 0.007 | AT14: =MIN(H14:AR14) -> 0.007
B15: R_ES_SH* | C15: R_ES-FL-SpCool | D15: NCAP_AFC | F15: =C15 -> R_ES-FL-SpCool | H15: =MAX($AT$12,IF(H4<$AT4,$AT4*(H4/$AT4)^0.5,H4)) -> 0.007 | I15: =MAX($AT$12,IF(I4<$AT4,$AT4*(I4/$AT4)^0.5,I4)) -> 0.007 | J15: =MAX($AT$12,IF(J4<$AT4,$AT4*(J4/$AT4)^0.5,J4)) -> 0.007 | K15: =MAX($AT$12,IF(K4<$AT4,$AT4*(K4/$AT4)^0.5,K4)) -> 0.007 | L15: =MAX($AT$12,IF(L4<$AT4,$AT4*(L4/$AT4)^0.5,L4)) -> 0.007 | M15: =MAX($AT$12,IF(M4<$AT4,$AT4*(M4/$AT4)^0.5,M4)) -> 0.007 | N15: =MAX($AT$12,IF(N4<$AT4,$AT4*(N4/$AT4)^0.5,N4)) -> 0.007 | O15: =MAX($AT$12,IF(O4<$AT4,$AT4*(O4/$AT4)^0.5,O4)) -> 0.007 | ... AR15: =MAX($AT$12,IF(AR4<$AT4,$AT4*(AR4/$AT4)^0.5,AR4)) -> 0.007 | AT15: =MIN(H15:AR15) -> 0.007

Sheet Country aggregations
B2: Country Code | C2: Country | E2: Area Code | F2: Area | H2: SE | I2: CE | J2: EE | K2: NE
B3: AL | C3: Albania | D3: <-> | E3: SE | F3: =IF($E3="CE","Central EU",IF($E3="EE","East EU",IF($E3="NE","North EU",IF($E3="SE","South EU")))) -> South EU | H3: =IF($E3=H$2,$B3,"") -> AL | I3: =IF($E3=I$2,","&$B3,"") | J3: =IF($E3=J$2,","&$B3,"") | K3: =IF($E3=K$2,","&$B3,"") | M3: SE | N3: = | O3: =CONCATENATE(H3,H4,H5,H6,H7,H8,H9,H10,H11,H12,H13,H14,H15,H16,H17,H18,H19,H20,H21,H22,H23,H24,H25,H26,H27,H28,H29,H30,H31,H32,H33,H34,H35,H36,H37,H38,H39) -> AL,BA,CY,EL,ES,HR,IT,KS,ME,MK,MT,PT,RS
B4: AT | C4: Austria | D4: <-> | E4: CE | F4: =IF($E4="CE","Central EU",IF($E4="EE","East EU",IF($E4="NE","North EU",IF($E4="SE","South EU")))) -> Central EU | H4: =IF($E4=H$2,","&$B4,"") | I4: =IF($E4=I$2,$B4,"") -> AT | J4: =IF($E4=J$2,","&$B4,"") | K4: =IF($E4=K$2,","&$B4,"") | M4: CE | N4: = | O4: =CONCATENATE(I3,I4,I5,I6,I7,I8,I9,I10,I11,I12,I13,I14,I15,I16,I17,I18,I19,I20,I21,I22,I23,I24,I25,I26,I27,I28,I29,I30,I31,I32,I33,I34,I35,I36,I37,I38,I39) -> AT,BE,CH,DE,FR,LU,SI,UK
B5: BA | C5: Bosnia | D5: <-> | E5: SE | F5: =IF($E5="CE","Central EU",IF($E5="EE","East EU",IF($E5="NE","North EU",IF($E5="SE","South EU")))) -> South EU | H5: =IF($E5=H$2,","&$B5,"") -> ,BA | I5: =IF($E5=I$2,","&$B5,"") | J5: =IF($E5=J$2,","&$B5,"") | K5: =IF($E5=K$2,","&$B5,"") | M5: EE | N5: = | O5: =CONCATENATE(J3,J4,J5,J6,J7,J8,J9,J10,J11,J12,J13,J14,J15,J16,J17,J18,J19,J20,J21,J22,J23,J24,J25,J26,J27,J28,J29,J30,J31,J32,J33,J34,J35,J36,J37,J38,J39) -> BG,CZ,EE,HU,LT,LV,PL,RO,SK
B6: BE | C6: Belgium | D6: <-> | E6: CE | F6: =IF($E6="CE","Central EU",IF($E6="EE","East EU",IF($E6="NE","North EU",IF($E6="SE","South EU")))) -> Central EU | H6: =IF($E6=H$2,","&$B6,"") | I6: =IF($E6=I$2,","&$B6,"") -> ,BE | J6: =IF($E6=J$2,","&$B6,"") | K6: =IF($E6=K$2,","&$B6,"") | M6: NE | N6: = | O6: =CONCATENATE(K3,K4,K5,K6,K7,K8,K9,K10,K11,K12,K13,K14,K15,K16,K17,K18,K19,K20,K21,K22,K23,K24,K25,K26,K27,K28,K29,K30,K31,K32,K33,K34,K35,K36,K37,K38,K39) -> DK,FI,IE,IS,NL,NO,SE
B7: BG | C7: Bulgaria | D7: <-> | E7: EE | F7: =IF($E7="CE","Central EU",IF($E7="EE","East EU",IF($E7="NE","North EU",IF($E7="SE","South EU")))) -> East EU | H7: =IF($E7=H$2,","&$B7,"") | I7: =IF($E7=I$2,","&$B7,"") | J7: =IF($E7=J$2,$B7,"") -> BG | K7: =IF($E7=K$2,","&$B7,"")
B8: CH | C8: Switzerland | D8: <-> | E8: CE | F8: =IF($E8="CE","Central EU",IF($E8="EE","East EU",IF($E8="NE","North EU",IF($E8="SE","South EU")))) -> Central EU | H8: =IF($E8=H$2,","&$B8,"") | I8: =IF($E8=I$2,","&$B8,"") -> ,CH | J8: =IF($E8=J$2,","&$B8,"") | K8: =IF($E8=K$2,","&$B8,"")
B9: CY | C9: Cyprus | D9: <-> | E9: SE | F9: =IF($E9="CE","Central EU",IF($E9="EE","East EU",IF($E9="NE","North EU",IF($E9="SE","South EU")))) -> South EU | H9: =IF($E9=H$2,","&$B9,"") -> ,CY | I9: =IF($E9=I$2,","&$B9,"") | J9: =IF($E9=J$2,","&$B9,"") | K9: =IF($E9=K$2,","&$B9,"")
B10: CZ | C10: Czech Rep. | D10: <-> | E10: EE | F10: =IF($E10="CE","Central EU",IF($E10="EE","East EU",IF($E10="NE","North EU",IF($E10="SE","South EU")))) -> East EU | H10: =IF($E10=H$2,","&$B10,"") | I10: =IF($E10=I$2,","&$B10,"") | J10: =IF($E10=J$2,","&$B10,"") -> ,CZ | K10: =IF($E10=K$2,","&$B10,"")
B11: DE | C11: Germany | D11: <-> | E11: CE | F11: =IF($E11="CE","Central EU",IF($E11="EE","East EU",IF($E11="NE","North EU",IF($E11="SE","South EU")))) -> Central EU | H11: =IF($E11=H$2,","&$B11,"") | I11: =IF($E11=I$2,","&$B11,"") -> ,DE | J11: =IF($E11=J$2,","&$B11,"") | K11: =IF($E11=K$2,","&$B11,"")
B12: DK | C12: Denmark | D12: <-> | E12: NE | F12: =IF($E12="CE","Central EU",IF($E12="EE","East EU",IF($E12="NE","North EU",IF($E12="SE","South EU")))) -> North EU | H12: =IF($E12=H$2,","&$B12,"") | I12: =IF($E12=I$2,","&$B12,"") | J12: =IF($E12=J$2,","&$B12,"") | K12: =IF($E12=K$2,$B12,"") -> DK
B13: EE | C13: Estonia | D13: <-> | E13: EE | F13: =IF($E13="CE","Central EU",IF($E13="EE","East EU",IF($E13="NE","North EU",IF($E13="SE","South EU")))) -> East EU | H13: =IF($E13=H$2,","&$B13,"") | I13: =IF($E13=I$2,","&$B13,"") | J13: =IF($E13=J$2,","&$B13,"") -> ,EE | K13: =IF($E13=K$2,","&$B13,"")
B14: EL | C14: Greece | D14: <-> | E14: SE | F14: =IF($E14="CE","Central EU",IF($E14="EE","East EU",IF($E14="NE","North EU",IF($E14="SE","South EU")))) -> South EU | H14: =IF($E14=H$2,","&$B14,"") -> ,EL | I14: =IF($E14=I$2,","&$B14,"") | J14: =IF($E14=J$2,","&$B14,"") | K14: =IF($E14=K$2,","&$B14,"")
B15: ES | C15: Spain | D15: <-> | E15: SE | F15: =IF($E15="CE","Central EU",IF($E15="EE","East EU",IF($E15="NE","North EU",IF($E15="SE","South EU")))) -> South EU | H15: =IF($E15=H$2,","&$B15,"") -> ,ES | I15: =IF($E15=I$2,","&$B15,"") | J15: =IF($E15=J$2,","&$B15,"") | K15: =IF($E15=K$2,","&$B15,"")
B16: FI | C16: Finland | D16: <-> | E16: NE | F16: =IF($E16="CE","Central EU",IF($E16="EE","East EU",IF($E16="NE","North EU",IF($E16="SE","South EU")))) -> North EU | H16: =IF($E16=H$2,","&$B16,"") | I16: =IF($E16=I$2,","&$B16,"") | J16: =IF($E16=J$2,","&$B16,"") | K16: =IF($E16=K$2,","&$B16,"") -> ,FI
B17: FR | C17: France | D17: <-> | E17: CE | F17: =IF($E17="CE","Central EU",IF($E17="EE","East EU",IF($E17="NE","North EU",IF($E17="SE","South EU")))) -> Central EU | H17: =IF($E17=H$2,","&$B17,"") | I17: =IF($E17=I$2,","&$B17,"") -> ,FR | J17: =IF($E17=J$2,","&$B17,"") | K17: =IF($E17=K$2,","&$B17,"")
B18: HR | C18: Croatia | D18: <-> | E18: SE | F18: =IF($E18="CE","Central EU",IF($E18="EE","East EU",IF($E18="NE","North EU",IF($E18="SE","South EU")))) -> South EU | H18: =IF($E18=H$2,","&$B18,"") -> ,HR | I18: =IF($E18=I$2,","&$B18,"") | J18: =IF($E18=J$2,","&$B18,"") | K18: =IF($E18=K$2,","&$B18,"")
B19: HU | C19: Hungary | D19: <-> | E19: EE | F19: =IF($E19="CE","Central EU",IF($E19="EE","East EU",IF($E19="NE","North EU",IF($E19="SE","South EU")))) -> East EU | H19: =IF($E19=H$2,","&$B19,"") | I19: =IF($E19=I$2,","&$B19,"") | J19: =IF($E19=J$2,","&$B19,"") -> ,HU | K19: =IF($E19=K$2,","&$B19,"")
B20: IE | C20: Ireland | D20: <-> | E20: NE | F20: =IF($E20="CE","Central EU",IF($E20="EE","East EU",IF($E20="NE","North EU",IF($E20="SE","South EU")))) -> North EU | H20: =IF($E20=H$2,","&$B20,"") | I20: =IF($E20=I$2,","&$B20,"") | J20: =IF($E20=J$2,","&$B20,"") | K20: =IF($E20=K$2,","&$B20,"") -> ,IE
B21: IS | C21: Iceland | D21: <-> | E21: NE | F21: =IF($E21="CE","Central EU",IF($E21="EE","East EU",IF($E21="NE","North EU",IF($E21="SE","South EU")))) -> North EU | H21: =IF($E21=H$2,","&$B21,"") | I21: =IF($E21=I$2,","&$B21,"") | J21: =IF($E21=J$2,","&$B21,"") | K21: =IF($E21=K$2,","&$B21,"") -> ,IS
B22: IT | C22: Italy | D22: <-> | E22: SE | F22: =IF($E22="CE","Central EU",IF($E22="EE","East EU",IF($E22="NE","North EU",IF($E22="SE","South EU")))) -> South EU | H22: =IF($E22=H$2,","&$B22,"") -> ,IT | I22: =IF($E22=I$2,","&$B22,"") | J22: =IF($E22=J$2,","&$B22,"") | K22: =IF($E22=K$2,","&$B22,"")
B23: KS | C23: Kosovo | D23: <-> | E23: SE | F23: =IF($E23="CE","Central EU",IF($E23="EE","East EU",IF($E23="NE","North EU",IF($E23="SE","South EU")))) -> South EU | H23: =IF($E23=H$2,","&$B23,"") -> ,KS | I23: =IF($E23=I$2,","&$B23,"") | J23: =IF($E23=J$2,","&$B23,"") | K23: =IF($E23=K$2,","&$B23,"")
B24: LT | C24: Lithuania | D24: <-> | E24: EE | F24: =IF($E24="CE","Central EU",IF($E24="EE","East EU",IF($E24="NE","North EU",IF($E24="SE","South EU")))) -> East EU | H24: =IF($E24=H$2,","&$B24,"") | I24: =IF($E24=I$2,","&$B24,"") | J24: =IF($E24=J$2,","&$B24,"") -> ,LT | K24: =IF($E24=K$2,","&$B24,"")
... B39: UK | C39: United Kingdom | D39: <-> | E39: CE | F39: =IF($E39="CE","Central EU",IF($E39="EE","East EU",IF($E39="NE","North EU",IF($E39="SE","South EU")))) -> Central EU | H39: =IF($E39=H$2,","&$B39,"") | I39: =IF($E39=I$2,","&$B39,"") -> ,UK | J39: =IF($E39=J$2,","&$B39,"") | K39: =IF($E39=K$2,","&$B39,"")

Sheet RES_Share
A1: Flow shares of space heating and water heating of dual technologies:
A7: ~TFM_INS
A8: TimeSlice | B8: LimType | C8: Attribute | D8: Year | E8: Other_Indexes | F8: Pset_CO | G8: PSet_PN | H8: Cset_CN | I8: Top_Check | J8: AT | K8: BE | L8: BG | M8: CH | N8: CY | O8: CZ | P8: DE | Q8: DK | R8: EE | S8: ES | T8: FI | U8: FR | V8: EL | W8: HU | X8: IE | Y8: IS | Z8: IT | AA8: LT | AB8: LU | AC8: LV | AD8: MT | AE8: NL | AF8: NO | AG8: PL | AH8: PT | AI8: RO | AJ8: SE | AK8: SI | AL8: SK | AM8: UK | AN8: AL | AO8: BA | AP8: HR | AQ8: KS | AR8: ME | AS8: MK | AT8: RS
B9: UP | C9: SHARE | D9: 2011,2050 | E9: NRGO | F9: NR_*WatHeat | G9: C_ES-SH* | H9: NR_*SpHeat | I9: O | J9: 0.75264362 | K9: 0.85841467 | L9: =AI9 -> 0.62493544 | M9: 0.92634213 | N9: 0.70349708 | O9: 0.82711568 | P9: 0.75496738 | Q9: 0.80916739 | R9: 0.50824828 | S9: 0.88399181 | T9: 0.80427867 | U9: 0.87124784 | V9: 0.80909755 | W9: 0.8398874 | X9: 0.87207067 | Y9: =AF9 -> 0.75855585 | Z9: 0.66541397 | AA9: 0.80964342 | AB9: =U9 -> 0.87124784 | AC9: 0.54075686 | AD9: 0.74958676 | AE9: 0.85852007 | AF9: 0.75855585 | AG9: 0.78778536 | AH9: 0.94334171 | AI9: 0.62493544 | AJ9: 0.90096658 | AK9: 0.60826477 | AL9: 0.82262581 | AM9: 0.86663725 | AN9: =$V9 -> 0.80909755 | AO9: =$AK9 -> 0.60826477 | AP9: =$AK9 -> 0.60826477 | AQ9: =$AK9 -> 0.60826477 | AR9: =$AK9 -> 0.60826477 | AS9: =$V9 -> 0.80909755 | AT9: =$AK9 -> 0.60826477
I12: Relaxation 2050 | J12: 0.3 | K12: 0.3 | L12: 0.3 | M12: 0.3 | N12: 0.3 | O12: 0.3 | P12: 0.3 | Q12: 0.3 | R12: 0.3 | S12: 0.3 | T12: 0.3 | U12: 0.3 | V12: 0.3 | W12: 0.3 | X12: 0.3 | Y12: 0.3 | Z12: 0.3 | AA12: 0.3 | AB12: 0.3 | AC12: 0.3 | AD12: 0.3 | AE12: 0.3 | AF12: 0.3 | AG12: 0.3 | AH12: 0.3 | AI12: 0.3 | AJ12: 0.3 | AK12: 0.3 | AL12: 0.3 | AM12: 0.3 | AN12: 0.3 | AO12: 0.3 | AP12: 0.3 | AQ12: 0.3 | AR12: 0.3 | AS12: 0.3 | AT12: 0.3
A15: ~TFM_INS
A16: TimeSlice | B16: LimType | C16: Attribute | D16: Year | E16: Other_Indexes | F16: Pset_CO | G16: PSet_PN | H16: Cset_CN | I16: Top_Check | J16: AT | K16: BE | L16: BG | M16: CH | N16: CY | O16: CZ | P16: DE | Q16: DK | R16: EE | S16: ES | T16: FI | U16: FR | V16: EL | W16: HU | X16: IE | Y16: IS | Z16: IT | AA16: LT | AB16: LU | AC16: LV | AD16: MT | AE16: NL | AF16: NO | AG16: PL | AH16: PT | AI16: RO | AJ16: SE | AK16: SI | AL16: SK | AM16: UK | AN16: AL | AO16: BA | AP16: HR | AQ16: KS | AR16: ME | AS16: MK | AT16: RS
B17: LO | C17: SHARE | D17: 2011 | E17: NRGO | F17: NR_*WatHeat | G17: C_ES-SH* | H17: NR_*SpHeat | I17: O | J17: =J9*0.98 -> 0.73759075 | K17: =K9*0.98 -> 0.84124638 | L17: =L9*0.98 -> 0.61243673 | M17: =M9*0.98 -> 0.90781529 | N17: =N9*0.98 -> 0.68942714 | O17: =O9*0.98 -> 0.81057336 | P17: =P9*0.98 -> 0.73986803 | Q17: =Q9*0.98 -> 0.79298405 | ... AT17: =AT9*0.98 -> 0.59609948
B18: LO | C18: SHARE | D18: 2050 | E18: NRGO | F18: NR_*WatHeat | G18: C_ES-SH* | H18: NR_*SpHeat | I18: O | J18: =J17*(1-J$12) -> 0.51631352 | K18: =K17*(1-K$12) -> 0.58887247 | L18: =L17*(1-L$12) -> 0.42870571 | M18: =M17*(1-M$12) -> 0.6354707 | N18: =N17*(1-N$12) -> 0.482599 | O18: =O17*(1-O$12) -> 0.56740136 | P18: =P17*(1-P$12) -> 0.51790762 | Q18: =Q17*(1-Q$12) -> 0.55508883 | ... AT18: =AT17*(1-AT$12) -> 0.41726964

Sheet COM_All
A1: scenario | B1: attribute | C1: process | D1: commodity | E1: lim_type | F1: time_slice | G1: year | H1: commodity_group | I1: currency | J1: stage | K1: sow | L1: AL | M1: AT | N1: BA | O1: BE | P1: BG | Q1: CH | R1: CY | S1: CZ | T1: DE | U1: DK | V1: EE | W1: EL | X1: ES | Y1: FI | Z1: FR | AA1: HR | AB1: HU | AC1: IE | AD1: IS | AE1: IT | AF1: KS | AG1: LT | AH1: LU | AI1: LV | AJ1: ME | AK1: MK | AL1: MT | AM1: NL | AN1: NO | AO1: PL | AP1: PT | AQ1: RO | AR1: RS | AS1: SE | AT1: SI | AU1: SK | AV1: UK | AW1: year2
A2: BASE | B2: EFF | C2: C_ES-CK-HO_BIO | D2: - | E2: - | F2: ANNUAL | G2: 2010 | H2: - | I2: - | J2: - | K2: - | L2: 0.65 | M2: 0.36461186 | N2: 0.65 | O2: 0.39167509 | P2: 0.34056209 | Q2: 0.65 | R2: 0.36232422 | S2: 0.35511384 | T2: 0.65 | U2: 0.33773729 | V2: 0.33783759 | W2: 0.65 | X2: 0.32989345 | Y2: 0.32913583 | Z2: 0.35271252 | AA2: 0.36413899 | AB2: 0.3784165 | AC2: 0.36015043 | AD2: 0.33773729 | AE2: 0.65 | AF2: 0.65 | AG2: 0.35511297 | AH2: 0.65 | AI2: 0.36025911 | AJ2: 0.65 | AK2: 0.65 | AL2: 0.65 | AM2: 0.36461242 | AN2: 0.33773729 | AO2: 0.36025801 | AP2: 0.65 | AQ2: 0.65 | AR2: 0.65 | AS2: 0.37800009 | AT2: 0.65 | AU2: 0.39161182 | AV2: 0.35358822 | AW2: -
A3: BASE | B3: EFF | C3: C_ES-CK-HO_ELC | D3: - | E3: - | F3: ANNUAL | G3: 2010 | H3: - | I3: - | J3: - | K3: - | L3: 0.59970029 | M3: 0.69450254 | N3: 0.59970029 | O3: 0.74605138 | P3: 0.64869017 | Q3: 0.67437084 | R3: 0.69014464 | S3: 0.67640648 | T3: 0.67437084 | U3: 0.64331298 | V3: 0.64350196 | W3: 0.59970029 | X3: 0.62836758 | Y3: 0.62692975 | Z3: 0.67183475 | AA3: 0.69359825 | AB3: 0.72079203 | AC3: 0.68599977 | AD3: 0.64331298 | AE3: 0.72495188 | AF3: 0.59970029 | AG3: 0.67640725 | AH3: 0.67995545 | AI3: 0.68620532 | AJ3: 0.59970029 | AK3: 0.59970029 | AL3: 0.66050006 | AM3: 0.69450081 | AN3: 0.64331298 | AO3: 0.68620604 | AP3: 0.60498548 | AQ3: 0.73019932 | AR3: 0.59970029 | AS3: 0.71999814 | AT3: 0.71580694 | AU3: 0.74593021 | AV3: 0.67350147 | AW3: -
A4: BASE | B4: EFF | C4: C_ES-CK-HO_GAS | D4: - | E4: - | F4: ANNUAL | G4: 2010 | H4: - | I4: - | J4: - | K4: - | L4: 0.44078242 | M4: 0.51045731 | N4: 0.44078242 | O4: 0.54834946 | P4: 0.47678599 | Q4: 0.49566233 | R4: 0.45 | S4: 0.49715816 | T4: 0.49566233 | U4: 0.47283326 | V4: 0.47297186 | W4: 0.44078242 | X4: 0.46185085 | Y4: 0.46079127 | Z4: 0.49379646 | AA4: 0.50979443 | AB4: 0.52978125 | AC4: 0.50421028 | AD4: 0.47283326 | AE4: 0.53284147 | AF4: 0.44078242 | AG4: 0.49715999 | AH4: 0.49976719 | AI4: 0.50436437 | AJ4: 0.44078242 | AK4: 0.44078242 | AL4: 0.45 | AM4: 0.51045633 | AN4: 0.47283326 | AO4: 0.50436139 | AP4: 0.44466287 | AQ4: 0.53669732 | AR4: 0.44078242 | AS4: 0.52920066 | AT4: 0.5261189 | AU4: 0.5482583 | AV4: 0.49502196 | AW4: -
A5: BASE | B5: EFF | C5: C_ES-CK-HO_LPG | D5: - | E5: - | F5: ANNUAL | G5: 2010 | H5: - | I5: - | J5: - | K5: - | L5: 0.40929685 | M5: 0.47399779 | N5: 0.40929685 | O5: 0.5091796 | P5: 0.44273005 | Q5: 0.46025844 | R5: 0.45 | S5: 0.45 | T5: 0.46025844 | U5: 0.43905945 | V5: 0.43918884 | W5: 0.40929685 | X5: 0.42885932 | Y5: 0.45 | Z5: 0.45852512 | AA5: 0.47338263 | AB5: 0.49194107 | AC5: 0.46819528 | AD5: 0.43905945 | AE5: 0.49478054 | AF5: 0.40929685 | AG5: 0.45 | AH5: 0.46407063 | AI5: 0.4683359 | AJ5: 0.40929685 | AK5: 0.40929685 | AL5: 0.45079249 | AM5: 0.47399637 | AN5: 0.43905945 | AO5: 0.46833543 | AP5: 0.41290181 | AQ5: 0.49836111 | AR5: 0.40929685 | AS5: 0.49139976 | AT5: 0.48853675 | AU5: 0.50909826 | AV5: 0.45 | AW5: -
A6: BASE | B6: EFF | C6: C_ES-CK-HR_BIO | D6: - | E6: - | F6: ANNUAL | G6: 2010 | H6: - | I6: - | J6: - | K6: - | L6: 0.65 | M6: 0.36461186 | N6: 0.65 | O6: 0.39167509 | P6: 0.34056209 | Q6: 0.65 | R6: 0.36232422 | S6: 0.35511384 | T6: 0.65 | U6: 0.33773729 | V6: 0.33783759 | W6: 0.65 | X6: 0.32989345 | Y6: 0.32913583 | Z6: 0.35271252 | AA6: 0.36413899 | AB6: 0.3784165 | AC6: 0.36015043 | AD6: 0.33773729 | AE6: 0.65 | AF6: 0.65 | AG6: 0.35511297 | AH6: 0.65 | AI6: 0.36025911 | AJ6: 0.65 | AK6: 0.65 | AL6: 0.65 | AM6: 0.36461242 | AN6: 0.33773729 | AO6: 0.36025801 | AP6: 0.65 | AQ6: 0.65 | AR6: 0.65 | AS6: 0.37800009 | AT6: 0.65 | AU6: 0.39161182 | AV6: 0.35358822 | AW6: -
A7: BASE | B7: EFF | C7: C_ES-CK-HR_ELC | D7: - | E7: - | F7: ANNUAL | G7: 2010 | H7: - | I7: - | J7: - | K7: - | L7: 0.59970029 | M7: 0.69450254 | N7: 0.59970029 | O7: 0.74605138 | P7: 0.64869017 | Q7: 0.67437084 | R7: 0.69014464 | S7: 0.67640648 | T7: 0.67437084 | U7: 0.64331298 | V7: 0.64350196 | W7: 0.59970029 | X7: 0.62836758 | Y7: 0.62692975 | Z7: 0.67183475 | AA7: 0.69359825 | AB7: 0.72079203 | AC7: 0.68599977 | AD7: 0.64331298 | AE7: 0.72495188 | AF7: 0.59970029 | AG7: 0.67640725 | AH7: 0.67995545 | AI7: 0.68620532 | AJ7: 0.59970029 | AK7: 0.59970029 | AL7: 0.66050006 | AM7: 0.69450081 | AN7: 0.64331298 | AO7: 0.68620604 | AP7: 0.60498548 | AQ7: 0.73019932 | AR7: 0.59970029 | AS7: 0.71999814 | AT7: 0.71580694 | AU7: 0.74593021 | AV7: 0.67350147 | AW7: -
A8: BASE | B8: EFF | C8: C_ES-CK-HR_GAS | D8: - | E8: - | F8: ANNUAL | G8: 2010 | H8: - | I8: - | J8: - | K8: - | L8: 0.44078242 | M8: 0.51045731 | N8: 0.44078242 | O8: 0.54834946 | P8: 0.47678599 | Q8: 0.49566233 | R8: 0.45 | S8: 0.49715816 | T8: 0.49566233 | U8: 0.47283326 | V8: 0.47297186 | W8: 0.44078242 | X8: 0.46185085 | Y8: 0.46079127 | Z8: 0.49379646 | AA8: 0.50979443 | AB8: 0.52978125 | AC8: 0.50421028 | AD8: 0.47283326 | AE8: 0.53284147 | AF8: 0.44078242 | AG8: 0.49715999 | AH8: 0.49976719 | AI8: 0.50436437 | AJ8: 0.44078242 | AK8: 0.44078242 | AL8: 0.45 | AM8: 0.51045633 | AN8: 0.47283326 | AO8: 0.50436139 | AP8: 0.44466287 | AQ8: 0.53669732 | AR8: 0.44078242 | AS8: 0.52920066 | AT8: 0.5261189 | AU8: 0.5482583 | AV8: 0.49502196 | AW8: -
A9: BASE | B9: EFF | C9: C_ES-CK-HR_LPG | D9: - | E9: - | F9: ANNUAL | G9: 2010 | H9: - | I9: - | J9: - | K9: - | L9: 0.40929685 | M9: 0.47399779 | N9: 0.40929685 | O9: 0.5091796 | P9: 0.44273005 | Q9: 0.46025844 | R9: 0.45 | S9: 0.45 | T9: 0.46025844 | U9: 0.43905945 | V9: 0.43918884 | W9: 0.40929685 | X9: 0.42885932 | Y9: 0.45 | Z9: 0.45852512 | AA9: 0.47338263 | AB9: 0.49194107 | AC9: 0.46819528 | AD9: 0.43905945 | AE9: 0.49478054 | AF9: 0.40929685 | AG9: 0.45 | AH9: 0.46407063 | AI9: 0.4683359 | AJ9: 0.40929685 | AK9: 0.40929685 | AL9: 0.45079249 | AM9: 0.47399637 | AN9: 0.43905945 | AO9: 0.46833543 | AP9: 0.41290181 | AQ9: 0.49836111 | AR9: 0.40929685 | AS9: 0.49139976 | AT9: 0.48853675 | AU9: 0.50909826 | AV9: 0.45 | AW9: -
A10: BASE | B10: EFF | C10: C_ES-CK-OF_BIO | D10: - | E10: - | F10: ANNUAL | G10: 2010 | H10: - | I10: - | J10: - | K10: - | L10: 0.65 | M10: 0.36461186 | N10: 0.65 | O10: 0.39167509 | P10: 0.34056209 | Q10: 0.65 | R10: 0.36232422 | S10: 0.35511384 | T10: 0.65 | U10: 0.33773729 | V10: 0.33783759 | W10: 0.65 | X10: 0.32989345 | Y10: 0.32913583 | Z10: 0.35271252 | AA10: 0.36413899 | AB10: 0.3784165 | AC10: 0.36015043 | AD10: 0.33773729 | AE10: 0.65 | AF10: 0.65 | AG10: 0.35511297 | AH10: 0.65 | AI10: 0.36025911 | AJ10: 0.65 | AK10: 0.65 | AL10: 0.65 | AM10: 0.36461242 | AN10: 0.33773729 | AO10: 0.36025801 | AP10: 0.65 | AQ10: 0.65 | AR10: 0.65 | AS10: 0.37800009 | AT10: 0.65 | AU10: 0.39161182 | AV10: 0.35358822 | AW10: -
A11: BASE | B11: EFF | C11: C_ES-CK-OF_ELC | D11: - | E11: - | F11: ANNUAL | G11: 2010 | H11: - | I11: - | J11: - | K11: - | L11: 0.59970029 | M11: 0.69450254 | N11: 0.59970029 | O11: 0.74605138 | P11: 0.64869017 | Q11: 0.67437084 | R11: 0.69014464 | S11: 0.67640648 | T11: 0.67437084 | U11: 0.64331298 | V11: 0.64350196 | W11: 0.59970029 | X11: 0.62836758 | Y11: 0.62692975 | Z11: 0.67183475 | AA11: 0.69359825 | AB11: 0.72079203 | AC11: 0.68599977 | AD11: 0.64331298 | AE11: 0.72495188 | AF11: 0.59970029 | AG11: 0.67640725 | AH11: 0.67995545 | AI11: 0.68620532 | AJ11: 0.59970029 | AK11: 0.59970029 | AL11: 0.66050006 | AM11: 0.69450081 | AN11: 0.64331298 | AO11: 0.68620604 | AP11: 0.60498548 | AQ11: 0.73019932 | AR11: 0.59970029 | AS11: 0.71999814 | AT11: 0.71580694 | AU11: 0.74593021 | AV11: 0.67350147 | AW11: -
A12: BASE | B12: EFF | C12: C_ES-CK-OF_GAS | D12: - | E12: - | F12: ANNUAL | G12: 2010 | H12: - | I12: - | J12: - | K12: - | L12: 0.44078242 | M12: 0.51045731 | N12: 0.44078242 | O12: 0.54834946 | P12: 0.47678599 | Q12: 0.49566233 | R12: 0.45 | S12: 0.49715816 | T12: 0.49566233 | U12: 0.47283326 | V12: 0.47297186 | W12: 0.44078242 | X12: 0.46185085 | Y12: 0.46079127 | Z12: 0.49379646 | AA12: 0.50979443 | AB12: 0.52978125 | AC12: 0.50421028 | AD12: 0.47283326 | AE12: 0.53284147 | AF12: 0.44078242 | AG12: 0.49715999 | AH12: 0.49976719 | AI12: 0.50436437 | AJ12: 0.44078242 | AK12: 0.44078242 | AL12: 0.45 | AM12: 0.51045633 | AN12: 0.47283326 | AO12: 0.50436139 | AP12: 0.44466287 | AQ12: 0.53669732 | AR12: 0.44078242 | AS12: 0.52920066 | AT12: 0.5261189 | AU12: 0.5482583 | AV12: 0.49502196 | AW12: -
A13: BASE | B13: EFF | C13: C_ES-CK-OF_LPG | D13: - | E13: - | F13: ANNUAL | G13: 2010 | H13: - | I13: - | J13: - | K13: - | L13: 0.40929685 | M13: 0.47399779 | N13: 0.40929685 | O13: 0.5091796 | P13: 0.44273005 | Q13: 0.46025844 | R13: 0.45 | S13: 0.45 | T13: 0.46025844 | U13: 0.43905945 | V13: 0.43918884 | W13: 0.40929685 | X13: 0.42885932 | Y13: 0.45 | Z13: 0.45852512 | AA13: 0.47338263 | AB13: 0.49194107 | AC13: 0.46819528 | AD13: 0.43905945 | AE13: 0.49478054 | AF13: 0.40929685 | AG13: 0.45 | AH13: 0.46407063 | AI13: 0.4683359 | AJ13: 0.40929685 | AK13: 0.40929685 | AL13: 0.45079249 | AM13: 0.47399637 | AN13: 0.43905945 | AO13: 0.46833543 | AP13: 0.41290181 | AQ13: 0.49836111 | AR13: 0.40929685 | AS13: 0.49139976 | AT13: 0.48853675 | AU13: 0.50909826 | AV13: 0.45 | AW13: -
... A163: BASE | B163: PRC_CAPACT | C163: C_ES-CK-SS_LPG | D163: - | E163: - | F163: - | G163: - | H163: - | I163: - | J163: - | K163: - | L163: 0.12187288 | M163: 0.097153608 | N163: 0.0050368786 | O163: 0.043436292 | P163: 0.059095478 | Q163: 0.080047009 | R163: 0.038561756 | S163: 0.093554789 | T163: 0.024311201 | U163: 0.050199383 | V163: 0.076599099 | W163: 0.041329899 | X163: 0.077995976 | Y163: 0.019811823 | Z163: 0.056850903 | AA163: 0.17140745 | AB163: 0.058991725 | AC163: 0.032846137 | AD163: 0.020189784 | AE163: 0.062078559 | AF163: 0.076284169 | AG163: 0.048765083 | AH163: 0.021607221 | AI163: 0.11932047 | AJ163: 0.097373173 | AK163: 0.056347797 | AL163: 0.053214506 | AM163: 0.033007046 | AN163: 0.27412316 | AO163: 0.061563868 | AP163: 0.072173976 | AQ163: 0.086398816 | AR163: 0.031095338 | AS163: 0.092977495 | AT163: 0.045419296 | AU163: 2.7121195 | AV163: 0.052951798 | AW163: -

Sheet INS-UPD Heat
Q3: RDM: DE is the ref
A4: EFF | C4: ~TFM_UPD
C5: Attribute | D5: PSET_PN | E5: Pset_CI | F5: Cset_CN | G5: Other_Indexes | H5: AllRegions | I5: =RES_SpHeat!L$1 -> AL | J5: =RES_SpHeat!M$1 -> AT | K5: =RES_SpHeat!N$1 -> BA | L5: =RES_SpHeat!O$1 -> BE | M5: =RES_SpHeat!P$1 -> BG | N5: =RES_SpHeat!Q$1 -> CH | O5: =RES_SpHeat!R$1 -> CY | P5: =RES_SpHeat!S$1 -> CZ | ... AS5: =RES_SpHeat!AV$1 -> UK | AW5: =I5 -> AL | AX5: =J5 -> AT | AY5: =K5 -> BA | AZ5: =L5 -> BE | BA5: =M5 -> BG | BB5: =N5 -> CH | BC5: =O5 -> CY | BD5: =P5 -> CZ | ... CG5: =AS5 -> UK
A6: C_ES-SH-HO_BI* | C6: EFF | D6: =A6 -> C_ES-SH-HO_BI* | I6: =IF(AW6<>"","*"&AW6/$BE6,"") -> *1 | J6: =IF(AX6<>"","*"&AX6/$BE6,"") -> *1.13273935601115 | K6: =IF(AY6<>"","*"&AY6/$BE6,"") -> *1 | L6: =IF(AZ6<>"","*"&AZ6/$BE6,"") -> *1.16287202779621 | M6: =IF(BA6<>"","*"&BA6/$BE6,"") -> *0.951947404871184 | N6: =IF(BB6<>"","*"&BB6/$BE6,"") -> *1 | O6: =IF(BC6<>"","*"&BC6/$BE6,"") -> *0.891684624593808 | P6: =IF(BD6<>"","*"&BD6/$BE6,"") -> *1.03230037990426 | Q6: =IF(BE6<>"","*"&BE6,"") -> *0.5 | R6: =IF(BF6<>"","*"&BF6/$BE6,"") -> *1.0825169264074 | S6: =IF(BG6<>"","*"&BG6/$BE6,"") -> *1.03229644898342 | T6: =IF(BH6<>"","*"&BH6/$BE6,"") -> *1 | U6: =IF(BI6<>"","*"&BI6/$BE6,"") -> *0.982080090991512 | V6: =IF(BJ6<>"","*"&BJ6/$BE6,"") -> *1.0423429136333 | W6: =IF(BK6<>"","*"&BK6/$BE6,"") -> *1.08252106666226 | X6: =IF(BL6<>"","*"&BL6/$BE6,"") -> *1.05238453545451 | Y6: =IF(BM6<>"","*"&BM6/$BE6,"") -> *1.05238966451752 | ... AS6: =IF(CG6<>"","*"&CG6/$BE6,"") -> *1.08252104532776 | AV6: =AVERAGE(AW6:CG6) -> 0.51720335 | AW6: =IFERROR(AVERAGEIFS(COM_All!L$2:L$999,COM_All!$B$2:$B$999,"="&$A$4,COM_All!$C$2:$C$999,"="&'INS-UPD Heat'!$A6),"") -> 0.5 | AX6: =IFERROR(AVERAGEIFS(COM_All!M$2:M$999,COM_All!$B$2:$B$999,"="&$A$4,COM_All!$C$2:$C$999,"="&'INS-UPD Heat'!$A6),"") -> 0.56636968 | AY6: =IFERROR(AVERAGEIFS(COM_All!N$2:N$999,COM_All!$B$2:$B$999,"="&$A$4,COM_All!$C$2:$C$999,"="&'INS-UPD Heat'!$A6),"") -> 0.5 | AZ6: =IFERROR(AVERAGEIFS(COM_All!O$2:O$999,COM_All!$B$2:$B$999,"="&$A$4,COM_All!$C$2:$C$999,"="&'INS-UPD Heat'!$A6),"") -> 0.58143601 | BA6: =IFERROR(AVERAGEIFS(COM_All!P$2:P$999,COM_All!$B$2:$B$999,"="&$A$4,COM_All!$C$2:$C$999,"="&'INS-UPD Heat'!$A6),"") -> 0.4759737 | BB6: =IFERROR(AVERAGEIFS(COM_All!Q$2:Q$999,COM_All!$B$2:$B$999,"="&$A$4,COM_All!$C$2:$C$999,"="&'INS-UPD Heat'!$A6),"") -> 0.5 | BC6: =IFERROR(AVERAGEIFS(COM_All!R$2:R$999,COM_All!$B$2:$B$999,"="&$A$4,COM_All!$C$2:$C$999,"="&'INS-UPD Heat'!$A6),"") -> 0.44584231 | BD6: =IFERROR(AVERAGEIFS(COM_All!S$2:S$999,COM_All!$B$2:$B$999,"="&$A$4,COM_All!$C$2:$C$999,"="&'INS-UPD Heat'!$A6),"") -> 0.51615019 | ... CG6: =IFERROR(AVERAGEIFS(COM_All!AV$2:AV$999,COM_All!$B$2:$B$999,"="&$A$4,COM_All!$C$2:$C$999,"="&'INS-UPD Heat'!$A6),"") -> 0.54126052
A7: C_ES-SH-HO_HE* | C7: EFF | D7: =A7 -> C_ES-SH-HO_HE* | I7: =IF(AW7<>"","*"&AW7/$BE7,"") -> *0.880504783355962 | J7: =IF(AX7<>"","*"&AX7/$BE7,"") -> *0.957548618872751 | K7: =IF(AY7<>"","*"&AY7/$BE7,"") -> *0.880504783355962 | L7: =IF(AZ7<>"","*"&AZ7/$BE7,"") -> *0.983020646759874 | M7: =IF(BA7<>"","*"&BA7/$BE7,"") -> *0.804718937699145 | N7: =IF(BB7<>"","*"&BB7/$BE7,"") -> *1 | O7: =IF(BC7<>"","*"&BC7/$BE7,"") -> *0.880504783355962 | P7: =IF(BD7<>"","*"&BD7/$BE7,"") -> *0.872644275983274 | Q7: =IF(BE7<>"","*"&BE7,"") -> *0.908569737634899 | R7: =IF(BF7<>"","*"&BF7/$BE7,"") -> *0.915095212233637 | S7: =IF(BG7<>"","*"&BG7/$BE7,"") -> *0.872642655737943 | T7: =IF(BH7<>"","*"&BH7/$BE7,"") -> *0.880504783355962 | U7: =IF(BI7<>"","*"&BI7/$BE7,"") -> *0.880504783355962 | V7: =IF(BJ7<>"","*"&BJ7/$BE7,"") -> *0.881131477151944 | W7: =IF(BK7<>"","*"&BK7/$BE7,"") -> *0.915093124359608 | X7: =IF(BL7<>"","*"&BL7/$BE7,"") -> *0.889625250941913 | Y7: =IF(BM7<>"","*"&BM7/$BE7,"") -> *0.889623372740061 | ... AS7: =IF(CG7<>"","*"&CG7/$BE7,"") -> *0.915096287669067 | AV7: =AVERAGE(AW7:CG7) -> 0.81947844 | AW7: =IFERROR(AVERAGEIFS(COM_All!L$2:L$999,COM_All!$B$2:$B$999,"="&$A$4,COM_All!$C$2:$C$999,"="&'INS-UPD Heat'!$A7),"") -> 0.8 | AX7: =IFERROR(AVERAGEIFS(COM_All!M$2:M$999,COM_All!$B$2:$B$999,"="&$A$4,COM_All!$C$2:$C$999,"="&'INS-UPD Heat'!$A7),"") -> 0.8699997 | AY7: =IFERROR(AVERAGEIFS(COM_All!N$2:N$999,COM_All!$B$2:$B$999,"="&$A$4,COM_All!$C$2:$C$999,"="&'INS-UPD Heat'!$A7),"") -> 0.8 | AZ7: =IFERROR(AVERAGEIFS(COM_All!O$2:O$999,COM_All!$B$2:$B$999,"="&$A$4,COM_All!$C$2:$C$999,"="&'INS-UPD Heat'!$A7),"") -> 0.89314281 | BA7: =IFERROR(AVERAGEIFS(COM_All!P$2:P$999,COM_All!$B$2:$B$999,"="&$A$4,COM_All!$C$2:$C$999,"="&'INS-UPD Heat'!$A7),"") -> 0.73114327 | BB7: =IFERROR(AVERAGEIFS(COM_All!Q$2:Q$999,COM_All!$B$2:$B$999,"="&$A$4,COM_All!$C$2:$C$999,"="&'INS-UPD Heat'!$A7),"") -> 0.90856974 | BC7: =IFERROR(AVERAGEIFS(COM_All!R$2:R$999,COM_All!$B$2:$B$999,"="&$A$4,COM_All!$C$2:$C$999,"="&'INS-UPD Heat'!$A7),"") -> 0.8 | BD7: =IFERROR(AVERAGEIFS(COM_All!S$2:S$999,COM_All!$B$2:$B$999,"="&$A$4,COM_All!$C$2:$C$999,"="&'INS-UPD Heat'!$A7),"") -> 0.79285818 | ... CG7: =IFERROR(AVERAGEIFS(COM_All!AV$2:AV$999,COM_All!$B$2:$B$999,"="&$A$4,COM_All!$C$2:$C$999,"="&'INS-UPD Heat'!$A7),"") -> 0.83142879
