Workbook
Name FID_1: [1]AGR_Fuels!$A$2

Sheet TechSelection
B3: ~TFM_AVA
B4: PSET_SET | C4: PSET_PN | D4: PSET_PD | E4: PSET_CO | F4: PSET_CI | G4: AllRegions | H4: AT | I4: BE | J4: BG | K4: CH | L4: CY | M4: CZ | N4: DE | O4: DK | P4: EE | Q4: ES | R4: FI | S4: FR | T4: EL | U4: HU | V4: IE | W4: IS | X4: IT | Y4: LT | Z4: LU | AA4: LV | AB4: MT | AC4: NL | AD4: NO | AE4: PL | AF4: PT | AG4: RO | AH4: SE | AI4: SI | AJ4: SK | AK4: UK | AL4: AL | AM4: BA | AN4: HR | AO4: KS | AP4: ME | AQ4: MK | AR4: RS
C5: * | G5: 1
C6: PUSPWOO* | W6: 0
C7: ICLSTDPRO01 | G7: 0
C8: INDBGS01 | I8: 0
C9: PUSCSBIO* | H9: 1 | I9: 0 | J9: 0 | K9: 0 | L9: 0 | M9: 1 | N9: 1 | O9: 1 | P9: 1 | Q9: 0 | R9: 1 | S9: 1 | T9: 0 | U9: 1 | V9: 0 | W9: 0 | X9: 0 | Y9: 1 | Z9: 0 | AA9: 1 | AB9: 0 | AC9: 0 | AD9: 0 | AE9: 1 | AF9: 0 | AG9: 1 | AH9: 1 | AI9: 0 | AJ9: 1 | AK9: 0 | AL9: 0 | AM9: 0 | AN9: 0 | AO9: 0 | AP9: 0 | AQ9: 0 | AR9: 0

Sheet INTERPOLSET
C1: Some Interpolation Options copied here to reduce the load on SysSettings
A2: ~TFM_UPD
A3: TimeSlice | B3: LimType | C3: Attribute | D3: Year | E3: AllRegions | F3: Pset_CO | G3: Pset_CI | H3: Pset_PN | I3: Pset_PD | J3: Cset_Set | K3: Cset_CN
C4: Share | D4: 0 | E4: 3
C5: NCAP_BND | D5: 0 | E5: 1
B6: UP | C6: ACT_BND | D6: 0 | E6: 15 | H6: EXP*,IMP*,MIN*
B7: UP,LO | C7: STGOUT_BND | D7: 0 | E7: 1
C8: NCAP_DRATE | D8: 0 | E8: 5
B11: UP,LO | C11: CAP_BND | D11: 0 | E11: 3
C12: COM_PROJ | D12: 0 | E12: 1 | J12: DEM | K12: *MN,*UN,*RN
B13: FX | C13: CHPR | D13: 0 | E13: -1 | H13: PUPO*
C14: ACT_BND | D14: 0 | E14: 1

Sheet CO2_Storage_Potential
A1: ~TFM_INS
A2: TimeSlice | B2: Pset_PN | C2: LimType | D2: Attribute | E2: Year | F2: AllRegions | G2: AT | H2: BE | I2: BG | J2: CY | K2: CZ | L2: DE | M2: DK | N2: EE | O2: ES | P2: FI | Q2: FR | R2: EL | S2: HU | T2: IE | U2: IT | V2: LT | W2: LU | X2: LV | Y2: MT | Z2: NL | AA2: PL | AB2: PT | AC2: RO | AD2: SE | AE2: SI | AF2: SK | AG2: UK | AH2: IS | AI2: CH | AJ2: NO | AK2: HR | AL2: AL | AM2: BA | AN2: MK | AO2: ME | AP2: RS | AQ2: KS | AR2: *EU25
B3: MINSNKCB11 | D3: CUM | G3: 0 | H3: 0 | I3: 0 | J3: 0 | K3: 0 | L3: 21597 | M3: 0 | N3: 0 | O3: 145000 | P3: 0 | Q3: 0 | R3: 0 | S3: 0 | T3: 0 | U3: 0 | V3: 0 | W3: 0 | X3: 0 | Y3: 0 | Z3: 0 | AA3: 0 | AB3: 0 | AC3: 0 | AD3: 0 | AE3: 0 | AF3: 0 | AG3: 0 | AH3: 0 | AI3: 0 | AJ3: 0 | AK3: 0 | AL3: 0 | AM3: 0 | AN3: 0
B4: MINSNKCB21 | D4: CUM | G4: 0 | H4: 0 | I4: 17000 | J4: 0 | K4: 110000 | L4: 0 | M4: 0 | N4: 0 | O4: 0 | P4: 0 | Q4: 0 | R4: 0 | S4: 87000 | T4: 0 | U4: 0 | V4: 0 | W4: 0 | X4: 0 | Y4: 0 | Z4: 0 | AA4: 115000 | AB4: 0 | AC4: 0 | AD4: 0 | AE4: 0 | AF4: 0 | AG4: 0 | AH4: 0 | AI4: 0 | AJ4: 0 | AK4: 0 | AL4: 0 | AM4: 0 | AN4: 0
B5: MINSNKDGF1 | D5: CUM | G5: 0 | H5: 0 | I5: 3000 | J5: 0 | K5: 0 | L5: 0 | M5: 515890 | N5: 0 | O5: 0 | P5: 0 | Q5: 0 | R5: 5000 | S5: 0 | T5: 0 | U5: 0 | V5: 0 | W5: 0 | X5: 0 | Y5: 0 | Z5: 1160000 | AA5: 0 | AB5: 0 | AC5: 0 | AD5: 0 | AE5: 0 | AF5: 0 | AG5: 6390570 | AH5: 0 | AI5: 0 | AJ5: 0 | AK5: 0 | AL5: 0 | AM5: 0 | AN5: 0
B6: MINSNKDGO1 | D6: CUM | G6: 0 | H6: 639600 | I6: 0 | J6: 0 | K6: 33000 | L6: 1491826 | M6: 0 | N6: 0 | O6: 0 | P6: 0 | Q6: 0 | R6: 1600 | S6: 0 | T6: 0 | U6: 1600000 | V6: 0 | W6: 0 | X6: 0 | Y6: 0 | Z6: 8864000 | AA6: 0 | AB6: 0 | AC6: 240000 | AD6: 0 | AE6: 5800 | AF6: 0 | AG6: 0 | AH6: 0 | AI6: 0 | AJ6: 0 | AK6: 0 | AL6: 0 | AM6: 0 | AN6: 0
B7: MINSNKDOF1 | D7: CUM | G7: 0 | H7: 0 | I7: 0 | J7: 0 | K7: 0 | L7: 15220 | M7: 294330 | N7: 0 | O7: 34000 | P7: 0 | Q7: 0 | R7: 63400 | S7: 0 | T7: 0 | U7: 0 | V7: 0 | W7: 0 | X7: 0 | Y7: 0 | Z7: 14660 | AA7: 0 | AB7: 0 | AC7: 0 | AD7: 0 | AE7: 0 | AF7: 0 | AG7: 3553160 | AH7: 0 | AI7: 0 | AJ7: 0 | AK7: 0 | AL7: 0 | AM7: 0 | AN7: 0
B8: MINSNKDOO1 | D8: CUM | G8: 0 | H8: 0 | I8: 0 | J8: 0 | K8: 0 | L8: 40680 | M8: 0 | N8: 0 | O8: 500 | P8: 0 | Q8: 11099 | R8: 0 | S8: 0 | T8: 0 | U8: 210000 | V8: 5700 | W8: 0 | X8: 0 | Y8: 0 | Z8: 20340 | AA8: 682270 | AB8: 0 | AC8: 234590 | AD8: 0 | AE8: 440 | AF8: 0 | AG8: 0 | AH8: 0 | AI8: 0 | AJ8: 0 | AK8: 0 | AL8: 0 | AM8: 0 | AN8: 0
B9: MINSNKDSAOF1 | D9: CUM | G9: 0 | H9: 0 | I9: 0 | J9: 0 | K9: 0 | L9: 6336000 | M9: 14718000 | N9: 0 | O9: 0 | P9: 0 | Q9: 7922000 | R9: 1864000 | S9: 0 | T9: 92277000 | U9: 2709000 | V9: 0 | W9: 0 | X9: 0 | Y9: 0 | Z9: 170000 | AA9: 0 | AB9: 0 | AC9: 0 | AD9: 2250000 | AE9: 0 | AF9: 0 | AG9: 14933000 | AH9: 0 | AI9: 0 | AJ9: 26031000 | AK9: 0 | AL9: 0 | AM9: 0 | AN9: 0
B10: MINSNKDSAON1 | D10: CUM | G10: 0 | H10: 199000 | I10: 2100000 | J10: 0 | K10: 766000 | L10: 20000000 | M10: 1954000 | N10: 0 | O10: 23439 | P10: 0 | Q10: 0 | R10: 255000 | S10: 140000 | T10: 0 | U10: 1963000 | V10: 41500 | W10: 0 | X10: 404000 | Y10: 0 | Z10: 170000 | AA10: 3522600 | AB10: 7700000 | AC10: 7500000 | AD10: 0 | AE10: 92000 | AF10: 1716000 | AG10: 0 | AH10: 0 | AI10: 0 | AJ10: 0 | AK10: 2710000 | AL10: 20000 | AM10: 296062.36 | AN10: 1050000
B11: MINSNKEOR1 | D11: CUM | G11: 0 | H11: 0 | I11: 0 | J11: 0 | K11: 0 | L11: 0 | M11: 0 | N11: 0 | O11: 0 | P11: 0 | Q11: 0 | R11: 0 | S11: 0 | T11: 0 | U11: 0 | V11: 5000 | W11: 0 | X11: 0 | Y11: 0 | Z11: 0 | AA11: 0 | AB11: 0 | AC11: 0 | AD11: 0 | AE11: 0 | AF11: 0 | AG11: 0 | AH11: 0 | AI11: 0 | AJ11: 0 | AK11: 0 | AL11: 0 | AM11: 0 | AN11: 0
B12: MINSNKDOGO1 | D12: CUM | G12: 487500 | H12: 0 | I12: 0 | J12: 0 | K12: 0 | L12: 0 | M12: 0 | N12: 0 | O12: 0 | P12: 0 | Q12: 1007401 | R12: 0 | S12: 389000 | T12: 0 | U12: 0 | V12: 0 | W12: 0 | X12: 0 | Y12: 0 | Z12: 0 | AA12: 82060 | AB12: 0 | AC12: 16000 | AD12: 0 | AE12: 0 | AF12: 0 | AG12: 0 | AH12: 0 | AI12: 0 | AJ12: 0 | AK12: 188830 | AL12: 111000 | AM12: 0 | AN12: 0
B13: MINSNKDOGF1 | D13: CUM | G13: 0 | H13: 0 | I13: 0 | J13: 0 | K13: 0 | L13: 0 | M13: 0 | N13: 0 | O13: 0 | P13: 0 | Q13: 0 | R13: 0 | S13: 0 | T13: 1505000 | U13: 0 | V13: 0 | W13: 0 | X13: 0 | Y13: 0 | Z13: 0 | AA13: 0 | AB13: 0 | AC13: 0 | AD13: 0 | AE13: 0 | AF13: 0 | AG13: 0 | AH13: 0 | AI13: 0 | AJ13: 3157000 | AK13: 0 | AL13: 0 | AM13: 0 | AN13: 0
B14: MINSNKCB31 | D14: CUM | G14: 0 | H14: 0 | I14: 0 | J14: 0 | K14: 0 | L14: 0 | M14: 0 | N14: 0 | O14: 0 | P14: 0 | Q14: 0 | R14: 0 | S14: 0 | T14: 0 | U14: 71000 | V14: 0 | W14: 0 | X14: 0 | Y14: 0 | Z14: 0 | AA14: 0 | AB14: 0 | AC14: 0 | AD14: 0 | AE14: 0 | AF14: 0 | AG14: 0 | AH14: 0 | AI14: 0 | AJ14: 0 | AK14: 0 | AL14: 0 | AM14: 0 | AN14: 0
... B26: MINSNKCB31 | D26: COST | G26: 0 | H26: 0 | I26: 0 | J26: 0 | K26: 0 | L26: 0.0013237097 | M26: 0.0064339897 | N26: 0 | O26: 0.0020136993 | P26: 0 | Q26: 0.0045738976 | R26: 0 | S26: 0.00099070793 | T26: 0 | U26: 0.0014497554 | V26: 0 | W26: 0 | X26: 0 | Y26: 0 | Z26: 0.0016814097 | AA26: 0.0026147658 | AB26: 0 | AC26: 0.00097225907 | AD26: 0 | AE26: 0 | AF26: 0 | AG26: 0.0014014214 | AH26: 0 | AI26: 0 | AJ26: 0.0016814097 | AK26: 0.0026147658 | AL26: 0.0016814097 | AM26: 0.0026147658 | AN26: 0.0016814097
B27: MINSNKAFF1 | D27: CUM | G27: 57981.359 | H27: 18016.499 | J27: 120.7945 | K27: 29020.878 | L27: 152442.66 | M27: 10811.108 | N27: 3956.0198 | O27: 346136.64 | P27: 785.16424 | Q27: 305730.88 | R27: 141178.57 | S27: 31738.754 | T27: 100652.02 | U27: 131454.61 | V27: 15008.716 | W27: 948.23681 | X27: 18451.36 | Y27: 0 | Z27: 30561.008 | AA27: 123300.98 | AB27: 43395.424 | AC27: 149452.99 | AD27: 13498.785 | AE27: 9482.3681 | AF27: 26121.81 | AG27: 333272.02 | AH27: 68671.672 | AI27: 33067.494 | AJ27: 4741.1841 | AR27: 2200000
B28: MINSNKAFF2 | D28: CUM | G28: 83150.54 | H28: 25837.298 | J28: 173.23029 | K28: 41618.578 | L28: 218616.63 | M28: 15504.111 | N28: 5673.2921 | O28: 496391.4 | P28: 1125.9969 | Q28: 438445.87 | R28: 202462.9 | S28: 45516.259 | T28: 144344.14 | U28: 188517.87 | V28: 21523.864 | W28: 1359.8578 | X28: 26460.927 | Y28: 0 | Z28: 43827.264 | AA28: 176824.82 | AB28: 62232.982 | AC28: 214329.18 | AD28: 19358.485 | AE28: 13598.578 | AF28: 37461.051 | AG28: 477942.38 | AH28: 98481.421 | AI28: 47421.792 | AJ28: 6799.289 | AR28: 3155000
B29: MINSNKAFF3 | D29: CUM | G29: 64833.702 | H29: 20145.722 | J29: 135.07021 | K29: 32450.618 | L29: 170458.61 | M29: 12088.784 | N29: 4423.5494 | O29: 387043.69 | P29: 877.95638 | Q29: 341862.71 | R29: 157863.31 | S29: 35489.698 | T29: 112547.25 | U29: 146990.16 | V29: 16782.474 | W29: 1060.3012 | X29: 20631.975 | Y29: 0 | Z29: 34172.764 | AA29: 137872.92 | AB29: 48523.974 | AC29: 167115.62 | AD29: 15094.096 | AE29: 10603.012 | AF29: 29208.933 | AG29: 372658.71 | AH29: 76787.415 | AI29: 36975.47 | AJ29: 5301.5058 | AR29: 2460000
B30: MINSNKAFF4 | D30: CUM | G30: 85127.177 | H30: 26451.497 | J30: 177.34829 | K30: 42607.926 | L30: 223813.54 | M30: 15872.672 | N30: 5808.1564 | O30: 508191.51 | P30: 1152.7639 | Q30: 448868.51 | R30: 207275.81 | S30: 46598.262 | T30: 147775.46 | U30: 192999.27 | V30: 22035.525 | W30: 1392.184 | X30: 27089.951 | Y30: 0 | Z30: 44869.116 | AA30: 181028.26 | AB30: 63712.372 | AC30: 219424.17 | AD30: 19818.671 | AE30: 13921.84 | AF30: 38351.567 | AG30: 489303.92 | AH30: 100822.5 | AI30: 48549.093 | AJ30: 6960.9202 | AR30: 3230000
A31: ANNUAL | B31: MINSNKAFF1 | C31: UP | D31: ACT_BND | E31: 2005 | G31: 0 | H31: 0 | J31: 0 | K31: 0 | L31: 0 | M31: 0 | N31: 0 | O31: 0 | P31: 0 | Q31: 0 | R31: 0 | S31: 0 | T31: 0 | U31: 0 | V31: 0 | W31: 0 | X31: 0 | Y31: 0 | Z31: 0 | AA31: 0 | AB31: 0 | AC31: 0 | AD31: 0 | AE31: 0 | AF31: 0 | AG31: 0 | AH31: 0 | AI31: 0 | AJ31: 0 | AR31: 0
A32: ANNUAL | B32: MINSNKAFF1 | C32: UP | D32: ACT_BND | E32: 2010 | G32: 1062.9037 | H32: 330.27519 | J32: 2.2143828 | K32: 532.00546 | L32: 2794.5511 | M32: 198.18726 | N32: 72.521036 | O32: 6345.3139 | P32: 14.393488 | Q32: 5604.6028 | R32: 2588.0599 | S32: 581.82908 | T32: 1845.1345 | U32: 2409.8021 | V32: 275.13706 | W32: 17.382905 | X32: 338.24697 | Y32: 0 | Z32: 560.23884 | AA32: 2260.3312 | AB32: 795.51701 | AC32: 2739.7451 | AD32: 247.45728 | AE32: 173.82905 | AF32: 478.86028 | AG32: 6109.4821 | AH32: 1258.8766 | AI32: 606.18729 | AJ32: 86.914524 | AR32: 40330
A33: ANNUAL | B33: MINSNKAFF1 | C33: UP | D33: ACT_BND | E33: 2020 | G33: 1352.8105 | H33: 420.35769 | J33: 2.8183553 | K33: 677.10985 | L33: 3556.7644 | M33: 252.2428 | N33: 92.301135 | O33: 8075.997 | P33: 18.319309 | Q33: 7133.2572 | R33: 3293.9527 | S33: 740.52285 | T33: 2348.3945 | U33: 3067.0751 | V33: 350.18064 | W33: 22.124089 | X33: 430.50377 | Y33: 0 | Z33: 713.04388 | AA33: 2876.8361 | AB33: 1012.4941 | AC33: 3487.0101 | AD33: 314.9512 | AE33: 221.24089 | AF33: 609.46933 | AG33: 7775.8422 | AH33: 1602.235 | AI33: 771.52476 | AJ33: 110.62044 | AR33: 51330
A34: ANNUAL | B34: MINSNKAFF1 | C34: UP | D34: ACT_BND | E34: 2030 | G34: 483.09014 | H34: 150.1102 | J34: 1.0064378 | K34: 241.79668 | L34: 1270.1245 | M34: 90.076183 | N34: 32.960838 | O34: 2883.9475 | P34: 6.5418457 | Q34: 2547.2941 | R34: 1176.2742 | S34: 264.44153 | T34: 838.61429 | U34: 1095.2559 | V34: 125.0499 | W34: 7.9005367 | X34: 153.73337 | Y34: 0 | Z34: 254.62876 | AA34: 1027.3214 | AB34: 361.56278 | AC34: 1245.2152 | AD34: 112.46942 | AE34: 79.005367 | AF34: 217.64217 | AG34: 2776.7619 | AH34: 572.15989 | AI34: 275.51235 | AJ34: 39.502684 | AR34: 18330
A35: ANNUAL | B35: MINSNKAFF1 | C35: UP | D35: ACT_BND | E35: 2040 | G35: 483.09014 | H35: 150.1102 | J35: 1.0064378 | K35: 241.79668 | L35: 1270.1245 | M35: 90.076183 | N35: 32.960838 | O35: 2883.9475 | P35: 6.5418457 | Q35: 2547.2941 | R35: 1176.2742 | S35: 264.44153 | T35: 838.61429 | U35: 1095.2559 | V35: 125.0499 | W35: 7.9005367 | X35: 153.73337 | Y35: 0 | Z35: 254.62876 | AA35: 1027.3214 | AB35: 361.56278 | AC35: 1245.2152 | AD35: 112.46942 | AE35: 79.005367 | AF35: 217.64217 | AG35: 2776.7619 | AH35: 572.15989 | AI35: 275.51235 | AJ35: 39.502684 | AR35: 18330
A36: ANNUAL | B36: MINSNKAFF1 | C36: UP | D36: ACT_BND | E36: 2050 | G36: 2415.9778 | H36: 750.71477 | J36: 5.0332871 | K36: 1209.2472 | L36: 6352.0083 | M36: 450.4792 | N36: 164.84015 | O36: 14422.884 | P36: 32.716366 | Q36: 12739.25 | R36: 5882.6543 | S36: 1322.4962 | T36: 4193.9865 | U36: 5477.4747 | V36: 625.38592 | W36: 39.511304 | X36: 768.83461 | Y36: 0 | Z36: 1273.4216 | AA36: 5137.7278 | AB36: 1808.2084 | AC36: 6227.4345 | AD36: 562.46984 | AE36: 395.11304 | AF36: 1088.4483 | AG36: 13886.839 | AH36: 2861.4237 | AI36: 1377.8623 | AJ36: 197.55652 | AR36: 91670
A37: ANNUAL | B37: MINSNKAFF2 | C37: UP | D37: ACT_BND | E37: 2005 | G37: 0 | H37: 0 | J37: 0 | K37: 0 | L37: 0 | M37: 0 | N37: 0 | O37: 0 | P37: 0 | Q37: 0 | R37: 0 | S37: 0 | T37: 0 | U37: 0 | V37: 0 | W37: 0 | X37: 0 | Y37: 0 | Z37: 0 | AA37: 0 | AB37: 0 | AC37: 0 | AD37: 0 | AE37: 0 | AF37: 0 | AG37: 0 | AH37: 0 | AI37: 0 | AJ37: 0 | AR37: 0
A38: ANNUAL | B38: MINSNKAFF2 | C38: UP | D38: ACT_BND | E38: 2010 | G38: 2512.4377 | H38: 780.68768 | J38: 5.2342452 | K38: 1257.5274 | L38: 6605.6175 | M38: 468.46495 | N38: 171.42153 | O38: 14998.73 | P38: 34.022594 | Q38: 13247.875 | R38: 6117.5241 | S38: 1375.2979 | T38: 4361.4348 | U38: 5696.1674 | V38: 650.35497 | W38: 41.088825 | X38: 799.53096 | Y38: 0 | Z38: 1324.264 | AA38: 5342.8558 | AB38: 1880.4026 | AC38: 6476.0699 | AD38: 584.92691 | AE38: 410.88825 | AF38: 1131.9055 | AG38: 14441.283 | AH38: 2975.6684 | AI38: 1432.8746 | AJ38: 205.44413 | AR38: 95330
A39: ANNUAL | B39: MINSNKAFF2 | C39: UP | D39: ACT_BND | E39: 2020 | G39: 0 | H39: 0 | J39: 0 | K39: 0 | L39: 0 | M39: 0 | N39: 0 | O39: 0 | P39: 0 | Q39: 0 | R39: 0 | S39: 0 | T39: 0 | U39: 0 | V39: 0 | W39: 0 | X39: 0 | Y39: 0 | Z39: 0 | AA39: 0 | AB39: 0 | AC39: 0 | AD39: 0 | AE39: 0 | AF39: 0 | AG39: 0 | AH39: 0 | AI39: 0 | AJ39: 0 | AR39: 0
A40: ANNUAL | B40: MINSNKAFF2 | C40: UP | D40: ACT_BND | E40: 2030 | G40: 1932.6241 | H40: 600.52268 | J40: 4.0263003 | K40: 967.31864 | L40: 5081.1909 | M40: 360.35387 | N40: 131.86133 | O40: 11537.363 | P40: 26.170952 | Q40: 10190.566 | R40: 4705.7384 | S40: 1057.9104 | T40: 3354.9147 | U40: 4381.6213 | V40: 500.26781 | W40: 31.606457 | X40: 615.01736 | Y40: 0 | Z40: 1018.654 | AA40: 4109.846 | AB40: 1446.4484 | AC40: 4981.54 | AD40: 449.93905 | AE40: 316.06457 | AF40: 870.68743 | AG40: 11108.562 | AH40: 2288.9517 | AI40: 1102.1997 | AJ40: 158.03229 | AR40: 73330
A41: ANNUAL | B41: MINSNKAFF2 | C41: UP | D41: ACT_BND | E41: 2040 | G41: 1932.6241 | H41: 600.52268 | J41: 4.0263003 | K41: 967.31864 | L41: 5081.1909 | M41: 360.35387 | N41: 131.86133 | O41: 11537.363 | P41: 26.170952 | Q41: 10190.566 | R41: 4705.7384 | S41: 1057.9104 | T41: 3354.9147 | U41: 4381.6213 | V41: 500.26781 | W41: 31.606457 | X41: 615.01736 | Y41: 0 | Z41: 1018.654 | AA41: 4109.846 | AB41: 1446.4484 | AC41: 4981.54 | AD41: 449.93905 | AE41: 316.06457 | AF41: 870.68743 | AG41: 11108.562 | AH41: 2288.9517 | AI41: 1102.1997 | AJ41: 158.03229 | AR41: 73330
A42: ANNUAL | B42: MINSNKAFF2 | C42: UP | D42: ACT_BND | E42: 2050 | G42: 1932.6241 | H42: 600.52268 | J42: 4.0263003 | K42: 967.31864 | L42: 5081.1909 | M42: 360.35387 | N42: 131.86133 | O42: 11537.363 | P42: 26.170952 | Q42: 10190.566 | R42: 4705.7384 | S42: 1057.9104 | T42: 3354.9147 | U42: 4381.6213 | V42: 500.26781 | W42: 31.606457 | X42: 615.01736 | Y42: 0 | Z42: 1018.654 | AA42: 4109.846 | AB42: 1446.4484 | AC42: 4981.54 | AD42: 449.93905 | AE42: 316.06457 | AF42: 870.68743 | AG42: 11108.562 | AH42: 2288.9517 | AI42: 1102.1997 | AJ42: 158.03229 | AR42: 73330
... A54: ANNUAL | B54: MINSNKAFF4 | C54: UP | D54: ACT_BND | E54: 2050 | G54: 3768.7883 | H54: 1171.0725 | J54: 7.8516424 | K54: 1886.3571 | L54: 9908.7727 | M54: 702.72199 | N54: 257.14129 | O54: 22498.881 | P54: 51.035676 | Q54: 19872.507 | R54: 9176.607 | S54: 2063.019 | T54: 6542.381 | U54: 8544.5498 | V54: 975.56657 | W54: 61.635393 | X54: 1199.3384 | Y54: 0 | Z54: 1986.4655 | AA54: 8014.564 | AB54: 2820.7025 | AC54: 9714.4446 | AD54: 877.42104 | AE54: 616.35393 | AF54: 1697.9177 | AG54: 21662.681 | AH54: 4463.6587 | AI54: 2149.3871 | AJ54: 308.17696 | AR54: 143000
B55: MINSNKAFF1 | D55: COST | F55: 0.05
B56: MINSNKAFF2 | D56: COST | F56: 0.1
B57: MINSNKAFF3 | D57: COST | F57: 0.2
B58: MINSNKAFF4 | D58: COST | F58: 0.3
A62: REFERENCES
A63: The CUM CO2 storage capacity data is in kt CO2 and is from the GEOCAPACITY research project. The data was supplied in October 2012 by Andrei Bocin-Dumitriu (ESE-IET JRC). This data assumes the usage of legacy wells. Below in the data sheet there is the same data without considering legacy wells
A64: The COST CO2 storage capacity has rhe
A65: The Afforestation sinking capacity was already in the model supplied by IPTS. It is not clear the data provenience.

Sheet SUP_CCS
A1: XXX~TFM_INS | C1: RDM: Disabled (New Hydrogen chain)
A3: TimeSlice | B3: PSET_PN | C3: Comm_OUT | D3: Comm_IN | E3: LimType | F3: Attribute | G3: Year | H3: AllRegions | I3: AT | J3: BE | K3: BG | L3: CH | M3: CY | N3: CZ | O3: DE | P3: DK | Q3: EE | R3: ES | S3: FI | T3: FR | U3: EL | V3: HU | W3: IE | X3: IS | Y3: IT | Z3: LT | AA3: LU | AB3: LV | AC3: MT | AD3: NL | AE3: NO | AF3: PL | AG3: PT | AH3: RO | AI3: SE | AJ3: SI | AK3: SK | AL3: UK | AM3: AL | AN3: BA | AO3: HR | AP3: KS | AQ3: ME | AR3: MK | AS3: RS | AW3: Country Surface | AX3: RO | AY3: AL | AZ3: BA | BA3: HR | BB3: KS | BC3: ME | BD3: MK | BE3: RS
B4: STORAGE_ELCS | E4: UP | F4: CAP_BND | H4: 0 | I4: 15000 | J4: 110000 | K4: 40000 | L4: 0 | M4: 0 | N4: 150000 | O4: 140000 | P4: 15000 | Q4: 5000 | R4: 120000 | S4: 30000 | T4: 30000 | U4: 30000 | V4: 20000 | W4: 15000 | X4: 5000 | Y4: 90000 | Z4: 4000 | AA4: 4000 | AB4: 4000 | AC4: 4000 | AD4: 70000 | AE4: 10000 | AF4: 70000 | AG4: 10000 | AH4: 40000 | AI4: 10000 | AJ4: 5000 | AK4: 10000 | AL4: 120000 | AM4: =$AH4*AY$5 -> 4845.8205 | AN4: =$AH4*AZ$5 -> 8579.0151 | AO4: =$AH4*BA$5 -> 9495.9961 | AP4: =$AH4*BB$5 -> 1826.7468 | AQ4: =$AH4*BC$5 -> 2317.5372 | AR4: =$AH4*BD$5 -> 4314.4246 | AS4: =$AH4*BE$5 -> 12999.484 | AW4: km2 | AX4: 238391 | AY4: 28880 | AZ4: 51129 | BA4: 56594 | BB4: 10887 | BC4: 13812 | BD4: 25713 | BE4: 77474
B5: STORAGE_INDS | E5: UP | F5: CAP_BND | H5: 0 | I5: 5000 | J5: 15000 | K5: 10000 | L5: 0 | M5: 0 | N5: 15000 | O5: 40000 | P5: 4000 | Q5: 3000 | R5: 25000 | S5: 5000 | T5: 30000 | U5: 5000 | V5: 5000 | W5: 5000 | X5: 0 | Y5: 30000 | Z5: 2000 | AA5: 2000 | AB5: 2000 | AC5: 2000 | AD5: 10000 | AE5: 5000 | AF5: 20000 | AG5: 5000 | AH5: 10000 | AI5: 5000 | AJ5: 5000 | AK5: 5000 | AL5: 15000 | AM5: =$AH5*AY$5 -> 1211.4551 | AN5: =$AH5*AZ$5 -> 2144.7538 | AO5: =$AH5*BA$5 -> 2373.999 | AP5: =$AH5*BB$5 -> 456.6867 | AQ5: =$AH5*BC$5 -> 579.38429 | AR5: =$AH5*BD$5 -> 1078.6062 | AS5: =$AH5*BE$5 -> 3249.871 | AY5: =AY4/$AX$4 -> 0.12114551 | AZ5: =AZ4/$AX$4 -> 0.21447538 | BA5: =BA4/$AX$4 -> 0.2373999 | BB5: =BB4/$AX$4 -> 0.04566867 | BC5: =BC4/$AX$4 -> 0.057938429 | BD5: =BD4/$AX$4 -> 0.10786062 | BE5: =BE4/$AX$4 -> 0.3249871
B6: STORAGE_SUPS | E6: UP | F6: CAP_BND | H6: 0 | I6: 0 | J6: 5000 | K6: 0 | L6: 0 | M6: 0 | N6: 5000 | O6: 40000 | P6: 5000 | Q6: 0 | R6: 10000 | S6: 5000 | T6: 10000 | U6: 5000 | V6: 5000 | W6: 5000 | X6: 0 | Y6: 20000 | Z6: 0 | AA6: 0 | AB6: 0 | AC6: 0 | AD6: 5000 | AE6: 5000 | AF6: 10000 | AG6: 0 | AH6: 5000 | AI6: 5000 | AJ6: 0 | AK6: 2000 | AL6: 10000 | AM6: =$AH6*AY$5 -> 605.72757 | AN6: =$AH6*AZ$5 -> 1072.3769 | AO6: =$AH6*BA$5 -> 1186.9995 | AP6: =$AH6*BB$5 -> 228.34335 | AQ6: =$AH6*BC$5 -> 289.69214 | AR6: =$AH6*BD$5 -> 539.30308 | AS6: =$AH6*BE$5 -> 1624.9355
B7: STORAGE_COMS | E7: UP | F7: CAP_BND | H7: 0 | I7: 0 | J7: 0 | K7: 0 | L7: 0 | M7: 0 | N7: 0 | O7: 0 | P7: 0 | Q7: 0 | R7: 0 | S7: 0 | T7: 0 | U7: 0 | V7: 0 | W7: 0 | X7: 0 | Y7: 0 | Z7: 0 | AA7: 0 | AB7: 0 | AC7: 0 | AD7: 0 | AE7: 0 | AF7: 0 | AG7: 0 | AH7: 0 | AI7: 0 | AJ7: 0 | AK7: 0 | AL7: 0 | AM7: =$AH7*AY$5 -> 0 | AN7: =$AH7*AZ$5 -> 0 | AO7: =$AH7*BA$5 -> 0 | AP7: =$AH7*BB$5 -> 0 | AQ7: =$AH7*BC$5 -> 0 | AR7: =$AH7*BD$5 -> 0 | AS7: =$AH7*BE$5 -> 0
B8: STORAGE_AGRS | E8: UP | F8: CAP_BND | H8: 0 | I8: 0 | J8: 0 | K8: 0 | L8: 0 | M8: 0 | N8: 0 | O8: 0 | P8: 0 | Q8: 0 | R8: 0 | S8: 0 | T8: 0 | U8: 0 | V8: 0 | W8: 0 | X8: 0 | Y8: 0 | Z8: 0 | AA8: 0 | AB8: 0 | AC8: 0 | AD8: 0 | AE8: 0 | AF8: 0 | AG8: 0 | AH8: 0 | AI8: 0 | AJ8: 0 | AK8: 0 | AL8: 0 | AM8: =$AH8*AY$5 -> 0 | AN8: =$AH8*AZ$5 -> 0 | AO8: =$AH8*BA$5 -> 0 | AP8: =$AH8*BB$5 -> 0 | AQ8: =$AH8*BC$5 -> 0 | AR8: =$AH8*BD$5 -> 0 | AS8: =$AH8*BE$5 -> 0
B9: STORAGE_* | E9: UP | F9: CAP_BND | G9: 0 | H9: 5

Sheet CHPEmissions
A1: *assigning ELC sector emissions to CHP in commercial sector
B3: ~TFM_INS
B4: Attribute | C4: Year | D4: Other_Indexes | E4: PSET_CI | F4: Pset_PN | G4: Pset_PD | H4: Cset_CN | I4: AllRegions | K4: ELCCO2N is residual
B5: FLO_EMIS | D5: ELCWOO | E5: =D5 -> ELCWOO | F5: EU*,PU*,CO* | G5: *seq*,*CCS* | H5: ELCCO2N | I5: =I7-I6 -> -98.56
B6: FLO_EMIS | D6: ELCWOO | E6: =D6 -> ELCWOO | F6: EU*,PU*,CO* | G6: *seq*,*CCS* | H6: ELCSCO2N | I6: =0.88*112 -> 98.56
B7: FLO_EMIS | D7: ELCWOO | E7: =D7 -> ELCWOO | F7: EU*,PU*,H*,CO* | G7: -*seq*,-*CCS* | H7: ELCCO2N | I7: 0
B8: FLO_EMIS | D8: ELCBGS | E8: =D8 -> ELCBGS | F8: EU*,PU*,H*,CO* | G8: -*seq*,-*CCS* | H8: ELCCO2N | I8: 0
B9: FLO_EMIS | D9: ELCMUN | E9: =D9 -> ELCMUN | F9: EU*,PU*,H*,CO* | G9: -*seq*,-*CCS* | H9: ELCCO2N | I9: 85.85
B10: FLO_EMIS | D10: ELCSLU | E10: =D10 -> ELCSLU | F10: EU*,PU*,H*,CO* | G10: -*seq*,-*CCS* | H10: ELCCO2N | I10: 85.85
B12: \I: FLO_EMIS | D12: ELCBGS | E12: =D12 -> ELCBGS | F12: EU*,PU*,CO* | G12: *seq*,*CCS* | H12: ELCCO2N | I12: =I8-I15 -> -50.4
B13: \I: FLO_EMIS | D13: ELCMUN | E13: =D13 -> ELCMUN | F13: EU*,PU*,CO* | G13: *seq*,*CCS* | H13: ELCCO2N | I13: =0.12*I9 -> 10.302
B14: \I: FLO_EMIS | D14: ELCSLU | E14: =D14 -> ELCSLU | F14: EU*,PU*,CO* | G14: *seq*,*CCS* | H14: ELCCO2N | I14: =0.12*I10 -> 10.302
B15: \I: FLO_EMIS | D15: ELCBGS | E15: =D15 -> ELCBGS | F15: EU*,PU*,CO* | G15: *seq*,*CCS* | H15: ELCSCO2N | I15: =0.9*56 -> 50.4
B16: \I: FLO_EMIS | D16: ELCMUN | E16: =D16 -> ELCMUN | F16: EU*,PU*,CO* | G16: *seq*,*CCS* | H16: ELCSCO2N | I16: =0.88*I9 -> 75.548
B17: \I: FLO_EMIS | D17: ELCSLU | E17: =D17 -> ELCSLU | F17: EU*,PU*,CO* | G17: *seq*,*CCS* | H17: ELCSCO2N | I17: =0.88*I10 -> 75.548

Sheet CO2 Transport Data
A1: Reference: Joris Morbee (IET-JRC), October 2012
A2: This worksheet comes from Joris Morbee from:
A3: \s-jrcpttfs002p\home\InfraCCS\Results-20110201-1209_Bargaining_Individual_with_outside_option_NPV357\[InfraCCS v4.79.xls]Nodes'!$Y$2:$Y$95,D$2&"-"&$B4,'\\s-jrcpttfs002p\home\InfraCCS\Results-20110201-1209_Bargaining_Individual_with_outside_option_NPV357\[InfraCCS v4.79.xls]
A5: CO2 transport costs per country from the InfraCCS model
A6: Country | B6: Full name | C6: Domestic transport investment | D6: Maximum flow rate | G6: Domestic transport | H6: Domestic transport cost | I6: Comparable country | J6: Final domestic transport cost
C7: from InfraCCS | D7: Source | E7: Aquifer | F7: Hydrocarbon field | H7: 0.15 | I7: (for missing data)
C8: Millions EUR | D8: Mt/y | E8: Mt/y | F8: Mt/y | G8: Mt/y | H8: EUR/t | J8: EUR/t | K8: EUR/kg
A9: AT | B9: Austria | C9: 0 | D9: 8.0666099 | E9: 0 | F9: 0 | G9: =MIN(D9,E9+F9) -> 0 | H9: =IF(C9=0,0,C9*$H$7/G9) -> 0 | I9: Poland | J9: =IF(ISERROR(H9),INDEX($H$9:$H$35,MATCH(I9,$B$9:$B$35,0)),H9) -> 0 | K9: =J9/1000 -> 0
A10: BE | B10: Belgium | C10: 0 | D10: 30.247876 | E10: 0 | F10: 0 | G10: =MIN(D10,E10+F10) -> 0 | H10: =IF(C10=0,0,C10*$H$7/G10) -> 0 | I10: Netherlands | J10: =IF(ISERROR(H10),INDEX($H$9:$H$35,MATCH(I10,$B$9:$B$35,0)),H10) -> 0 | K10: =J10/1000 -> 0
A11: BG | B11: Bulgaria | C11: 0 | D11: 24.835728 | E11: 0 | F11: 0 | G11: =MIN(D11,E11+F11) -> 0 | H11: =IF(C11=0,0,C11*$H$7/G11) -> 0 | I11: Romania | J11: =IF(ISERROR(H11),INDEX($H$9:$H$35,MATCH(I11,$B$9:$B$35,0)),H11) -> 0 | K11: =J11/1000 -> 0
A12: CY | B12: Cyprus | C12: 0 | D12: 0 | E12: 0 | F12: 0 | G12: =MIN(D12,E12+F12) -> 0 | H12: =IF(C12=0,0,C12*$H$7/G12) -> 0 | I12: Denmark | J12: =IF(ISERROR(H12),INDEX($H$9:$H$35,MATCH(I12,$B$9:$B$35,0)),H12) -> 0 | K12: =J12/1000 -> 0
A13: CZ | B13: Czech Republic | C13: 0 | D13: 62.134985 | E13: 0 | F13: 0 | G13: =MIN(D13,E13+F13) -> 0 | H13: =IF(C13=0,0,C13*$H$7/G13) -> 0 | I13: Poland | J13: =IF(ISERROR(H13),INDEX($H$9:$H$35,MATCH(I13,$B$9:$B$35,0)),H13) -> 0 | K13: =J13/1000 -> 0
A14: DE | B14: Germany | C14: 981.14793 | D14: 336.70047 | E14: 63.479212 | F14: 47.702407 | G14: =MIN(D14,E14+F14) -> 111.18162 | H14: =IF(C14=0,0,C14*$H$7/G14) -> 1.3237097 | J14: =IF(ISERROR(H14),INDEX($H$9:$H$35,MATCH(I14,$B$9:$B$35,0)),H14) -> 1.3237097 | K14: =J14/1000 -> 0.0013237097
A15: DK | B15: Denmark | C15: 586.21074 | D15: 15.288753 | E15: 9.2247185 | F15: 4.4420131 | G15: =MIN(D15,E15+F15) -> 13.666732 | H15: =IF(C15=0,0,C15*$H$7/G15) -> 6.4339897 | J15: =IF(ISERROR(H15),INDEX($H$9:$H$35,MATCH(I15,$B$9:$B$35,0)),H15) -> 6.4339897 | K15: =J15/1000 -> 0.0064339897
A16: EE | B16: Estonia | C16: 0 | D16: 0 | E16: 0 | F16: 0 | G16: =MIN(D16,E16+F16) -> 0 | H16: =IF(C16=0,0,C16*$H$7/G16) -> 0 | I16: Denmark | J16: =IF(ISERROR(H16),INDEX($H$9:$H$35,MATCH(I16,$B$9:$B$35,0)),H16) -> 0 | K16: =J16/1000 -> 0
A17: ES | B17: Spain | C17: 1068.9724 | D17: 79.627507 | E17: 107.846 | F17: 0 | G17: =MIN(D17,E17+F17) -> 79.627507 | H17: =IF(C17=0,0,C17*$H$7/G17) -> 2.0136993 | J17: =IF(ISERROR(H17),INDEX($H$9:$H$35,MATCH(I17,$B$9:$B$35,0)),H17) -> 2.0136993 | K17: =J17/1000 -> 0.0020136993
A18: FI | B18: Finland | C18: 0 | D18: 0 | E18: 0 | F18: 0 | G18: =MIN(D18,E18+F18) -> 0 | H18: =IF(C18=0,0,C18*$H$7/G18) -> 0 | I18: Denmark | J18: =IF(ISERROR(H18),INDEX($H$9:$H$35,MATCH(I18,$B$9:$B$35,0)),H18) -> 0 | K18: =J18/1000 -> 0
A19: FR | B19: France | C19: 513.66916 | D19: 27.251039 | E19: 0 | F19: 16.845671 | G19: =MIN(D19,E19+F19) -> 16.845671 | H19: =IF(C19=0,0,C19*$H$7/G19) -> 4.5738976 | J19: =IF(ISERROR(H19),INDEX($H$9:$H$35,MATCH(I19,$B$9:$B$35,0)),H19) -> 4.5738976 | K19: =J19/1000 -> 0.0045738976
A20: GR | B20: Greece | C20: 0 | D20: 0 | E20: 0 | F20: 1.5317287 | G20: =MIN(D20,E20+F20) -> 0 | H20: =IF(C20=0,0,C20*$H$7/G20) -> 0 | I20: Netherlands | J20: =IF(ISERROR(H20),INDEX($H$9:$H$35,MATCH(I20,$B$9:$B$35,0)),H20) -> 0 | K20: =J20/1000 -> 0
A21: HU | B21: Hungary | C21: 56.219604 | D21: 17.427106 | E21: 0 | F21: 8.512035 | G21: =MIN(D21,E21+F21) -> 8.512035 | H21: =IF(C21=0,0,C21*$H$7/G21) -> 0.99070793 | J21: =IF(ISERROR(H21),INDEX($H$9:$H$35,MATCH(I21,$B$9:$B$35,0)),H21) -> 0.99070793 | K21: =J21/1000 -> 0.00099070793
A22: IE | B22: Ireland | C22: 0 | D22: 0 | E22: 0 | F22: 0 | G22: =MIN(D22,E22+F22) -> 0 | H22: =IF(C22=0,0,C22*$H$7/G22) -> 0 | I22: United Kingdom | J22: =IF(ISERROR(H22),INDEX($H$9:$H$35,MATCH(I22,$B$9:$B$35,0)),H22) -> 0 | K22: =J22/1000 -> 0
A23: IT | B23: Italy | C23: 594.38915 | D23: 89.163863 | E23: 21.892779 | F23: 39.606127 | G23: =MIN(D23,E23+F23) -> 61.498906 | H23: =IF(C23=0,0,C23*$H$7/G23) -> 1.4497554 | J23: =IF(ISERROR(H23),INDEX($H$9:$H$35,MATCH(I23,$B$9:$B$35,0)),H23) -> 1.4497554 | K23: =J23/1000 -> 0.0014497554
A24: LT | B24: Lithuania | C24: 0 | D24: 0 | E24: 0 | F24: 0 | G24: =MIN(D24,E24+F24) -> 0 | H24: =IF(C24=0,0,C24*$H$7/G24) -> 0 | I24: Denmark | J24: =IF(ISERROR(H24),INDEX($H$9:$H$35,MATCH(I24,$B$9:$B$35,0)),H24) -> 0 | K24: =J24/1000 -> 0
A25: LU | B25: Luxembourg | C25: 0 | D25: 0 | E25: 0 | F25: 0 | G25: =MIN(D25,E25+F25) -> 0 | H25: =IF(C25=0,0,C25*$H$7/G25) -> 0 | I25: Germany | J25: =IF(ISERROR(H25),INDEX($H$9:$H$35,MATCH(I25,$B$9:$B$35,0)),H25) -> 0 | K25: =J25/1000 -> 0
A26: LV | B26: Latvia | C26: 0 | D26: 0 | E26: 0 | F26: 0 | G26: =MIN(D26,E26+F26) -> 0 | H26: =IF(C26=0,0,C26*$H$7/G26) -> 0 | I26: Denmark | J26: =IF(ISERROR(H26),INDEX($H$9:$H$35,MATCH(I26,$B$9:$B$35,0)),H26) -> 0 | K26: =J26/1000 -> 0
A27: MT | B27: Malta | C27: 0 | D27: 0 | E27: 0 | F27: 0 | G27: =MIN(D27,E27+F27) -> 0 | H27: =IF(C27=0,0,C27*$H$7/G27) -> 0 | I27: Denmark | J27: =IF(ISERROR(H27),INDEX($H$9:$H$35,MATCH(I27,$B$9:$B$35,0)),H27) -> 0 | K27: =J27/1000 -> 0
A28: NL | B28: Netherlands | C28: 453.21612 | D28: 51.772429 | E28: 3.2326741 | F28: 37.199125 | G28: =MIN(D28,E28+F28) -> 40.431799 | H28: =IF(C28=0,0,C28*$H$7/G28) -> 1.6814097 | J28: =IF(ISERROR(H28),INDEX($H$9:$H$35,MATCH(I28,$B$9:$B$35,0)),H28) -> 1.6814097 | K28: =J28/1000 -> 0.0016814097
A29: PL | B29: Poland | C29: 288.87536 | D29: 147.19291 | E29: 0 | F29: 16.571772 | G29: =MIN(D29,E29+F29) -> 16.571772 | H29: =IF(C29=0,0,C29*$H$7/G29) -> 2.6147658 | J29: =IF(ISERROR(H29),INDEX($H$9:$H$35,MATCH(I29,$B$9:$B$35,0)),H29) -> 2.6147658 | K29: =J29/1000 -> 0.0026147658
A30: PT | B30: Portugal | C30: 0 | D30: 17.106395 | E30: 0 | F30: 0 | G30: =MIN(D30,E30+F30) -> 0 | H30: =IF(C30=0,0,C30*$H$7/G30) -> 0 | I30: Spain | J30: =IF(ISERROR(H30),INDEX($H$9:$H$35,MATCH(I30,$B$9:$B$35,0)),H30) -> 0 | K30: =J30/1000 -> 0
A31: RO | B31: Romania | C31: 280.11736 | D31: 43.21647 | E31: 0 | F31: 87.527352 | G31: =MIN(D31,E31+F31) -> 43.21647 | H31: =IF(C31=0,0,C31*$H$7/G31) -> 0.97225907 | J31: =IF(ISERROR(H31),INDEX($H$9:$H$35,MATCH(I31,$B$9:$B$35,0)),H31) -> 0.97225907 | K31: =J31/1000 -> 0.00097225907
A32: SE | B32: Sweden | C32: 0 | D32: 0 | E32: 0 | F32: 0 | G32: =MIN(D32,E32+F32) -> 0 | H32: =IF(C32=0,0,C32*$H$7/G32) -> 0 | I32: Denmark | J32: =IF(ISERROR(H32),INDEX($H$9:$H$35,MATCH(I32,$B$9:$B$35,0)),H32) -> 0 | K32: =J32/1000 -> 0
A33: SI | B33: Slovenia | C33: 0 | D33: 5.6767865 | E33: 0 | F33: 0 | G33: =MIN(D33,E33+F33) -> 0 | H33: =IF(C33=0,0,C33*$H$7/G33) -> 0 | I33: Poland | J33: =IF(ISERROR(H33),INDEX($H$9:$H$35,MATCH(I33,$B$9:$B$35,0)),H33) -> 0 | K33: =J33/1000 -> 0
A34: SK | B34: Slovakia | C34: 0 | D34: 16.205008 | E34: 0 | F34: 0 | G34: =MIN(D34,E34+F34) -> 0 | H34: =IF(C34=0,0,C34*$H$7/G34) -> 0 | I34: Poland | J34: =IF(ISERROR(H34),INDEX($H$9:$H$35,MATCH(I34,$B$9:$B$35,0)),H34) -> 0 | K34: =J34/1000 -> 0
A35: UK | B35: United Kingdom | C35: 1617.9977 | D35: 173.18107 | E35: 155.36105 | F35: 159.73742 | G35: =MIN(D35,E35+F35) -> 173.18107 | H35: =IF(C35=0,0,C35*$H$7/G35) -> 1.4014214 | J35: =IF(ISERROR(H35),INDEX($H$9:$H$35,MATCH(I35,$B$9:$B$35,0)),H35) -> 1.4014214 | K35: =J35/1000 -> 0.0014014214
A39: {=TRANSPOSE(A9:A35)} -> AT | B39: BE | C39: BG | D39: CY | E39: CZ | F39: DE | G39: DK | H39: EE | I39: ES | J39: FI | K39: FR | L39: GR | M39: HU | N39: IE | O39: IT | P39: LT | Q39: LU | R39: LV | S39: MT | T39: NL | U39: PL | V39: PT | W39: RO | X39: SE | Y39: SI | Z39: SK | AA39: UK
A40: {=TRANSPOSE(K9:K35)} -> 0 | B40: 0 | C40: 0 | D40: 0 | E40: 0 | F40: 0.0013237097 | G40: 0.0064339897 | H40: 0 | I40: 0.0020136993 | J40: 0 | K40: 0.0045738976 | L40: 0 | M40: 0.00099070793 | N40: 0 | O40: 0.0014497554 | P40: 0 | Q40: 0 | R40: 0 | S40: 0 | T40: 0.0016814097 | U40: 0.0026147658 | V40: 0 | W40: 0.00097225907 | X40: 0 | Y40: 0 | Z40: 0 | AA40: 0.0014014214

Sheet FillData
B2: ~TFM_Fill-R: w=Input; Hcol=Region
B3: TimeSlice | C3: LimType | D3: Attribute | E3: Year | F3: AllRegions | G3: Pset_CI | H3: Pset_PN | I3: Pset_CO | J3: Cset_CN
D4: INPUT | F4: 1 | G4: IND___ | J4: IND___, M*, I*HTH
B7: ~TFM_Fill-R: w=Output; Hcol=Region
B8: TimeSlice | C8: LimType | D8: Attribute | E8: Year | F8: AllRegions | G8: Pset_CI | H8: Pset_PN | I8: Pset_CO | J8: Cset_CN
D9: OUTPUT | F9: 1 | G9: IND___ | J9: I*,M*,G*

Sheet Input
A1: scenario | B1: attribute | C1: process | D1: commodity | E1: lim_type | F1: time_slice | G1: year | H1: commodity_group | I1: currency | J1: stage | K1: sow | L1: AL | M1: AT | N1: BA | O1: BE | P1: BG | Q1: CH | R1: CY | S1: CZ | T1: DE | U1: DK | V1: EE | W1: EL | X1: ES | Y1: FI | Z1: FR | AA1: HR | AB1: HU | AC1: IE | AD1: IS | AE1: IT | AF1: KS | AG1: LT | AH1: LU | AI1: LV | AJ1: ME | AK1: MK | AL1: MT | AM1: NL | AN1: NO | AO1: PL | AP1: PT | AQ1: RO | AR1: RS | AS1: SE | AT1: SI | AU1: SK | AV1: UK | AW1: year2
A2: BASE | B2: INPUT | C2: IALFINPRO00 | D2: IALHTH | E2: - | F2: ANNUAL | G2: 2010 | H2: - | I2: - | J2: - | K2: - | Y2: 5 | AW2: -
A3: BASE | B3: INPUT | C3: IALFINPRO00 | D3: INDELC | E3: - | F3: ANNUAL | G3: 2010 | H3: - | I3: - | J3: - | K3: - | L3: 10 | M3: 1.1496393 | N3: 10 | O3: 10 | P3: 10 | Q3: 8.5623392 | R3: 10 | S3: 10 | T3: 1.368 | U3: 10 | V3: 10 | W3: 15 | X3: 10 | Y3: 10 | Z3: 0.021171843 | AA3: 2.18 | AB3: 10 | AC3: 10 | AD3: 10 | AE3: 4 | AF3: 10 | AG3: 10 | AH3: 10 | AI3: 10 | AJ3: 10 | AK3: 10 | AL3: 10 | AM3: 10 | AN3: 10 | AO3: 10 | AP3: 10 | AQ3: 10 | AR3: 10 | AS3: 14.983497 | AT3: 10 | AU3: 10 | AV3: 10 | AW3: -
A4: BASE | B4: INPUT | C4: IALFINPRO00 | D4: INDGAS | E4: - | F4: ANNUAL | G4: 2010 | H4: - | I4: - | J4: - | K4: - | L4: 4.983497 | M4: 4.264562 | N4: 0 | O4: 4.983497 | P4: 4.983497 | Q4: 5.4402264 | R4: 4.983497 | S4: 8.1611958 | T4: 6.1 | U4: 4.983497 | V4: 4.983497 | W4: 10 | X4: 4.983497 | Y4: 0 | Z4: 0.10196973 | AA4: 0 | AB4: 4.983497 | AC4: 4.983497 | AD4: 0 | AE4: 4.4422105 | AF4: 4.983497 | AG4: 4.983497 | AH4: 4.983497 | AI4: 4.983497 | AJ4: 0 | AK4: 4.983497 | AL4: 4.983497 | AM4: 4.983497 | AN4: 0 | AO4: 4.983497 | AP4: 4.983497 | AQ4: 4.983497 | AR4: 4.983497 | AS4: 0 | AT4: 4.983497 | AU4: 3 | AV4: 4.983497 | AW4: -
A5: BASE | B5: INPUT | C5: IALFINPRO00 | D5: INDLFO | E5: - | F5: ANNUAL | G5: 2010 | H5: - | I5: - | J5: - | K5: - | L5: 0.034 | M5: 0 | N5: 0.034 | O5: 0.034 | P5: 0.034 | Q5: 0.034 | R5: 0.034 | S5: 0.034 | T5: 0.034 | U5: 0.034 | V5: 0.034 | W5: 0.034 | X5: 0.034 | Y5: 0.034 | Z5: 0.03427138 | AA5: 0.034 | AB5: 0.034 | AC5: 0.034 | AD5: 0.034 | AE5: 0.034 | AF5: 0.034 | AG5: 0.034 | AH5: 0.034 | AI5: 0.034 | AJ5: 0.034 | AK5: 0.034 | AL5: 0.034 | AM5: 0 | AN5: 0.034 | AO5: 0.034 | AP5: 0.034 | AQ5: 0.034 | AR5: 0.034 | AS5: 0.034 | AT5: 0.034 | AU5: 0 | AV5: 0.034 | AW5: -
A6: BASE | B6: INPUT | C6: IALFINPRO00 | D6: MALCAL | E6: - | F6: ANNUAL | G6: 2010 | H6: - | I6: - | J6: - | K6: - | L6: 1 | M6: 1 | N6: 1 | O6: 1 | P6: 1 | Q6: 1 | R6: 1 | S6: 1 | T6: 1 | U6: 1 | V6: 1 | W6: 1 | X6: 1 | Y6: 1 | Z6: 1 | AA6: 1 | AB6: 1 | AC6: 1 | AD6: 1 | AE6: 1 | AF6: 1 | AG6: 1 | AH6: 1 | AI6: 1 | AJ6: 1 | AK6: 1 | AL6: 1 | AM6: 1 | AN6: 1 | AO6: 1 | AP6: 1 | AQ6: 1 | AR6: 1 | AS6: 1 | AT6: 1 | AU6: 1 | AV6: 1 | AW6: -
A7: BASE | B7: INPUT | C7: IALHAHEPF00 | D7: INDELC | E7: - | F7: ANNUAL | G7: 2010 | H7: - | I7: - | J7: - | K7: - | L7: 35.2 | M7: 35.2 | N7: 35.2 | O7: 35.2 | P7: 35.2 | Q7: 35.2 | R7: 35.2 | S7: 35.2 | T7: 35.2 | U7: 35.2 | V7: 35.2 | W7: 35.2 | X7: 35.2 | Y7: 35.2 | Z7: 35.2 | AA7: 35.2 | AB7: 35.2 | AC7: 35.2 | AD7: 35.2 | AE7: 35.2 | AF7: 35.2 | AG7: 35.2 | AH7: 35.2 | AI7: 35.2 | AJ7: 35.2 | AK7: 35.2 | AL7: 35.2 | AM7: 35.2 | AN7: 35.2 | AO7: 35.2 | AP7: 35.2 | AQ7: 35.2 | AR7: 35.2 | AS7: 35.536 | AT7: 35.2 | AU7: 35.2 | AV7: 35.2 | AW7: -
A8: BASE | B8: INPUT | C8: IALHAHEPF00 | D8: INDGAS | E8: - | F8: ANNUAL | G8: 2010 | H8: - | I8: - | J8: - | K8: - | L8: 3.36 | M8: 3.36 | N8: 3.36 | O8: 3.36 | P8: 3.36 | Q8: 3.36 | R8: 3.36 | S8: 3.36 | T8: 3.36 | U8: 3.36 | V8: 3.36 | W8: 3.36 | X8: 3.36 | Y8: 3.36 | Z8: 3.36 | AA8: 3.36 | AB8: 3.36 | AC8: 3.36 | AD8: 3.36 | AE8: 3.36 | AF8: 3.36 | AG8: 3.36 | AH8: 3.36 | AI8: 3.36 | AJ8: 3.36 | AK8: 3.36 | AL8: 3.36 | AM8: 3.36 | AN8: 3.36 | AO8: 3.36 | AP8: 3.36 | AQ8: 3.36 | AR8: 3.36 | AS8: 3.024 | AT8: 3.36 | AU8: 3.36 | AV8: 3.36 | AW8: -
A9: BASE | B9: INPUT | C9: IALHAHEPF00 | D9: INDLFO | E9: - | F9: ANNUAL | G9: 2010 | H9: - | I9: - | J9: - | K9: - | L9: 8 | M9: 8 | N9: 8 | O9: 8 | P9: 8 | Q9: 8 | R9: 8 | S9: 8 | T9: 8 | U9: 8 | V9: 8 | W9: 8 | X9: 8 | Y9: 8 | Z9: 8 | AA9: 8 | AB9: 8 | AC9: 8 | AD9: 8 | AE9: 8 | AF9: 8 | AG9: 8 | AH9: 8 | AI9: 8 | AJ9: 8 | AK9: 8 | AL9: 8 | AM9: 8 | AN9: 8 | AO9: 8 | AP9: 8 | AQ9: 8 | AR9: 8 | AS9: 8 | AT9: 8 | AU9: 8 | AV9: 8 | AW9: -
A10: BASE | B10: INPUT | C10: IALHAHEPF00 | D10: MALBAU | E10: - | F10: ANNUAL | G10: 2010 | H10: - | I10: - | J10: - | K10: - | L10: 1.6 | M10: 1.6 | N10: 1.6 | O10: 1.6 | P10: 1.6 | Q10: 1.6 | R10: 1.6 | S10: 1.6 | T10: 1.6 | U10: 1.6 | V10: 1.6 | W10: 1.6 | X10: 1.6 | Y10: 1.6 | Z10: 1.6 | AA10: 1.6 | AB10: 1.6 | AC10: 1.6 | AD10: 1.6 | AE10: 1.6 | AF10: 1.6 | AG10: 1.6 | AH10: 1.6 | AI10: 1.6 | AJ10: 1.6 | AK10: 1.6 | AL10: 1.6 | AM10: 1.6 | AN10: 1.6 | AO10: 1.6 | AP10: 1.6 | AQ10: 1.6 | AR10: 1.6 | AS10: 1.6 | AT10: 1.6 | AU10: 1.6 | AV10: 1.6 | AW10: -
A11: BASE | B11: INPUT | C11: IALHAHEPF00 | D11: MALCAL | E11: - | F11: ANNUAL | G11: 2010 | H11: - | I11: - | J11: - | K11: - | L11: 1 | M11: 1 | N11: 1 | O11: 1 | P11: 1 | Q11: 1 | R11: 1 | S11: 1 | T11: 1 | U11: 1 | V11: 1 | W11: 1 | X11: 1 | Y11: 1 | Z11: 1 | AA11: 1 | AB11: 1 | AC11: 1 | AD11: 1 | AE11: 1 | AF11: 1 | AG11: 1 | AH11: 1 | AI11: 1 | AJ11: 1 | AK11: 1 | AL11: 1 | AM11: 1 | AN11: 1 | AO11: 1 | AP11: 1 | AQ11: 1 | AR11: 1 | AS11: 1 | AT11: 1 | AU11: 1 | AV11: 1 | AW11: -
A12: BASE | B12: INPUT | C12: IALHAHERG00 | D12: INDELC | E12: - | F12: ANNUAL | G12: 2010 | H12: - | I12: - | J12: - | K12: - | L12: 39.84 | M12: 39.84 | N12: 39.84 | O12: 39.84 | P12: 39.84 | Q12: 39.84 | R12: 39.84 | S12: 39.84 | T12: 39.84 | U12: 39.84 | V12: 39.84 | W12: 39.84 | X12: 39.84 | Y12: 39.84 | Z12: 39.84 | AA12: 39.84 | AB12: 39.84 | AC12: 39.84 | AD12: 39.84 | AE12: 39.84 | AF12: 39.84 | AG12: 39.84 | AH12: 39.84 | AI12: 39.84 | AJ12: 39.84 | AK12: 39.84 | AL12: 39.84 | AM12: 39.84 | AN12: 39.84 | AO12: 39.84 | AP12: 39.84 | AQ12: 39.84 | AR12: 39.84 | AS12: 40.176 | AT12: 39.84 | AU12: 39.84 | AV12: 39.84 | AW12: -
A13: BASE | B13: INPUT | C13: IALHAHERG00 | D13: INDGAS | E13: - | F13: ANNUAL | G13: 2010 | H13: - | I13: - | J13: - | K13: - | L13: 3.36 | M13: 3.36 | N13: 3.36 | O13: 3.36 | P13: 3.36 | Q13: 3.36 | R13: 3.36 | S13: 3.36 | T13: 3.36 | U13: 3.36 | V13: 3.36 | W13: 3.36 | X13: 3.36 | Y13: 3.36 | Z13: 3.36 | AA13: 3.36 | AB13: 3.36 | AC13: 3.36 | AD13: 3.36 | AE13: 3.36 | AF13: 3.36 | AG13: 3.36 | AH13: 3.36 | AI13: 3.36 | AJ13: 3.36 | AK13: 3.36 | AL13: 3.36 | AM13: 13.68 | AN13: 3.36 | AO13: 3.36 | AP13: 3.36 | AQ13: 3.36 | AR13: 3.36 | AS13: 3.024 | AT13: 3.36 | AU13: 3.36 | AV13: 3.36 | AW13: -
A14: BASE | B14: INPUT | C14: IALHAHERG00 | D14: INDLFO | E14: - | F14: ANNUAL | G14: 2010 | H14: - | I14: - | J14: - | K14: - | L14: 10.32 | M14: 10.32 | N14: 10.32 | O14: 10.32 | P14: 10.32 | Q14: 10.32 | R14: 10.32 | S14: 10.32 | T14: 10.32 | U14: 10.32 | V14: 10.32 | W14: 10.32 | X14: 10.32 | Y14: 10.32 | Z14: 10.32 | AA14: 10.32 | AB14: 10.32 | AC14: 10.32 | AD14: 10.32 | AE14: 10.32 | AF14: 10.32 | AG14: 10.32 | AH14: 10.32 | AI14: 10.32 | AJ14: 10.32 | AK14: 10.32 | AL14: 10.32 | AM14: 0 | AN14: 10.32 | AO14: 10.32 | AP14: 10.32 | AQ14: 10.32 | AR14: 10.32 | AS14: 10.32 | AT14: 10.32 | AU14: 10.32 | AV14: 10.32 | AW14: -
... A78: BASE | B78: INPUT | C78: ICMDRYPRD00 | D78: MCMCLK | E78: - | F78: ANNUAL | G78: 2010 | H78: - | I78: - | J78: - | K78: - | L78: 1 | M78: 1 | N78: 1 | O78: 1 | P78: 1 | Q78: 1 | R78: 1 | S78: 1 | T78: 1 | U78: 1 | V78: 1 | W78: 1 | X78: 1 | Y78: 1 | Z78: 1 | AA78: 1 | AB78: 1 | AC78: 1 | AD78: 1 | AE78: 1 | AF78: 1 | AG78: 1 | AH78: 1 | AI78: 1 | AJ78: 1 | AK78: 1 | AL78: 1 | AM78: 1 | AN78: 1 | AO78: 1 | AP78: 1 | AQ78: 1 | AR78: 1 | AS78: 1 | AT78: 1 | AU78: 1 | AV78: 1 | AW78: -
A79: BASE | B79: INPUT | C79: ICMFINPRO00 | D79: INDELC | E79: - | F79: ANNUAL | G79: 2010 | H79: - | I79: - | J79: - | K79: - | L79: 0.23801653 | M79: 1.4786536 | P79: 0.9624872 | Q79: 1 | R79: 0.17651073 | S79: 0.84664979 | T79: 0.7354 | U79: 0.89981569 | V79: 1 | W79: 0.12195141 | X79: 0.165 | Y79: 2.3107824 | Z79: 0.75328215 | AA79: 0.17 | AB79: 0.67049056 | AC79: 0.342 | AK79: 0.425 | AN79: 1.5 | AP79: 0.234 | AQ79: 0.814469 | AT79: 3.4 | AU79: 0.53939018 | AV79: 0.35864858 | AW79: -
A80: BASE | B80: INPUT | C80: ICMFINPRO00 | D80: INDLFO | E80: - | F80: ANNUAL | G80: 2010 | H80: - | I80: - | J80: - | K80: - | S80: 0.047 | U80: 0.047577273 | W80: 0.01004832 | AB80: 0.059811429 | AC80: 0.014276988 | AK80: 0.097 | AM80: 0.083333333 | AN80: 0.5 | AP80: 0.137 | AQ80: 0.049834352 | AV80: 0.65375404 | AW80: -
A81: BASE | B81: INPUT | C81: ICMFINPRO00 | D81: MCMCLK | E81: - | F81: ANNUAL | G81: 2010 | H81: - | I81: - | J81: - | K81: - | L81: 0.91632231 | M81: 0.38807121 | P81: 0.76685124 | Q81: 0.76685124 | R81: 0.76685124 | S81: 0.72374474 | T81: 0.77171384 | U81: 0.76685124 | V81: 0.76685124 | W81: 0.76685124 | X81: 0.76685124 | Y81: 0.5190686 | Z81: 0.76685124 | AA81: 0.76685124 | AB81: 0.90983417 | AC81: 0.76685124 | AK81: 0.76685124 | AM81: 0.48295335 | AN81: 0.76685124 | AP81: 0.7949401 | AQ81: 0.82899902 | AT81: 0.76685124 | AU81: 0.67243898 | AV81: 0.82711066 | AW81: -
A82: BASE | B82: INPUT | C82: ICMFINPRO00 | D82: MISBFS | E82: - | F82: ANNUAL | G82: 2010 | H82: - | I82: - | J82: - | K82: - | L82: 0.083677686 | M82: 0.61192879 | P82: 0.23314876 | Q82: 0.23314876 | R82: 0.23314876 | S82: 0.27625526 | T82: 0.22828616 | U82: 0.23314876 | V82: 0.23314876 | W82: 0.23314876 | X82: 0.015455276 | Y82: 0.4809314 | Z82: 0.0081646923 | AA82: 0.23314876 | AB82: 0.090165825 | AC82: 0.23314876 | AK82: 0.23314876 | AM82: 0.51704665 | AN82: 0.034749 | AP82: 0.23314876 | AQ82: 0.17100098 | AT82: 0.23314876 | AU82: 0.32756102 | AV82: 0.17288934 | AW82: -
A83: BASE | B83: INPUT | C83: ICMWETPRD00 | D83: INDELC | E83: - | F83: ANNUAL | G83: 2010 | H83: - | I83: - | J83: - | K83: - | L83: 0.3 | M83: 0.3 | N83: 0.3 | O83: 0.24 | P83: 0.3 | Q83: 0.3 | R83: 0.3 | S83: 0.3 | T83: 0.3 | U83: 0.3 | V83: 0.3 | W83: 0.3 | X83: 0.3 | Y83: 0.3 | Z83: 0.3 | AA83: 0.3 | AB83: 0.3 | AC83: 0.3 | AD83: 0.3 | AE83: 0.3 | AF83: 0.3 | AG83: 0.3 | AH83: 0.3 | AI83: 0.3 | AJ83: 0.3 | AK83: 0.3 | AL83: 0.3 | AM83: 0.3 | AN83: 0.3 | AO83: 0.3 | AP83: 0.3 | AQ83: 0.3 | AR83: 0.3 | AS83: 0.3 | AT83: 0.3 | AU83: 0.3 | AV83: 0.3 | AW83: -
A84: BASE | B84: INPUT | C84: ICMWETPRD00 | D84: INDHFO | E84: - | F84: ANNUAL | G84: 2010 | H84: - | I84: - | J84: - | K84: - | L84: 6 | M84: 6 | N84: 6 | O84: 4.8 | P84: 6 | Q84: 6 | R84: 6 | S84: 6 | T84: 6 | U84: 6 | V84: 6 | W84: 6 | X84: 6 | Y84: 6 | Z84: 6 | AA84: 6 | AB84: 6 | AC84: 6 | AD84: 6 | AE84: 6 | AF84: 6 | AG84: 6 | AH84: 6 | AI84: 6 | AJ84: 6 | AK84: 6 | AL84: 6 | AM84: 6 | AN84: 6 | AO84: 6 | AP84: 6 | AQ84: 6 | AR84: 6 | AS84: 6 | AT84: 6 | AU84: 6 | AV84: 6 | AW84: -
A85: BASE | B85: INPUT | C85: ICMWETPRD00 | D85: MCMCLK | E85: - | F85: ANNUAL | G85: 2010 | H85: - | I85: - | J85: - | K85: - | L85: 1 | M85: 1 | N85: 1 | O85: 1 | P85: 1 | Q85: 1 | R85: 1 | S85: 1 | T85: 1 | U85: 1 | V85: 1 | W85: 1 | X85: 1 | Y85: 1 | Z85: 1 | AA85: 1 | AB85: 1 | AC85: 1 | AD85: 1 | AE85: 1 | AF85: 1 | AG85: 1 | AH85: 1 | AI85: 1 | AJ85: 1 | AK85: 1 | AL85: 1 | AM85: 1 | AN85: 1 | AO85: 1 | AP85: 1 | AQ85: 1 | AR85: 1 | AS85: 1 | AT85: 1 | AU85: 1 | AV85: 1 | AW85: -
A86: BASE | B86: INPUT | C86: ICUFINPRO00 | D86: INDELC | E86: - | F86: ANNUAL | G86: 2010 | H86: - | I86: - | J86: - | K86: - | L86: 1.6 | M86: 1.6 | N86: 0 | O86: 1.6 | P86: 1.6 | Q86: 1.6 | R86: 1.6 | S86: 1.6 | T86: 1.6 | U86: 1.6 | V86: 1.6 | W86: 1.6 | X86: 1.6 | Y86: 1.6 | Z86: 1.6 | AA86: 1.6 | AB86: 1.6 | AC86: 1.6 | AD86: 1.6 | AE86: 1.6 | AF86: 1.6 | AG86: 1.6 | AH86: 1.6 | AI86: 1.6 | AJ86: 1.6 | AK86: 1.6 | AL86: 1.6 | AM86: 1.6 | AN86: 0 | AO86: 1.6 | AP86: 1.6 | AQ86: 1.6 | AR86: 1.6 | AS86: 1.6 | AT86: 1.6 | AU86: 1.6 | AV86: 1.6 | AW86: -
A87: BASE | B87: INPUT | C87: ICUFINPRO00 | D87: INDHFO | E87: - | F87: ANNUAL | G87: 2010 | H87: - | I87: - | J87: - | K87: - | L87: 2.8 | M87: 2.8 | N87: 2.8 | O87: 2.8 | P87: 2.8 | Q87: 2.8 | R87: 2.8 | S87: 2.8 | T87: 2.8 | U87: 2.8 | V87: 2.8 | W87: 2.8 | X87: 2.8 | Y87: 2.8 | Z87: 2.8 | AA87: 2.8 | AB87: 2.8 | AC87: 2.8 | AD87: 2.8 | AE87: 2.8 | AF87: 2.8 | AG87: 2.8 | AH87: 2.8 | AI87: 2.8 | AJ87: 2.8 | AK87: 2.8 | AL87: 2.8 | AM87: 2.8 | AN87: 2.8 | AO87: 2.52 | AP87: 2.8 | AQ87: 2.8 | AR87: 2.8 | AS87: 2.8 | AT87: 2.8 | AU87: 2.8 | AV87: 2.8 | AW87: -
A88: BASE | B88: INPUT | C88: ICUFINPRO00 | D88: INDLPG | E88: - | F88: ANNUAL | G88: 2010 | H88: - | I88: - | J88: - | K88: - | L88: 2.8 | M88: 2.8 | N88: 2.8 | O88: 2.8 | P88: 2.8 | Q88: 2.8 | R88: 2.8 | S88: 2.8 | T88: 2.8 | U88: 2.8 | V88: 2.8 | W88: 2.8 | X88: 2.8 | Y88: 2.8 | Z88: 2.8 | AA88: 2.8 | AB88: 2.8 | AC88: 2.8 | AD88: 2.8 | AE88: 2.8 | AF88: 2.8 | AG88: 2.8 | AH88: 2.8 | AI88: 2.8 | AJ88: 2.8 | AK88: 2.8 | AL88: 2.8 | AM88: 2.8 | AN88: 2.8 | AO88: 2.8 | AP88: 2.8 | AQ88: 2.8 | AR88: 2.8 | AS88: 2.8 | AT88: 2.8 | AU88: 2.8 | AV88: 2.8 | AW88: -
A89: BASE | B89: INPUT | C89: ICUFINPRO00 | D89: MCUSCR | E89: - | F89: ANNUAL | G89: 2010 | H89: - | I89: - | J89: - | K89: - | L89: 0.04 | M89: 0.04 | N89: 0.04 | O89: 0.04 | P89: 0.04 | Q89: 0.04 | R89: 0.04 | S89: 0.04 | T89: 0.04 | U89: 0.04 | V89: 0.04 | W89: 0.04 | X89: 0.04 | Y89: 0.04 | Z89: 0.04 | AA89: 0.04 | AB89: 0.04 | AC89: 0.04 | AD89: 0.04 | AE89: 0.04 | AF89: 0.04 | AG89: 0.04 | AH89: 0.04 | AI89: 0.04 | AJ89: 0.04 | AK89: 0.04 | AL89: 0.04 | AM89: 0.04 | AN89: 0.04 | AO89: 0.04 | AP89: 0.04 | AQ89: 0.04 | AR89: 0.04 | AS89: 0.04 | AT89: 0.04 | AU89: 0.04 | AV89: 0.04 | AW89: -
A90: BASE | B90: INPUT | C90: ICUFINPRO00 | D90: MCUSCU | E90: - | F90: ANNUAL | G90: 2010 | H90: - | I90: - | J90: - | K90: - | L90: 0.832 | M90: 0.832 | N90: 0.832 | O90: 0.832 | P90: 0.832 | Q90: 0.832 | R90: 0.832 | S90: 0.832 | T90: 0.832 | U90: 0.832 | V90: 0.832 | W90: 0.832 | X90: 0.832 | Y90: 0.832 | Z90: 0.832 | AA90: 0.832 | AB90: 0.832 | AC90: 0.832 | AD90: 0.832 | AE90: 0.832 | AF90: 0.832 | AG90: 0.832 | AH90: 0.832 | AI90: 0.832 | AJ90: 0.832 | AK90: 0.832 | AL90: 0.832 | AM90: 0.832 | AN90: 0.832 | AO90: 0.832 | AP90: 0.832 | AQ90: 0.832 | AR90: 0.832 | AS90: 0.832 | AT90: 0.832 | AU90: 0.832 | AV90: 0.832 | AW90: -
A91: BASE | B91: INPUT | C91: ICUOREPRD00 | D91: ICUHTH | E91: - | F91: ANNUAL | G91: 2010 | H91: - | I91: - | J91: - | K91: - | L91: 0.8 | M91: 0.8 | N91: 0.8 | O91: 0.8 | P91: 0.8 | Q91: 0.8 | R91: 0.8 | S91: 0.8 | T91: 0.8 | U91: 0.8 | V91: 0.8 | W91: 0.8 | X91: 0 | Y91: 3.36 | Z91: 0.8 | AA91: 0.8 | AB91: 0.8 | AC91: 0.8 | AD91: 0.8 | AE91: 0.8 | AF91: 0.8 | AG91: 0.8 | AH91: 0.8 | AI91: 0.8 | AJ91: 0.8 | AK91: 0.8 | AL91: 0.8 | AM91: 0.8 | AN91: 0 | AO91: 0.8 | AP91: 0.8 | AQ91: 0.8 | AR91: 0.8 | AS91: 0.8 | AT91: 0.8 | AU91: 0.8 | AV91: 0.8 | AW91: -
A92: BASE | B92: INPUT | C92: ICUOREPRD00 | D92: INDCOK | E92: - | F92: ANNUAL | G92: 2010 | H92: - | I92: - | J92: - | K92: - | L92: 1.52 | M92: 1.52 | N92: 1.52 | O92: 1.52 | P92: 1.52 | Q92: 1.52 | R92: 1.52 | S92: 1.52 | T92: 1.52 | U92: 1.52 | V92: 1.52 | W92: 1.52 | X92: 1.52 | Y92: 1.52 | Z92: 1.52 | AA92: 1.52 | AB92: 1.52 | AC92: 1.52 | AD92: 1.52 | AE92: 1.52 | AF92: 1.52 | AG92: 1.52 | AH92: 1.52 | AI92: 1.52 | AJ92: 1.52 | AK92: 1.52 | AL92: 1.52 | AM92: 1.52 | AN92: 1.52 | AO92: 1.52 | AP92: 1.52 | AQ92: 1.52 | AR92: 1.52 | AS92: 1.52 | AT92: 1.52 | AU92: 1.52 | AV92: 1.52 | AW92: -
A93: BASE | B93: INPUT | C93: ICUOREPRD00 | D93: INDELC | E93: - | F93: ANNUAL | G93: 2010 | H93: - | I93: - | J93: - | K93: - | L93: 8 | M93: 8 | N93: 8 | O93: 8 | P93: 8 | Q93: 8 | R93: 8 | S93: 8 | T93: 8 | U93: 8 | V93: 8 | W93: 8 | X93: 8 | Y93: 8 | Z93: 8 | AA93: 8 | AB93: 8 | AC93: 8 | AD93: 8 | AE93: 8 | AF93: 8 | AG93: 8 | AH93: 8 | AI93: 8 | AJ93: 8 | AK93: 8 | AL93: 8 | AM93: 8 | AN93: 8 | AO93: 8 | AP93: 8 | AQ93: 8 | AR93: 8 | AS93: 8 | AT93: 8 | AU93: 8 | AV93: 8 | AW93: -
A94: BASE | B94: INPUT | C94: ICUOREPRD00 | D94: INDGAS | E94: - | F94: ANNUAL | G94: 2010 | H94: - | I94: - | J94: - | K94: - | L94: 2.56 | M94: 2.56 | N94: 2.56 | O94: 2.56 | P94: 2.56 | Q94: 2.56 | R94: 2.56 | S94: 2.56 | T94: 2.56 | U94: 2.56 | V94: 2.56 | W94: 2.56 | X94: 3.36 | Y94: 0 | Z94: 2.56 | AA94: 2.56 | AB94: 2.56 | AC94: 2.56 | AD94: 2.56 | AE94: 2.56 | AF94: 2.56 | AG94: 2.56 | AH94: 2.56 | AI94: 2.56 | AJ94: 2.56 | AK94: 2.56 | AL94: 2.56 | AM94: 2.56 | AN94: 2.56 | AO94: 2.56 | AP94: 2.56 | AQ94: 2.56 | AR94: 2.56 | AS94: 2.56 | AT94: 2.56 | AU94: 2.56 | AV94: 2.56 | AW94: -
... A187: BASE | B187: INPUT | C187: IISFECRFR00 | D187: MISRFC | E187: - | F187: ANNUAL | G187: 2010 | H187: - | I187: - | J187: - | K187: - | L187: 1 | M187: 1 | N187: 1 | O187: 1 | P187: 1 | Q187: 1 | R187: 1 | S187: 1 | T187: 1 | U187: 1 | V187: 1 | W187: 1 | X187: 1 | Y187: 1 | Z187: 1 | AA187: 1 | AB187: 1 | AC187: 1 | AD187: 1 | AE187: 1 | AF187: 1 | AG187: 1 | AH187: 1 | AI187: 1 | AJ187: 1 | AK187: 1 | AL187: 1 | AM187: 1 | AN187: 1 | AO187: 1 | AP187: 1 | AQ187: 1 | AR187: 1 | AS187: 1 | AT187: 1 | AU187: 1 | AV187: 1 | AW187: -
A188: BASE | B188: INPUT | C188: IISFINPRO00 | D188: IISHTH | E188: - | F188: ANNUAL | G188: 2010 | H188: - | I188: - | J188: - | K188: - | M188: 0.115 | O188: 0.24 | S188: 0.92 | T188: 0.030574561 | U188: 0.54230769 | Y188: 0.645 | AA188: 0.010526316 | AB188: 0.43921335 | AE188: 0.052735951 | AG188: 0.1 | AK188: 0.63230241 | AN188: 1.29 | AO188: 1 | AQ188: 0.125 | AR188: 0.79904306 | AT188: 0.24422442 | AU188: 0.78 | AV188: 0.027333904 | AW188: -
A189: BASE | B189: INPUT | C189: IISFINPRO00 | D189: INDBFG | E189: - | F189: ANNUAL | G189: 2010 | H189: - | I189: - | J189: - | K189: - | M189: 0.77463658 | N189: 6.2294865 | O189: 0.86528858 | S189: 1.4316331 | T189: 1.0236834 | X189: 0.32537682 | Y189: 0.92 | Z189: 0.39921669 | AB189: 1.6278377 | AM189: 1.1539584 | AN189: 0.9085856 | AO189: 1.2471377 | AQ189: 1.5111639 | AR189: 1.843724 | AS189: 0.17260003 | AU189: 2.4986964 | AV189: 0.94992793 | AW189: -
A190: BASE | B190: INPUT | C190: IISFINPRO00 | D190: INDCOA | E190: - | F190: ANNUAL | G190: 2010 | H190: - | I190: - | J190: - | K190: - | M190: 0.0076325284 | Q190: 0.29 | S190: 0.185 | X190: 0.55 | Z190: 2.31 | AE190: 0.20912856 | AH190: 0.27 | AI190: 0.038 | AJ190: 0.66 | AK190: 12.95 | AN190: 7.6976152 | AO190: 0.22 | AP190: 0.128 | AQ190: 0.0088645549 | AS190: 0.33 | AU190: 0.235 | AV190: 1.1156171 | AW190: -
A191: BASE | B191: INPUT | C191: IISFINPRO00 | D191: INDCOG | E191: - | F191: ANNUAL | G191: 2010 | H191: - | I191: - | J191: - | K191: - | M191: 0.70482931 | O191: 0.78756394 | S191: 0.51022269 | T191: 0.37293441 | X191: 0.20908372 | Y191: 0.88 | Z191: 0.64182186 | AB191: 1.7640175 | AM191: 1.0495271 | AO191: 0.92827919 | AS191: 0.30799672 | AU191: 1.6318252 | AV191: 0.24297425 | AW191: -
A192: BASE | B192: INPUT | C192: IISFINPRO00 | D192: INDCOK | E192: - | F192: ANNUAL | G192: 2010 | H192: - | I192: - | J192: - | K192: - | M192: 2.2711676 | O192: 0.027197775 | Q192: 0.04224812 | S192: 2.2844392 | X192: 0.04524962 | Y192: 4.06 | Z192: 0.029504724 | AA192: 1.2 | AB192: 1.6104741 | AE192: 0.049987868 | AG192: 0.93333333 | AH192: 0.010989011 | AI192: 0.13129771 | AJ192: 0.21 | AK192: 2.5463918 | AN192: 10.55 | AQ192: 0.65 | AR192: 0.0851086 | AS192: 0.55798229 | AT192: 0.37623762 | AU192: 0.21952084 | AW192: -
A193: BASE | B193: INPUT | C193: IISFINPRO00 | D193: INDELC | E193: - | F193: ANNUAL | G193: 2010 | H193: - | I193: - | J193: - | K193: - | M193: 0.5154685 | N193: 2.2810165 | O193: 0.835 | P193: 1.9251075 | Q193: 1.9065714 | S193: 0.88952997 | T193: 1.0417823 | U193: 2.3230769 | W193: 0.39186052 | X193: 1.281418 | Y193: 0.089 | Z193: 0.68482284 | AA193: 5.6631579 | AB193: 0.066738403 | AE193: 0.8523234 | AF193: 11.6445 | AG193: 0.26666667 | AH193: 1.0123705 | AI193: 0.013740458 | AJ193: 0.605 | AK193: 14.058419 | AN193: 31.65 | AO193: 1.015 | AP193: 0.79430422 | AQ193: 4.7991534 | AR193: 0.555 | AS193: 0.21671813 | AT193: 2.3844884 | AU193: 0.42432464 | AW193: -
A194: BASE | B194: INPUT | C194: IISFINPRO00 | D194: INDGAS | E194: - | F194: ANNUAL | G194: 2010 | H194: - | I194: - | J194: - | K194: - | M194: 2.1567721 | N194: 1.6245912 | O194: 2.0302171 | P194: 2.141828 | Q194: 1.6864511 | S194: 2.291706 | T194: 2.1013541 | U194: 2.9653846 | W194: 0.14556672 | X194: 0.22877544 | Y194: 0.09 | Z194: 1.769003 | AA194: 7.7947368 | AB194: 1.4228427 | AE194: 1.9119481 | AH194: 1.8181633 | AI194: 4.098855 | AK194: 3.3934708 | AM194: 1.458355 | AO194: 1.7854979 | AP194: 0.76128793 | AQ194: 4.4413625 | AR194: 0.74007496 | AT194: 4.4686469 | AU194: 1.3785577 | AV194: 1.6543815 | AW194: -
A195: BASE | B195: INPUT | C195: IISFINPRO00 | D195: INDHFO | E195: - | F195: ANNUAL | G195: 2010 | H195: - | I195: - | J195: - | K195: - | L195: 1.1408205 | M195: 1.1566699 | Q195: 0.03006015 | S195: 0.14327255 | T195: 0.1327632 | U195: 0.15769231 | W195: 0.065897858 | X195: 0.84923939 | Y195: 2.485 | AA195: 0.32631579 | AE195: 0.0060299322 | AI195: 1.480916 | AJ195: 3.145 | AK195: 10.635739 | AN195: 0.068093385 | AP195: 0.029607698 | AS195: 0.81792841 | AW195: -
A196: BASE | B196: INPUT | C196: IISFINPRO00 | D196: INDLFO | E196: - | F196: ANNUAL | G196: 2010 | H196: - | I196: - | J196: - | K196: - | L196: 0.32764103 | O196: 0.064593001 | Q196: 0.28826316 | T196: 0.02936345 | U196: 0.15384615 | W196: 0.023613399 | X196: 0.13651104 | Y196: 0.042431762 | Z196: 0.016673154 | AB196: 0.050059595 | AE196: 0.033087379 | AH196: 0.033359498 | AK196: 0.59106529 | AM196: 0.019245226 | AN196: 0.58754864 | AO196: 0.010634305 | AP196: 0.062916358 | AQ196: 0.011287288 | AR196: 0.035885167 | AS196: 0.11514651 | AT196: 0.069306931 | AW196: -
A197: BASE | B197: INPUT | C197: IISFINPRO00 | D197: INDLPG | E197: - | F197: ANNUAL | G197: 2010 | H197: - | I197: - | J197: - | K197: - | T197: 0.047367671 | U197: 0.17692308 | X197: 0.090069143 | Y197: 0.97 | AE197: 0.013360089 | AJ197: 4.44 | AN197: 0.26848249 | AP197: 0.034048853 | AS197: 1.3358853 | AT197: 0.15181518 | AW197: -
A198: BASE | B198: INPUT | C198: IISFINPRO00 | D198: MISCST | E198: - | F198: ANNUAL | G198: 2010 | H198: - | I198: - | J198: - | K198: - | L198: 1 | M198: 1 | N198: 1 | O198: 1 | P198: 1 | Q198: 1 | S198: 1 | T198: 1 | U198: 1 | W198: 1 | X198: 1 | Y198: 1 | Z198: 1 | AA198: 1 | AB198: 1 | AE198: 1 | AF198: 1 | AG198: 1 | AH198: 1 | AI198: 1 | AJ198: 1 | AK198: 1 | AM198: 1 | AN198: 1 | AO198: 1 | AP198: 1 | AQ198: 1 | AR198: 1 | AS198: 1 | AT198: 1 | AU198: 1 | AV198: 1 | AW198: -
A199: BASE | B199: INPUT | C199: IISPELLET00 | D199: INDCOK | E199: - | F199: ANNUAL | G199: 2010 | H199: - | I199: - | J199: - | K199: - | L199: 1.01 | M199: 1.01 | N199: 1.01 | O199: 1.01 | P199: 1.01 | Q199: 1.01 | R199: 1.01 | S199: 1.01 | T199: 1.01 | U199: 1.01 | V199: 1.01 | W199: 1.01 | X199: 1.01 | Y199: 1.01 | Z199: 1.01 | AA199: 1.01 | AB199: 1.01 | AC199: 1.01 | AD199: 1.01 | AE199: 1.01 | AF199: 1.01 | AG199: 1.01 | AH199: 1.01 | AI199: 1.01 | AJ199: 1.01 | AK199: 1.01 | AL199: 1.01 | AM199: 0.8888 | AN199: 1.01 | AO199: 1.01 | AP199: 1.01 | AQ199: 1.01 | AR199: 1.01 | AS199: 1.01 | AT199: 1.01 | AU199: 1.01 | AV199: 1.01 | AW199: -
A200: BASE | B200: INPUT | C200: IISPELLET00 | D200: INDELC | E200: - | F200: ANNUAL | G200: 2010 | H200: - | I200: - | J200: - | K200: - | L200: 1.0716 | M200: 1.14 | N200: 1.14 | O200: 1.14 | P200: 1.14 | Q200: 1.14 | R200: 1.14 | S200: 1.14 | T200: 0.9 | U200: 1.14 | V200: 1.14 | W200: 1.14 | X200: 1.14 | Y200: 1.14 | Z200: 1.14 | AA200: 0.9 | AB200: 0.9 | AC200: 1.14 | AD200: 1.14 | AE200: 1.14 | AF200: 1.14 | AG200: 1.14 | AH200: 1.14 | AI200: 1.14 | AJ200: 1.14 | AK200: 1.14 | AL200: 1.14 | AM200: 1.026 | AN200: 1.14 | AO200: 1.14 | AP200: 1.14 | AQ200: 1.14 | AR200: 1.14 | AS200: 1.14 | AT200: 1.14 | AU200: 1.14 | AV200: 1.0716 | AW200: -
A201: BASE | B201: INPUT | C201: IISPELLET00 | D201: MISORE | E201: - | F201: ANNUAL | G201: 2010 | H201: - | I201: - | J201: - | K201: - | L201: 1 | M201: 1 | N201: 1 | O201: 1 | P201: 1 | Q201: 1 | R201: 1 | S201: 1 | T201: 1 | U201: 1 | V201: 1 | W201: 1 | X201: 1 | Y201: 1 | Z201: 1 | AA201: 1 | AB201: 1 | AC201: 1 | AD201: 1 | AE201: 1 | AF201: 1 | AG201: 1 | AH201: 1 | AI201: 1 | AJ201: 1 | AK201: 1 | AL201: 1 | AM201: 1.2 | AN201: 1 | AO201: 1 | AP201: 1 | AQ201: 1 | AR201: 1 | AS201: 1 | AT201: 1 | AU201: 1 | AV201: 1 | AW201: -
A202: BASE | B202: INPUT | C202: IISPELLET00 | D202: MISPLT | E202: - | F202: ANNUAL | G202: 2010 | H202: - | I202: - | J202: - | K202: - | L202: 1 | M202: 1 | N202: 1 | O202: 1 | P202: 1 | Q202: 1 | R202: 1 | S202: 1 | T202: 1 | U202: 1 | V202: 1 | W202: 1 | X202: 1 | Y202: 1 | Z202: 1 | AA202: 1 | AB202: 1 | AC202: 1 | AD202: 1 | AE202: 1 | AF202: 1 | AG202: 1 | AH202: 1 | AI202: 1 | AJ202: 1 | AK202: 1 | AL202: 1 | AM202: 1 | AN202: 1 | AO202: 1 | AP202: 1 | AQ202: 1 | AR202: 1 | AS202: 1 | AT202: 1 | AU202: 1 | AV202: 1 | AW202: -
A203: BASE | B203: INPUT | C203: IISSINTER00 | D203: INDCOG | E203: - | F203: ANNUAL | G203: 2010 | H203: - | I203: - | J203: - | K203: - | L203: 0.9 | M203: 0.9 | N203: 0 | O203: 0.9 | P203: 0.9 | Q203: 0.9 | R203: 0.9 | S203: 0.9 | T203: 0.9 | U203: 0.9 | V203: 0.9 | W203: 0.9 | X203: 0.9 | Y203: 0.9 | Z203: 0.9 | AA203: 0.9 | AB203: 0.9 | AC203: 0.9 | AD203: 0.9 | AE203: 0 | AF203: 0 | AG203: 0.9 | AH203: 0.9 | AI203: 0.9 | AJ203: 0.9 | AK203: 0.9 | AL203: 0.9 | AM203: 0.8 | AN203: 0 | AO203: 0.9 | AP203: 0.9 | AQ203: 0 | AR203: 0 | AS203: 0.9 | AT203: 0.9 | AU203: 0.9 | AV203: 0.708 | AW203: -
A204: BASE | B204: INPUT | C204: IISSINTER00 | D204: INDCOK | E204: - | F204: ANNUAL | G204: 2010 | H204: - | I204: - | J204: - | K204: - | L204: 0.9 | M204: 0.9 | N204: 0.9 | O204: 0.9 | P204: 0.9 | Q204: 0.9 | R204: 0.9 | S204: 0.9 | T204: 0.9 | U204: 0.9 | V204: 0.9 | W204: 0.9 | X204: 0.9 | Y204: 0.9 | Z204: 0.9 | AA204: 0.9 | AB204: 0.9 | AC204: 0.9 | AD204: 0.9 | AE204: 0.9 | AF204: 0.9 | AG204: 0.9 | AH204: 0.9 | AI204: 0.9 | AJ204: 0.9 | AK204: 0.9 | AL204: 0.9 | AM204: 0.792 | AN204: 1.8 | AO204: 0.9 | AP204: 0.9 | AQ204: 1.8 | AR204: 1.8 | AS204: 0.9 | AT204: 0.9 | AU204: 0.9 | AV204: 0.9 | AW204: -
A205: BASE | B205: INPUT | C205: IISSINTER00 | D205: INDELC | E205: - | F205: ANNUAL | G205: 2010 | H205: - | I205: - | J205: - | K205: - | L205: 0.1128 | M205: 0.12 | N205: 0.12 | O205: 0.12 | P205: 0.12 | Q205: 0.12 | R205: 0.12 | S205: 0.12 | T205: 0.12 | U205: 0.12 | V205: 0.12 | W205: 0.12 | X205: 0.12 | Y205: 0.12 | Z205: 0.12 | AA205: 0.12 | AB205: 0.12 | AC205: 0.12 | AD205: 0.12 | AE205: 0.12 | AF205: 0.12 | AG205: 0.12 | AH205: 0.12 | AI205: 0.12 | AJ205: 0.12 | AK205: 0.12 | AL205: 0.12 | AM205: 0.12 | AN205: 0.12 | AO205: 0.12 | AP205: 0.12 | AQ205: 0.12 | AR205: 0.12 | AS205: 0.12 | AT205: 0.12 | AU205: 0.12 | AV205: 0.1128 | AW205: -
A206: BASE | B206: INPUT | C206: IISSINTER00 | D206: MISORE | E206: - | F206: ANNUAL | G206: 2010 | H206: - | I206: - | J206: - | K206: - | L206: 1 | M206: 1 | N206: 1 | O206: 1 | P206: 1 | Q206: 1 | R206: 1 | S206: 1 | T206: 1 | U206: 1 | V206: 1 | W206: 1 | X206: 1 | Y206: 1 | Z206: 1 | AA206: 1 | AB206: 1 | AC206: 1 | AD206: 1 | AE206: 1 | AF206: 1 | AG206: 1 | AH206: 1 | AI206: 1 | AJ206: 1 | AK206: 1 | AL206: 1 | AM206: 1.2 | AN206: 1 | AO206: 1 | AP206: 1 | AQ206: 1 | AR206: 1 | AS206: 1 | AT206: 1 | AU206: 1 | AV206: 1 | AW206: -
A207: BASE | B207: INPUT | C207: IISSINTER00 | D207: MISSNT | E207: - | F207: ANNUAL | G207: 2010 | H207: - | I207: - | J207: - | K207: - | L207: 1 | M207: 1 | N207: 1 | O207: 1 | P207: 1 | Q207: 1 | R207: 1 | S207: 1 | T207: 1 | U207: 1 | V207: 1 | W207: 1 | X207: 1 | Y207: 1 | Z207: 1 | AA207: 1 | AB207: 1 | AC207: 1 | AD207: 1 | AE207: 1 | AF207: 1 | AG207: 1 | AH207: 1 | AI207: 1 | AJ207: 1 | AK207: 1 | AL207: 1 | AM207: 1 | AN207: 1 | AO207: 1 | AP207: 1 | AQ207: 1 | AR207: 1 | AS207: 1 | AT207: 1 | AU207: 1 | AV207: 1 | AW207: -
A208: BASE | B208: INPUT | C208: ILMQLMPRO00 | D208: INDELC | E208: - | F208: ANNUAL | G208: 2010 | H208: - | I208: - | J208: - | K208: - | L208: 0.252 | M208: 0.252 | N208: 0.252 | O208: 0.2016 | P208: 0.252 | Q208: 0.252 | R208: 0.252 | S208: 0.252 | T208: 0.252 | U208: 0.252 | V208: 0.252 | W208: 0.252 | X208: 0.252 | Y208: 0.252 | Z208: 0.252 | AA208: 0.252 | AB208: 0.252 | AC208: 0.252 | AD208: 0.252 | AE208: 0.252 | AF208: 0.252 | AG208: 0.252 | AH208: 0.252 | AI208: 0.252 | AJ208: 0.252 | AK208: 0.252 | AL208: 0.252 | AM208: 0.252 | AN208: 0.252 | AO208: 0.252 | AP208: 0.252 | AQ208: 0.252 | AR208: 0.252 | AS208: 0.252 | AT208: 0.252 | AU208: 0.252 | AV208: 0.252 | AW208: -
A209: BASE | B209: INPUT | C209: ILMQLMPRO00 | D209: MLMSTN | E209: - | F209: ANNUAL | G209: 2010 | H209: - | I209: - | J209: - | K209: - | L209: 1.786 | M209: 1.786 | N209: 1.786 | O209: 1.786 | P209: 1.786 | Q209: 1.786 | R209: 1.786 | S209: 1.786 | T209: 1.786 | U209: 1.786 | V209: 1.786 | W209: 1.786 | X209: 1.786 | Y209: 1.786 | Z209: 1.786 | AA209: 1.786 | AB209: 1.786 | AC209: 1.786 | AD209: 1.786 | AE209: 1.786 | AF209: 1.786 | AG209: 1.786 | AH209: 1.786 | AI209: 1.786 | AJ209: 1.786 | AK209: 1.786 | AL209: 1.786 | AM209: 1.786 | AN209: 1.786 | AO209: 1.786 | AP209: 1.786 | AQ209: 1.786 | AR209: 1.786 | AS209: 1.786 | AT209: 1.786 | AU209: 1.786 | AV209: 1.786 | AW209: -
A210: BASE | B210: INPUT | C210: INFELEELC00 | D210: INDELC | E210: - | F210: ANNUAL | G210: 2010 | H210: - | I210: - | J210: - | K210: - | L210: 1 | M210: 1 | N210: 1 | O210: 1 | P210: 1 | Q210: 1 | R210: 1 | S210: 1 | T210: 1 | U210: 1 | V210: 1 | W210: 1 | X210: 1 | Y210: 1 | Z210: 1 | AA210: 1 | AB210: 1 | AC210: 1 | AD210: 1 | AE210: 1 | AF210: 1 | AG210: 1 | AH210: 1 | AI210: 1 | AJ210: 1 | AK210: 1 | AL210: 1 | AM210: 1 | AN210: 1 | AO210: 1 | AP210: 1 | AQ210: 1 | AR210: 1 | AS210: 1 | AT210: 1 | AU210: 1 | AV210: 1 | AW210: -
... A317: BASE | B317: INPUT | C317: IPPHIGQUA00 | D317: MPPPUP | E317: - | F317: ANNUAL | G317: 2010 | H317: - | I317: - | J317: - | K317: - | L317: 1.02 | M317: 1.02 | N317: 1.02 | O317: 1.02 | P317: 1.02 | Q317: 1.02 | R317: 1.02 | S317: 1.02 | T317: 1.02 | U317: 1.02 | V317: 1.224 | W317: 1.02 | X317: 0.714 | Y317: 1.326 | Z317: 1.02 | AA317: 1.02 | AB317: 1.02 | AC317: 1.02 | AD317: 1.02 | AE317: 1.02 | AF317: 1.02 | AG317: 1.02 | AH317: 1.02 | AI317: 1.02 | AJ317: 1.02 | AK317: 1.02 | AL317: 1.02 | AM317: 1.02 | AN317: 1.02 | AO317: 1.02 | AP317: 1.02 | AQ317: 1.02 | AR317: 1.02 | AS317: 1.02 | AT317: 1.02 | AU317: 1.02 | AV317: 1.02 | AW317: -
A318: BASE | B318: INPUT | C318: IPPLOWQUA00 | D318: INDBIO | E318: - | F318: ANNUAL | G318: 2010 | H318: - | I318: - | J318: - | K318: - | O318: 0.148 | P318: 0.438 | Q318: 0.438 | T318: 0.15 | U318: 0.15 | AW318: -
A319: BASE | B319: INPUT | C319: IPPLOWQUA00 | D319: INDELC | E319: - | F319: ANNUAL | G319: 2010 | H319: - | I319: - | J319: - | K319: - | L319: 2.3 | M319: 2 | N319: 2.9 | O319: 2.12 | P319: 2.4 | Q319: 2.4 | R319: 2 | S319: 2.7 | T319: 2 | U319: 2 | V319: 2.97 | W319: 1.8 | X319: 1.35 | Y319: 3.34 | Z319: 2.08 | AA319: 1.99 | AB319: 2 | AC319: 3.82 | AD319: 2 | AE319: 1.96 | AF319: 2 | AG319: 2.5 | AH319: 2.68 | AI319: 1.554 | AJ319: 2 | AK319: 2.5 | AL319: 2 | AM319: 1.7 | AN319: 2.35 | AO319: 2.2 | AP319: 3.4 | AQ319: 2.2 | AR319: 2 | AS319: 3.6 | AT319: 1.92 | AU319: 2.4 | AV319: 2.82 | AW319: -
A320: BASE | B320: INPUT | C320: IPPLOWQUA00 | D320: INDGAS | E320: - | F320: ANNUAL | G320: 2010 | H320: - | I320: - | J320: - | K320: - | L320: 0 | M320: 0.29 | N320: 0.29 | O320: 0 | P320: 0 | Q320: 0 | R320: 0.29 | S320: 0.29 | T320: 0.29 | U320: 0.25 | V320: 0.25955 | W320: 0.29 | X320: 0 | Y320: 0 | Z320: 0 | AA320: 0.29 | AB320: 0.29 | AC320: 0 | AD320: 0.29 | AE320: 0.29 | AF320: 0.29 | AG320: 0.29 | AH320: 0.29 | AI320: 0.29 | AJ320: 0.29 | AK320: 0.29 | AL320: 0.29 | AM320: 0.29 | AN320: 0 | AO320: 0.29 | AP320: 0 | AQ320: 0.29 | AR320: 0.29 | AS320: 0 | AT320: 0.29 | AU320: 0.29 | AV320: 0.29 | AW320: -
A321: BASE | B321: INPUT | C321: IPPLOWQUA00 | D321: INDLPG | E321: - | F321: ANNUAL | G321: 2010 | H321: - | I321: - | J321: - | K321: - | L321: 0 | M321: 0 | N321: 0 | O321: 0 | P321: 0 | Q321: 0 | R321: 0.148 | S321: 0 | T321: 0 | U321: 0 | V321: 0 | W321: 0.148 | X321: 0 | Y321: 0.148 | Z321: 0 | AA321: 0.148 | AB321: 0 | AC321: 0.148 | AD321: 0.148 | AE321: 0 | AF321: 0.148 | AG321: 0 | AH321: 0 | AI321: 0 | AJ321: 0.148 | AK321: 0.148 | AL321: 0.148 | AM321: 0 | AN321: 0.148 | AO321: 0 | AP321: 0 | AQ321: 0.148 | AR321: 0.148 | AS321: 0 | AT321: 0 | AU321: 0 | AV321: 0 | AW321: -
A322: BASE | B322: INPUT | C322: IPPLOWQUA00 | D322: IPPHTH | E322: - | F322: ANNUAL | G322: 2010 | H322: - | I322: - | J322: - | K322: - | L322: 8.925 | M322: 8.288 | N322: 10.15 | O322: 7.7 | P322: 9.52 | Q322: 5.698 | R322: 7 | S322: 10.78 | T322: 6.398 | U322: 7 | V322: 7.63 | W322: 5.824 | X322: 6.475 | Y322: 9.8 | Z322: 7 | AA322: 6.965 | AB322: 6.02 | AC322: 1.785 | AD322: 7 | AE322: 6.65 | AF322: 7 | AG322: 6.3 | AH322: 6.055 | AI322: 5.439 | AJ322: 7 | AK322: 4.305 | AL322: 7 | AM322: 6.755 | AN322: 5.719 | AO322: 7.7 | AP322: 12.95 | AQ322: 7.35 | AR322: 7 | AS322: 10.325 | AT322: 6.818 | AU322: 10.15 | AV322: 6.37 | AW322: -
A323: BASE | B323: INPUT | C323: IPPLOWQUA00 | D323: MPPGYP | E323: - | F323: ANNUAL | G323: 2010 | H323: - | I323: - | J323: - | K323: - | L323: 0.22 | M323: 0.22 | N323: 0.22 | O323: 0.22 | P323: 0.22 | Q323: 0.22 | R323: 0.22 | S323: 0.22 | T323: 0.22 | U323: 0.22 | V323: 0.22 | W323: 0.22 | X323: 0.22 | Y323: 0.22 | Z323: 0.22 | AA323: 0.22 | AB323: 0.22 | AC323: 0.22 | AD323: 0.22 | AE323: 0.22 | AF323: 0.22 | AG323: 0.22 | AH323: 0.22 | AI323: 0.22 | AJ323: 0.22 | AK323: 0.22 | AL323: 0.22 | AM323: 0.22 | AN323: 0.22 | AO323: 0.22 | AP323: 0.22 | AQ323: 0.22 | AR323: 0.22 | AS323: 0.22 | AT323: 0.22 | AU323: 0.22 | AV323: 0.22 | AW323: -
A324: BASE | B324: INPUT | C324: IPPLOWQUA00 | D324: MPPKAO | E324: - | F324: ANNUAL | G324: 2010 | H324: - | I324: - | J324: - | K324: - | L324: 0.05 | M324: 0.05 | N324: 0.05 | O324: 0.05 | P324: 0.05 | Q324: 0.05 | R324: 0.05 | S324: 0.05 | T324: 0.05 | U324: 0.05 | V324: 0.05 | W324: 0.05 | X324: 0.05 | Y324: 0.05 | Z324: 0.05 | AA324: 0.05 | AB324: 0.05 | AC324: 0.05 | AD324: 0.05 | AE324: 0.05 | AF324: 0.05 | AG324: 0.05 | AH324: 0.05 | AI324: 0.05 | AJ324: 0.05 | AK324: 0.05 | AL324: 0.05 | AM324: 0.05 | AN324: 0.05 | AO324: 0.05 | AP324: 0.05 | AQ324: 0.05 | AR324: 0.05 | AS324: 0.05 | AT324: 0.05 | AU324: 0.05 | AV324: 0.05 | AW324: -
A325: BASE | B325: INPUT | C325: IPPLOWQUA00 | D325: MPPPUP | E325: - | F325: ANNUAL | G325: 2010 | H325: - | I325: - | J325: - | K325: - | L325: 0.68 | M325: 0.68 | N325: 0.748 | O325: 0.68 | P325: 0.68 | Q325: 0.68 | R325: 0.68 | S325: 0.68 | T325: 0.68 | U325: 0.68 | V325: 1.003 | W325: 0.68 | X325: 0.612 | Y325: 0.884 | Z325: 0.68 | AA325: 0.68 | AB325: 0.68 | AC325: 0.68 | AD325: 0.68 | AE325: 0.68 | AF325: 0.68 | AG325: 0.68 | AH325: 0.68 | AI325: 0.68 | AJ325: 0.68 | AK325: 0.68 | AL325: 0.68 | AM325: 0.68 | AN325: 0.68 | AO325: 0.68 | AP325: 0.748 | AQ325: 0.68 | AR325: 0.68 | AS325: 1.1424 | AT325: 0.68 | AU325: 0.918 | AV325: 0.68 | AW325: -
A326: BASE | B326: INPUT | C326: IPPLOWQUA00 | D326: MPPRYC | E326: - | F326: ANNUAL | G326: 2010 | H326: - | I326: - | J326: - | K326: - | L326: 0.09 | M326: 0.09 | N326: 0.09 | O326: 0.09 | P326: 0.09 | Q326: 0.09 | R326: 0.09 | S326: 0.09 | T326: 0.09 | U326: 0.09 | V326: 0.09 | W326: 0.09 | X326: 0.09 | Y326: 0.09 | Z326: 0.09 | AA326: 0.09 | AB326: 0.09 | AC326: 0.09 | AD326: 0.09 | AE326: 0.09 | AF326: 0.09 | AG326: 0.09 | AH326: 0.09 | AI326: 0.09 | AJ326: 0.09 | AK326: 0.09 | AL326: 0.09 | AM326: 0.09 | AN326: 0.09 | AO326: 0.09 | AP326: 0.09 | AQ326: 0.09 | AR326: 0.09 | AS326: 0.09 | AT326: 0.09 | AU326: 0.09 | AV326: 0.09 | AW326: -
A327: BASE | B327: INPUT | C327: IPPPUPCHE00 | D327: INDBIO | E327: - | F327: ANNUAL | G327: 2010 | H327: - | I327: - | J327: - | K327: - | L327: 4.7 | M327: 4.7 | N327: 4.7 | O327: 4.7 | P327: 2.35 | Q327: 4.7 | R327: 4.7 | S327: 4.7 | T327: 4.7 | U327: 4.7 | V327: 4.7 | W327: 4.7 | X327: 4.7 | Y327: 4.7 | Z327: 5.405 | AA327: 4.7 | AB327: 4.7 | AC327: 4.7 | AD327: 4.7 | AE327: 4.7 | AF327: 4.7 | AG327: 4.7 | AH327: 4.7 | AI327: 4.7 | AJ327: 4.7 | AK327: 4.7 | AL327: 4.7 | AM327: 4.7 | AN327: 4.7 | AO327: 4.7 | AP327: 4.7 | AQ327: 4.7 | AR327: 4.7 | AS327: 4.7 | AT327: 4.7 | AU327: 4.7 | AV327: 4.7 | AW327: -
A328: BASE | B328: INPUT | C328: IPPPUPCHE00 | D328: INDBLQ | E328: - | F328: ANNUAL | G328: 2010 | H328: - | I328: - | J328: - | K328: - | L328: 18 | M328: 18 | N328: 9 | O328: 18 | P328: 9 | Q328: 18 | R328: 18 | S328: 18 | T328: 18 | U328: 18 | V328: 18 | W328: 18 | X328: 18 | Y328: 18 | Z328: 20.7 | AA328: 18 | AB328: 18 | AC328: 18 | AD328: 18 | AE328: 18 | AF328: 18 | AG328: 18 | AH328: 18 | AI328: 18 | AJ328: 18 | AK328: 18 | AL328: 18 | AM328: 18 | AN328: 18 | AO328: 18 | AP328: 18 | AQ328: 18 | AR328: 18 | AS328: 18 | AT328: 18 | AU328: 18 | AV328: 18 | AW328: -
A329: BASE | B329: INPUT | C329: IPPPUPCHE00 | D329: INDELC | E329: - | F329: ANNUAL | G329: 2010 | H329: - | I329: - | J329: - | K329: - | L329: 2.645 | M329: 2.3 | N329: 3.335 | O329: 2.438 | P329: 2.76 | Q329: 2.76 | R329: 2.3 | S329: 3.105 | T329: 2.3 | U329: 2.3 | V329: 3.4155 | W329: 2.07 | X329: 1.5525 | Y329: 2.52 | Z329: 2.392 | AA329: 2.2885 | AB329: 2.3 | AC329: 2.3 | AD329: 2.3 | AE329: 2.254 | AF329: 2.3 | AG329: 2.875 | AH329: 3.082 | AI329: 1.7871 | AJ329: 2.3 | AK329: 2.875 | AL329: 2.3 | AM329: 1.955 | AN329: 2.7025 | AO329: 2.53 | AP329: 3.91 | AQ329: 2.53 | AR329: 2.3 | AS329: 4.14 | AT329: 2.208 | AU329: 2.76 | AV329: 3.243 | AW329: -
A330: BASE | B330: INPUT | C330: IPPPUPCHE00 | D330: IPPHTH | E330: - | F330: ANNUAL | G330: 2010 | H330: - | I330: - | J330: - | K330: - | L330: 9.945 | M330: 9.2352 | N330: 11.31 | O330: 8.58 | P330: 10.608 | Q330: 6.3492 | R330: 7.8 | S330: 12.012 | T330: 7.1292 | U330: 7.8 | V330: 8.502 | W330: 6.4896 | X330: 7.215 | Y330: 7.8 | Z330: 7.8 | AA330: 7.761 | AB330: 6.708 | AC330: 7.8 | AD330: 7.8 | AE330: 7.41 | AF330: 7.8 | AG330: 7.02 | AH330: 6.747 | AI330: 6.0606 | AJ330: 7.8 | AK330: 4.797 | AL330: 7.8 | AM330: 7.527 | AN330: 6.3726 | AO330: 8.58 | AP330: 14.43 | AQ330: 8.19 | AR330: 7.8 | AS330: 11.505 | AT330: 7.5972 | AU330: 11.31 | AV330: 7.098 | AW330: -
... A345: BASE | B345: INPUT | C345: SSCDRFLX00 | D345: INDELC | E345: - | F345: ANNUAL | G345: 2010 | H345: - | I345: - | J345: - | K345: - | L345: 0.02517675 | M345: 0.00713642 | N345: 0.0062547593 | O345: 0.00429303 | P345: 0.0053899 | Q345: 0.0062547593 | R345: 0.00147852 | S345: 0.00438551 | T345: 0.00514123 | U345: 0.00332689 | V345: 0.0062547593 | W345: 0.00357443 | X345: 0.00425095 | Y345: 0.0058954 | Z345: 0.00400303 | AA345: 0.00480867 | AB345: 0.00544052 | AC345: 0.0019226 | AD345: 0.0062547593 | AE345: 0.00451255 | AF345: 0.0062547593 | AG345: 0.00666382 | AH345: 0.0062547593 | AI345: 0.0062547593 | AJ345: 0.0062547593 | AK345: 0.03937986 | AL345: 0.0062547593 | AM345: 0.00337448 | AN345: 0.00296237 | AO345: 0.00276664 | AP345: 0.00346262 | AQ345: 0.0082562 | AR345: 0.00414156 | AS345: 0.00330942 | AT345: 0.00522966 | AU345: 0.00624323 | AV345: 0.00486176 | AW345: -

Sheet Output
A1: scenario | B1: attribute | C1: process | D1: commodity | E1: lim_type | F1: time_slice | G1: year | H1: commodity_group | I1: currency | J1: stage | K1: sow | L1: AL | M1: AT | N1: BA | O1: BE | P1: BG | Q1: CH | R1: CY | S1: CZ | T1: DE | U1: DK | V1: EE | W1: EL | X1: ES | Y1: FI | Z1: FR | AA1: HR | AB1: HU | AC1: IE | AD1: IS | AE1: IT | AF1: KS | AG1: LT | AH1: LU | AI1: LV | AJ1: ME | AK1: MK | AL1: MT | AM1: NL | AN1: NO | AO1: PL | AP1: PT | AQ1: RO | AR1: RS | AS1: SE | AT1: SI | AU1: SK | AV1: UK | AW1: year2
A2: BASE | B2: OUTPUT | C2: IALFINPRO00 | D2: IAL | E2: - | F2: ANNUAL | G2: 2010 | H2: - | I2: - | J2: - | K2: - | L2: 1 | M2: 1 | N2: 1 | O2: 1 | P2: 1 | Q2: 1 | R2: 1 | S2: 1 | T2: 1 | U2: 1 | V2: 1 | W2: 1 | X2: 1 | Y2: 1 | Z2: 1 | AA2: 1 | AB2: 1 | AC2: 1 | AD2: 1 | AE2: 1 | AF2: 1 | AG2: 1 | AH2: 1 | AI2: 1 | AJ2: 1 | AK2: 1 | AL2: 1 | AM2: 1 | AN2: 1 | AO2: 1 | AP2: 1 | AQ2: 1 | AR2: 1 | AS2: 1 | AT2: 1 | AU2: 1 | AV2: 1 | AW2: -
A3: BASE | B3: OUTPUT | C3: IALFINPRO00 | D3: IALHTH | E3: - | F3: ANNUAL | G3: 2010 | H3: - | I3: - | J3: - | K3: - | Y3: 5 | AW3: -
A4: BASE | B4: OUTPUT | C4: IALFINPRO00 | D4: INDELC | E4: - | F4: ANNUAL | G4: 2010 | H4: - | I4: - | J4: - | K4: - | L4: 10 | M4: 1.1496393 | N4: 10 | O4: 10 | P4: 10 | Q4: 8.5623392 | R4: 10 | S4: 10 | T4: 1.368 | U4: 10 | V4: 10 | W4: 15 | X4: 10 | Y4: 10 | Z4: 0.021171843 | AA4: 2.18 | AB4: 10 | AC4: 10 | AD4: 10 | AE4: 4 | AF4: 10 | AG4: 10 | AH4: 10 | AI4: 10 | AJ4: 10 | AK4: 10 | AL4: 10 | AM4: 10 | AN4: 10 | AO4: 10 | AP4: 10 | AQ4: 10 | AR4: 10 | AS4: 14.983497 | AT4: 10 | AU4: 10 | AV4: 10 | AW4: -
A5: BASE | B5: OUTPUT | C5: IALFINPRO00 | D5: INDGAS | E5: - | F5: ANNUAL | G5: 2010 | H5: - | I5: - | J5: - | K5: - | L5: 4.983497 | M5: 4.264562 | N5: 0 | O5: 4.983497 | P5: 4.983497 | Q5: 5.4402264 | R5: 4.983497 | S5: 8.1611958 | T5: 6.1 | U5: 4.983497 | V5: 4.983497 | W5: 10 | X5: 4.983497 | Y5: 0 | Z5: 0.10196973 | AA5: 0 | AB5: 4.983497 | AC5: 4.983497 | AD5: 0 | AE5: 4.4422105 | AF5: 4.983497 | AG5: 4.983497 | AH5: 4.983497 | AI5: 4.983497 | AJ5: 0 | AK5: 4.983497 | AL5: 4.983497 | AM5: 4.983497 | AN5: 0 | AO5: 4.983497 | AP5: 4.983497 | AQ5: 4.983497 | AR5: 4.983497 | AS5: 0 | AT5: 4.983497 | AU5: 3 | AV5: 4.983497 | AW5: -
A6: BASE | B6: OUTPUT | C6: IALFINPRO00 | D6: INDLFO | E6: - | F6: ANNUAL | G6: 2010 | H6: - | I6: - | J6: - | K6: - | L6: 0.034 | M6: 0 | N6: 0.034 | O6: 0.034 | P6: 0.034 | Q6: 0.034 | R6: 0.034 | S6: 0.034 | T6: 0.034 | U6: 0.034 | V6: 0.034 | W6: 0.034 | X6: 0.034 | Y6: 0.034 | Z6: 0.03427138 | AA6: 0.034 | AB6: 0.034 | AC6: 0.034 | AD6: 0.034 | AE6: 0.034 | AF6: 0.034 | AG6: 0.034 | AH6: 0.034 | AI6: 0.034 | AJ6: 0.034 | AK6: 0.034 | AL6: 0.034 | AM6: 0 | AN6: 0.034 | AO6: 0.034 | AP6: 0.034 | AQ6: 0.034 | AR6: 0.034 | AS6: 0.034 | AT6: 0.034 | AU6: 0 | AV6: 0.034 | AW6: -
A7: BASE | B7: OUTPUT | C7: IALFINPRO00 | D7: MALCAL | E7: - | F7: ANNUAL | G7: 2010 | H7: - | I7: - | J7: - | K7: - | L7: 1 | M7: 1 | N7: 1 | O7: 1 | P7: 1 | Q7: 1 | R7: 1 | S7: 1 | T7: 1 | U7: 1 | V7: 1 | W7: 1 | X7: 1 | Y7: 1 | Z7: 1 | AA7: 1 | AB7: 1 | AC7: 1 | AD7: 1 | AE7: 1 | AF7: 1 | AG7: 1 | AH7: 1 | AI7: 1 | AJ7: 1 | AK7: 1 | AL7: 1 | AM7: 1 | AN7: 1 | AO7: 1 | AP7: 1 | AQ7: 1 | AR7: 1 | AS7: 1 | AT7: 1 | AU7: 1 | AV7: 1 | AW7: -
A8: BASE | B8: OUTPUT | C8: IALHAHEPF00 | D8: INDELC | E8: - | F8: ANNUAL | G8: 2010 | H8: - | I8: - | J8: - | K8: - | L8: 35.2 | M8: 35.2 | N8: 35.2 | O8: 35.2 | P8: 35.2 | Q8: 35.2 | R8: 35.2 | S8: 35.2 | T8: 35.2 | U8: 35.2 | V8: 35.2 | W8: 35.2 | X8: 35.2 | Y8: 35.2 | Z8: 35.2 | AA8: 35.2 | AB8: 35.2 | AC8: 35.2 | AD8: 35.2 | AE8: 35.2 | AF8: 35.2 | AG8: 35.2 | AH8: 35.2 | AI8: 35.2 | AJ8: 35.2 | AK8: 35.2 | AL8: 35.2 | AM8: 35.2 | AN8: 35.2 | AO8: 35.2 | AP8: 35.2 | AQ8: 35.2 | AR8: 35.2 | AS8: 35.536 | AT8: 35.2 | AU8: 35.2 | AV8: 35.2 | AW8: -
A9: BASE | B9: OUTPUT | C9: IALHAHEPF00 | D9: INDGAS | E9: - | F9: ANNUAL | G9: 2010 | H9: - | I9: - | J9: - | K9: - | L9: 3.36 | M9: 3.36 | N9: 3.36 | O9: 3.36 | P9: 3.36 | Q9: 3.36 | R9: 3.36 | S9: 3.36 | T9: 3.36 | U9: 3.36 | V9: 3.36 | W9: 3.36 | X9: 3.36 | Y9: 3.36 | Z9: 3.36 | AA9: 3.36 | AB9: 3.36 | AC9: 3.36 | AD9: 3.36 | AE9: 3.36 | AF9: 3.36 | AG9: 3.36 | AH9: 3.36 | AI9: 3.36 | AJ9: 3.36 | AK9: 3.36 | AL9: 3.36 | AM9: 3.36 | AN9: 3.36 | AO9: 3.36 | AP9: 3.36 | AQ9: 3.36 | AR9: 3.36 | AS9: 3.024 | AT9: 3.36 | AU9: 3.36 | AV9: 3.36 | AW9: -
A10: BASE | B10: OUTPUT | C10: IALHAHEPF00 | D10: INDLFO | E10: - | F10: ANNUAL | G10: 2010 | H10: - | I10: - | J10: - | K10: - | L10: 8 | M10: 8 | N10: 8 | O10: 8 | P10: 8 | Q10: 8 | R10: 8 | S10: 8 | T10: 8 | U10: 8 | V10: 8 | W10: 8 | X10: 8 | Y10: 8 | Z10: 8 | AA10: 8 | AB10: 8 | AC10: 8 | AD10: 8 | AE10: 8 | AF10: 8 | AG10: 8 | AH10: 8 | AI10: 8 | AJ10: 8 | AK10: 8 | AL10: 8 | AM10: 8 | AN10: 8 | AO10: 8 | AP10: 8 | AQ10: 8 | AR10: 8 | AS10: 8 | AT10: 8 | AU10: 8 | AV10: 8 | AW10: -
A11: BASE | B11: OUTPUT | C11: IALHAHEPF00 | D11: MALBAU | E11: - | F11: ANNUAL | G11: 2010 | H11: - | I11: - | J11: - | K11: - | L11: 1.6 | M11: 1.6 | N11: 1.6 | O11: 1.6 | P11: 1.6 | Q11: 1.6 | R11: 1.6 | S11: 1.6 | T11: 1.6 | U11: 1.6 | V11: 1.6 | W11: 1.6 | X11: 1.6 | Y11: 1.6 | Z11: 1.6 | AA11: 1.6 | AB11: 1.6 | AC11: 1.6 | AD11: 1.6 | AE11: 1.6 | AF11: 1.6 | AG11: 1.6 | AH11: 1.6 | AI11: 1.6 | AJ11: 1.6 | AK11: 1.6 | AL11: 1.6 | AM11: 1.6 | AN11: 1.6 | AO11: 1.6 | AP11: 1.6 | AQ11: 1.6 | AR11: 1.6 | AS11: 1.6 | AT11: 1.6 | AU11: 1.6 | AV11: 1.6 | AW11: -
A12: BASE | B12: OUTPUT | C12: IALHAHEPF00 | D12: MALCAL | E12: - | F12: ANNUAL | G12: 2010 | H12: - | I12: - | J12: - | K12: - | L12: 1 | M12: 1 | N12: 1 | O12: 1 | P12: 1 | Q12: 1 | R12: 1 | S12: 1 | T12: 1 | U12: 1 | V12: 1 | W12: 1 | X12: 1 | Y12: 1 | Z12: 1 | AA12: 1 | AB12: 1 | AC12: 1 | AD12: 1 | AE12: 1 | AF12: 1 | AG12: 1 | AH12: 1 | AI12: 1 | AJ12: 1 | AK12: 1 | AL12: 1 | AM12: 1 | AN12: 1 | AO12: 1 | AP12: 1 | AQ12: 1 | AR12: 1 | AS12: 1 | AT12: 1 | AU12: 1 | AV12: 1 | AW12: -
A13: BASE | B13: OUTPUT | C13: IALHAHERG00 | D13: INDELC | E13: - | F13: ANNUAL | G13: 2010 | H13: - | I13: - | J13: - | K13: - | L13: 39.84 | M13: 39.84 | N13: 39.84 | O13: 39.84 | P13: 39.84 | Q13: 39.84 | R13: 39.84 | S13: 39.84 | T13: 39.84 | U13: 39.84 | V13: 39.84 | W13: 39.84 | X13: 39.84 | Y13: 39.84 | Z13: 39.84 | AA13: 39.84 | AB13: 39.84 | AC13: 39.84 | AD13: 39.84 | AE13: 39.84 | AF13: 39.84 | AG13: 39.84 | AH13: 39.84 | AI13: 39.84 | AJ13: 39.84 | AK13: 39.84 | AL13: 39.84 | AM13: 39.84 | AN13: 39.84 | AO13: 39.84 | AP13: 39.84 | AQ13: 39.84 | AR13: 39.84 | AS13: 40.176 | AT13: 39.84 | AU13: 39.84 | AV13: 39.84 | AW13: -
A14: BASE | B14: OUTPUT | C14: IALHAHERG00 | D14: INDGAS | E14: - | F14: ANNUAL | G14: 2010 | H14: - | I14: - | J14: - | K14: - | L14: 3.36 | M14: 3.36 | N14: 3.36 | O14: 3.36 | P14: 3.36 | Q14: 3.36 | R14: 3.36 | S14: 3.36 | T14: 3.36 | U14: 3.36 | V14: 3.36 | W14: 3.36 | X14: 3.36 | Y14: 3.36 | Z14: 3.36 | AA14: 3.36 | AB14: 3.36 | AC14: 3.36 | AD14: 3.36 | AE14: 3.36 | AF14: 3.36 | AG14: 3.36 | AH14: 3.36 | AI14: 3.36 | AJ14: 3.36 | AK14: 3.36 | AL14: 3.36 | AM14: 13.68 | AN14: 3.36 | AO14: 3.36 | AP14: 3.36 | AQ14: 3.36 | AR14: 3.36 | AS14: 3.024 | AT14: 3.36 | AU14: 3.36 | AV14: 3.36 | AW14: -
A15: BASE | B15: OUTPUT | C15: IALHAHERG00 | D15: INDLFO | E15: - | F15: ANNUAL | G15: 2010 | H15: - | I15: - | J15: - | K15: - | L15: 10.32 | M15: 10.32 | N15: 10.32 | O15: 10.32 | P15: 10.32 | Q15: 10.32 | R15: 10.32 | S15: 10.32 | T15: 10.32 | U15: 10.32 | V15: 10.32 | W15: 10.32 | X15: 10.32 | Y15: 10.32 | Z15: 10.32 | AA15: 10.32 | AB15: 10.32 | AC15: 10.32 | AD15: 10.32 | AE15: 10.32 | AF15: 10.32 | AG15: 10.32 | AH15: 10.32 | AI15: 10.32 | AJ15: 10.32 | AK15: 10.32 | AL15: 10.32 | AM15: 0 | AN15: 10.32 | AO15: 10.32 | AP15: 10.32 | AQ15: 10.32 | AR15: 10.32 | AS15: 10.32 | AT15: 10.32 | AU15: 10.32 | AV15: 10.32 | AW15: -
... A104: BASE | B104: OUTPUT | C104: ICMDRYPRD00 | D104: MCMCLK | E104: - | F104: ANNUAL | G104: 2010 | H104: - | I104: - | J104: - | K104: - | L104: 1 | M104: 1 | N104: 1 | O104: 1 | P104: 1 | Q104: 1 | R104: 1 | S104: 1 | T104: 1 | U104: 1 | V104: 1 | W104: 1 | X104: 1 | Y104: 1 | Z104: 1 | AA104: 1 | AB104: 1 | AC104: 1 | AD104: 1 | AE104: 1 | AF104: 1 | AG104: 1 | AH104: 1 | AI104: 1 | AJ104: 1 | AK104: 1 | AL104: 1 | AM104: 1 | AN104: 1 | AO104: 1 | AP104: 1 | AQ104: 1 | AR104: 1 | AS104: 1 | AT104: 1 | AU104: 1 | AV104: 1 | AW104: -
A105: BASE | B105: OUTPUT | C105: ICMFINPRO00 | D105: ICM | E105: - | F105: ANNUAL | G105: 2010 | H105: - | I105: - | J105: - | K105: - | L105: 1 | M105: 1 | P105: 1 | Q105: 1 | R105: 1 | S105: 1 | T105: 1 | U105: 1 | V105: 1 | W105: 1 | X105: 1 | Y105: 1 | Z105: 1 | AA105: 1 | AB105: 1 | AC105: 1 | AK105: 1 | AM105: 1 | AN105: 1 | AP105: 1 | AQ105: 1 | AT105: 1 | AU105: 1 | AV105: 1 | AW105: -
A106: BASE | B106: OUTPUT | C106: ICMFINPRO00 | D106: INDELC | E106: - | F106: ANNUAL | G106: 2010 | H106: - | I106: - | J106: - | K106: - | L106: 0.23801653 | M106: 1.4786536 | P106: 0.9624872 | Q106: 1 | R106: 0.17651073 | S106: 0.84664979 | T106: 0.7354 | U106: 0.89981569 | V106: 1 | W106: 0.12195141 | X106: 0.165 | Y106: 2.3107824 | Z106: 0.75328215 | AA106: 0.17 | AB106: 0.67049056 | AC106: 0.342 | AK106: 0.425 | AN106: 1.5 | AP106: 0.234 | AQ106: 0.814469 | AT106: 3.4 | AU106: 0.53939018 | AV106: 0.35864858 | AW106: -
A107: BASE | B107: OUTPUT | C107: ICMFINPRO00 | D107: INDLFO | E107: - | F107: ANNUAL | G107: 2010 | H107: - | I107: - | J107: - | K107: - | S107: 0.047 | U107: 0.047577273 | W107: 0.01004832 | AB107: 0.059811429 | AC107: 0.014276988 | AK107: 0.097 | AM107: 0.083333333 | AN107: 0.5 | AP107: 0.137 | AQ107: 0.049834352 | AV107: 0.65375404 | AW107: -
A108: BASE | B108: OUTPUT | C108: ICMFINPRO00 | D108: MCMCLK | E108: - | F108: ANNUAL | G108: 2010 | H108: - | I108: - | J108: - | K108: - | L108: 0.91632231 | M108: 0.38807121 | P108: 0.76685124 | Q108: 0.76685124 | R108: 0.76685124 | S108: 0.72374474 | T108: 0.77171384 | U108: 0.76685124 | V108: 0.76685124 | W108: 0.76685124 | X108: 0.76685124 | Y108: 0.5190686 | Z108: 0.76685124 | AA108: 0.76685124 | AB108: 0.90983417 | AC108: 0.76685124 | AK108: 0.76685124 | AM108: 0.48295335 | AN108: 0.76685124 | AP108: 0.7949401 | AQ108: 0.82899902 | AT108: 0.76685124 | AU108: 0.67243898 | AV108: 0.82711066 | AW108: -
A109: BASE | B109: OUTPUT | C109: ICMFINPRO00 | D109: MISBFS | E109: - | F109: ANNUAL | G109: 2010 | H109: - | I109: - | J109: - | K109: - | L109: 0.083677686 | M109: 0.61192879 | P109: 0.23314876 | Q109: 0.23314876 | R109: 0.23314876 | S109: 0.27625526 | T109: 0.22828616 | U109: 0.23314876 | V109: 0.23314876 | W109: 0.23314876 | X109: 0.015455276 | Y109: 0.4809314 | Z109: 0.0081646923 | AA109: 0.23314876 | AB109: 0.090165825 | AC109: 0.23314876 | AK109: 0.23314876 | AM109: 0.51704665 | AN109: 0.034749 | AP109: 0.23314876 | AQ109: 0.17100098 | AT109: 0.23314876 | AU109: 0.32756102 | AV109: 0.17288934 | AW109: -
A110: BASE | B110: OUTPUT | C110: ICMWETPRD00 | D110: INDELC | E110: - | F110: ANNUAL | G110: 2010 | H110: - | I110: - | J110: - | K110: - | L110: 0.3 | M110: 0.3 | N110: 0.3 | O110: 0.24 | P110: 0.3 | Q110: 0.3 | R110: 0.3 | S110: 0.3 | T110: 0.3 | U110: 0.3 | V110: 0.3 | W110: 0.3 | X110: 0.3 | Y110: 0.3 | Z110: 0.3 | AA110: 0.3 | AB110: 0.3 | AC110: 0.3 | AD110: 0.3 | AE110: 0.3 | AF110: 0.3 | AG110: 0.3 | AH110: 0.3 | AI110: 0.3 | AJ110: 0.3 | AK110: 0.3 | AL110: 0.3 | AM110: 0.3 | AN110: 0.3 | AO110: 0.3 | AP110: 0.3 | AQ110: 0.3 | AR110: 0.3 | AS110: 0.3 | AT110: 0.3 | AU110: 0.3 | AV110: 0.3 | AW110: -
A111: BASE | B111: OUTPUT | C111: ICMWETPRD00 | D111: INDHFO | E111: - | F111: ANNUAL | G111: 2010 | H111: - | I111: - | J111: - | K111: - | L111: 6 | M111: 6 | N111: 6 | O111: 4.8 | P111: 6 | Q111: 6 | R111: 6 | S111: 6 | T111: 6 | U111: 6 | V111: 6 | W111: 6 | X111: 6 | Y111: 6 | Z111: 6 | AA111: 6 | AB111: 6 | AC111: 6 | AD111: 6 | AE111: 6 | AF111: 6 | AG111: 6 | AH111: 6 | AI111: 6 | AJ111: 6 | AK111: 6 | AL111: 6 | AM111: 6 | AN111: 6 | AO111: 6 | AP111: 6 | AQ111: 6 | AR111: 6 | AS111: 6 | AT111: 6 | AU111: 6 | AV111: 6 | AW111: -
A112: BASE | B112: OUTPUT | C112: ICMWETPRD00 | D112: MCMCLK | E112: - | F112: ANNUAL | G112: 2010 | H112: - | I112: - | J112: - | K112: - | L112: 1 | M112: 1 | N112: 1 | O112: 1 | P112: 1 | Q112: 1 | R112: 1 | S112: 1 | T112: 1 | U112: 1 | V112: 1 | W112: 1 | X112: 1 | Y112: 1 | Z112: 1 | AA112: 1 | AB112: 1 | AC112: 1 | AD112: 1 | AE112: 1 | AF112: 1 | AG112: 1 | AH112: 1 | AI112: 1 | AJ112: 1 | AK112: 1 | AL112: 1 | AM112: 1 | AN112: 1 | AO112: 1 | AP112: 1 | AQ112: 1 | AR112: 1 | AS112: 1 | AT112: 1 | AU112: 1 | AV112: 1 | AW112: -
A113: BASE | B113: OUTPUT | C113: ICUFINPRO00 | D113: ICU | E113: - | F113: ANNUAL | G113: 2010 | H113: - | I113: - | J113: - | K113: - | L113: 1 | M113: 1 | N113: 1 | O113: 1 | P113: 1 | Q113: 1 | R113: 1 | S113: 1 | T113: 1 | U113: 1 | V113: 1 | W113: 1 | X113: 1 | Y113: 1 | Z113: 1 | AA113: 1 | AB113: 1 | AC113: 1 | AD113: 1 | AE113: 1 | AF113: 1 | AG113: 1 | AH113: 1 | AI113: 1 | AJ113: 1 | AK113: 1 | AL113: 1 | AM113: 1 | AN113: 1 | AO113: 1 | AP113: 1 | AQ113: 1 | AR113: 1 | AS113: 1 | AT113: 1 | AU113: 1 | AV113: 1 | AW113: -
A114: BASE | B114: OUTPUT | C114: ICUFINPRO00 | D114: INDELC | E114: - | F114: ANNUAL | G114: 2010 | H114: - | I114: - | J114: - | K114: - | L114: 1.6 | M114: 1.6 | N114: 0 | O114: 1.6 | P114: 1.6 | Q114: 1.6 | R114: 1.6 | S114: 1.6 | T114: 1.6 | U114: 1.6 | V114: 1.6 | W114: 1.6 | X114: 1.6 | Y114: 1.6 | Z114: 1.6 | AA114: 1.6 | AB114: 1.6 | AC114: 1.6 | AD114: 1.6 | AE114: 1.6 | AF114: 1.6 | AG114: 1.6 | AH114: 1.6 | AI114: 1.6 | AJ114: 1.6 | AK114: 1.6 | AL114: 1.6 | AM114: 1.6 | AN114: 0 | AO114: 1.6 | AP114: 1.6 | AQ114: 1.6 | AR114: 1.6 | AS114: 1.6 | AT114: 1.6 | AU114: 1.6 | AV114: 1.6 | AW114: -
A115: BASE | B115: OUTPUT | C115: ICUFINPRO00 | D115: INDHFO | E115: - | F115: ANNUAL | G115: 2010 | H115: - | I115: - | J115: - | K115: - | L115: 2.8 | M115: 2.8 | N115: 2.8 | O115: 2.8 | P115: 2.8 | Q115: 2.8 | R115: 2.8 | S115: 2.8 | T115: 2.8 | U115: 2.8 | V115: 2.8 | W115: 2.8 | X115: 2.8 | Y115: 2.8 | Z115: 2.8 | AA115: 2.8 | AB115: 2.8 | AC115: 2.8 | AD115: 2.8 | AE115: 2.8 | AF115: 2.8 | AG115: 2.8 | AH115: 2.8 | AI115: 2.8 | AJ115: 2.8 | AK115: 2.8 | AL115: 2.8 | AM115: 2.8 | AN115: 2.8 | AO115: 2.52 | AP115: 2.8 | AQ115: 2.8 | AR115: 2.8 | AS115: 2.8 | AT115: 2.8 | AU115: 2.8 | AV115: 2.8 | AW115: -
A116: BASE | B116: OUTPUT | C116: ICUFINPRO00 | D116: INDLPG | E116: - | F116: ANNUAL | G116: 2010 | H116: - | I116: - | J116: - | K116: - | L116: 2.8 | M116: 2.8 | N116: 2.8 | O116: 2.8 | P116: 2.8 | Q116: 2.8 | R116: 2.8 | S116: 2.8 | T116: 2.8 | U116: 2.8 | V116: 2.8 | W116: 2.8 | X116: 2.8 | Y116: 2.8 | Z116: 2.8 | AA116: 2.8 | AB116: 2.8 | AC116: 2.8 | AD116: 2.8 | AE116: 2.8 | AF116: 2.8 | AG116: 2.8 | AH116: 2.8 | AI116: 2.8 | AJ116: 2.8 | AK116: 2.8 | AL116: 2.8 | AM116: 2.8 | AN116: 2.8 | AO116: 2.8 | AP116: 2.8 | AQ116: 2.8 | AR116: 2.8 | AS116: 2.8 | AT116: 2.8 | AU116: 2.8 | AV116: 2.8 | AW116: -
A117: BASE | B117: OUTPUT | C117: ICUFINPRO00 | D117: MCUSCR | E117: - | F117: ANNUAL | G117: 2010 | H117: - | I117: - | J117: - | K117: - | L117: 0.04 | M117: 0.04 | N117: 0.04 | O117: 0.04 | P117: 0.04 | Q117: 0.04 | R117: 0.04 | S117: 0.04 | T117: 0.04 | U117: 0.04 | V117: 0.04 | W117: 0.04 | X117: 0.04 | Y117: 0.04 | Z117: 0.04 | AA117: 0.04 | AB117: 0.04 | AC117: 0.04 | AD117: 0.04 | AE117: 0.04 | AF117: 0.04 | AG117: 0.04 | AH117: 0.04 | AI117: 0.04 | AJ117: 0.04 | AK117: 0.04 | AL117: 0.04 | AM117: 0.04 | AN117: 0.04 | AO117: 0.04 | AP117: 0.04 | AQ117: 0.04 | AR117: 0.04 | AS117: 0.04 | AT117: 0.04 | AU117: 0.04 | AV117: 0.04 | AW117: -
A118: BASE | B118: OUTPUT | C118: ICUFINPRO00 | D118: MCUSCU | E118: - | F118: ANNUAL | G118: 2010 | H118: - | I118: - | J118: - | K118: - | L118: 0.832 | M118: 0.832 | N118: 0.832 | O118: 0.832 | P118: 0.832 | Q118: 0.832 | R118: 0.832 | S118: 0.832 | T118: 0.832 | U118: 0.832 | V118: 0.832 | W118: 0.832 | X118: 0.832 | Y118: 0.832 | Z118: 0.832 | AA118: 0.832 | AB118: 0.832 | AC118: 0.832 | AD118: 0.832 | AE118: 0.832 | AF118: 0.832 | AG118: 0.832 | AH118: 0.832 | AI118: 0.832 | AJ118: 0.832 | AK118: 0.832 | AL118: 0.832 | AM118: 0.832 | AN118: 0.832 | AO118: 0.832 | AP118: 0.832 | AQ118: 0.832 | AR118: 0.832 | AS118: 0.832 | AT118: 0.832 | AU118: 0.832 | AV118: 0.832 | AW118: -
A119: BASE | B119: OUTPUT | C119: ICUOREPRD00 | D119: ICUHTH | E119: - | F119: ANNUAL | G119: 2010 | H119: - | I119: - | J119: - | K119: - | L119: 0.8 | M119: 0.8 | N119: 0.8 | O119: 0.8 | P119: 0.8 | Q119: 0.8 | R119: 0.8 | S119: 0.8 | T119: 0.8 | U119: 0.8 | V119: 0.8 | W119: 0.8 | X119: 0 | Y119: 3.36 | Z119: 0.8 | AA119: 0.8 | AB119: 0.8 | AC119: 0.8 | AD119: 0.8 | AE119: 0.8 | AF119: 0.8 | AG119: 0.8 | AH119: 0.8 | AI119: 0.8 | AJ119: 0.8 | AK119: 0.8 | AL119: 0.8 | AM119: 0.8 | AN119: 0 | AO119: 0.8 | AP119: 0.8 | AQ119: 0.8 | AR119: 0.8 | AS119: 0.8 | AT119: 0.8 | AU119: 0.8 | AV119: 0.8 | AW119: -
A120: BASE | B120: OUTPUT | C120: ICUOREPRD00 | D120: INDCOK | E120: - | F120: ANNUAL | G120: 2010 | H120: - | I120: - | J120: - | K120: - | L120: 1.52 | M120: 1.52 | N120: 1.52 | O120: 1.52 | P120: 1.52 | Q120: 1.52 | R120: 1.52 | S120: 1.52 | T120: 1.52 | U120: 1.52 | V120: 1.52 | W120: 1.52 | X120: 1.52 | Y120: 1.52 | Z120: 1.52 | AA120: 1.52 | AB120: 1.52 | AC120: 1.52 | AD120: 1.52 | AE120: 1.52 | AF120: 1.52 | AG120: 1.52 | AH120: 1.52 | AI120: 1.52 | AJ120: 1.52 | AK120: 1.52 | AL120: 1.52 | AM120: 1.52 | AN120: 1.52 | AO120: 1.52 | AP120: 1.52 | AQ120: 1.52 | AR120: 1.52 | AS120: 1.52 | AT120: 1.52 | AU120: 1.52 | AV120: 1.52 | AW120: -
A121: BASE | B121: OUTPUT | C121: ICUOREPRD00 | D121: INDELC | E121: - | F121: ANNUAL | G121: 2010 | H121: - | I121: - | J121: - | K121: - | L121: 8 | M121: 8 | N121: 8 | O121: 8 | P121: 8 | Q121: 8 | R121: 8 | S121: 8 | T121: 8 | U121: 8 | V121: 8 | W121: 8 | X121: 8 | Y121: 8 | Z121: 8 | AA121: 8 | AB121: 8 | AC121: 8 | AD121: 8 | AE121: 8 | AF121: 8 | AG121: 8 | AH121: 8 | AI121: 8 | AJ121: 8 | AK121: 8 | AL121: 8 | AM121: 8 | AN121: 8 | AO121: 8 | AP121: 8 | AQ121: 8 | AR121: 8 | AS121: 8 | AT121: 8 | AU121: 8 | AV121: 8 | AW121: -
... A224: BASE | B224: OUTPUT | C224: IISFECRFR00 | D224: MISRFC | E224: - | F224: ANNUAL | G224: 2010 | H224: - | I224: - | J224: - | K224: - | L224: 1 | M224: 1 | N224: 1 | O224: 1 | P224: 1 | Q224: 1 | R224: 1 | S224: 1 | T224: 1 | U224: 1 | V224: 1 | W224: 1 | X224: 1 | Y224: 1 | Z224: 1 | AA224: 1 | AB224: 1 | AC224: 1 | AD224: 1 | AE224: 1 | AF224: 1 | AG224: 1 | AH224: 1 | AI224: 1 | AJ224: 1 | AK224: 1 | AL224: 1 | AM224: 1 | AN224: 1 | AO224: 1 | AP224: 1 | AQ224: 1 | AR224: 1 | AS224: 1 | AT224: 1 | AU224: 1 | AV224: 1 | AW224: -
A225: BASE | B225: OUTPUT | C225: IISFINPRO00 | D225: IIS | E225: - | F225: ANNUAL | G225: 2010 | H225: - | I225: - | J225: - | K225: - | L225: 1 | M225: 1 | N225: 1 | O225: 1 | P225: 1 | Q225: 1 | S225: 1 | T225: 1 | U225: 1 | W225: 1 | X225: 1 | Y225: 1 | Z225: 1 | AA225: 1 | AB225: 1 | AE225: 1 | AF225: 1 | AG225: 1 | AH225: 1 | AI225: 1 | AJ225: 1 | AK225: 1 | AM225: 1 | AN225: 1 | AO225: 1 | AP225: 1 | AQ225: 1 | AR225: 1 | AS225: 1 | AT225: 1 | AU225: 1 | AV225: 1 | AW225: -
A226: BASE | B226: OUTPUT | C226: IISFINPRO00 | D226: IISHTH | E226: - | F226: ANNUAL | G226: 2010 | H226: - | I226: - | J226: - | K226: - | M226: 0.115 | O226: 0.24 | S226: 0.92 | T226: 0.030574561 | U226: 0.54230769 | Y226: 0.645 | AA226: 0.010526316 | AB226: 0.43921335 | AE226: 0.052735951 | AG226: 0.1 | AK226: 0.63230241 | AN226: 1.29 | AO226: 1 | AQ226: 0.125 | AR226: 0.79904306 | AT226: 0.24422442 | AU226: 0.78 | AV226: 0.027333904 | AW226: -
A227: BASE | B227: OUTPUT | C227: IISFINPRO00 | D227: INDBFG | E227: - | F227: ANNUAL | G227: 2010 | H227: - | I227: - | J227: - | K227: - | M227: 0.77463658 | N227: 6.2294865 | O227: 0.86528858 | S227: 1.4316331 | T227: 1.0236834 | X227: 0.32537682 | Y227: 0.92 | Z227: 0.39921669 | AB227: 1.6278377 | AM227: 1.1539584 | AN227: 0.9085856 | AO227: 1.2471377 | AQ227: 1.5111639 | AR227: 1.843724 | AS227: 0.17260003 | AU227: 2.4986964 | AV227: 0.94992793 | AW227: -
A228: BASE | B228: OUTPUT | C228: IISFINPRO00 | D228: INDCOA | E228: - | F228: ANNUAL | G228: 2010 | H228: - | I228: - | J228: - | K228: - | M228: 0.0076325284 | Q228: 0.29 | S228: 0.185 | X228: 0.55 | Z228: 2.31 | AE228: 0.20912856 | AH228: 0.27 | AI228: 0.038 | AJ228: 0.66 | AK228: 12.95 | AN228: 7.6976152 | AO228: 0.22 | AP228: 0.128 | AQ228: 0.0088645549 | AS228: 0.33 | AU228: 0.235 | AV228: 1.1156171 | AW228: -
A229: BASE | B229: OUTPUT | C229: IISFINPRO00 | D229: INDCOG | E229: - | F229: ANNUAL | G229: 2010 | H229: - | I229: - | J229: - | K229: - | M229: 0.70482931 | O229: 0.78756394 | S229: 0.51022269 | T229: 0.37293441 | X229: 0.20908372 | Y229: 0.88 | Z229: 0.64182186 | AB229: 1.7640175 | AM229: 1.0495271 | AO229: 0.92827919 | AS229: 0.30799672 | AU229: 1.6318252 | AV229: 0.24297425 | AW229: -
A230: BASE | B230: OUTPUT | C230: IISFINPRO00 | D230: INDCOK | E230: - | F230: ANNUAL | G230: 2010 | H230: - | I230: - | J230: - | K230: - | M230: 2.2711676 | O230: 0.027197775 | Q230: 0.04224812 | S230: 2.2844392 | X230: 0.04524962 | Y230: 4.06 | Z230: 0.029504724 | AA230: 1.2 | AB230: 1.6104741 | AE230: 0.049987868 | AG230: 0.93333333 | AH230: 0.010989011 | AI230: 0.13129771 | AJ230: 0.21 | AK230: 2.5463918 | AN230: 10.55 | AQ230: 0.65 | AR230: 0.0851086 | AS230: 0.55798229 | AT230: 0.37623762 | AU230: 0.21952084 | AW230: -
A231: BASE | B231: OUTPUT | C231: IISFINPRO00 | D231: INDELC | E231: - | F231: ANNUAL | G231: 2010 | H231: - | I231: - | J231: - | K231: - | M231: 0.5154685 | N231: 2.2810165 | O231: 0.835 | P231: 1.9251075 | Q231: 1.9065714 | S231: 0.88952997 | T231: 1.0417823 | U231: 2.3230769 | W231: 0.39186052 | X231: 1.281418 | Y231: 0.089 | Z231: 0.68482284 | AA231: 5.6631579 | AB231: 0.066738403 | AE231: 0.8523234 | AF231: 11.6445 | AG231: 0.26666667 | AH231: 1.0123705 | AI231: 0.013740458 | AJ231: 0.605 | AK231: 14.058419 | AN231: 31.65 | AO231: 1.015 | AP231: 0.79430422 | AQ231: 4.7991534 | AR231: 0.555 | AS231: 0.21671813 | AT231: 2.3844884 | AU231: 0.42432464 | AW231: -
A232: BASE | B232: OUTPUT | C232: IISFINPRO00 | D232: INDGAS | E232: - | F232: ANNUAL | G232: 2010 | H232: - | I232: - | J232: - | K232: - | M232: 2.1567721 | N232: 1.6245912 | O232: 2.0302171 | P232: 2.141828 | Q232: 1.6864511 | S232: 2.291706 | T232: 2.1013541 | U232: 2.9653846 | W232: 0.14556672 | X232: 0.22877544 | Y232: 0.09 | Z232: 1.769003 | AA232: 7.7947368 | AB232: 1.4228427 | AE232: 1.9119481 | AH232: 1.8181633 | AI232: 4.098855 | AK232: 3.3934708 | AM232: 1.458355 | AO232: 1.7854979 | AP232: 0.76128793 | AQ232: 4.4413625 | AR232: 0.74007496 | AT232: 4.4686469 | AU232: 1.3785577 | AV232: 1.6543815 | AW232: -
A233: BASE | B233: OUTPUT | C233: IISFINPRO00 | D233: INDHFO | E233: - | F233: ANNUAL | G233: 2010 | H233: - | I233: - | J233: - | K233: - | L233: 1.1408205 | M233: 1.1566699 | Q233: 0.03006015 | S233: 0.14327255 | T233: 0.1327632 | U233: 0.15769231 | W233: 0.065897858 | X233: 0.84923939 | Y233: 2.485 | AA233: 0.32631579 | AE233: 0.0060299322 | AI233: 1.480916 | AJ233: 3.145 | AK233: 10.635739 | AN233: 0.068093385 | AP233: 0.029607698 | AS233: 0.81792841 | AW233: -
A234: BASE | B234: OUTPUT | C234: IISFINPRO00 | D234: INDLFO | E234: - | F234: ANNUAL | G234: 2010 | H234: - | I234: - | J234: - | K234: - | L234: 0.32764103 | O234: 0.064593001 | Q234: 0.28826316 | T234: 0.02936345 | U234: 0.15384615 | W234: 0.023613399 | X234: 0.13651104 | Y234: 0.042431762 | Z234: 0.016673154 | AB234: 0.050059595 | AE234: 0.033087379 | AH234: 0.033359498 | AK234: 0.59106529 | AM234: 0.019245226 | AN234: 0.58754864 | AO234: 0.010634305 | AP234: 0.062916358 | AQ234: 0.011287288 | AR234: 0.035885167 | AS234: 0.11514651 | AT234: 0.069306931 | AW234: -
A235: BASE | B235: OUTPUT | C235: IISFINPRO00 | D235: INDLPG | E235: - | F235: ANNUAL | G235: 2010 | H235: - | I235: - | J235: - | K235: - | T235: 0.047367671 | U235: 0.17692308 | X235: 0.090069143 | Y235: 0.97 | AE235: 0.013360089 | AJ235: 4.44 | AN235: 0.26848249 | AP235: 0.034048853 | AS235: 1.3358853 | AT235: 0.15181518 | AW235: -
A236: BASE | B236: OUTPUT | C236: IISFINPRO00 | D236: MISCST | E236: - | F236: ANNUAL | G236: 2010 | H236: - | I236: - | J236: - | K236: - | L236: 1 | M236: 1 | N236: 1 | O236: 1 | P236: 1 | Q236: 1 | S236: 1 | T236: 1 | U236: 1 | W236: 1 | X236: 1 | Y236: 1 | Z236: 1 | AA236: 1 | AB236: 1 | AE236: 1 | AF236: 1 | AG236: 1 | AH236: 1 | AI236: 1 | AJ236: 1 | AK236: 1 | AM236: 1 | AN236: 1 | AO236: 1 | AP236: 1 | AQ236: 1 | AR236: 1 | AS236: 1 | AT236: 1 | AU236: 1 | AV236: 1 | AW236: -
A237: BASE | B237: OUTPUT | C237: IISPELLET00 | D237: INDCOK | E237: - | F237: ANNUAL | G237: 2010 | H237: - | I237: - | J237: - | K237: - | L237: 1.01 | M237: 1.01 | N237: 1.01 | O237: 1.01 | P237: 1.01 | Q237: 1.01 | R237: 1.01 | S237: 1.01 | T237: 1.01 | U237: 1.01 | V237: 1.01 | W237: 1.01 | X237: 1.01 | Y237: 1.01 | Z237: 1.01 | AA237: 1.01 | AB237: 1.01 | AC237: 1.01 | AD237: 1.01 | AE237: 1.01 | AF237: 1.01 | AG237: 1.01 | AH237: 1.01 | AI237: 1.01 | AJ237: 1.01 | AK237: 1.01 | AL237: 1.01 | AM237: 0.8888 | AN237: 1.01 | AO237: 1.01 | AP237: 1.01 | AQ237: 1.01 | AR237: 1.01 | AS237: 1.01 | AT237: 1.01 | AU237: 1.01 | AV237: 1.01 | AW237: -
A238: BASE | B238: OUTPUT | C238: IISPELLET00 | D238: INDELC | E238: - | F238: ANNUAL | G238: 2010 | H238: - | I238: - | J238: - | K238: - | L238: 1.0716 | M238: 1.14 | N238: 1.14 | O238: 1.14 | P238: 1.14 | Q238: 1.14 | R238: 1.14 | S238: 1.14 | T238: 0.9 | U238: 1.14 | V238: 1.14 | W238: 1.14 | X238: 1.14 | Y238: 1.14 | Z238: 1.14 | AA238: 0.9 | AB238: 0.9 | AC238: 1.14 | AD238: 1.14 | AE238: 1.14 | AF238: 1.14 | AG238: 1.14 | AH238: 1.14 | AI238: 1.14 | AJ238: 1.14 | AK238: 1.14 | AL238: 1.14 | AM238: 1.026 | AN238: 1.14 | AO238: 1.14 | AP238: 1.14 | AQ238: 1.14 | AR238: 1.14 | AS238: 1.14 | AT238: 1.14 | AU238: 1.14 | AV238: 1.0716 | AW238: -
A239: BASE | B239: OUTPUT | C239: IISPELLET00 | D239: MISORE | E239: - | F239: ANNUAL | G239: 2010 | H239: - | I239: - | J239: - | K239: - | L239: 1 | M239: 1 | N239: 1 | O239: 1 | P239: 1 | Q239: 1 | R239: 1 | S239: 1 | T239: 1 | U239: 1 | V239: 1 | W239: 1 | X239: 1 | Y239: 1 | Z239: 1 | AA239: 1 | AB239: 1 | AC239: 1 | AD239: 1 | AE239: 1 | AF239: 1 | AG239: 1 | AH239: 1 | AI239: 1 | AJ239: 1 | AK239: 1 | AL239: 1 | AM239: 1.2 | AN239: 1 | AO239: 1 | AP239: 1 | AQ239: 1 | AR239: 1 | AS239: 1 | AT239: 1 | AU239: 1 | AV239: 1 | AW239: -
A240: BASE | B240: OUTPUT | C240: IISPELLET00 | D240: MISPLT | E240: - | F240: ANNUAL | G240: 2010 | H240: - | I240: - | J240: - | K240: - | L240: 1 | M240: 1 | N240: 1 | O240: 1 | P240: 1 | Q240: 1 | R240: 1 | S240: 1 | T240: 1 | U240: 1 | V240: 1 | W240: 1 | X240: 1 | Y240: 1 | Z240: 1 | AA240: 1 | AB240: 1 | AC240: 1 | AD240: 1 | AE240: 1 | AF240: 1 | AG240: 1 | AH240: 1 | AI240: 1 | AJ240: 1 | AK240: 1 | AL240: 1 | AM240: 1 | AN240: 1 | AO240: 1 | AP240: 1 | AQ240: 1 | AR240: 1 | AS240: 1 | AT240: 1 | AU240: 1 | AV240: 1 | AW240: -
A241: BASE | B241: OUTPUT | C241: IISSINTER00 | D241: INDCOG | E241: - | F241: ANNUAL | G241: 2010 | H241: - | I241: - | J241: - | K241: - | L241: 0.9 | M241: 0.9 | N241: 0 | O241: 0.9 | P241: 0.9 | Q241: 0.9 | R241: 0.9 | S241: 0.9 | T241: 0.9 | U241: 0.9 | V241: 0.9 | W241: 0.9 | X241: 0.9 | Y241: 0.9 | Z241: 0.9 | AA241: 0.9 | AB241: 0.9 | AC241: 0.9 | AD241: 0.9 | AE241: 0 | AF241: 0 | AG241: 0.9 | AH241: 0.9 | AI241: 0.9 | AJ241: 0.9 | AK241: 0.9 | AL241: 0.9 | AM241: 0.8 | AN241: 0 | AO241: 0.9 | AP241: 0.9 | AQ241: 0 | AR241: 0 | AS241: 0.9 | AT241: 0.9 | AU241: 0.9 | AV241: 0.708 | AW241: -
A242: BASE | B242: OUTPUT | C242: IISSINTER00 | D242: INDCOK | E242: - | F242: ANNUAL | G242: 2010 | H242: - | I242: - | J242: - | K242: - | L242: 0.9 | M242: 0.9 | N242: 0.9 | O242: 0.9 | P242: 0.9 | Q242: 0.9 | R242: 0.9 | S242: 0.9 | T242: 0.9 | U242: 0.9 | V242: 0.9 | W242: 0.9 | X242: 0.9 | Y242: 0.9 | Z242: 0.9 | AA242: 0.9 | AB242: 0.9 | AC242: 0.9 | AD242: 0.9 | AE242: 0.9 | AF242: 0.9 | AG242: 0.9 | AH242: 0.9 | AI242: 0.9 | AJ242: 0.9 | AK242: 0.9 | AL242: 0.9 | AM242: 0.792 | AN242: 1.8 | AO242: 0.9 | AP242: 0.9 | AQ242: 1.8 | AR242: 1.8 | AS242: 0.9 | AT242: 0.9 | AU242: 0.9 | AV242: 0.9 | AW242: -
A243: BASE | B243: OUTPUT | C243: IISSINTER00 | D243: INDELC | E243: - | F243: ANNUAL | G243: 2010 | H243: - | I243: - | J243: - | K243: - | L243: 0.1128 | M243: 0.12 | N243: 0.12 | O243: 0.12 | P243: 0.12 | Q243: 0.12 | R243: 0.12 | S243: 0.12 | T243: 0.12 | U243: 0.12 | V243: 0.12 | W243: 0.12 | X243: 0.12 | Y243: 0.12 | Z243: 0.12 | AA243: 0.12 | AB243: 0.12 | AC243: 0.12 | AD243: 0.12 | AE243: 0.12 | AF243: 0.12 | AG243: 0.12 | AH243: 0.12 | AI243: 0.12 | AJ243: 0.12 | AK243: 0.12 | AL243: 0.12 | AM243: 0.12 | AN243: 0.12 | AO243: 0.12 | AP243: 0.12 | AQ243: 0.12 | AR243: 0.12 | AS243: 0.12 | AT243: 0.12 | AU243: 0.12 | AV243: 0.1128 | AW243: -
A244: BASE | B244: OUTPUT | C244: IISSINTER00 | D244: MISORE | E244: - | F244: ANNUAL | G244: 2010 | H244: - | I244: - | J244: - | K244: - | L244: 1 | M244: 1 | N244: 1 | O244: 1 | P244: 1 | Q244: 1 | R244: 1 | S244: 1 | T244: 1 | U244: 1 | V244: 1 | W244: 1 | X244: 1 | Y244: 1 | Z244: 1 | AA244: 1 | AB244: 1 | AC244: 1 | AD244: 1 | AE244: 1 | AF244: 1 | AG244: 1 | AH244: 1 | AI244: 1 | AJ244: 1 | AK244: 1 | AL244: 1 | AM244: 1.2 | AN244: 1 | AO244: 1 | AP244: 1 | AQ244: 1 | AR244: 1 | AS244: 1 | AT244: 1 | AU244: 1 | AV244: 1 | AW244: -
A245: BASE | B245: OUTPUT | C245: IISSINTER00 | D245: MISSNT | E245: - | F245: ANNUAL | G245: 2010 | H245: - | I245: - | J245: - | K245: - | L245: 1 | M245: 1 | N245: 1 | O245: 1 | P245: 1 | Q245: 1 | R245: 1 | S245: 1 | T245: 1 | U245: 1 | V245: 1 | W245: 1 | X245: 1 | Y245: 1 | Z245: 1 | AA245: 1 | AB245: 1 | AC245: 1 | AD245: 1 | AE245: 1 | AF245: 1 | AG245: 1 | AH245: 1 | AI245: 1 | AJ245: 1 | AK245: 1 | AL245: 1 | AM245: 1 | AN245: 1 | AO245: 1 | AP245: 1 | AQ245: 1 | AR245: 1 | AS245: 1 | AT245: 1 | AU245: 1 | AV245: 1 | AW245: -
A246: BASE | B246: OUTPUT | C246: ILMQLMPRO00 | D246: ILM | E246: - | F246: ANNUAL | G246: 2010 | H246: - | I246: - | J246: - | K246: - | L246: 1 | M246: 1 | N246: 1 | O246: 1 | P246: 1 | Q246: 1 | R246: 1 | S246: 1 | T246: 1 | U246: 1 | V246: 1 | W246: 1 | X246: 1 | Y246: 1 | Z246: 1 | AA246: 1 | AB246: 1 | AC246: 1 | AD246: 1 | AE246: 1 | AF246: 1 | AG246: 1 | AH246: 1 | AI246: 1 | AJ246: 1 | AK246: 1 | AL246: 1 | AM246: 1 | AN246: 1 | AO246: 1 | AP246: 1 | AQ246: 1 | AR246: 1 | AS246: 1 | AT246: 1 | AU246: 1 | AV246: 1 | AW246: -
A247: BASE | B247: OUTPUT | C247: ILMQLMPRO00 | D247: ILMPRC | E247: - | F247: ANNUAL | G247: 2010 | H247: - | I247: - | J247: - | K247: - | L247: 0.252 | M247: 0.252 | N247: 0.252 | O247: 0.252 | P247: 0.252 | Q247: 0.252 | R247: 0.252 | S247: 0.252 | T247: 0.252 | U247: 0.252 | V247: 0.252 | W247: 0.252 | X247: 0.252 | Y247: 0.252 | Z247: 0.252 | AA247: 0.252 | AB247: 0.252 | AC247: 0.252 | AD247: 0.252 | AE247: 0.252 | AF247: 0.252 | AG247: 0.252 | AH247: 0.252 | AI247: 0.252 | AJ247: 0.252 | AK247: 0.252 | AL247: 0.252 | AM247: 0.252 | AN247: 0.252 | AO247: 0.252 | AP247: 0.252 | AQ247: 0.252 | AR247: 0.252 | AS247: 0.252 | AT247: 0.252 | AU247: 0.252 | AV247: 0.252 | AW247: -
A248: BASE | B248: OUTPUT | C248: ILMQLMPRO00 | D248: INDCO2P | E248: - | F248: ANNUAL | G248: 2010 | H248: - | I248: - | J248: - | K248: - | L248: 0.786 | M248: 0.786 | N248: 0.786 | O248: 0.786 | P248: 0.786 | Q248: 0.786 | R248: 0.786 | S248: 0.786 | T248: 0.786 | U248: 0.786 | V248: 0.786 | W248: 0.786 | X248: 0.786 | Y248: 0.786 | Z248: 0.786 | AA248: 0.786 | AB248: 0.786 | AC248: 0.786 | AD248: 0.786 | AE248: 0.786 | AF248: 0.786 | AG248: 0.786 | AH248: 0.786 | AI248: 0.786 | AJ248: 0.786 | AK248: 0.786 | AL248: 0.786 | AM248: 0.786 | AN248: 0.786 | AO248: 0.786 | AP248: 0.786 | AQ248: 0.786 | AR248: 0.786 | AS248: 0.786 | AT248: 0.786 | AU248: 0.786 | AV248: 0.786 | AW248: -
... A410: BASE | B410: OUTPUT | C410: IPPHIGQUA00 | D410: MPPPUP | E410: - | F410: ANNUAL | G410: 2010 | H410: - | I410: - | J410: - | K410: - | L410: 1.02 | M410: 1.02 | N410: 1.02 | O410: 1.02 | P410: 1.02 | Q410: 1.02 | R410: 1.02 | S410: 1.02 | T410: 1.02 | U410: 1.02 | V410: 1.224 | W410: 1.02 | X410: 0.714 | Y410: 1.326 | Z410: 1.02 | AA410: 1.02 | AB410: 1.02 | AC410: 1.02 | AD410: 1.02 | AE410: 1.02 | AF410: 1.02 | AG410: 1.02 | AH410: 1.02 | AI410: 1.02 | AJ410: 1.02 | AK410: 1.02 | AL410: 1.02 | AM410: 1.02 | AN410: 1.02 | AO410: 1.02 | AP410: 1.02 | AQ410: 1.02 | AR410: 1.02 | AS410: 1.02 | AT410: 1.02 | AU410: 1.02 | AV410: 1.02 | AW410: -
A411: BASE | B411: OUTPUT | C411: IPPLOWQUA00 | D411: INDBIO | E411: - | F411: ANNUAL | G411: 2010 | H411: - | I411: - | J411: - | K411: - | O411: 0.148 | P411: 0.438 | Q411: 0.438 | T411: 0.15 | U411: 0.15 | AW411: -
A412: BASE | B412: OUTPUT | C412: IPPLOWQUA00 | D412: INDELC | E412: - | F412: ANNUAL | G412: 2010 | H412: - | I412: - | J412: - | K412: - | L412: 2.3 | M412: 2 | N412: 2.9 | O412: 2.12 | P412: 2.4 | Q412: 2.4 | R412: 2 | S412: 2.7 | T412: 2 | U412: 2 | V412: 2.97 | W412: 1.8 | X412: 1.35 | Y412: 3.34 | Z412: 2.08 | AA412: 1.99 | AB412: 2 | AC412: 3.82 | AD412: 2 | AE412: 1.96 | AF412: 2 | AG412: 2.5 | AH412: 2.68 | AI412: 1.554 | AJ412: 2 | AK412: 2.5 | AL412: 2 | AM412: 1.7 | AN412: 2.35 | AO412: 2.2 | AP412: 3.4 | AQ412: 2.2 | AR412: 2 | AS412: 3.6 | AT412: 1.92 | AU412: 2.4 | AV412: 2.82 | AW412: -
A413: BASE | B413: OUTPUT | C413: IPPLOWQUA00 | D413: INDGAS | E413: - | F413: ANNUAL | G413: 2010 | H413: - | I413: - | J413: - | K413: - | L413: 0 | M413: 0.29 | N413: 0.29 | O413: 0 | P413: 0 | Q413: 0 | R413: 0.29 | S413: 0.29 | T413: 0.29 | U413: 0.25 | V413: 0.25955 | W413: 0.29 | X413: 0 | Y413: 0 | Z413: 0 | AA413: 0.29 | AB413: 0.29 | AC413: 0 | AD413: 0.29 | AE413: 0.29 | AF413: 0.29 | AG413: 0.29 | AH413: 0.29 | AI413: 0.29 | AJ413: 0.29 | AK413: 0.29 | AL413: 0.29 | AM413: 0.29 | AN413: 0 | AO413: 0.29 | AP413: 0 | AQ413: 0.29 | AR413: 0.29 | AS413: 0 | AT413: 0.29 | AU413: 0.29 | AV413: 0.29 | AW413: -
A414: BASE | B414: OUTPUT | C414: IPPLOWQUA00 | D414: INDLPG | E414: - | F414: ANNUAL | G414: 2010 | H414: - | I414: - | J414: - | K414: - | L414: 0 | M414: 0 | N414: 0 | O414: 0 | P414: 0 | Q414: 0 | R414: 0.148 | S414: 0 | T414: 0 | U414: 0 | V414: 0 | W414: 0.148 | X414: 0 | Y414: 0.148 | Z414: 0 | AA414: 0.148 | AB414: 0 | AC414: 0.148 | AD414: 0.148 | AE414: 0 | AF414: 0.148 | AG414: 0 | AH414: 0 | AI414: 0 | AJ414: 0.148 | AK414: 0.148 | AL414: 0.148 | AM414: 0 | AN414: 0.148 | AO414: 0 | AP414: 0 | AQ414: 0.148 | AR414: 0.148 | AS414: 0 | AT414: 0 | AU414: 0 | AV414: 0 | AW414: -
A415: BASE | B415: OUTPUT | C415: IPPLOWQUA00 | D415: IPL | E415: - | F415: ANNUAL | G415: 2010 | H415: - | I415: - | J415: - | K415: - | L415: 1 | M415: 1 | N415: 1 | O415: 1 | P415: 1 | Q415: 1 | R415: 1 | S415: 1 | T415: 1 | U415: 1 | V415: 1 | W415: 1 | X415: 1 | Y415: 1 | Z415: 1 | AA415: 1 | AB415: 1 | AC415: 1 | AD415: 1 | AE415: 1 | AF415: 1 | AG415: 1 | AH415: 1 | AI415: 1 | AJ415: 1 | AK415: 1 | AL415: 1 | AM415: 1 | AN415: 1 | AO415: 1 | AP415: 1 | AQ415: 1 | AR415: 1 | AS415: 1 | AT415: 1 | AU415: 1 | AV415: 1 | AW415: -
A416: BASE | B416: OUTPUT | C416: IPPLOWQUA00 | D416: IPPHTH | E416: - | F416: ANNUAL | G416: 2010 | H416: - | I416: - | J416: - | K416: - | L416: 8.925 | M416: 8.288 | N416: 10.15 | O416: 7.7 | P416: 9.52 | Q416: 5.698 | R416: 7 | S416: 10.78 | T416: 6.398 | U416: 7 | V416: 7.63 | W416: 5.824 | X416: 6.475 | Y416: 9.8 | Z416: 7 | AA416: 6.965 | AB416: 6.02 | AC416: 1.785 | AD416: 7 | AE416: 6.65 | AF416: 7 | AG416: 6.3 | AH416: 6.055 | AI416: 5.439 | AJ416: 7 | AK416: 4.305 | AL416: 7 | AM416: 6.755 | AN416: 5.719 | AO416: 7.7 | AP416: 12.95 | AQ416: 7.35 | AR416: 7 | AS416: 10.325 | AT416: 6.818 | AU416: 10.15 | AV416: 6.37 | AW416: -
A417: BASE | B417: OUTPUT | C417: IPPLOWQUA00 | D417: MPPGYP | E417: - | F417: ANNUAL | G417: 2010 | H417: - | I417: - | J417: - | K417: - | L417: 0.22 | M417: 0.22 | N417: 0.22 | O417: 0.22 | P417: 0.22 | Q417: 0.22 | R417: 0.22 | S417: 0.22 | T417: 0.22 | U417: 0.22 | V417: 0.22 | W417: 0.22 | X417: 0.22 | Y417: 0.22 | Z417: 0.22 | AA417: 0.22 | AB417: 0.22 | AC417: 0.22 | AD417: 0.22 | AE417: 0.22 | AF417: 0.22 | AG417: 0.22 | AH417: 0.22 | AI417: 0.22 | AJ417: 0.22 | AK417: 0.22 | AL417: 0.22 | AM417: 0.22 | AN417: 0.22 | AO417: 0.22 | AP417: 0.22 | AQ417: 0.22 | AR417: 0.22 | AS417: 0.22 | AT417: 0.22 | AU417: 0.22 | AV417: 0.22 | AW417: -
A418: BASE | B418: OUTPUT | C418: IPPLOWQUA00 | D418: MPPKAO | E418: - | F418: ANNUAL | G418: 2010 | H418: - | I418: - | J418: - | K418: - | L418: 0.05 | M418: 0.05 | N418: 0.05 | O418: 0.05 | P418: 0.05 | Q418: 0.05 | R418: 0.05 | S418: 0.05 | T418: 0.05 | U418: 0.05 | V418: 0.05 | W418: 0.05 | X418: 0.05 | Y418: 0.05 | Z418: 0.05 | AA418: 0.05 | AB418: 0.05 | AC418: 0.05 | AD418: 0.05 | AE418: 0.05 | AF418: 0.05 | AG418: 0.05 | AH418: 0.05 | AI418: 0.05 | AJ418: 0.05 | AK418: 0.05 | AL418: 0.05 | AM418: 0.05 | AN418: 0.05 | AO418: 0.05 | AP418: 0.05 | AQ418: 0.05 | AR418: 0.05 | AS418: 0.05 | AT418: 0.05 | AU418: 0.05 | AV418: 0.05 | AW418: -
A419: BASE | B419: OUTPUT | C419: IPPLOWQUA00 | D419: MPPPUP | E419: - | F419: ANNUAL | G419: 2010 | H419: - | I419: - | J419: - | K419: - | L419: 0.68 | M419: 0.68 | N419: 0.748 | O419: 0.68 | P419: 0.68 | Q419: 0.68 | R419: 0.68 | S419: 0.68 | T419: 0.68 | U419: 0.68 | V419: 1.003 | W419: 0.68 | X419: 0.612 | Y419: 0.884 | Z419: 0.68 | AA419: 0.68 | AB419: 0.68 | AC419: 0.68 | AD419: 0.68 | AE419: 0.68 | AF419: 0.68 | AG419: 0.68 | AH419: 0.68 | AI419: 0.68 | AJ419: 0.68 | AK419: 0.68 | AL419: 0.68 | AM419: 0.68 | AN419: 0.68 | AO419: 0.68 | AP419: 0.748 | AQ419: 0.68 | AR419: 0.68 | AS419: 1.1424 | AT419: 0.68 | AU419: 0.918 | AV419: 0.68 | AW419: -
A420: BASE | B420: OUTPUT | C420: IPPLOWQUA00 | D420: MPPRYC | E420: - | F420: ANNUAL | G420: 2010 | H420: - | I420: - | J420: - | K420: - | L420: 0.09 | M420: 0.09 | N420: 0.09 | O420: 0.09 | P420: 0.09 | Q420: 0.09 | R420: 0.09 | S420: 0.09 | T420: 0.09 | U420: 0.09 | V420: 0.09 | W420: 0.09 | X420: 0.09 | Y420: 0.09 | Z420: 0.09 | AA420: 0.09 | AB420: 0.09 | AC420: 0.09 | AD420: 0.09 | AE420: 0.09 | AF420: 0.09 | AG420: 0.09 | AH420: 0.09 | AI420: 0.09 | AJ420: 0.09 | AK420: 0.09 | AL420: 0.09 | AM420: 0.09 | AN420: 0.09 | AO420: 0.09 | AP420: 0.09 | AQ420: 0.09 | AR420: 0.09 | AS420: 0.09 | AT420: 0.09 | AU420: 0.09 | AV420: 0.09 | AW420: -
A421: BASE | B421: OUTPUT | C421: IPPPUPCHE00 | D421: INDBIO | E421: - | F421: ANNUAL | G421: 2010 | H421: - | I421: - | J421: - | K421: - | L421: 4.7 | M421: 4.7 | N421: 4.7 | O421: 4.7 | P421: 2.35 | Q421: 4.7 | R421: 4.7 | S421: 4.7 | T421: 4.7 | U421: 4.7 | V421: 4.7 | W421: 4.7 | X421: 4.7 | Y421: 4.7 | Z421: 5.405 | AA421: 4.7 | AB421: 4.7 | AC421: 4.7 | AD421: 4.7 | AE421: 4.7 | AF421: 4.7 | AG421: 4.7 | AH421: 4.7 | AI421: 4.7 | AJ421: 4.7 | AK421: 4.7 | AL421: 4.7 | AM421: 4.7 | AN421: 4.7 | AO421: 4.7 | AP421: 4.7 | AQ421: 4.7 | AR421: 4.7 | AS421: 4.7 | AT421: 4.7 | AU421: 4.7 | AV421: 4.7 | AW421: -
A422: BASE | B422: OUTPUT | C422: IPPPUPCHE00 | D422: INDBLQ | E422: - | F422: ANNUAL | G422: 2010 | H422: - | I422: - | J422: - | K422: - | L422: 18 | M422: 18 | N422: 9 | O422: 18 | P422: 9 | Q422: 18 | R422: 18 | S422: 18 | T422: 18 | U422: 18 | V422: 18 | W422: 18 | X422: 18 | Y422: 18 | Z422: 20.7 | AA422: 18 | AB422: 18 | AC422: 18 | AD422: 18 | AE422: 18 | AF422: 18 | AG422: 18 | AH422: 18 | AI422: 18 | AJ422: 18 | AK422: 18 | AL422: 18 | AM422: 18 | AN422: 18 | AO422: 18 | AP422: 18 | AQ422: 18 | AR422: 18 | AS422: 18 | AT422: 18 | AU422: 18 | AV422: 18 | AW422: -
A423: BASE | B423: OUTPUT | C423: IPPPUPCHE00 | D423: INDELC | E423: - | F423: ANNUAL | G423: 2010 | H423: - | I423: - | J423: - | K423: - | L423: 2.645 | M423: 2.3 | N423: 3.335 | O423: 2.438 | P423: 2.76 | Q423: 2.76 | R423: 2.3 | S423: 3.105 | T423: 2.3 | U423: 2.3 | V423: 3.4155 | W423: 2.07 | X423: 1.5525 | Y423: 2.52 | Z423: 2.392 | AA423: 2.2885 | AB423: 2.3 | AC423: 2.3 | AD423: 2.3 | AE423: 2.254 | AF423: 2.3 | AG423: 2.875 | AH423: 3.082 | AI423: 1.7871 | AJ423: 2.3 | AK423: 2.875 | AL423: 2.3 | AM423: 1.955 | AN423: 2.7025 | AO423: 2.53 | AP423: 3.91 | AQ423: 2.53 | AR423: 2.3 | AS423: 4.14 | AT423: 2.208 | AU423: 2.76 | AV423: 3.243 | AW423: -
... A440: BASE | B440: OUTPUT | C440: SSCDRFLX00 | D440: INDELC | E440: - | F440: ANNUAL | G440: 2010 | H440: - | I440: - | J440: - | K440: - | L440: 0.02517675 | M440: 0.00713642 | N440: 0.0062547593 | O440: 0.00429303 | P440: 0.0053899 | Q440: 0.0062547593 | R440: 0.00147852 | S440: 0.00438551 | T440: 0.00514123 | U440: 0.00332689 | V440: 0.0062547593 | W440: 0.00357443 | X440: 0.00425095 | Y440: 0.0058954 | Z440: 0.00400303 | AA440: 0.00480867 | AB440: 0.00544052 | AC440: 0.0019226 | AD440: 0.0062547593 | AE440: 0.00451255 | AF440: 0.0062547593 | AG440: 0.00666382 | AH440: 0.0062547593 | AI440: 0.0062547593 | AJ440: 0.0062547593 | AK440: 0.03937986 | AL440: 0.0062547593 | AM440: 0.00337448 | AN440: 0.00296237 | AO440: 0.00276664 | AP440: 0.00346262 | AQ440: 0.0082562 | AR440: 0.00414156 | AS440: 0.00330942 | AT440: 0.00522966 | AU440: 0.00624323 | AV440: 0.00486176 | AW440: -

Sheet IND_Mult
B4: TS | C4: Pset_PN | D4: Cset_CN | E4: BD | F4: Prmtr | G4: Yr | H4: AL | I4: AT | J4: BA | K4: BE | L4: BG | M4: CH | N4: CY | O4: CZ | P4: DE | Q4: DK | R4: EE | S4: ES | T4: FI | U4: FR | V4: EL | W4: HR | X4: HU | Y4: IE | Z4: IS | AA4: IT | AB4: KS | AC4: LT | AD4: LU | AE4: LV | AF4: ME | AG4: MK | AH4: MT | AI4: NL | AJ4: NO | AK4: PL | AL4: PT | AM4: RO | AN4: RS | AO4: SE | AP4: SI | AQ4: SK | AR4: UK
C5: IALFINPRO00 | D5: IALHTH | F5: Input | H5: 1 | I5: 1 | J5: 1 | K5: 1 | L5: 1 | M5: 1 | N5: 1 | O5: 1 | P5: 0.85 | Q5: 1 | R5: 1 | S5: 1 | T5: 1 | U5: 1 | V5: 1 | W5: 1 | X5: 1 | Y5: 1 | Z5: 1 | AA5: 1 | AB5: 1 | AC5: 1 | AD5: 1 | AE5: 1 | AF5: 1 | AG5: 1 | AH5: 1 | AI5: 1 | AJ5: 1 | AK5: 1 | AL5: 1 | AM5: 1 | AN5: 1 | AO5: 1 | AP5: 1 | AQ5: 1 | AR5: 1
C6: IALFINPRO00 | D6: INDELC | F6: Input | H6: 1 | I6: 1 | J6: 1 | K6: 1 | L6: 1 | M6: 1 | N6: 1 | O6: 1 | P6: 0.85 | Q6: 1 | R6: 1 | S6: 1 | T6: 1 | U6: 1 | V6: 1 | W6: 1 | X6: 1 | Y6: 1 | Z6: 1 | AA6: 1 | AB6: 1 | AC6: 1 | AD6: 1 | AE6: 1 | AF6: 1 | AG6: 1 | AH6: 1 | AI6: 1 | AJ6: 1 | AK6: 1 | AL6: 1 | AM6: 1 | AN6: 1 | AO6: 1 | AP6: 1 | AQ6: 1 | AR6: 1
C7: IALFINPRO00 | D7: INDGAS | F7: Input | H7: 1 | I7: 1 | J7: 1 | K7: 1 | L7: 1 | M7: 1 | N7: 1 | O7: 1 | P7: 0.85 | Q7: 1 | R7: 1 | S7: 1 | T7: 1 | U7: 1 | V7: 1 | W7: 1 | X7: 1 | Y7: 1 | Z7: 1 | AA7: 1 | AB7: 1 | AC7: 1 | AD7: 1 | AE7: 1 | AF7: 1 | AG7: 1 | AH7: 1 | AI7: 1 | AJ7: 1 | AK7: 1 | AL7: 1 | AM7: 1 | AN7: 1 | AO7: 1 | AP7: 1 | AQ7: 1 | AR7: 1
C8: IALFINPRO00 | D8: INDLFO | F8: Input | H8: 1 | I8: 1 | J8: 1 | K8: 1 | L8: 1 | M8: 1 | N8: 1 | O8: 1 | P8: 0.85 | Q8: 1 | R8: 1 | S8: 1 | T8: 1 | U8: 1 | V8: 1 | W8: 1 | X8: 1 | Y8: 1 | Z8: 1 | AA8: 1 | AB8: 1 | AC8: 1 | AD8: 1 | AE8: 1 | AF8: 1 | AG8: 1 | AH8: 1 | AI8: 1 | AJ8: 1 | AK8: 1 | AL8: 1 | AM8: 1 | AN8: 1 | AO8: 1 | AP8: 1 | AQ8: 1 | AR8: 1
C9: IALFINPRO00 | D9: MALCAL | F9: Input | H9: 1 | I9: 1 | J9: 1 | K9: 1 | L9: 1 | M9: 1 | N9: 1 | O9: 1 | P9: 0.85 | Q9: 1 | R9: 1 | S9: 1 | T9: 1 | U9: 1 | V9: 1 | W9: 1 | X9: 1 | Y9: 1 | Z9: 1 | AA9: 1 | AB9: 1 | AC9: 1 | AD9: 1 | AE9: 1 | AF9: 1 | AG9: 1 | AH9: 1 | AI9: 1 | AJ9: 1 | AK9: 1 | AL9: 1 | AM9: 1 | AN9: 1 | AO9: 1 | AP9: 1 | AQ9: 1 | AR9: 1
C10: IALHAHEPF00 | D10: INDELC | F10: Input | H10: 1 | I10: 1 | J10: 1 | K10: 1 | L10: 1 | M10: 1 | N10: 1 | O10: 1 | P10: 0.85 | Q10: 1 | R10: 1 | S10: 1 | T10: 1 | U10: 1 | V10: 1 | W10: 1 | X10: 1 | Y10: 1 | Z10: 1 | AA10: 1 | AB10: 1 | AC10: 1 | AD10: 1 | AE10: 1 | AF10: 1 | AG10: 1 | AH10: 1 | AI10: 1 | AJ10: 1 | AK10: 1 | AL10: 1 | AM10: 1 | AN10: 1 | AO10: 1 | AP10: 1 | AQ10: 1 | AR10: 1
C11: IALHAHEPF00 | D11: INDGAS | F11: Input | H11: 1 | I11: 1 | J11: 1 | K11: 1 | L11: 1 | M11: 1 | N11: 1 | O11: 1 | P11: 0.85 | Q11: 1 | R11: 1 | S11: 1 | T11: 1 | U11: 1 | V11: 1 | W11: 1 | X11: 1 | Y11: 1 | Z11: 1 | AA11: 1 | AB11: 1 | AC11: 1 | AD11: 1 | AE11: 1 | AF11: 1 | AG11: 1 | AH11: 1 | AI11: 1 | AJ11: 1 | AK11: 1 | AL11: 1 | AM11: 1 | AN11: 1 | AO11: 1 | AP11: 1 | AQ11: 1 | AR11: 1
C12: IALHAHEPF00 | D12: INDLFO | F12: Input | H12: 1 | I12: 1 | J12: 1 | K12: 1 | L12: 1 | M12: 1 | N12: 1 | O12: 1 | P12: 0.85 | Q12: 1 | R12: 1 | S12: 1 | T12: 1 | U12: 1 | V12: 1 | W12: 1 | X12: 1 | Y12: 1 | Z12: 1 | AA12: 1 | AB12: 1 | AC12: 1 | AD12: 1 | AE12: 1 | AF12: 1 | AG12: 1 | AH12: 1 | AI12: 1 | AJ12: 1 | AK12: 1 | AL12: 1 | AM12: 1 | AN12: 1 | AO12: 1 | AP12: 1 | AQ12: 1 | AR12: 1
C13: IALHAHEPF00 | D13: MALBAU | F13: Input | H13: 1 | I13: 1 | J13: 1 | K13: 1 | L13: 1 | M13: 1 | N13: 1 | O13: 1 | P13: 0.85 | Q13: 1 | R13: 1 | S13: 1 | T13: 1 | U13: 1 | V13: 1 | W13: 1 | X13: 1 | Y13: 1 | Z13: 1 | AA13: 1 | AB13: 1 | AC13: 1 | AD13: 1 | AE13: 1 | AF13: 1 | AG13: 1 | AH13: 1 | AI13: 1 | AJ13: 1 | AK13: 1 | AL13: 1 | AM13: 1 | AN13: 1 | AO13: 1 | AP13: 1 | AQ13: 1 | AR13: 1
C14: IALHAHEPF00 | D14: MALCAL | F14: Output | H14: 1 | I14: 1 | J14: 1 | K14: 1 | L14: 1 | M14: 1 | N14: 1 | O14: 1 | P14: 1 | Q14: 1 | R14: 1 | S14: 1 | T14: 1 | U14: 1 | V14: 1 | W14: 1 | X14: 1 | Y14: 1 | Z14: 1 | AA14: 1 | AB14: 1 | AC14: 1 | AD14: 1 | AE14: 1 | AF14: 1 | AG14: 1 | AH14: 1 | AI14: 1 | AJ14: 1 | AK14: 1 | AL14: 1 | AM14: 1 | AN14: 1 | AO14: 1 | AP14: 1 | AQ14: 1 | AR14: 1
C15: IALHAHERG00 | D15: INDELC | F15: Input | H15: 1 | I15: 1 | J15: 1 | K15: 1 | L15: 1 | M15: 1 | N15: 1 | O15: 1 | P15: 0.85 | Q15: 1 | R15: 1 | S15: 1 | T15: 1 | U15: 1 | V15: 1 | W15: 1 | X15: 1 | Y15: 1 | Z15: 1 | AA15: 1 | AB15: 1 | AC15: 1 | AD15: 1 | AE15: 1 | AF15: 1 | AG15: 1 | AH15: 1 | AI15: 1 | AJ15: 1 | AK15: 1 | AL15: 1 | AM15: 1 | AN15: 1 | AO15: 1 | AP15: 1 | AQ15: 1 | AR15: 1
C16: IALHAHERG00 | D16: INDGAS | F16: Input | H16: 1 | I16: 1 | J16: 1 | K16: 1 | L16: 1 | M16: 1 | N16: 1 | O16: 1 | P16: 0.85 | Q16: 1 | R16: 1 | S16: 1 | T16: 1 | U16: 1 | V16: 1 | W16: 1 | X16: 1 | Y16: 1 | Z16: 1 | AA16: 1 | AB16: 1 | AC16: 1 | AD16: 1 | AE16: 1 | AF16: 1 | AG16: 1 | AH16: 1 | AI16: 1 | AJ16: 1 | AK16: 1 | AL16: 1 | AM16: 1 | AN16: 1 | AO16: 1 | AP16: 1 | AQ16: 1 | AR16: 1
... C222: IPPPUPRYC00 | D222: MPPPUP | F222: Output | H222: 1 | I222: 1 | J222: 1 | K222: 1 | L222: 1 | M222: 1 | N222: 1 | O222: 1 | P222: 1 | Q222: 1 | R222: 1 | S222: 1 | T222: 1 | U222: 1 | V222: 1 | W222: 1 | X222: 1 | Y222: 1 | Z222: 1 | AA222: 1 | AB222: 1 | AC222: 1 | AD222: 1 | AE222: 1 | AF222: 1 | AG222: 1 | AH222: 1 | AI222: 1 | AJ222: 1 | AK222: 1 | AL222: 1 | AM222: 1 | AN222: 1 | AO222: 1 | AP222: 1 | AQ222: 1 | AR222: 1

Sheet IND_Trans
G1: RDM: from FILL table
A3: ~TFM_UPD-N
A4: TimeSlice | B4: Pset_PN | C4: Cset_CN | D4: LimType | E4: Attribute | F4: Year | G4: =Input!L1 -> AL | H4: =Input!M1 -> AT | I4: =Input!N1 -> BA | J4: =Input!O1 -> BE | K4: =Input!P1 -> BG | L4: =Input!Q1 -> CH | M4: =Input!R1 -> CY | N4: =Input!S1 -> CZ | ... AQ4: =Input!AV1 -> UK
B5: IALFINPRO01 | C5: IALHTH | E5: Input | G5: =SUMIFS(Input!L$2:L$999,Input!$C$2:$C$999,CONCATENATE(LEFT($B$5,10),"*"),Input!$D$2:$D$999,$C$5)*IND_Mult!H5 -> 0 | H5: =SUMIFS(Input!M$2:M$999,Input!$C$2:$C$999,CONCATENATE(LEFT($B$5,10),"*"),Input!$D$2:$D$999,$C$5)*IND_Mult!I5 -> 0 | I5: =SUMIFS(Input!N$2:N$999,Input!$C$2:$C$999,CONCATENATE(LEFT($B$5,10),"*"),Input!$D$2:$D$999,$C$5)*IND_Mult!J5 -> 0 | J5: =SUMIFS(Input!O$2:O$999,Input!$C$2:$C$999,CONCATENATE(LEFT($B$5,10),"*"),Input!$D$2:$D$999,$C$5)*IND_Mult!K5 -> 0 | K5: =SUMIFS(Input!P$2:P$999,Input!$C$2:$C$999,CONCATENATE(LEFT($B$5,10),"*"),Input!$D$2:$D$999,$C$5)*IND_Mult!L5 -> 0 | L5: =SUMIFS(Input!Q$2:Q$999,Input!$C$2:$C$999,CONCATENATE(LEFT($B$5,10),"*"),Input!$D$2:$D$999,$C$5)*IND_Mult!M5 -> 0 | M5: =SUMIFS(Input!R$2:R$999,Input!$C$2:$C$999,CONCATENATE(LEFT($B$5,10),"*"),Input!$D$2:$D$999,$C$5)*IND_Mult!N5 -> 0 | N5: =SUMIFS(Input!S$2:S$999,Input!$C$2:$C$999,CONCATENATE(LEFT($B$5,10),"*"),Input!$D$2:$D$999,$C$5)*IND_Mult!O5 -> 0 | ... AQ5: =SUMIFS(Input!AV$2:AV$999,Input!$C$2:$C$999,CONCATENATE(LEFT($B$5,10),"*"),Input!$D$2:$D$999,$C$5)*IND_Mult!AR5 -> 0
B6: IALFINPRO01 | C6: INDELC | E6: Input | G6: =SUMIFS(Input!L$2:L$999,Input!$C$2:$C$999,CONCATENATE(LEFT($B$6,10),"*"),Input!$D$2:$D$999,$C$6)*IND_Mult!H6 -> 10 | H6: =SUMIFS(Input!M$2:M$999,Input!$C$2:$C$999,CONCATENATE(LEFT($B$6,10),"*"),Input!$D$2:$D$999,$C$6)*IND_Mult!I6 -> 1.1496393 | I6: =SUMIFS(Input!N$2:N$999,Input!$C$2:$C$999,CONCATENATE(LEFT($B$6,10),"*"),Input!$D$2:$D$999,$C$6)*IND_Mult!J6 -> 10 | J6: =SUMIFS(Input!O$2:O$999,Input!$C$2:$C$999,CONCATENATE(LEFT($B$6,10),"*"),Input!$D$2:$D$999,$C$6)*IND_Mult!K6 -> 10 | K6: =SUMIFS(Input!P$2:P$999,Input!$C$2:$C$999,CONCATENATE(LEFT($B$6,10),"*"),Input!$D$2:$D$999,$C$6)*IND_Mult!L6 -> 10 | L6: =SUMIFS(Input!Q$2:Q$999,Input!$C$2:$C$999,CONCATENATE(LEFT($B$6,10),"*"),Input!$D$2:$D$999,$C$6)*IND_Mult!M6 -> 8.5623392 | M6: =SUMIFS(Input!R$2:R$999,Input!$C$2:$C$999,CONCATENATE(LEFT($B$6,10),"*"),Input!$D$2:$D$999,$C$6)*IND_Mult!N6 -> 10 | N6: =SUMIFS(Input!S$2:S$999,Input!$C$2:$C$999,CONCATENATE(LEFT($B$6,10),"*"),Input!$D$2:$D$999,$C$6)*IND_Mult!O6 -> 10 | ... AQ6: =SUMIFS(Input!AV$2:AV$999,Input!$C$2:$C$999,CONCATENATE(LEFT($B$6,10),"*"),Input!$D$2:$D$999,$C$6)*IND_Mult!AR6 -> 10
B7: IALFINPRO01 | C7: INDGAS | E7: Input | G7: =SUMIFS(Input!L$2:L$999,Input!$C$2:$C$999,CONCATENATE(LEFT($B$7,10),"*"),Input!$D$2:$D$999,$C$7)*IND_Mult!H7 -> 4.983497 | H7: =SUMIFS(Input!M$2:M$999,Input!$C$2:$C$999,CONCATENATE(LEFT($B$7,10),"*"),Input!$D$2:$D$999,$C$7)*IND_Mult!I7 -> 4.264562 | I7: =SUMIFS(Input!N$2:N$999,Input!$C$2:$C$999,CONCATENATE(LEFT($B$7,10),"*"),Input!$D$2:$D$999,$C$7)*IND_Mult!J7 -> 0 | J7: =SUMIFS(Input!O$2:O$999,Input!$C$2:$C$999,CONCATENATE(LEFT($B$7,10),"*"),Input!$D$2:$D$999,$C$7)*IND_Mult!K7 -> 4.983497 | K7: =SUMIFS(Input!P$2:P$999,Input!$C$2:$C$999,CONCATENATE(LEFT($B$7,10),"*"),Input!$D$2:$D$999,$C$7)*IND_Mult!L7 -> 4.983497 | L7: =SUMIFS(Input!Q$2:Q$999,Input!$C$2:$C$999,CONCATENATE(LEFT($B$7,10),"*"),Input!$D$2:$D$999,$C$7)*IND_Mult!M7 -> 5.4402264 | M7: =SUMIFS(Input!R$2:R$999,Input!$C$2:$C$999,CONCATENATE(LEFT($B$7,10),"*"),Input!$D$2:$D$999,$C$7)*IND_Mult!N7 -> 4.983497 | N7: =SUMIFS(Input!S$2:S$999,Input!$C$2:$C$999,CONCATENATE(LEFT($B$7,10),"*"),Input!$D$2:$D$999,$C$7)*IND_Mult!O7 -> 8.1611958 | ... AQ7: =SUMIFS(Input!AV$2:AV$999,Input!$C$2:$C$999,CONCATENATE(LEFT($B$7,10),"*"),Input!$D$2:$D$999,$C$7)*IND_Mult!AR7 -> 4.983497
B8: IALFINPRO01 | C8: INDLFO | E8: Input | G8: =SUMIFS(Input!L$2:L$999,Input!$C$2:$C$999,CONCATENATE(LEFT($B$8,10),"*"),Input!$D$2:$D$999,$C$8)*IND_Mult!H8 -> 0.034 | H8: =SUMIFS(Input!M$2:M$999,Input!$C$2:$C$999,CONCATENATE(LEFT($B$8,10),"*"),Input!$D$2:$D$999,$C$8)*IND_Mult!I8 -> 0 | I8: =SUMIFS(Input!N$2:N$999,Input!$C$2:$C$999,CONCATENATE(LEFT($B$8,10),"*"),Input!$D$2:$D$999,$C$8)*IND_Mult!J8 -> 0.034 | J8: =SUMIFS(Input!O$2:O$999,Input!$C$2:$C$999,CONCATENATE(LEFT($B$8,10),"*"),Input!$D$2:$D$999,$C$8)*IND_Mult!K8 -> 0.034 | K8: =SUMIFS(Input!P$2:P$999,Input!$C$2:$C$999,CONCATENATE(LEFT($B$8,10),"*"),Input!$D$2:$D$999,$C$8)*IND_Mult!L8 -> 0.034 | L8: =SUMIFS(Input!Q$2:Q$999,Input!$C$2:$C$999,CONCATENATE(LEFT($B$8,10),"*"),Input!$D$2:$D$999,$C$8)*IND_Mult!M8 -> 0.034 | M8: =SUMIFS(Input!R$2:R$999,Input!$C$2:$C$999,CONCATENATE(LEFT($B$8,10),"*"),Input!$D$2:$D$999,$C$8)*IND_Mult!N8 -> 0.034 | N8: =SUMIFS(Input!S$2:S$999,Input!$C$2:$C$999,CONCATENATE(LEFT($B$8,10),"*"),Input!$D$2:$D$999,$C$8)*IND_Mult!O8 -> 0.034 | ... AQ8: =SUMIFS(Input!AV$2:AV$999,Input!$C$2:$C$999,CONCATENATE(LEFT($B$8,10),"*"),Input!$D$2:$D$999,$C$8)*IND_Mult!AR8 -> 0.034
B9: IALFINPRO01 | C9: MALCAL | E9: Input | G9: =SUMIFS(Input!L$2:L$999,Input!$C$2:$C$999,CONCATENATE(LEFT($B$9,10),"*"),Input!$D$2:$D$999,$C$9)*IND_Mult!H9 -> 1 | H9: =SUMIFS(Input!M$2:M$999,Input!$C$2:$C$999,CONCATENATE(LEFT($B$9,10),"*"),Input!$D$2:$D$999,$C$9)*IND_Mult!I9 -> 1 | I9: =SUMIFS(Input!N$2:N$999,Input!$C$2:$C$999,CONCATENATE(LEFT($B$9,10),"*"),Input!$D$2:$D$999,$C$9)*IND_Mult!J9 -> 1 | J9: =SUMIFS(Input!O$2:O$999,Input!$C$2:$C$999,CONCATENATE(LEFT($B$9,10),"*"),Input!$D$2:$D$999,$C$9)*IND_Mult!K9 -> 1 | K9: =SUMIFS(Input!P$2:P$999,Input!$C$2:$C$999,CONCATENATE(LEFT($B$9,10),"*"),Input!$D$2:$D$999,$C$9)*IND_Mult!L9 -> 1 | L9: =SUMIFS(Input!Q$2:Q$999,Input!$C$2:$C$999,CONCATENATE(LEFT($B$9,10),"*"),Input!$D$2:$D$999,$C$9)*IND_Mult!M9 -> 1 | M9: =SUMIFS(Input!R$2:R$999,Input!$C$2:$C$999,CONCATENATE(LEFT($B$9,10),"*"),Input!$D$2:$D$999,$C$9)*IND_Mult!N9 -> 1 | N9: =SUMIFS(Input!S$2:S$999,Input!$C$2:$C$999,CONCATENATE(LEFT($B$9,10),"*"),Input!$D$2:$D$999,$C$9)*IND_Mult!O9 -> 1 | ... AQ9: =SUMIFS(Input!AV$2:AV$999,Input!$C$2:$C$999,CONCATENATE(LEFT($B$9,10),"*"),Input!$D$2:$D$999,$C$9)*IND_Mult!AR9 -> 1
B10: IALHAHEPF01 | C10: INDELC | E10: Input | G10: =SUMIFS(Input!L$2:L$999,Input!$C$2:$C$999,CONCATENATE(LEFT($B$10,10),"*"),Input!$D$2:$D$999,$C$10)*IND_Mult!H10 -> 35.2 | H10: =SUMIFS(Input!M$2:M$999,Input!$C$2:$C$999,CONCATENATE(LEFT($B$10,10),"*"),Input!$D$2:$D$999,$C$10)*IND_Mult!I10 -> 35.2 | I10: =SUMIFS(Input!N$2:N$999,Input!$C$2:$C$999,CONCATENATE(LEFT($B$10,10),"*"),Input!$D$2:$D$999,$C$10)*IND_Mult!J10 -> 35.2 | J10: =SUMIFS(Input!O$2:O$999,Input!$C$2:$C$999,CONCATENATE(LEFT($B$10,10),"*"),Input!$D$2:$D$999,$C$10)*IND_Mult!K10 -> 35.2 | K10: =SUMIFS(Input!P$2:P$999,Input!$C$2:$C$999,CONCATENATE(LEFT($B$10,10),"*"),Input!$D$2:$D$999,$C$10)*IND_Mult!L10 -> 35.2 | L10: =SUMIFS(Input!Q$2:Q$999,Input!$C$2:$C$999,CONCATENATE(LEFT($B$10,10),"*"),Input!$D$2:$D$999,$C$10)*IND_Mult!M10 -> 35.2 | M10: =SUMIFS(Input!R$2:R$999,Input!$C$2:$C$999,CONCATENATE(LEFT($B$10,10),"*"),Input!$D$2:$D$999,$C$10)*IND_Mult!N10 -> 35.2 | N10: =SUMIFS(Input!S$2:S$999,Input!$C$2:$C$999,CONCATENATE(LEFT($B$10,10),"*"),Input!$D$2:$D$999,$C$10)*IND_Mult!O10 -> 35.2 | ... AQ10: =SUMIFS(Input!AV$2:AV$999,Input!$C$2:$C$999,CONCATENATE(LEFT($B$10,10),"*"),Input!$D$2:$D$999,$C$10)*IND_Mult!AR10 -> 35.2
B11: IALHAHEPF01 | C11: INDGAS | E11: Input | G11: =SUMIFS(Input!L$2:L$999,Input!$C$2:$C$999,CONCATENATE(LEFT($B$11,10),"*"),Input!$D$2:$D$999,$C$11)*IND_Mult!H11 -> 3.36 | H11: =SUMIFS(Input!M$2:M$999,Input!$C$2:$C$999,CONCATENATE(LEFT($B$11,10),"*"),Input!$D$2:$D$999,$C$11)*IND_Mult!I11 -> 3.36 | I11: =SUMIFS(Input!N$2:N$999,Input!$C$2:$C$999,CONCATENATE(LEFT($B$11,10),"*"),Input!$D$2:$D$999,$C$11)*IND_Mult!J11 -> 3.36 | J11: =SUMIFS(Input!O$2:O$999,Input!$C$2:$C$999,CONCATENATE(LEFT($B$11,10),"*"),Input!$D$2:$D$999,$C$11)*IND_Mult!K11 -> 3.36 | K11: =SUMIFS(Input!P$2:P$999,Input!$C$2:$C$999,CONCATENATE(LEFT($B$11,10),"*"),Input!$D$2:$D$999,$C$11)*IND_Mult!L11 -> 3.36 | L11: =SUMIFS(Input!Q$2:Q$999,Input!$C$2:$C$999,CONCATENATE(LEFT($B$11,10),"*"),Input!$D$2:$D$999,$C$11)*IND_Mult!M11 -> 3.36 | M11: =SUMIFS(Input!R$2:R$999,Input!$C$2:$C$999,CONCATENATE(LEFT($B$11,10),"*"),Input!$D$2:$D$999,$C$11)*IND_Mult!N11 -> 3.36 | N11: =SUMIFS(Input!S$2:S$999,Input!$C$2:$C$999,CONCATENATE(LEFT($B$11,10),"*"),Input!$D$2:$D$999,$C$11)*IND_Mult!O11 -> 3.36 | ... AQ11: =SUMIFS(Input!AV$2:AV$999,Input!$C$2:$C$999,CONCATENATE(LEFT($B$11,10),"*"),Input!$D$2:$D$999,$C$11)*IND_Mult!AR11 -> 3.36
B12: IALHAHEPF01 | C12: INDLFO | E12: Input | G12: =SUMIFS(Input!L$2:L$999,Input!$C$2:$C$999,CONCATENATE(LEFT($B$12,10),"*"),Input!$D$2:$D$999,$C$12)*IND_Mult!H12 -> 8 | H12: =SUMIFS(Input!M$2:M$999,Input!$C$2:$C$999,CONCATENATE(LEFT($B$12,10),"*"),Input!$D$2:$D$999,$C$12)*IND_Mult!I12 -> 8 | I12: =SUMIFS(Input!N$2:N$999,Input!$C$2:$C$999,CONCATENATE(LEFT($B$12,10),"*"),Input!$D$2:$D$999,$C$12)*IND_Mult!J12 -> 8 | J12: =SUMIFS(Input!O$2:O$999,Input!$C$2:$C$999,CONCATENATE(LEFT($B$12,10),"*"),Input!$D$2:$D$999,$C$12)*IND_Mult!K12 -> 8 | K12: =SUMIFS(Input!P$2:P$999,Input!$C$2:$C$999,CONCATENATE(LEFT($B$12,10),"*"),Input!$D$2:$D$999,$C$12)*IND_Mult!L12 -> 8 | L12: =SUMIFS(Input!Q$2:Q$999,Input!$C$2:$C$999,CONCATENATE(LEFT($B$12,10),"*"),Input!$D$2:$D$999,$C$12)*IND_Mult!M12 -> 8 | M12: =SUMIFS(Input!R$2:R$999,Input!$C$2:$C$999,CONCATENATE(LEFT($B$12,10),"*"),Input!$D$2:$D$999,$C$12)*IND_Mult!N12 -> 8 | N12: =SUMIFS(Input!S$2:S$999,Input!$C$2:$C$999,CONCATENATE(LEFT($B$12,10),"*"),Input!$D$2:$D$999,$C$12)*IND_Mult!O12 -> 8 | ... AQ12: =SUMIFS(Input!AV$2:AV$999,Input!$C$2:$C$999,CONCATENATE(LEFT($B$12,10),"*"),Input!$D$2:$D$999,$C$12)*IND_Mult!AR12 -> 8
B13: IALHAHEPF01 | C13: MALBAU | E13: Input | G13: =SUMIFS(Input!L$2:L$999,Input!$C$2:$C$999,CONCATENATE(LEFT($B$13,10),"*"),Input!$D$2:$D$999,$C$13)*IND_Mult!H13 -> 1.6 | H13: =SUMIFS(Input!M$2:M$999,Input!$C$2:$C$999,CONCATENATE(LEFT($B$13,10),"*"),Input!$D$2:$D$999,$C$13)*IND_Mult!I13 -> 1.6 | I13: =SUMIFS(Input!N$2:N$999,Input!$C$2:$C$999,CONCATENATE(LEFT($B$13,10),"*"),Input!$D$2:$D$999,$C$13)*IND_Mult!J13 -> 1.6 | J13: =SUMIFS(Input!O$2:O$999,Input!$C$2:$C$999,CONCATENATE(LEFT($B$13,10),"*"),Input!$D$2:$D$999,$C$13)*IND_Mult!K13 -> 1.6 | K13: =SUMIFS(Input!P$2:P$999,Input!$C$2:$C$999,CONCATENATE(LEFT($B$13,10),"*"),Input!$D$2:$D$999,$C$13)*IND_Mult!L13 -> 1.6 | L13: =SUMIFS(Input!Q$2:Q$999,Input!$C$2:$C$999,CONCATENATE(LEFT($B$13,10),"*"),Input!$D$2:$D$999,$C$13)*IND_Mult!M13 -> 1.6 | M13: =SUMIFS(Input!R$2:R$999,Input!$C$2:$C$999,CONCATENATE(LEFT($B$13,10),"*"),Input!$D$2:$D$999,$C$13)*IND_Mult!N13 -> 1.6 | N13: =SUMIFS(Input!S$2:S$999,Input!$C$2:$C$999,CONCATENATE(LEFT($B$13,10),"*"),Input!$D$2:$D$999,$C$13)*IND_Mult!O13 -> 1.6 | ... AQ13: =SUMIFS(Input!AV$2:AV$999,Input!$C$2:$C$999,CONCATENATE(LEFT($B$13,10),"*"),Input!$D$2:$D$999,$C$13)*IND_Mult!AR13 -> 1.6
B14: IALHAHEPF01 | C14: MALCAL | E14: Output | G14: =SUMIFS(Output!L$2:L$999,Output!$C2:$C999,CONCATENATE(LEFT($B$14,10),"*"),Output!$D2:$D999,$C$14)*IND_Mult!H14 -> 1 | H14: =SUMIFS(Output!M$2:M$999,Output!$C2:$C999,CONCATENATE(LEFT($B$14,10),"*"),Output!$D2:$D999,$C$14)*IND_Mult!I14 -> 1 | I14: =SUMIFS(Output!N$2:N$999,Output!$C2:$C999,CONCATENATE(LEFT($B$14,10),"*"),Output!$D2:$D999,$C$14)*IND_Mult!J14 -> 1 | J14: =SUMIFS(Output!O$2:O$999,Output!$C2:$C999,CONCATENATE(LEFT($B$14,10),"*"),Output!$D2:$D999,$C$14)*IND_Mult!K14 -> 1 | K14: =SUMIFS(Output!P$2:P$999,Output!$C2:$C999,CONCATENATE(LEFT($B$14,10),"*"),Output!$D2:$D999,$C$14)*IND_Mult!L14 -> 1 | L14: =SUMIFS(Output!Q$2:Q$999,Output!$C2:$C999,CONCATENATE(LEFT($B$14,10),"*"),Output!$D2:$D999,$C$14)*IND_Mult!M14 -> 1 | M14: =SUMIFS(Output!R$2:R$999,Output!$C2:$C999,CONCATENATE(LEFT($B$14,10),"*"),Output!$D2:$D999,$C$14)*IND_Mult!N14 -> 1 | N14: =SUMIFS(Output!S$2:S$999,Output!$C2:$C999,CONCATENATE(LEFT($B$14,10),"*"),Output!$D2:$D999,$C$14)*IND_Mult!O14 -> 1 | ... AQ14: =SUMIFS(Output!AV$2:AV$999,Output!$C2:$C999,CONCATENATE(LEFT($B$14,10),"*"),Output!$D2:$D999,$C$14)*IND_Mult!AR14 -> 1
B15: IALHAHERG01 | C15: INDELC | E15: Input | G15: =SUMIFS(Input!L$2:L$999,Input!$C$2:$C$999,CONCATENATE(LEFT($B$15,10),"*"),Input!$D$2:$D$999,$C$15)*IND_Mult!H15 -> 39.84 | H15: =SUMIFS(Input!M$2:M$999,Input!$C$2:$C$999,CONCATENATE(LEFT($B$15,10),"*"),Input!$D$2:$D$999,$C$15)*IND_Mult!I15 -> 39.84 | I15: =SUMIFS(Input!N$2:N$999,Input!$C$2:$C$999,CONCATENATE(LEFT($B$15,10),"*"),Input!$D$2:$D$999,$C$15)*IND_Mult!J15 -> 39.84 | J15: =SUMIFS(Input!O$2:O$999,Input!$C$2:$C$999,CONCATENATE(LEFT($B$15,10),"*"),Input!$D$2:$D$999,$C$15)*IND_Mult!K15 -> 39.84 | K15: =SUMIFS(Input!P$2:P$999,Input!$C$2:$C$999,CONCATENATE(LEFT($B$15,10),"*"),Input!$D$2:$D$999,$C$15)*IND_Mult!L15 -> 39.84 | L15: =SUMIFS(Input!Q$2:Q$999,Input!$C$2:$C$999,CONCATENATE(LEFT($B$15,10),"*"),Input!$D$2:$D$999,$C$15)*IND_Mult!M15 -> 39.84 | M15: =SUMIFS(Input!R$2:R$999,Input!$C$2:$C$999,CONCATENATE(LEFT($B$15,10),"*"),Input!$D$2:$D$999,$C$15)*IND_Mult!N15 -> 39.84 | N15: =SUMIFS(Input!S$2:S$999,Input!$C$2:$C$999,CONCATENATE(LEFT($B$15,10),"*"),Input!$D$2:$D$999,$C$15)*IND_Mult!O15 -> 39.84 | ... AQ15: =SUMIFS(Input!AV$2:AV$999,Input!$C$2:$C$999,CONCATENATE(LEFT($B$15,10),"*"),Input!$D$2:$D$999,$C$15)*IND_Mult!AR15 -> 39.84
B16: IALHAHERG01 | C16: INDGAS | E16: Input | G16: =SUMIFS(Input!L$2:L$999,Input!$C$2:$C$999,CONCATENATE(LEFT($B$16,10),"*"),Input!$D$2:$D$999,$C$16)*IND_Mult!H16 -> 3.36 | H16: =SUMIFS(Input!M$2:M$999,Input!$C$2:$C$999,CONCATENATE(LEFT($B$16,10),"*"),Input!$D$2:$D$999,$C$16)*IND_Mult!I16 -> 3.36 | I16: =SUMIFS(Input!N$2:N$999,Input!$C$2:$C$999,CONCATENATE(LEFT($B$16,10),"*"),Input!$D$2:$D$999,$C$16)*IND_Mult!J16 -> 3.36 | J16: =SUMIFS(Input!O$2:O$999,Input!$C$2:$C$999,CONCATENATE(LEFT($B$16,10),"*"),Input!$D$2:$D$999,$C$16)*IND_Mult!K16 -> 3.36 | K16: =SUMIFS(Input!P$2:P$999,Input!$C$2:$C$999,CONCATENATE(LEFT($B$16,10),"*"),Input!$D$2:$D$999,$C$16)*IND_Mult!L16 -> 3.36 | L16: =SUMIFS(Input!Q$2:Q$999,Input!$C$2:$C$999,CONCATENATE(LEFT($B$16,10),"*"),Input!$D$2:$D$999,$C$16)*IND_Mult!M16 -> 3.36 | M16: =SUMIFS(Input!R$2:R$999,Input!$C$2:$C$999,CONCATENATE(LEFT($B$16,10),"*"),Input!$D$2:$D$999,$C$16)*IND_Mult!N16 -> 3.36 | N16: =SUMIFS(Input!S$2:S$999,Input!$C$2:$C$999,CONCATENATE(LEFT($B$16,10),"*"),Input!$D$2:$D$999,$C$16)*IND_Mult!O16 -> 3.36 | ... AQ16: =SUMIFS(Input!AV$2:AV$999,Input!$C$2:$C$999,CONCATENATE(LEFT($B$16,10),"*"),Input!$D$2:$D$999,$C$16)*IND_Mult!AR16 -> 3.36
B17: IALHAHERG01 | C17: INDLFO | E17: Input | G17: =SUMIFS(Input!L$2:L$999,Input!$C$2:$C$999,CONCATENATE(LEFT($B$17,10),"*"),Input!$D$2:$D$999,$C$17)*IND_Mult!H17 -> 10.32 | H17: =SUMIFS(Input!M$2:M$999,Input!$C$2:$C$999,CONCATENATE(LEFT($B$17,10),"*"),Input!$D$2:$D$999,$C$17)*IND_Mult!I17 -> 10.32 | I17: =SUMIFS(Input!N$2:N$999,Input!$C$2:$C$999,CONCATENATE(LEFT($B$17,10),"*"),Input!$D$2:$D$999,$C$17)*IND_Mult!J17 -> 10.32 | J17: =SUMIFS(Input!O$2:O$999,Input!$C$2:$C$999,CONCATENATE(LEFT($B$17,10),"*"),Input!$D$2:$D$999,$C$17)*IND_Mult!K17 -> 10.32 | K17: =SUMIFS(Input!P$2:P$999,Input!$C$2:$C$999,CONCATENATE(LEFT($B$17,10),"*"),Input!$D$2:$D$999,$C$17)*IND_Mult!L17 -> 10.32 | L17: =SUMIFS(Input!Q$2:Q$999,Input!$C$2:$C$999,CONCATENATE(LEFT($B$17,10),"*"),Input!$D$2:$D$999,$C$17)*IND_Mult!M17 -> 10.32 | M17: =SUMIFS(Input!R$2:R$999,Input!$C$2:$C$999,CONCATENATE(LEFT($B$17,10),"*"),Input!$D$2:$D$999,$C$17)*IND_Mult!N17 -> 10.32 | N17: =SUMIFS(Input!S$2:S$999,Input!$C$2:$C$999,CONCATENATE(LEFT($B$17,10),"*"),Input!$D$2:$D$999,$C$17)*IND_Mult!O17 -> 10.32 | ... AQ17: =SUMIFS(Input!AV$2:AV$999,Input!$C$2:$C$999,CONCATENATE(LEFT($B$17,10),"*"),Input!$D$2:$D$999,$C$17)*IND_Mult!AR17 -> 10.32
B18: IALHAHERG01 | C18: MALBAU | E18: Input | G18: =SUMIFS(Input!L$2:L$999,Input!$C$2:$C$999,CONCATENATE(LEFT($B$18,10),"*"),Input!$D$2:$D$999,$C$18)*IND_Mult!H18 -> 1.6 | H18: =SUMIFS(Input!M$2:M$999,Input!$C$2:$C$999,CONCATENATE(LEFT($B$18,10),"*"),Input!$D$2:$D$999,$C$18)*IND_Mult!I18 -> 1.6 | I18: =SUMIFS(Input!N$2:N$999,Input!$C$2:$C$999,CONCATENATE(LEFT($B$18,10),"*"),Input!$D$2:$D$999,$C$18)*IND_Mult!J18 -> 1.6 | J18: =SUMIFS(Input!O$2:O$999,Input!$C$2:$C$999,CONCATENATE(LEFT($B$18,10),"*"),Input!$D$2:$D$999,$C$18)*IND_Mult!K18 -> 1.6 | K18: =SUMIFS(Input!P$2:P$999,Input!$C$2:$C$999,CONCATENATE(LEFT($B$18,10),"*"),Input!$D$2:$D$999,$C$18)*IND_Mult!L18 -> 1.6 | L18: =SUMIFS(Input!Q$2:Q$999,Input!$C$2:$C$999,CONCATENATE(LEFT($B$18,10),"*"),Input!$D$2:$D$999,$C$18)*IND_Mult!M18 -> 1.6 | M18: =SUMIFS(Input!R$2:R$999,Input!$C$2:$C$999,CONCATENATE(LEFT($B$18,10),"*"),Input!$D$2:$D$999,$C$18)*IND_Mult!N18 -> 1.6 | N18: =SUMIFS(Input!S$2:S$999,Input!$C$2:$C$999,CONCATENATE(LEFT($B$18,10),"*"),Input!$D$2:$D$999,$C$18)*IND_Mult!O18 -> 1.6 | ... AQ18: =SUMIFS(Input!AV$2:AV$999,Input!$C$2:$C$999,CONCATENATE(LEFT($B$18,10),"*"),Input!$D$2:$D$999,$C$18)*IND_Mult!AR18 -> 1.6
B19: IALHAHERG01 | C19: MALCAL | E19: Output | G19: =SUMIFS(Output!L$2:L$999,Output!$C$2:$C$999,CONCATENATE(LEFT($B$19,10),"*"),Output!$D$2:$D$999,$C$19)*IND_Mult!H19 -> 1 | H19: =SUMIFS(Output!M$2:M$999,Output!$C$2:$C$999,CONCATENATE(LEFT($B$19,10),"*"),Output!$D$2:$D$999,$C$19)*IND_Mult!I19 -> 1 | I19: =SUMIFS(Output!N$2:N$999,Output!$C$2:$C$999,CONCATENATE(LEFT($B$19,10),"*"),Output!$D$2:$D$999,$C$19)*IND_Mult!J19 -> 1 | J19: =SUMIFS(Output!O$2:O$999,Output!$C$2:$C$999,CONCATENATE(LEFT($B$19,10),"*"),Output!$D$2:$D$999,$C$19)*IND_Mult!K19 -> 1 | K19: =SUMIFS(Output!P$2:P$999,Output!$C$2:$C$999,CONCATENATE(LEFT($B$19,10),"*"),Output!$D$2:$D$999,$C$19)*IND_Mult!L19 -> 1 | L19: =SUMIFS(Output!Q$2:Q$999,Output!$C$2:$C$999,CONCATENATE(LEFT($B$19,10),"*"),Output!$D$2:$D$999,$C$19)*IND_Mult!M19 -> 1 | M19: =SUMIFS(Output!R$2:R$999,Output!$C$2:$C$999,CONCATENATE(LEFT($B$19,10),"*"),Output!$D$2:$D$999,$C$19)*IND_Mult!N19 -> 1 | N19: =SUMIFS(Output!S$2:S$999,Output!$C$2:$C$999,CONCATENATE(LEFT($B$19,10),"*"),Output!$D$2:$D$999,$C$19)*IND_Mult!O19 -> 1 | ... AQ19: =SUMIFS(Output!AV$2:AV$999,Output!$C$2:$C$999,CONCATENATE(LEFT($B$19,10),"*"),Output!$D$2:$D$999,$C$19)*IND_Mult!AR19 -> 1
B20: IALINERAN01 | C20: INDELC | E20: Input | G20: =SUMIFS(Input!L$2:L$999,Input!$C$2:$C$999,CONCATENATE(LEFT($B$20,10),"*"),Input!$D$2:$D$999,$C$20)*IND_Mult!H20 -> 32 | H20: =SUMIFS(Input!M$2:M$999,Input!$C$2:$C$999,CONCATENATE(LEFT($B$20,10),"*"),Input!$D$2:$D$999,$C$20)*IND_Mult!I20 -> 32 | I20: =SUMIFS(Input!N$2:N$999,Input!$C$2:$C$999,CONCATENATE(LEFT($B$20,10),"*"),Input!$D$2:$D$999,$C$20)*IND_Mult!J20 -> 32 | J20: =SUMIFS(Input!O$2:O$999,Input!$C$2:$C$999,CONCATENATE(LEFT($B$20,10),"*"),Input!$D$2:$D$999,$C$20)*IND_Mult!K20 -> 32 | K20: =SUMIFS(Input!P$2:P$999,Input!$C$2:$C$999,CONCATENATE(LEFT($B$20,10),"*"),Input!$D$2:$D$999,$C$20)*IND_Mult!L20 -> 32 | L20: =SUMIFS(Input!Q$2:Q$999,Input!$C$2:$C$999,CONCATENATE(LEFT($B$20,10),"*"),Input!$D$2:$D$999,$C$20)*IND_Mult!M20 -> 32 | M20: =SUMIFS(Input!R$2:R$999,Input!$C$2:$C$999,CONCATENATE(LEFT($B$20,10),"*"),Input!$D$2:$D$999,$C$20)*IND_Mult!N20 -> 32 | N20: =SUMIFS(Input!S$2:S$999,Input!$C$2:$C$999,CONCATENATE(LEFT($B$20,10),"*"),Input!$D$2:$D$999,$C$20)*IND_Mult!O20 -> 32 | ... AQ20: =SUMIFS(Input!AV$2:AV$999,Input!$C$2:$C$999,CONCATENATE(LEFT($B$20,10),"*"),Input!$D$2:$D$999,$C$20)*IND_Mult!AR20 -> 32
B21: IALINERAN01 | C21: INDGAS | E21: Input | G21: =SUMIFS(Input!L$2:L$999,Input!$C$2:$C$999,CONCATENATE(LEFT($B$21,10),"*"),Input!$D$2:$D$999,$C$21)*IND_Mult!H21 -> 1.2 | H21: =SUMIFS(Input!M$2:M$999,Input!$C$2:$C$999,CONCATENATE(LEFT($B$21,10),"*"),Input!$D$2:$D$999,$C$21)*IND_Mult!I21 -> 1.2 | I21: =SUMIFS(Input!N$2:N$999,Input!$C$2:$C$999,CONCATENATE(LEFT($B$21,10),"*"),Input!$D$2:$D$999,$C$21)*IND_Mult!J21 -> 1.2 | J21: =SUMIFS(Input!O$2:O$999,Input!$C$2:$C$999,CONCATENATE(LEFT($B$21,10),"*"),Input!$D$2:$D$999,$C$21)*IND_Mult!K21 -> 1.2 | K21: =SUMIFS(Input!P$2:P$999,Input!$C$2:$C$999,CONCATENATE(LEFT($B$21,10),"*"),Input!$D$2:$D$999,$C$21)*IND_Mult!L21 -> 1.2 | L21: =SUMIFS(Input!Q$2:Q$999,Input!$C$2:$C$999,CONCATENATE(LEFT($B$21,10),"*"),Input!$D$2:$D$999,$C$21)*IND_Mult!M21 -> 1.2 | M21: =SUMIFS(Input!R$2:R$999,Input!$C$2:$C$999,CONCATENATE(LEFT($B$21,10),"*"),Input!$D$2:$D$999,$C$21)*IND_Mult!N21 -> 1.2 | N21: =SUMIFS(Input!S$2:S$999,Input!$C$2:$C$999,CONCATENATE(LEFT($B$21,10),"*"),Input!$D$2:$D$999,$C$21)*IND_Mult!O21 -> 1.2 | ... AQ21: =SUMIFS(Input!AV$2:AV$999,Input!$C$2:$C$999,CONCATENATE(LEFT($B$21,10),"*"),Input!$D$2:$D$999,$C$21)*IND_Mult!AR21 -> 1.2
B22: IALINERAN01 | C22: MALBAU | E22: Input | G22: =SUMIFS(Input!L$2:L$999,Input!$C$2:$C$999,CONCATENATE(LEFT($B$22,10),"*"),Input!$D$2:$D$999,$C$22)*IND_Mult!H22 -> 1.6 | H22: =SUMIFS(Input!M$2:M$999,Input!$C$2:$C$999,CONCATENATE(LEFT($B$22,10),"*"),Input!$D$2:$D$999,$C$22)*IND_Mult!I22 -> 1.6 | I22: =SUMIFS(Input!N$2:N$999,Input!$C$2:$C$999,CONCATENATE(LEFT($B$22,10),"*"),Input!$D$2:$D$999,$C$22)*IND_Mult!J22 -> 1.6 | J22: =SUMIFS(Input!O$2:O$999,Input!$C$2:$C$999,CONCATENATE(LEFT($B$22,10),"*"),Input!$D$2:$D$999,$C$22)*IND_Mult!K22 -> 1.6 | K22: =SUMIFS(Input!P$2:P$999,Input!$C$2:$C$999,CONCATENATE(LEFT($B$22,10),"*"),Input!$D$2:$D$999,$C$22)*IND_Mult!L22 -> 1.6 | L22: =SUMIFS(Input!Q$2:Q$999,Input!$C$2:$C$999,CONCATENATE(LEFT($B$22,10),"*"),Input!$D$2:$D$999,$C$22)*IND_Mult!M22 -> 1.6 | M22: =SUMIFS(Input!R$2:R$999,Input!$C$2:$C$999,CONCATENATE(LEFT($B$22,10),"*"),Input!$D$2:$D$999,$C$22)*IND_Mult!N22 -> 1.6 | N22: =SUMIFS(Input!S$2:S$999,Input!$C$2:$C$999,CONCATENATE(LEFT($B$22,10),"*"),Input!$D$2:$D$999,$C$22)*IND_Mult!O22 -> 1.6 | ... AQ22: =SUMIFS(Input!AV$2:AV$999,Input!$C$2:$C$999,CONCATENATE(LEFT($B$22,10),"*"),Input!$D$2:$D$999,$C$22)*IND_Mult!AR22 -> 1.6
B23: IALINERAN01 | C23: MALCAL | E23: Output | G23: =SUMIFS(Output!L$2:L$999,Output!$C$2:$C$999,CONCATENATE(LEFT($B$23,10),"*"),Output!$D$2:$D$999,$C$23)*IND_Mult!H23 -> 1 | H23: =SUMIFS(Output!M$2:M$999,Output!$C$2:$C$999,CONCATENATE(LEFT($B$23,10),"*"),Output!$D$2:$D$999,$C$23)*IND_Mult!I23 -> 1 | I23: =SUMIFS(Output!N$2:N$999,Output!$C$2:$C$999,CONCATENATE(LEFT($B$23,10),"*"),Output!$D$2:$D$999,$C$23)*IND_Mult!J23 -> 1 | J23: =SUMIFS(Output!O$2:O$999,Output!$C$2:$C$999,CONCATENATE(LEFT($B$23,10),"*"),Output!$D$2:$D$999,$C$23)*IND_Mult!K23 -> 1 | K23: =SUMIFS(Output!P$2:P$999,Output!$C$2:$C$999,CONCATENATE(LEFT($B$23,10),"*"),Output!$D$2:$D$999,$C$23)*IND_Mult!L23 -> 1 | L23: =SUMIFS(Output!Q$2:Q$999,Output!$C$2:$C$999,CONCATENATE(LEFT($B$23,10),"*"),Output!$D$2:$D$999,$C$23)*IND_Mult!M23 -> 1 | M23: =SUMIFS(Output!R$2:R$999,Output!$C$2:$C$999,CONCATENATE(LEFT($B$23,10),"*"),Output!$D$2:$D$999,$C$23)*IND_Mult!N23 -> 1 | N23: =SUMIFS(Output!S$2:S$999,Output!$C$2:$C$999,CONCATENATE(LEFT($B$23,10),"*"),Output!$D$2:$D$999,$C$23)*IND_Mult!O23 -> 1 | ... AQ23: =SUMIFS(Output!AV$2:AV$999,Output!$C$2:$C$999,CONCATENATE(LEFT($B$23,10),"*"),Output!$D$2:$D$999,$C$23)*IND_Mult!AR23 -> 1
B24: IALRECYCP01 | C24: INDELC | E24: Input | G24: =SUMIFS(Input!L$2:L$999,Input!$C$2:$C$999,CONCATENATE(LEFT($B$24,10),"*"),Input!$D$2:$D$999,$C$24)*IND_Mult!H24 -> 1.44 | H24: =SUMIFS(Input!M$2:M$999,Input!$C$2:$C$999,CONCATENATE(LEFT($B$24,10),"*"),Input!$D$2:$D$999,$C$24)*IND_Mult!I24 -> 1.44 | I24: =SUMIFS(Input!N$2:N$999,Input!$C$2:$C$999,CONCATENATE(LEFT($B$24,10),"*"),Input!$D$2:$D$999,$C$24)*IND_Mult!J24 -> 1.44 | J24: =SUMIFS(Input!O$2:O$999,Input!$C$2:$C$999,CONCATENATE(LEFT($B$24,10),"*"),Input!$D$2:$D$999,$C$24)*IND_Mult!K24 -> 1.44 | K24: =SUMIFS(Input!P$2:P$999,Input!$C$2:$C$999,CONCATENATE(LEFT($B$24,10),"*"),Input!$D$2:$D$999,$C$24)*IND_Mult!L24 -> 1.44 | L24: =SUMIFS(Input!Q$2:Q$999,Input!$C$2:$C$999,CONCATENATE(LEFT($B$24,10),"*"),Input!$D$2:$D$999,$C$24)*IND_Mult!M24 -> 1.44 | M24: =SUMIFS(Input!R$2:R$999,Input!$C$2:$C$999,CONCATENATE(LEFT($B$24,10),"*"),Input!$D$2:$D$999,$C$24)*IND_Mult!N24 -> 1.44 | N24: =SUMIFS(Input!S$2:S$999,Input!$C$2:$C$999,CONCATENATE(LEFT($B$24,10),"*"),Input!$D$2:$D$999,$C$24)*IND_Mult!O24 -> 1.44 | ... AQ24: =SUMIFS(Input!AV$2:AV$999,Input!$C$2:$C$999,CONCATENATE(LEFT($B$24,10),"*"),Input!$D$2:$D$999,$C$24)*IND_Mult!AR24 -> 1.44
B25: IALRECYCP01 | C25: INDGAS | E25: Input | G25: =SUMIFS(Input!L$2:L$999,Input!$C$2:$C$999,CONCATENATE(LEFT($B$25,10),"*"),Input!$D$2:$D$999,$C$25)*IND_Mult!H25 -> 6.8 | H25: =SUMIFS(Input!M$2:M$999,Input!$C$2:$C$999,CONCATENATE(LEFT($B$25,10),"*"),Input!$D$2:$D$999,$C$25)*IND_Mult!I25 -> 6.8 | I25: =SUMIFS(Input!N$2:N$999,Input!$C$2:$C$999,CONCATENATE(LEFT($B$25,10),"*"),Input!$D$2:$D$999,$C$25)*IND_Mult!J25 -> 6.8 | J25: =SUMIFS(Input!O$2:O$999,Input!$C$2:$C$999,CONCATENATE(LEFT($B$25,10),"*"),Input!$D$2:$D$999,$C$25)*IND_Mult!K25 -> 6.8 | K25: =SUMIFS(Input!P$2:P$999,Input!$C$2:$C$999,CONCATENATE(LEFT($B$25,10),"*"),Input!$D$2:$D$999,$C$25)*IND_Mult!L25 -> 6.8 | L25: =SUMIFS(Input!Q$2:Q$999,Input!$C$2:$C$999,CONCATENATE(LEFT($B$25,10),"*"),Input!$D$2:$D$999,$C$25)*IND_Mult!M25 -> 6.8 | M25: =SUMIFS(Input!R$2:R$999,Input!$C$2:$C$999,CONCATENATE(LEFT($B$25,10),"*"),Input!$D$2:$D$999,$C$25)*IND_Mult!N25 -> 6.8 | N25: =SUMIFS(Input!S$2:S$999,Input!$C$2:$C$999,CONCATENATE(LEFT($B$25,10),"*"),Input!$D$2:$D$999,$C$25)*IND_Mult!O25 -> 6.8 | ... AQ25: =SUMIFS(Input!AV$2:AV$999,Input!$C$2:$C$999,CONCATENATE(LEFT($B$25,10),"*"),Input!$D$2:$D$999,$C$25)*IND_Mult!AR25 -> 6.8
B26: IALRECYCP01 | C26: MALBAU | E26: Input | G26: =SUMIFS(Input!L$2:L$999,Input!$C$2:$C$999,CONCATENATE(LEFT($B$26,10),"*"),Input!$D$2:$D$999,$C$26)*IND_Mult!H26 -> 1.6 | H26: =SUMIFS(Input!M$2:M$999,Input!$C$2:$C$999,CONCATENATE(LEFT($B$26,10),"*"),Input!$D$2:$D$999,$C$26)*IND_Mult!I26 -> 1.6 | I26: =SUMIFS(Input!N$2:N$999,Input!$C$2:$C$999,CONCATENATE(LEFT($B$26,10),"*"),Input!$D$2:$D$999,$C$26)*IND_Mult!J26 -> 1.6 | J26: =SUMIFS(Input!O$2:O$999,Input!$C$2:$C$999,CONCATENATE(LEFT($B$26,10),"*"),Input!$D$2:$D$999,$C$26)*IND_Mult!K26 -> 1.6 | K26: =SUMIFS(Input!P$2:P$999,Input!$C$2:$C$999,CONCATENATE(LEFT($B$26,10),"*"),Input!$D$2:$D$999,$C$26)*IND_Mult!L26 -> 1.6 | L26: =SUMIFS(Input!Q$2:Q$999,Input!$C$2:$C$999,CONCATENATE(LEFT($B$26,10),"*"),Input!$D$2:$D$999,$C$26)*IND_Mult!M26 -> 1.6 | M26: =SUMIFS(Input!R$2:R$999,Input!$C$2:$C$999,CONCATENATE(LEFT($B$26,10),"*"),Input!$D$2:$D$999,$C$26)*IND_Mult!N26 -> 1.6 | N26: =SUMIFS(Input!S$2:S$999,Input!$C$2:$C$999,CONCATENATE(LEFT($B$26,10),"*"),Input!$D$2:$D$999,$C$26)*IND_Mult!O26 -> 1.6 | ... AQ26: =SUMIFS(Input!AV$2:AV$999,Input!$C$2:$C$999,CONCATENATE(LEFT($B$26,10),"*"),Input!$D$2:$D$999,$C$26)*IND_Mult!AR26 -> 1.6
B27: IALRECYCP01 | C27: MALSCR | E27: Input | G27: =SUMIFS(Input!L$2:L$999,Input!$C$2:$C$999,CONCATENATE(LEFT($B$27,10),"*"),Input!$D$2:$D$999,$C$27)*IND_Mult!H27 -> 0.84 | H27: =SUMIFS(Input!M$2:M$999,Input!$C$2:$C$999,CONCATENATE(LEFT($B$27,10),"*"),Input!$D$2:$D$999,$C$27)*IND_Mult!I27 -> 0.84 | I27: =SUMIFS(Input!N$2:N$999,Input!$C$2:$C$999,CONCATENATE(LEFT($B$27,10),"*"),Input!$D$2:$D$999,$C$27)*IND_Mult!J27 -> 0.84 | J27: =SUMIFS(Input!O$2:O$999,Input!$C$2:$C$999,CONCATENATE(LEFT($B$27,10),"*"),Input!$D$2:$D$999,$C$27)*IND_Mult!K27 -> 0.84 | K27: =SUMIFS(Input!P$2:P$999,Input!$C$2:$C$999,CONCATENATE(LEFT($B$27,10),"*"),Input!$D$2:$D$999,$C$27)*IND_Mult!L27 -> 0.84 | L27: =SUMIFS(Input!Q$2:Q$999,Input!$C$2:$C$999,CONCATENATE(LEFT($B$27,10),"*"),Input!$D$2:$D$999,$C$27)*IND_Mult!M27 -> 0.84 | M27: =SUMIFS(Input!R$2:R$999,Input!$C$2:$C$999,CONCATENATE(LEFT($B$27,10),"*"),Input!$D$2:$D$999,$C$27)*IND_Mult!N27 -> 0.84 | N27: =SUMIFS(Input!S$2:S$999,Input!$C$2:$C$999,CONCATENATE(LEFT($B$27,10),"*"),Input!$D$2:$D$999,$C$27)*IND_Mult!O27 -> 0.84 | ... AQ27: =SUMIFS(Input!AV$2:AV$999,Input!$C$2:$C$999,CONCATENATE(LEFT($B$27,10),"*"),Input!$D$2:$D$999,$C$27)*IND_Mult!AR27 -> 0.84
B28: IALRECYCP01 | C28: MALCAL | E28: Output | G28: =SUMIFS(Output!L$2:L$999,Output!$C$2:$C$999,CONCATENATE(LEFT($B$28,10),"*"),Output!$D$2:$D$999,$C$28)*IND_Mult!H28 -> 1 | H28: =SUMIFS(Output!M$2:M$999,Output!$C$2:$C$999,CONCATENATE(LEFT($B$28,10),"*"),Output!$D$2:$D$999,$C$28)*IND_Mult!I28 -> 1 | I28: =SUMIFS(Output!N$2:N$999,Output!$C$2:$C$999,CONCATENATE(LEFT($B$28,10),"*"),Output!$D$2:$D$999,$C$28)*IND_Mult!J28 -> 1 | J28: =SUMIFS(Output!O$2:O$999,Output!$C$2:$C$999,CONCATENATE(LEFT($B$28,10),"*"),Output!$D$2:$D$999,$C$28)*IND_Mult!K28 -> 1 | K28: =SUMIFS(Output!P$2:P$999,Output!$C$2:$C$999,CONCATENATE(LEFT($B$28,10),"*"),Output!$D$2:$D$999,$C$28)*IND_Mult!L28 -> 1 | L28: =SUMIFS(Output!Q$2:Q$999,Output!$C$2:$C$999,CONCATENATE(LEFT($B$28,10),"*"),Output!$D$2:$D$999,$C$28)*IND_Mult!M28 -> 1 | M28: =SUMIFS(Output!R$2:R$999,Output!$C$2:$C$999,CONCATENATE(LEFT($B$28,10),"*"),Output!$D$2:$D$999,$C$28)*IND_Mult!N28 -> 1 | N28: =SUMIFS(Output!S$2:S$999,Output!$C$2:$C$999,CONCATENATE(LEFT($B$28,10),"*"),Output!$D$2:$D$999,$C$28)*IND_Mult!O28 -> 1 | ... AQ28: =SUMIFS(Output!AV$2:AV$999,Output!$C$2:$C$999,CONCATENATE(LEFT($B$28,10),"*"),Output!$D$2:$D$999,$C$28)*IND_Mult!AR28 -> 1
B29: IAMADVCAP10 | C29: INDELC | E29: Input | G29: =SUMIFS(Input!L$2:L$999,Input!$C$2:$C$999,CONCATENATE(LEFT($B$29,10),"*"),Input!$D$2:$D$999,$C$29)*IND_Mult!H29 -> 0 | H29: =SUMIFS(Input!M$2:M$999,Input!$C$2:$C$999,CONCATENATE(LEFT($B$29,10),"*"),Input!$D$2:$D$999,$C$29)*IND_Mult!I29 -> 0 | I29: =SUMIFS(Input!N$2:N$999,Input!$C$2:$C$999,CONCATENATE(LEFT($B$29,10),"*"),Input!$D$2:$D$999,$C$29)*IND_Mult!J29 -> 0 | J29: =SUMIFS(Input!O$2:O$999,Input!$C$2:$C$999,CONCATENATE(LEFT($B$29,10),"*"),Input!$D$2:$D$999,$C$29)*IND_Mult!K29 -> 0 | K29: =SUMIFS(Input!P$2:P$999,Input!$C$2:$C$999,CONCATENATE(LEFT($B$29,10),"*"),Input!$D$2:$D$999,$C$29)*IND_Mult!L29 -> 0 | L29: =SUMIFS(Input!Q$2:Q$999,Input!$C$2:$C$999,CONCATENATE(LEFT($B$29,10),"*"),Input!$D$2:$D$999,$C$29)*IND_Mult!M29 -> 0 | M29: =SUMIFS(Input!R$2:R$999,Input!$C$2:$C$999,CONCATENATE(LEFT($B$29,10),"*"),Input!$D$2:$D$999,$C$29)*IND_Mult!N29 -> 0 | N29: =SUMIFS(Input!S$2:S$999,Input!$C$2:$C$999,CONCATENATE(LEFT($B$29,10),"*"),Input!$D$2:$D$999,$C$29)*IND_Mult!O29 -> 0 | ... AQ29: =SUMIFS(Input!AV$2:AV$999,Input!$C$2:$C$999,CONCATENATE(LEFT($B$29,10),"*"),Input!$D$2:$D$999,$C$29)*IND_Mult!AR29 -> 0
B30: IAMADVCAP10 | C30: INDGAS | E30: Input | G30: =SUMIFS(Input!L$2:L$999,Input!$C$2:$C$999,CONCATENATE(LEFT($B$30,10),"*"),Input!$D$2:$D$999,$C$30)*IND_Mult!H30 -> 0 | H30: =SUMIFS(Input!M$2:M$999,Input!$C$2:$C$999,CONCATENATE(LEFT($B$30,10),"*"),Input!$D$2:$D$999,$C$30)*IND_Mult!I30 -> 0 | I30: =SUMIFS(Input!N$2:N$999,Input!$C$2:$C$999,CONCATENATE(LEFT($B$30,10),"*"),Input!$D$2:$D$999,$C$30)*IND_Mult!J30 -> 0 | J30: =SUMIFS(Input!O$2:O$999,Input!$C$2:$C$999,CONCATENATE(LEFT($B$30,10),"*"),Input!$D$2:$D$999,$C$30)*IND_Mult!K30 -> 0 | K30: =SUMIFS(Input!P$2:P$999,Input!$C$2:$C$999,CONCATENATE(LEFT($B$30,10),"*"),Input!$D$2:$D$999,$C$30)*IND_Mult!L30 -> 0 | L30: =SUMIFS(Input!Q$2:Q$999,Input!$C$2:$C$999,CONCATENATE(LEFT($B$30,10),"*"),Input!$D$2:$D$999,$C$30)*IND_Mult!M30 -> 0 | M30: =SUMIFS(Input!R$2:R$999,Input!$C$2:$C$999,CONCATENATE(LEFT($B$30,10),"*"),Input!$D$2:$D$999,$C$30)*IND_Mult!N30 -> 0 | N30: =SUMIFS(Input!S$2:S$999,Input!$C$2:$C$999,CONCATENATE(LEFT($B$30,10),"*"),Input!$D$2:$D$999,$C$30)*IND_Mult!O30 -> 0 | ... AQ30: =SUMIFS(Input!AV$2:AV$999,Input!$C$2:$C$999,CONCATENATE(LEFT($B$30,10),"*"),Input!$D$2:$D$999,$C$30)*IND_Mult!AR30 -> 0
B31: IAMSTDPRO01 | C31: INDELC | E31: Input | G31: =SUMIFS(Input!L$2:L$999,Input!$C$2:$C$999,CONCATENATE(LEFT($B$31,10),"*"),Input!$D$2:$D$999,$C$31)*IND_Mult!H31 -> 0.5 | H31: =SUMIFS(Input!M$2:M$999,Input!$C$2:$C$999,CONCATENATE(LEFT($B$31,10),"*"),Input!$D$2:$D$999,$C$31)*IND_Mult!I31 -> 0.5 | I31: =SUMIFS(Input!N$2:N$999,Input!$C$2:$C$999,CONCATENATE(LEFT($B$31,10),"*"),Input!$D$2:$D$999,$C$31)*IND_Mult!J31 -> 0.5 | J31: =SUMIFS(Input!O$2:O$999,Input!$C$2:$C$999,CONCATENATE(LEFT($B$31,10),"*"),Input!$D$2:$D$999,$C$31)*IND_Mult!K31 -> 0.5 | K31: =SUMIFS(Input!P$2:P$999,Input!$C$2:$C$999,CONCATENATE(LEFT($B$31,10),"*"),Input!$D$2:$D$999,$C$31)*IND_Mult!L31 -> 0.5 | L31: =SUMIFS(Input!Q$2:Q$999,Input!$C$2:$C$999,CONCATENATE(LEFT($B$31,10),"*"),Input!$D$2:$D$999,$C$31)*IND_Mult!M31 -> 0.5 | M31: =SUMIFS(Input!R$2:R$999,Input!$C$2:$C$999,CONCATENATE(LEFT($B$31,10),"*"),Input!$D$2:$D$999,$C$31)*IND_Mult!N31 -> 0.5 | N31: =SUMIFS(Input!S$2:S$999,Input!$C$2:$C$999,CONCATENATE(LEFT($B$31,10),"*"),Input!$D$2:$D$999,$C$31)*IND_Mult!O31 -> 0.5 | ... AQ31: =SUMIFS(Input!AV$2:AV$999,Input!$C$2:$C$999,CONCATENATE(LEFT($B$31,10),"*"),Input!$D$2:$D$999,$C$31)*IND_Mult!AR31 -> 0.5
B32: IAMSTDPRO01 | C32: INDGAS | E32: Input | G32: =SUMIFS(Input!L$2:L$999,Input!$C$2:$C$999,CONCATENATE(LEFT($B$32,10),"*"),Input!$D$2:$D$999,$C$32)*IND_Mult!H32 -> 22.5 | H32: =SUMIFS(Input!M$2:M$999,Input!$C$2:$C$999,CONCATENATE(LEFT($B$32,10),"*"),Input!$D$2:$D$999,$C$32)*IND_Mult!I32 -> 22.5 | I32: =SUMIFS(Input!N$2:N$999,Input!$C$2:$C$999,CONCATENATE(LEFT($B$32,10),"*"),Input!$D$2:$D$999,$C$32)*IND_Mult!J32 -> 22.5 | J32: =SUMIFS(Input!O$2:O$999,Input!$C$2:$C$999,CONCATENATE(LEFT($B$32,10),"*"),Input!$D$2:$D$999,$C$32)*IND_Mult!K32 -> 22.5 | K32: =SUMIFS(Input!P$2:P$999,Input!$C$2:$C$999,CONCATENATE(LEFT($B$32,10),"*"),Input!$D$2:$D$999,$C$32)*IND_Mult!L32 -> 22.5 | L32: =SUMIFS(Input!Q$2:Q$999,Input!$C$2:$C$999,CONCATENATE(LEFT($B$32,10),"*"),Input!$D$2:$D$999,$C$32)*IND_Mult!M32 -> 22.5 | M32: =SUMIFS(Input!R$2:R$999,Input!$C$2:$C$999,CONCATENATE(LEFT($B$32,10),"*"),Input!$D$2:$D$999,$C$32)*IND_Mult!N32 -> 22.5 | N32: =SUMIFS(Input!S$2:S$999,Input!$C$2:$C$999,CONCATENATE(LEFT($B$32,10),"*"),Input!$D$2:$D$999,$C$32)*IND_Mult!O32 -> 22.5 | ... AQ32: =SUMIFS(Input!AV$2:AV$999,Input!$C$2:$C$999,CONCATENATE(LEFT($B$32,10),"*"),Input!$D$2:$D$999,$C$32)*IND_Mult!AR32 -> 22.5
B33: ICMDRYPRD01 | C33: ICMPRC | E33: Input | G33: =SUMIFS(Input!L$2:L$999,Input!$C$2:$C$999,CONCATENATE(LEFT($B$33,10),"*"),Input!$D$2:$D$999,$C$33)*IND_Mult!H33 -> 0 | H33: =SUMIFS(Input!M$2:M$999,Input!$C$2:$C$999,CONCATENATE(LEFT($B$33,10),"*"),Input!$D$2:$D$999,$C$33)*IND_Mult!I33 -> 0 | I33: =SUMIFS(Input!N$2:N$999,Input!$C$2:$C$999,CONCATENATE(LEFT($B$33,10),"*"),Input!$D$2:$D$999,$C$33)*IND_Mult!J33 -> 0 | J33: =SUMIFS(Input!O$2:O$999,Input!$C$2:$C$999,CONCATENATE(LEFT($B$33,10),"*"),Input!$D$2:$D$999,$C$33)*IND_Mult!K33 -> 0 | K33: =SUMIFS(Input!P$2:P$999,Input!$C$2:$C$999,CONCATENATE(LEFT($B$33,10),"*"),Input!$D$2:$D$999,$C$33)*IND_Mult!L33 -> 0 | L33: =SUMIFS(Input!Q$2:Q$999,Input!$C$2:$C$999,CONCATENATE(LEFT($B$33,10),"*"),Input!$D$2:$D$999,$C$33)*IND_Mult!M33 -> 0 | M33: =SUMIFS(Input!R$2:R$999,Input!$C$2:$C$999,CONCATENATE(LEFT($B$33,10),"*"),Input!$D$2:$D$999,$C$33)*IND_Mult!N33 -> 0 | N33: =SUMIFS(Input!S$2:S$999,Input!$C$2:$C$999,CONCATENATE(LEFT($B$33,10),"*"),Input!$D$2:$D$999,$C$33)*IND_Mult!O33 -> 0 | ... AQ33: =SUMIFS(Input!AV$2:AV$999,Input!$C$2:$C$999,CONCATENATE(LEFT($B$33,10),"*"),Input!$D$2:$D$999,$C$33)*IND_Mult!AR33 -> 0
B34: ICMDRYPRD01 | C34: INDELC | E34: Input | G34: =SUMIFS(Input!L$2:L$999,Input!$C$2:$C$999,CONCATENATE(LEFT($B$34,10),"*"),Input!$D$2:$D$999,$C$34)*IND_Mult!H34 -> 0.108 | H34: =SUMIFS(Input!M$2:M$999,Input!$C$2:$C$999,CONCATENATE(LEFT($B$34,10),"*"),Input!$D$2:$D$999,$C$34)*IND_Mult!I34 -> 0.108 | I34: =SUMIFS(Input!N$2:N$999,Input!$C$2:$C$999,CONCATENATE(LEFT($B$34,10),"*"),Input!$D$2:$D$999,$C$34)*IND_Mult!J34 -> 0.108 | J34: =SUMIFS(Input!O$2:O$999,Input!$C$2:$C$999,CONCATENATE(LEFT($B$34,10),"*"),Input!$D$2:$D$999,$C$34)*IND_Mult!K34 -> 0.0864 | K34: =SUMIFS(Input!P$2:P$999,Input!$C$2:$C$999,CONCATENATE(LEFT($B$34,10),"*"),Input!$D$2:$D$999,$C$34)*IND_Mult!L34 -> 0.108 | L34: =SUMIFS(Input!Q$2:Q$999,Input!$C$2:$C$999,CONCATENATE(LEFT($B$34,10),"*"),Input!$D$2:$D$999,$C$34)*IND_Mult!M34 -> 0.108 | M34: =SUMIFS(Input!R$2:R$999,Input!$C$2:$C$999,CONCATENATE(LEFT($B$34,10),"*"),Input!$D$2:$D$999,$C$34)*IND_Mult!N34 -> 0.108 | N34: =SUMIFS(Input!S$2:S$999,Input!$C$2:$C$999,CONCATENATE(LEFT($B$34,10),"*"),Input!$D$2:$D$999,$C$34)*IND_Mult!O34 -> 0.108 | ... AQ34: =SUMIFS(Input!AV$2:AV$999,Input!$C$2:$C$999,CONCATENATE(LEFT($B$34,10),"*"),Input!$D$2:$D$999,$C$34)*IND_Mult!AR34 -> 0.108
B35: ICMDRYPRD01 | C35: MCMCLK | E35: Output | G35: =SUMIFS(Output!L$2:L$999,Output!$C$2:$C$999,CONCATENATE(LEFT($B$35,10),"*"),Output!$D$2:$D$999,$C$35)*IND_Mult!H38 -> 1 | H35: =SUMIFS(Output!M$2:M$999,Output!$C$2:$C$999,CONCATENATE(LEFT($B$35,10),"*"),Output!$D$2:$D$999,$C$35)*IND_Mult!I38 -> 1 | I35: =SUMIFS(Output!N$2:N$999,Output!$C$2:$C$999,CONCATENATE(LEFT($B$35,10),"*"),Output!$D$2:$D$999,$C$35)*IND_Mult!J38 -> 1 | J35: =SUMIFS(Output!O$2:O$999,Output!$C$2:$C$999,CONCATENATE(LEFT($B$35,10),"*"),Output!$D$2:$D$999,$C$35)*IND_Mult!K38 -> 1 | K35: =SUMIFS(Output!P$2:P$999,Output!$C$2:$C$999,CONCATENATE(LEFT($B$35,10),"*"),Output!$D$2:$D$999,$C$35)*IND_Mult!L38 -> 1 | L35: =SUMIFS(Output!Q$2:Q$999,Output!$C$2:$C$999,CONCATENATE(LEFT($B$35,10),"*"),Output!$D$2:$D$999,$C$35)*IND_Mult!M38 -> 1 | M35: =SUMIFS(Output!R$2:R$999,Output!$C$2:$C$999,CONCATENATE(LEFT($B$35,10),"*"),Output!$D$2:$D$999,$C$35)*IND_Mult!N38 -> 1 | N35: =SUMIFS(Output!S$2:S$999,Output!$C$2:$C$999,CONCATENATE(LEFT($B$35,10),"*"),Output!$D$2:$D$999,$C$35)*IND_Mult!O38 -> 1 | ... AQ35: =SUMIFS(Output!AV$2:AV$999,Output!$C$2:$C$999,CONCATENATE(LEFT($B$35,10),"*"),Output!$D$2:$D$999,$C$35)*IND_Mult!AR38 -> 1
B36: ICMDRYPRD1* | C36: INDGAS | D36: \I: LO | E36: \I: Share | G36: 0 | H36: 0 | I36: 0 | J36: 0 | K36: 0 | L36: 0 | M36: 0 | N36: 0 | O36: 0 | P36: 0 | Q36: 0 | R36: 0 | S36: 0 | T36: 0 | U36: 0 | V36: 0 | W36: 0 | X36: 0 | Y36: 0 | Z36: 0 | AA36: 0 | AB36: 0 | AC36: 0 | AD36: 0 | AE36: 0 | AF36: 0 | AG36: 0 | AH36: 0 | AI36: 0 | AJ36: 0 | AK36: 0 | AL36: 0 | AM36: 0 | AN36: 0 | AO36: 0 | AP36: 0 | AQ36: 0
B37: ICMDRYPRD1* | C37: INDCOA | D37: \I: LO | E37: \I: Share | G37: 0 | H37: 0 | I37: 0 | J37: 0 | K37: 0 | L37: 0 | M37: 0 | N37: 0 | O37: 0 | P37: 0 | Q37: 0 | R37: 0 | S37: 0 | T37: 0 | U37: 0 | V37: 0 | W37: 0 | X37: 0 | Y37: 0 | Z37: 0 | AA37: 0 | AB37: 0 | AC37: 0 | AD37: 0 | AE37: 0 | AF37: 0 | AG37: 0 | AH37: 0 | AI37: 0 | AJ37: 0 | AK37: 0 | AL37: 0 | AM37: 0 | AN37: 0 | AO37: 0 | AP37: 0 | AQ37: 0
B38: ICMDRYPRD1* | C38: ICMPRC | D38: \I: LO | E38: \I: Share | G38: 0 | H38: 0 | I38: 0 | J38: 0 | K38: 0 | L38: 0 | M38: 0 | N38: 0 | O38: 0 | P38: 0 | Q38: 0 | R38: 0 | S38: 0 | T38: 0 | U38: 0 | V38: 0 | W38: 0 | X38: 0 | Y38: 0 | Z38: 0 | AA38: 0 | AB38: 0 | AC38: 0 | AD38: 0 | AE38: 0 | AF38: 0 | AG38: 0 | AH38: 0 | AI38: 0 | AJ38: 0 | AK38: 0 | AL38: 0 | AM38: 0 | AN38: 0 | AO38: 0 | AP38: 0 | AQ38: 0
B39: ICMDRYPRD1* | C39: INDELC | D39: \I: LO | E39: \I: Share | G39: 0 | H39: 0 | I39: 0 | J39: 0 | K39: 0 | L39: 0 | M39: 0 | N39: 0 | O39: 0 | P39: 0 | Q39: 0 | R39: 0 | S39: 0 | T39: 0 | U39: 0 | V39: 0 | W39: 0 | X39: 0 | Y39: 0 | Z39: 0 | AA39: 0 | AB39: 0 | AC39: 0 | AD39: 0 | AE39: 0 | AF39: 0 | AG39: 0 | AH39: 0 | AI39: 0 | AJ39: 0 | AK39: 0 | AL39: 0 | AM39: 0 | AN39: 0 | AO39: 0 | AP39: 0 | AQ39: 0
B40: ICMDRYPRD1* | C40: INDBGS | D40: \I: LO | E40: \I: Share | G40: 0 | H40: 0 | I40: 0 | J40: 0 | K40: 0 | L40: 0 | M40: 0 | N40: 0 | O40: 0 | P40: 0 | Q40: 0 | R40: 0 | S40: 0 | T40: 0 | U40: 0 | V40: 0 | W40: 0 | X40: 0 | Y40: 0 | Z40: 0 | AA40: 0 | AB40: 0 | AC40: 0 | AD40: 0 | AE40: 0 | AF40: 0 | AG40: 0 | AH40: 0 | AI40: 0 | AJ40: 0 | AK40: 0 | AL40: 0 | AM40: 0 | AN40: 0 | AO40: 0 | AP40: 0 | AQ40: 0
B41: ICMDRYPRD1* | E41: Eff | G41: =0.159043269450185*(AVERAGE(IND_Mult!H36:H37)) -> 0.15904327 | H41: =0.159043269450185*(AVERAGE(IND_Mult!I36:I37)) -> 0.15904327 | I41: =0.159043269450185*(AVERAGE(IND_Mult!J36:J37)) -> 0.15904327 | J41: =0.159043269450185*(AVERAGE(IND_Mult!K36:K37)) -> 0.15904327 | K41: =0.159043269450185*(AVERAGE(IND_Mult!L36:L37)) -> 0.15904327 | L41: =0.159043269450185*(AVERAGE(IND_Mult!M36:M37)) -> 0.15904327 | M41: =0.159043269450185*(AVERAGE(IND_Mult!N36:N37)) -> 0.15904327 | N41: =0.159043269450185*(AVERAGE(IND_Mult!O36:O37)) -> 0.15904327 | ... AQ41: =0.159043269450185*(AVERAGE(IND_Mult!AR36:AR37)) -> 0.15904327
B42: ICMFINPRO01 | C42: INDELC | E42: Input | G42: =SUMIFS(Input!L$2:L$999,Input!$C$2:$C$999,CONCATENATE(LEFT($B$42,10),"*"),Input!$D$2:$D$999,$C$42)*IND_Mult!H42 -> 0.23801653 | H42: =SUMIFS(Input!M$2:M$999,Input!$C$2:$C$999,CONCATENATE(LEFT($B$42,10),"*"),Input!$D$2:$D$999,$C$42)*IND_Mult!I42 -> 1.4786536 | I42: =SUMIFS(Input!N$2:N$999,Input!$C$2:$C$999,CONCATENATE(LEFT($B$42,10),"*"),Input!$D$2:$D$999,$C$42)*IND_Mult!J42 -> 0 | J42: =SUMIFS(Input!O$2:O$999,Input!$C$2:$C$999,CONCATENATE(LEFT($B$42,10),"*"),Input!$D$2:$D$999,$C$42)*IND_Mult!K42 -> 0 | K42: =SUMIFS(Input!P$2:P$999,Input!$C$2:$C$999,CONCATENATE(LEFT($B$42,10),"*"),Input!$D$2:$D$999,$C$42)*IND_Mult!L42 -> 0.9624872 | L42: =SUMIFS(Input!Q$2:Q$999,Input!$C$2:$C$999,CONCATENATE(LEFT($B$42,10),"*"),Input!$D$2:$D$999,$C$42)*IND_Mult!M42 -> 1 | M42: =SUMIFS(Input!R$2:R$999,Input!$C$2:$C$999,CONCATENATE(LEFT($B$42,10),"*"),Input!$D$2:$D$999,$C$42)*IND_Mult!N42 -> 0.17651073 | N42: =SUMIFS(Input!S$2:S$999,Input!$C$2:$C$999,CONCATENATE(LEFT($B$42,10),"*"),Input!$D$2:$D$999,$C$42)*IND_Mult!O42 -> 0.84664979 | ... AQ42: =SUMIFS(Input!AV$2:AV$999,Input!$C$2:$C$999,CONCATENATE(LEFT($B$42,10),"*"),Input!$D$2:$D$999,$C$42)*IND_Mult!AR42 -> 0.35864858
B43: ICMFINPRO01 | C43: INDLFO | E43: Input | G43: =SUMIFS(Input!L$2:L$999,Input!$C$2:$C$999,CONCATENATE(LEFT($B$43,10),"*"),Input!$D$2:$D$999,$C$43)*IND_Mult!H43 -> 0 | H43: =SUMIFS(Input!M$2:M$999,Input!$C$2:$C$999,CONCATENATE(LEFT($B$43,10),"*"),Input!$D$2:$D$999,$C$43)*IND_Mult!I43 -> 0 | I43: =SUMIFS(Input!N$2:N$999,Input!$C$2:$C$999,CONCATENATE(LEFT($B$43,10),"*"),Input!$D$2:$D$999,$C$43)*IND_Mult!J43 -> 0 | J43: =SUMIFS(Input!O$2:O$999,Input!$C$2:$C$999,CONCATENATE(LEFT($B$43,10),"*"),Input!$D$2:$D$999,$C$43)*IND_Mult!K43 -> 0 | K43: =SUMIFS(Input!P$2:P$999,Input!$C$2:$C$999,CONCATENATE(LEFT($B$43,10),"*"),Input!$D$2:$D$999,$C$43)*IND_Mult!L43 -> 0 | L43: =SUMIFS(Input!Q$2:Q$999,Input!$C$2:$C$999,CONCATENATE(LEFT($B$43,10),"*"),Input!$D$2:$D$999,$C$43)*IND_Mult!M43 -> 0 | M43: =SUMIFS(Input!R$2:R$999,Input!$C$2:$C$999,CONCATENATE(LEFT($B$43,10),"*"),Input!$D$2:$D$999,$C$43)*IND_Mult!N43 -> 0 | N43: =SUMIFS(Input!S$2:S$999,Input!$C$2:$C$999,CONCATENATE(LEFT($B$43,10),"*"),Input!$D$2:$D$999,$C$43)*IND_Mult!O43 -> 0.047 | ... AQ43: =SUMIFS(Input!AV$2:AV$999,Input!$C$2:$C$999,CONCATENATE(LEFT($B$43,10),"*"),Input!$D$2:$D$999,$C$43)*IND_Mult!AR43 -> 0.65375404
B44: ICMFINPRO01 | C44: MCMCLK | E44: Input | G44: =SUMIFS(Input!L$2:L$999,Input!$C$2:$C$999,CONCATENATE(LEFT($B$44,10),"*"),Input!$D$2:$D$999,$C$44)*IND_Mult!H44 -> 0.91632231 | H44: =SUMIFS(Input!M$2:M$999,Input!$C$2:$C$999,CONCATENATE(LEFT($B$44,10),"*"),Input!$D$2:$D$999,$C$44)*IND_Mult!I44 -> 0.38807121 | I44: =SUMIFS(Input!N$2:N$999,Input!$C$2:$C$999,CONCATENATE(LEFT($B$44,10),"*"),Input!$D$2:$D$999,$C$44)*IND_Mult!J44 -> 0 | J44: =SUMIFS(Input!O$2:O$999,Input!$C$2:$C$999,CONCATENATE(LEFT($B$44,10),"*"),Input!$D$2:$D$999,$C$44)*IND_Mult!K44 -> 0 | K44: =SUMIFS(Input!P$2:P$999,Input!$C$2:$C$999,CONCATENATE(LEFT($B$44,10),"*"),Input!$D$2:$D$999,$C$44)*IND_Mult!L44 -> 0.76685124 | L44: =SUMIFS(Input!Q$2:Q$999,Input!$C$2:$C$999,CONCATENATE(LEFT($B$44,10),"*"),Input!$D$2:$D$999,$C$44)*IND_Mult!M44 -> 0.76685124 | M44: =SUMIFS(Input!R$2:R$999,Input!$C$2:$C$999,CONCATENATE(LEFT($B$44,10),"*"),Input!$D$2:$D$999,$C$44)*IND_Mult!N44 -> 0.76685124 | N44: =SUMIFS(Input!S$2:S$999,Input!$C$2:$C$999,CONCATENATE(LEFT($B$44,10),"*"),Input!$D$2:$D$999,$C$44)*IND_Mult!O44 -> 0.72374474 | ... AQ44: =SUMIFS(Input!AV$2:AV$999,Input!$C$2:$C$999,CONCATENATE(LEFT($B$44,10),"*"),Input!$D$2:$D$999,$C$44)*IND_Mult!AR44 -> 0.82711066
B45: ICMFINPRO01 | C45: MISBFS | E45: Input | G45: =SUMIFS(Input!L$2:L$999,Input!$C$2:$C$999,CONCATENATE(LEFT($B$45,10),"*"),Input!$D$2:$D$999,$C$45)*IND_Mult!H45 -> 0.083677686 | H45: =SUMIFS(Input!M$2:M$999,Input!$C$2:$C$999,CONCATENATE(LEFT($B$45,10),"*"),Input!$D$2:$D$999,$C$45)*IND_Mult!I45 -> 0.61192879 | I45: =SUMIFS(Input!N$2:N$999,Input!$C$2:$C$999,CONCATENATE(LEFT($B$45,10),"*"),Input!$D$2:$D$999,$C$45)*IND_Mult!J45 -> 0 | J45: =SUMIFS(Input!O$2:O$999,Input!$C$2:$C$999,CONCATENATE(LEFT($B$45,10),"*"),Input!$D$2:$D$999,$C$45)*IND_Mult!K45 -> 0 | K45: =SUMIFS(Input!P$2:P$999,Input!$C$2:$C$999,CONCATENATE(LEFT($B$45,10),"*"),Input!$D$2:$D$999,$C$45)*IND_Mult!L45 -> 0.23314876 | L45: =SUMIFS(Input!Q$2:Q$999,Input!$C$2:$C$999,CONCATENATE(LEFT($B$45,10),"*"),Input!$D$2:$D$999,$C$45)*IND_Mult!M45 -> 0.23314876 | M45: =SUMIFS(Input!R$2:R$999,Input!$C$2:$C$999,CONCATENATE(LEFT($B$45,10),"*"),Input!$D$2:$D$999,$C$45)*IND_Mult!N45 -> 0.23314876 | N45: =SUMIFS(Input!S$2:S$999,Input!$C$2:$C$999,CONCATENATE(LEFT($B$45,10),"*"),Input!$D$2:$D$999,$C$45)*IND_Mult!O45 -> 0.27625526 | ... AQ45: =SUMIFS(Input!AV$2:AV$999,Input!$C$2:$C$999,CONCATENATE(LEFT($B$45,10),"*"),Input!$D$2:$D$999,$C$45)*IND_Mult!AR45 -> 0.17288934
B46: ICMWETPRD01 | C46: ICMPRC | E46: \I: Input | G46: =SUMIFS(Input!L$2:L$999,Input!$C$2:$C$999,CONCATENATE(LEFT($B$46,10),"*"),Input!$D$2:$D$999,$C$46)*IND_Mult!H46 -> 0 | H46: =SUMIFS(Input!M$2:M$999,Input!$C$2:$C$999,CONCATENATE(LEFT($B$46,10),"*"),Input!$D$2:$D$999,$C$46)*IND_Mult!I46 -> 0 | I46: =SUMIFS(Input!N$2:N$999,Input!$C$2:$C$999,CONCATENATE(LEFT($B$46,10),"*"),Input!$D$2:$D$999,$C$46)*IND_Mult!J46 -> 0 | J46: =SUMIFS(Input!O$2:O$999,Input!$C$2:$C$999,CONCATENATE(LEFT($B$46,10),"*"),Input!$D$2:$D$999,$C$46)*IND_Mult!K46 -> 0 | K46: =SUMIFS(Input!P$2:P$999,Input!$C$2:$C$999,CONCATENATE(LEFT($B$46,10),"*"),Input!$D$2:$D$999,$C$46)*IND_Mult!L46 -> 0 | L46: =SUMIFS(Input!Q$2:Q$999,Input!$C$2:$C$999,CONCATENATE(LEFT($B$46,10),"*"),Input!$D$2:$D$999,$C$46)*IND_Mult!M46 -> 0 | M46: =SUMIFS(Input!R$2:R$999,Input!$C$2:$C$999,CONCATENATE(LEFT($B$46,10),"*"),Input!$D$2:$D$999,$C$46)*IND_Mult!N46 -> 0 | N46: =SUMIFS(Input!S$2:S$999,Input!$C$2:$C$999,CONCATENATE(LEFT($B$46,10),"*"),Input!$D$2:$D$999,$C$46)*IND_Mult!O46 -> 0 | ... AQ46: =SUMIFS(Input!AV$2:AV$999,Input!$C$2:$C$999,CONCATENATE(LEFT($B$46,10),"*"),Input!$D$2:$D$999,$C$46)*IND_Mult!AR46 -> 0
B47: ICMWETPRD01 | C47: INDELC | E47: Input | G47: =SUMIFS(Input!L$2:L$999,Input!$C$2:$C$999,CONCATENATE(LEFT($B$47,10),"*"),Input!$D$2:$D$999,$C$47)*IND_Mult!H47 -> 0.3 | H47: =SUMIFS(Input!M$2:M$999,Input!$C$2:$C$999,CONCATENATE(LEFT($B$47,10),"*"),Input!$D$2:$D$999,$C$47)*IND_Mult!I47 -> 0.3 | I47: =SUMIFS(Input!N$2:N$999,Input!$C$2:$C$999,CONCATENATE(LEFT($B$47,10),"*"),Input!$D$2:$D$999,$C$47)*IND_Mult!J47 -> 0.3 | J47: =SUMIFS(Input!O$2:O$999,Input!$C$2:$C$999,CONCATENATE(LEFT($B$47,10),"*"),Input!$D$2:$D$999,$C$47)*IND_Mult!K47 -> 0.24 | K47: =SUMIFS(Input!P$2:P$999,Input!$C$2:$C$999,CONCATENATE(LEFT($B$47,10),"*"),Input!$D$2:$D$999,$C$47)*IND_Mult!L47 -> 0.3 | L47: =SUMIFS(Input!Q$2:Q$999,Input!$C$2:$C$999,CONCATENATE(LEFT($B$47,10),"*"),Input!$D$2:$D$999,$C$47)*IND_Mult!M47 -> 0.3 | M47: =SUMIFS(Input!R$2:R$999,Input!$C$2:$C$999,CONCATENATE(LEFT($B$47,10),"*"),Input!$D$2:$D$999,$C$47)*IND_Mult!N47 -> 0.3 | N47: =SUMIFS(Input!S$2:S$999,Input!$C$2:$C$999,CONCATENATE(LEFT($B$47,10),"*"),Input!$D$2:$D$999,$C$47)*IND_Mult!O47 -> 0.3 | ... AQ47: =SUMIFS(Input!AV$2:AV$999,Input!$C$2:$C$999,CONCATENATE(LEFT($B$47,10),"*"),Input!$D$2:$D$999,$C$47)*IND_Mult!AR47 -> 0.3
B48: ICMWETPRD01 | C48: INDGAS | E48: Input | G48: =SUMIFS(Input!L$2:L$999,Input!$C$2:$C$999,CONCATENATE(LEFT($B$48,10),"*"),Input!$D$2:$D$999,$C$48)*IND_Mult!H48 -> 0 | H48: =SUMIFS(Input!M$2:M$999,Input!$C$2:$C$999,CONCATENATE(LEFT($B$48,10),"*"),Input!$D$2:$D$999,$C$48)*IND_Mult!I48 -> 0 | I48: =SUMIFS(Input!N$2:N$999,Input!$C$2:$C$999,CONCATENATE(LEFT($B$48,10),"*"),Input!$D$2:$D$999,$C$48)*IND_Mult!J48 -> 0 | J48: =SUMIFS(Input!O$2:O$999,Input!$C$2:$C$999,CONCATENATE(LEFT($B$48,10),"*"),Input!$D$2:$D$999,$C$48)*IND_Mult!K48 -> 0 | K48: =SUMIFS(Input!P$2:P$999,Input!$C$2:$C$999,CONCATENATE(LEFT($B$48,10),"*"),Input!$D$2:$D$999,$C$48)*IND_Mult!L48 -> 0 | L48: =SUMIFS(Input!Q$2:Q$999,Input!$C$2:$C$999,CONCATENATE(LEFT($B$48,10),"*"),Input!$D$2:$D$999,$C$48)*IND_Mult!M48 -> 0 | M48: =SUMIFS(Input!R$2:R$999,Input!$C$2:$C$999,CONCATENATE(LEFT($B$48,10),"*"),Input!$D$2:$D$999,$C$48)*IND_Mult!N48 -> 0 | N48: =SUMIFS(Input!S$2:S$999,Input!$C$2:$C$999,CONCATENATE(LEFT($B$48,10),"*"),Input!$D$2:$D$999,$C$48)*IND_Mult!O48 -> 0 | ... AQ48: =SUMIFS(Input!AV$2:AV$999,Input!$C$2:$C$999,CONCATENATE(LEFT($B$48,10),"*"),Input!$D$2:$D$999,$C$48)*IND_Mult!AR48 -> 0
B49: ICMWETPRD01 | C49: INDHFO | E49: Input | G49: =SUMIFS(Input!L$2:L$999,Input!$C$2:$C$999,CONCATENATE(LEFT($B$49,10),"*"),Input!$D$2:$D$999,$C$49)*IND_Mult!H49 -> 6 | H49: =SUMIFS(Input!M$2:M$999,Input!$C$2:$C$999,CONCATENATE(LEFT($B$49,10),"*"),Input!$D$2:$D$999,$C$49)*IND_Mult!I49 -> 6 | I49: =SUMIFS(Input!N$2:N$999,Input!$C$2:$C$999,CONCATENATE(LEFT($B$49,10),"*"),Input!$D$2:$D$999,$C$49)*IND_Mult!J49 -> 6 | J49: =SUMIFS(Input!O$2:O$999,Input!$C$2:$C$999,CONCATENATE(LEFT($B$49,10),"*"),Input!$D$2:$D$999,$C$49)*IND_Mult!K49 -> 4.8 | K49: =SUMIFS(Input!P$2:P$999,Input!$C$2:$C$999,CONCATENATE(LEFT($B$49,10),"*"),Input!$D$2:$D$999,$C$49)*IND_Mult!L49 -> 6 | L49: =SUMIFS(Input!Q$2:Q$999,Input!$C$2:$C$999,CONCATENATE(LEFT($B$49,10),"*"),Input!$D$2:$D$999,$C$49)*IND_Mult!M49 -> 6 | M49: =SUMIFS(Input!R$2:R$999,Input!$C$2:$C$999,CONCATENATE(LEFT($B$49,10),"*"),Input!$D$2:$D$999,$C$49)*IND_Mult!N49 -> 6 | N49: =SUMIFS(Input!S$2:S$999,Input!$C$2:$C$999,CONCATENATE(LEFT($B$49,10),"*"),Input!$D$2:$D$999,$C$49)*IND_Mult!O49 -> 6 | ... AQ49: =SUMIFS(Input!AV$2:AV$999,Input!$C$2:$C$999,CONCATENATE(LEFT($B$49,10),"*"),Input!$D$2:$D$999,$C$49)*IND_Mult!AR49 -> 6
B50: ICMWETPRD01 | C50: MCMCLK | E50: Output | G50: =SUMIFS(Output!L$2:L$999,Output!$C$2:$C$999,CONCATENATE(LEFT($B$50,10),"*"),Output!$D$2:$D$999,$C$50)*IND_Mult!H47 -> 1 | H50: =SUMIFS(Output!M$2:M$999,Output!$C$2:$C$999,CONCATENATE(LEFT($B$50,10),"*"),Output!$D$2:$D$999,$C$50)*IND_Mult!I47 -> 1 | I50: =SUMIFS(Output!N$2:N$999,Output!$C$2:$C$999,CONCATENATE(LEFT($B$50,10),"*"),Output!$D$2:$D$999,$C$50)*IND_Mult!J47 -> 1 | J50: =SUMIFS(Output!O$2:O$999,Output!$C$2:$C$999,CONCATENATE(LEFT($B$50,10),"*"),Output!$D$2:$D$999,$C$50)*IND_Mult!K47 -> 1 | K50: =SUMIFS(Output!P$2:P$999,Output!$C$2:$C$999,CONCATENATE(LEFT($B$50,10),"*"),Output!$D$2:$D$999,$C$50)*IND_Mult!L47 -> 1 | L50: =SUMIFS(Output!Q$2:Q$999,Output!$C$2:$C$999,CONCATENATE(LEFT($B$50,10),"*"),Output!$D$2:$D$999,$C$50)*IND_Mult!M47 -> 1 | M50: =SUMIFS(Output!R$2:R$999,Output!$C$2:$C$999,CONCATENATE(LEFT($B$50,10),"*"),Output!$D$2:$D$999,$C$50)*IND_Mult!N47 -> 1 | N50: =SUMIFS(Output!S$2:S$999,Output!$C$2:$C$999,CONCATENATE(LEFT($B$50,10),"*"),Output!$D$2:$D$999,$C$50)*IND_Mult!O47 -> 1 | ... AQ50: =SUMIFS(Output!AV$2:AV$999,Output!$C$2:$C$999,CONCATENATE(LEFT($B$50,10),"*"),Output!$D$2:$D$999,$C$50)*IND_Mult!AR47 -> 1
B51: ICUFINPRO01 | C51: INDELC | E51: Input | G51: =SUMIFS(Input!L$2:L$999,Input!$C$2:$C$999,CONCATENATE(LEFT($B$51,10),"*"),Input!$D$2:$D$999,$C$51)*IND_Mult!H51 -> 1.6 | H51: =SUMIFS(Input!M$2:M$999,Input!$C$2:$C$999,CONCATENATE(LEFT($B$51,10),"*"),Input!$D$2:$D$999,$C$51)*IND_Mult!I51 -> 1.6 | I51: =SUMIFS(Input!N$2:N$999,Input!$C$2:$C$999,CONCATENATE(LEFT($B$51,10),"*"),Input!$D$2:$D$999,$C$51)*IND_Mult!J51 -> 0 | J51: =SUMIFS(Input!O$2:O$999,Input!$C$2:$C$999,CONCATENATE(LEFT($B$51,10),"*"),Input!$D$2:$D$999,$C$51)*IND_Mult!K51 -> 1.6 | K51: =SUMIFS(Input!P$2:P$999,Input!$C$2:$C$999,CONCATENATE(LEFT($B$51,10),"*"),Input!$D$2:$D$999,$C$51)*IND_Mult!L51 -> 1.6 | L51: =SUMIFS(Input!Q$2:Q$999,Input!$C$2:$C$999,CONCATENATE(LEFT($B$51,10),"*"),Input!$D$2:$D$999,$C$51)*IND_Mult!M51 -> 1.6 | M51: =SUMIFS(Input!R$2:R$999,Input!$C$2:$C$999,CONCATENATE(LEFT($B$51,10),"*"),Input!$D$2:$D$999,$C$51)*IND_Mult!N51 -> 1.6 | N51: =SUMIFS(Input!S$2:S$999,Input!$C$2:$C$999,CONCATENATE(LEFT($B$51,10),"*"),Input!$D$2:$D$999,$C$51)*IND_Mult!O51 -> 1.6 | ... AQ51: =SUMIFS(Input!AV$2:AV$999,Input!$C$2:$C$999,CONCATENATE(LEFT($B$51,10),"*"),Input!$D$2:$D$999,$C$51)*IND_Mult!AR51 -> 1.6
B52: ICUFINPRO01 | C52: INDGAS | E52: \I: Input | G52: =SUMIFS(Input!L$2:L$999,Input!$C$2:$C$999,CONCATENATE(LEFT($B$52,10),"*"),Input!$D$2:$D$999,$C$52)*IND_Mult!H52 -> 0 | H52: =SUMIFS(Input!M$2:M$999,Input!$C$2:$C$999,CONCATENATE(LEFT($B$52,10),"*"),Input!$D$2:$D$999,$C$52)*IND_Mult!I52 -> 0 | I52: =SUMIFS(Input!N$2:N$999,Input!$C$2:$C$999,CONCATENATE(LEFT($B$52,10),"*"),Input!$D$2:$D$999,$C$52)*IND_Mult!J52 -> 0 | J52: =SUMIFS(Input!O$2:O$999,Input!$C$2:$C$999,CONCATENATE(LEFT($B$52,10),"*"),Input!$D$2:$D$999,$C$52)*IND_Mult!K52 -> 0 | K52: =SUMIFS(Input!P$2:P$999,Input!$C$2:$C$999,CONCATENATE(LEFT($B$52,10),"*"),Input!$D$2:$D$999,$C$52)*IND_Mult!L52 -> 0 | L52: =SUMIFS(Input!Q$2:Q$999,Input!$C$2:$C$999,CONCATENATE(LEFT($B$52,10),"*"),Input!$D$2:$D$999,$C$52)*IND_Mult!M52 -> 0 | M52: =SUMIFS(Input!R$2:R$999,Input!$C$2:$C$999,CONCATENATE(LEFT($B$52,10),"*"),Input!$D$2:$D$999,$C$52)*IND_Mult!N52 -> 0 | N52: =SUMIFS(Input!S$2:S$999,Input!$C$2:$C$999,CONCATENATE(LEFT($B$52,10),"*"),Input!$D$2:$D$999,$C$52)*IND_Mult!O52 -> 0 | ... AQ52: =SUMIFS(Input!AV$2:AV$999,Input!$C$2:$C$999,CONCATENATE(LEFT($B$52,10),"*"),Input!$D$2:$D$999,$C$52)*IND_Mult!AR52 -> 0
B53: ICUFINPRO01 | C53: INDHFO | E53: Input | G53: =SUMIFS(Input!L$2:L$999,Input!$C$2:$C$999,CONCATENATE(LEFT($B$53,10),"*"),Input!$D$2:$D$999,$C$53)*IND_Mult!H53 -> 2.8 | H53: =SUMIFS(Input!M$2:M$999,Input!$C$2:$C$999,CONCATENATE(LEFT($B$53,10),"*"),Input!$D$2:$D$999,$C$53)*IND_Mult!I53 -> 2.8 | I53: =SUMIFS(Input!N$2:N$999,Input!$C$2:$C$999,CONCATENATE(LEFT($B$53,10),"*"),Input!$D$2:$D$999,$C$53)*IND_Mult!J53 -> 2.8 | J53: =SUMIFS(Input!O$2:O$999,Input!$C$2:$C$999,CONCATENATE(LEFT($B$53,10),"*"),Input!$D$2:$D$999,$C$53)*IND_Mult!K53 -> 2.8 | K53: =SUMIFS(Input!P$2:P$999,Input!$C$2:$C$999,CONCATENATE(LEFT($B$53,10),"*"),Input!$D$2:$D$999,$C$53)*IND_Mult!L53 -> 2.8 | L53: =SUMIFS(Input!Q$2:Q$999,Input!$C$2:$C$999,CONCATENATE(LEFT($B$53,10),"*"),Input!$D$2:$D$999,$C$53)*IND_Mult!M53 -> 2.8 | M53: =SUMIFS(Input!R$2:R$999,Input!$C$2:$C$999,CONCATENATE(LEFT($B$53,10),"*"),Input!$D$2:$D$999,$C$53)*IND_Mult!N53 -> 2.8 | N53: =SUMIFS(Input!S$2:S$999,Input!$C$2:$C$999,CONCATENATE(LEFT($B$53,10),"*"),Input!$D$2:$D$999,$C$53)*IND_Mult!O53 -> 2.8 | ... AQ53: =SUMIFS(Input!AV$2:AV$999,Input!$C$2:$C$999,CONCATENATE(LEFT($B$53,10),"*"),Input!$D$2:$D$999,$C$53)*IND_Mult!AR53 -> 2.8
B54: ICUFINPRO01 | C54: INDLPG | E54: Input | G54: =SUMIFS(Input!L$2:L$999,Input!$C$2:$C$999,CONCATENATE(LEFT($B$54,10),"*"),Input!$D$2:$D$999,$C$54)*IND_Mult!H54 -> 2.8 | H54: =SUMIFS(Input!M$2:M$999,Input!$C$2:$C$999,CONCATENATE(LEFT($B$54,10),"*"),Input!$D$2:$D$999,$C$54)*IND_Mult!I54 -> 2.8 | I54: =SUMIFS(Input!N$2:N$999,Input!$C$2:$C$999,CONCATENATE(LEFT($B$54,10),"*"),Input!$D$2:$D$999,$C$54)*IND_Mult!J54 -> 2.8 | J54: =SUMIFS(Input!O$2:O$999,Input!$C$2:$C$999,CONCATENATE(LEFT($B$54,10),"*"),Input!$D$2:$D$999,$C$54)*IND_Mult!K54 -> 2.8 | K54: =SUMIFS(Input!P$2:P$999,Input!$C$2:$C$999,CONCATENATE(LEFT($B$54,10),"*"),Input!$D$2:$D$999,$C$54)*IND_Mult!L54 -> 2.8 | L54: =SUMIFS(Input!Q$2:Q$999,Input!$C$2:$C$999,CONCATENATE(LEFT($B$54,10),"*"),Input!$D$2:$D$999,$C$54)*IND_Mult!M54 -> 2.8 | M54: =SUMIFS(Input!R$2:R$999,Input!$C$2:$C$999,CONCATENATE(LEFT($B$54,10),"*"),Input!$D$2:$D$999,$C$54)*IND_Mult!N54 -> 2.8 | N54: =SUMIFS(Input!S$2:S$999,Input!$C$2:$C$999,CONCATENATE(LEFT($B$54,10),"*"),Input!$D$2:$D$999,$C$54)*IND_Mult!O54 -> 2.8 | ... AQ54: =SUMIFS(Input!AV$2:AV$999,Input!$C$2:$C$999,CONCATENATE(LEFT($B$54,10),"*"),Input!$D$2:$D$999,$C$54)*IND_Mult!AR54 -> 2.8
B55: ICUFINPRO01 | C55: MCUSCU | E55: Input | G55: =SUMIFS(Input!L$2:L$999,Input!$C$2:$C$999,CONCATENATE(LEFT($B$55,10),"*"),Input!$D$2:$D$999,$C$55)*IND_Mult!H55 -> 0.832 | H55: =SUMIFS(Input!M$2:M$999,Input!$C$2:$C$999,CONCATENATE(LEFT($B$55,10),"*"),Input!$D$2:$D$999,$C$55)*IND_Mult!I55 -> 0.832 | I55: =SUMIFS(Input!N$2:N$999,Input!$C$2:$C$999,CONCATENATE(LEFT($B$55,10),"*"),Input!$D$2:$D$999,$C$55)*IND_Mult!J55 -> 0.832 | J55: =SUMIFS(Input!O$2:O$999,Input!$C$2:$C$999,CONCATENATE(LEFT($B$55,10),"*"),Input!$D$2:$D$999,$C$55)*IND_Mult!K55 -> 0.832 | K55: =SUMIFS(Input!P$2:P$999,Input!$C$2:$C$999,CONCATENATE(LEFT($B$55,10),"*"),Input!$D$2:$D$999,$C$55)*IND_Mult!L55 -> 0.832 | L55: =SUMIFS(Input!Q$2:Q$999,Input!$C$2:$C$999,CONCATENATE(LEFT($B$55,10),"*"),Input!$D$2:$D$999,$C$55)*IND_Mult!M55 -> 0.832 | M55: =SUMIFS(Input!R$2:R$999,Input!$C$2:$C$999,CONCATENATE(LEFT($B$55,10),"*"),Input!$D$2:$D$999,$C$55)*IND_Mult!N55 -> 0.832 | N55: =SUMIFS(Input!S$2:S$999,Input!$C$2:$C$999,CONCATENATE(LEFT($B$55,10),"*"),Input!$D$2:$D$999,$C$55)*IND_Mult!O55 -> 0.832 | ... AQ55: =SUMIFS(Input!AV$2:AV$999,Input!$C$2:$C$999,CONCATENATE(LEFT($B$55,10),"*"),Input!$D$2:$D$999,$C$55)*IND_Mult!AR55 -> 0.832
B56: ICUFINPRO01 | C56: MCUSCR | E56: Output | G56: =SUMIFS(Output!L$2:L$999,Output!$C$2:$C$999,CONCATENATE(LEFT($B$56,10),"*"),Output!$D$2:$D$999,$C$56)*IND_Mult!H53 -> 0.04 | H56: =SUMIFS(Output!M$2:M$999,Output!$C$2:$C$999,CONCATENATE(LEFT($B$56,10),"*"),Output!$D$2:$D$999,$C$56)*IND_Mult!I53 -> 0.04 | I56: =SUMIFS(Output!N$2:N$999,Output!$C$2:$C$999,CONCATENATE(LEFT($B$56,10),"*"),Output!$D$2:$D$999,$C$56)*IND_Mult!J53 -> 0.04 | J56: =SUMIFS(Output!O$2:O$999,Output!$C$2:$C$999,CONCATENATE(LEFT($B$56,10),"*"),Output!$D$2:$D$999,$C$56)*IND_Mult!K53 -> 0.04 | K56: =SUMIFS(Output!P$2:P$999,Output!$C$2:$C$999,CONCATENATE(LEFT($B$56,10),"*"),Output!$D$2:$D$999,$C$56)*IND_Mult!L53 -> 0.04 | L56: =SUMIFS(Output!Q$2:Q$999,Output!$C$2:$C$999,CONCATENATE(LEFT($B$56,10),"*"),Output!$D$2:$D$999,$C$56)*IND_Mult!M53 -> 0.04 | M56: =SUMIFS(Output!R$2:R$999,Output!$C$2:$C$999,CONCATENATE(LEFT($B$56,10),"*"),Output!$D$2:$D$999,$C$56)*IND_Mult!N53 -> 0.04 | N56: =SUMIFS(Output!S$2:S$999,Output!$C$2:$C$999,CONCATENATE(LEFT($B$56,10),"*"),Output!$D$2:$D$999,$C$56)*IND_Mult!O53 -> 0.04 | ... AQ56: =SUMIFS(Output!AV$2:AV$999,Output!$C$2:$C$999,CONCATENATE(LEFT($B$56,10),"*"),Output!$D$2:$D$999,$C$56)*IND_Mult!AR53 -> 0.04
B57: ICURECPRD01 | C57: ICUHTH | E57: Input | G57: =SUMIFS(Input!L$2:L$999,Input!$C$2:$C$999,CONCATENATE(LEFT($B$57,10),"*"),Input!$D$2:$D$999,$C$57)*IND_Mult!H57 -> 0.8 | H57: =SUMIFS(Input!M$2:M$999,Input!$C$2:$C$999,CONCATENATE(LEFT($B$57,10),"*"),Input!$D$2:$D$999,$C$57)*IND_Mult!I57 -> 0.8 | I57: =SUMIFS(Input!N$2:N$999,Input!$C$2:$C$999,CONCATENATE(LEFT($B$57,10),"*"),Input!$D$2:$D$999,$C$57)*IND_Mult!J57 -> 0.8 | J57: =SUMIFS(Input!O$2:O$999,Input!$C$2:$C$999,CONCATENATE(LEFT($B$57,10),"*"),Input!$D$2:$D$999,$C$57)*IND_Mult!K57 -> 0.8 | K57: =SUMIFS(Input!P$2:P$999,Input!$C$2:$C$999,CONCATENATE(LEFT($B$57,10),"*"),Input!$D$2:$D$999,$C$57)*IND_Mult!L57 -> 0.8 | L57: =SUMIFS(Input!Q$2:Q$999,Input!$C$2:$C$999,CONCATENATE(LEFT($B$57,10),"*"),Input!$D$2:$D$999,$C$57)*IND_Mult!M57 -> 0.8 | M57: =SUMIFS(Input!R$2:R$999,Input!$C$2:$C$999,CONCATENATE(LEFT($B$57,10),"*"),Input!$D$2:$D$999,$C$57)*IND_Mult!N57 -> 0 | N57: =SUMIFS(Input!S$2:S$999,Input!$C$2:$C$999,CONCATENATE(LEFT($B$57,10),"*"),Input!$D$2:$D$999,$C$57)*IND_Mult!O57 -> 0.8 | ... AQ57: =SUMIFS(Input!AV$2:AV$999,Input!$C$2:$C$999,CONCATENATE(LEFT($B$57,10),"*"),Input!$D$2:$D$999,$C$57)*IND_Mult!AR57 -> 0.8
B58: ICURECPRD01 | C58: INDCOA | E58: Input | G58: =SUMIFS(Input!L$2:L$999,Input!$C$2:$C$999,CONCATENATE(LEFT($B$58,10),"*"),Input!$D$2:$D$999,$C$58)*IND_Mult!H58 -> 1.28 | H58: =SUMIFS(Input!M$2:M$999,Input!$C$2:$C$999,CONCATENATE(LEFT($B$58,10),"*"),Input!$D$2:$D$999,$C$58)*IND_Mult!I58 -> 1.28 | I58: =SUMIFS(Input!N$2:N$999,Input!$C$2:$C$999,CONCATENATE(LEFT($B$58,10),"*"),Input!$D$2:$D$999,$C$58)*IND_Mult!J58 -> 1.28 | J58: =SUMIFS(Input!O$2:O$999,Input!$C$2:$C$999,CONCATENATE(LEFT($B$58,10),"*"),Input!$D$2:$D$999,$C$58)*IND_Mult!K58 -> 0 | K58: =SUMIFS(Input!P$2:P$999,Input!$C$2:$C$999,CONCATENATE(LEFT($B$58,10),"*"),Input!$D$2:$D$999,$C$58)*IND_Mult!L58 -> 1.28 | L58: =SUMIFS(Input!Q$2:Q$999,Input!$C$2:$C$999,CONCATENATE(LEFT($B$58,10),"*"),Input!$D$2:$D$999,$C$58)*IND_Mult!M58 -> 1.28 | M58: =SUMIFS(Input!R$2:R$999,Input!$C$2:$C$999,CONCATENATE(LEFT($B$58,10),"*"),Input!$D$2:$D$999,$C$58)*IND_Mult!N58 -> 1.28 | N58: =SUMIFS(Input!S$2:S$999,Input!$C$2:$C$999,CONCATENATE(LEFT($B$58,10),"*"),Input!$D$2:$D$999,$C$58)*IND_Mult!O58 -> 1.28 | ... AQ58: =SUMIFS(Input!AV$2:AV$999,Input!$C$2:$C$999,CONCATENATE(LEFT($B$58,10),"*"),Input!$D$2:$D$999,$C$58)*IND_Mult!AR58 -> 1.28
B59: ICURECPRD01 | C59: INDELC | E59: Input | G59: =SUMIFS(Input!L$2:L$999,Input!$C$2:$C$999,CONCATENATE(LEFT($B$59,10),"*"),Input!$D$2:$D$999,$C$59)*IND_Mult!H59 -> 1.08 | H59: =SUMIFS(Input!M$2:M$999,Input!$C$2:$C$999,CONCATENATE(LEFT($B$59,10),"*"),Input!$D$2:$D$999,$C$59)*IND_Mult!I59 -> 1.08 | I59: =SUMIFS(Input!N$2:N$999,Input!$C$2:$C$999,CONCATENATE(LEFT($B$59,10),"*"),Input!$D$2:$D$999,$C$59)*IND_Mult!J59 -> 1.08 | J59: =SUMIFS(Input!O$2:O$999,Input!$C$2:$C$999,CONCATENATE(LEFT($B$59,10),"*"),Input!$D$2:$D$999,$C$59)*IND_Mult!K59 -> 1.08 | K59: =SUMIFS(Input!P$2:P$999,Input!$C$2:$C$999,CONCATENATE(LEFT($B$59,10),"*"),Input!$D$2:$D$999,$C$59)*IND_Mult!L59 -> 1.08 | L59: =SUMIFS(Input!Q$2:Q$999,Input!$C$2:$C$999,CONCATENATE(LEFT($B$59,10),"*"),Input!$D$2:$D$999,$C$59)*IND_Mult!M59 -> 1.08 | M59: =SUMIFS(Input!R$2:R$999,Input!$C$2:$C$999,CONCATENATE(LEFT($B$59,10),"*"),Input!$D$2:$D$999,$C$59)*IND_Mult!N59 -> 1.08 | N59: =SUMIFS(Input!S$2:S$999,Input!$C$2:$C$999,CONCATENATE(LEFT($B$59,10),"*"),Input!$D$2:$D$999,$C$59)*IND_Mult!O59 -> 1.08 | ... AQ59: =SUMIFS(Input!AV$2:AV$999,Input!$C$2:$C$999,CONCATENATE(LEFT($B$59,10),"*"),Input!$D$2:$D$999,$C$59)*IND_Mult!AR59 -> 1.08
B60: ICURECPRD01 | C60: INDGAS | E60: Input | G60: =SUMIFS(Input!L$2:L$999,Input!$C$2:$C$999,CONCATENATE(LEFT($B$60,10),"*"),Input!$D$2:$D$999,$C$60)*IND_Mult!H60 -> 1.44 | H60: =SUMIFS(Input!M$2:M$999,Input!$C$2:$C$999,CONCATENATE(LEFT($B$60,10),"*"),Input!$D$2:$D$999,$C$60)*IND_Mult!I60 -> 1.44 | I60: =SUMIFS(Input!N$2:N$999,Input!$C$2:$C$999,CONCATENATE(LEFT($B$60,10),"*"),Input!$D$2:$D$999,$C$60)*IND_Mult!J60 -> 1.44 | J60: =SUMIFS(Input!O$2:O$999,Input!$C$2:$C$999,CONCATENATE(LEFT($B$60,10),"*"),Input!$D$2:$D$999,$C$60)*IND_Mult!K60 -> 2.72 | K60: =SUMIFS(Input!P$2:P$999,Input!$C$2:$C$999,CONCATENATE(LEFT($B$60,10),"*"),Input!$D$2:$D$999,$C$60)*IND_Mult!L60 -> 1.44 | L60: =SUMIFS(Input!Q$2:Q$999,Input!$C$2:$C$999,CONCATENATE(LEFT($B$60,10),"*"),Input!$D$2:$D$999,$C$60)*IND_Mult!M60 -> 1.44 | M60: =SUMIFS(Input!R$2:R$999,Input!$C$2:$C$999,CONCATENATE(LEFT($B$60,10),"*"),Input!$D$2:$D$999,$C$60)*IND_Mult!N60 -> 1.44 | N60: =SUMIFS(Input!S$2:S$999,Input!$C$2:$C$999,CONCATENATE(LEFT($B$60,10),"*"),Input!$D$2:$D$999,$C$60)*IND_Mult!O60 -> 1.44 | ... AQ60: =SUMIFS(Input!AV$2:AV$999,Input!$C$2:$C$999,CONCATENATE(LEFT($B$60,10),"*"),Input!$D$2:$D$999,$C$60)*IND_Mult!AR60 -> 1.44
B61: ICURECPRD01 | C61: INDHFO | E61: Input | G61: =SUMIFS(Input!L$2:L$999,Input!$C$2:$C$999,CONCATENATE(LEFT($B$61,10),"*"),Input!$D$2:$D$999,$C$61)*IND_Mult!H61 -> 2.8 | H61: =SUMIFS(Input!M$2:M$999,Input!$C$2:$C$999,CONCATENATE(LEFT($B$61,10),"*"),Input!$D$2:$D$999,$C$61)*IND_Mult!I61 -> 2.8 | I61: =SUMIFS(Input!N$2:N$999,Input!$C$2:$C$999,CONCATENATE(LEFT($B$61,10),"*"),Input!$D$2:$D$999,$C$61)*IND_Mult!J61 -> 2.8 | J61: =SUMIFS(Input!O$2:O$999,Input!$C$2:$C$999,CONCATENATE(LEFT($B$61,10),"*"),Input!$D$2:$D$999,$C$61)*IND_Mult!K61 -> 2.8 | K61: =SUMIFS(Input!P$2:P$999,Input!$C$2:$C$999,CONCATENATE(LEFT($B$61,10),"*"),Input!$D$2:$D$999,$C$61)*IND_Mult!L61 -> 2.8 | L61: =SUMIFS(Input!Q$2:Q$999,Input!$C$2:$C$999,CONCATENATE(LEFT($B$61,10),"*"),Input!$D$2:$D$999,$C$61)*IND_Mult!M61 -> 2.8 | M61: =SUMIFS(Input!R$2:R$999,Input!$C$2:$C$999,CONCATENATE(LEFT($B$61,10),"*"),Input!$D$2:$D$999,$C$61)*IND_Mult!N61 -> 3.6888889 | N61: =SUMIFS(Input!S$2:S$999,Input!$C$2:$C$999,CONCATENATE(LEFT($B$61,10),"*"),Input!$D$2:$D$999,$C$61)*IND_Mult!O61 -> 2.8 | ... AQ61: =SUMIFS(Input!AV$2:AV$999,Input!$C$2:$C$999,CONCATENATE(LEFT($B$61,10),"*"),Input!$D$2:$D$999,$C$61)*IND_Mult!AR61 -> 2.8
B62: ICURECPRD01 | C62: MCUSCR | E62: Input | G62: =SUMIFS(Input!L$2:L$999,Input!$C$2:$C$999,CONCATENATE(LEFT($B$62,10),"*"),Input!$D$2:$D$999,$C$62)*IND_Mult!H62 -> 0.832 | H62: =SUMIFS(Input!M$2:M$999,Input!$C$2:$C$999,CONCATENATE(LEFT($B$62,10),"*"),Input!$D$2:$D$999,$C$62)*IND_Mult!I62 -> 0.832 | I62: =SUMIFS(Input!N$2:N$999,Input!$C$2:$C$999,CONCATENATE(LEFT($B$62,10),"*"),Input!$D$2:$D$999,$C$62)*IND_Mult!J62 -> 0.832 | J62: =SUMIFS(Input!O$2:O$999,Input!$C$2:$C$999,CONCATENATE(LEFT($B$62,10),"*"),Input!$D$2:$D$999,$C$62)*IND_Mult!K62 -> 0.832 | K62: =SUMIFS(Input!P$2:P$999,Input!$C$2:$C$999,CONCATENATE(LEFT($B$62,10),"*"),Input!$D$2:$D$999,$C$62)*IND_Mult!L62 -> 0.832 | L62: =SUMIFS(Input!Q$2:Q$999,Input!$C$2:$C$999,CONCATENATE(LEFT($B$62,10),"*"),Input!$D$2:$D$999,$C$62)*IND_Mult!M62 -> 0.832 | M62: =SUMIFS(Input!R$2:R$999,Input!$C$2:$C$999,CONCATENATE(LEFT($B$62,10),"*"),Input!$D$2:$D$999,$C$62)*IND_Mult!N62 -> 0.832 | N62: =SUMIFS(Input!S$2:S$999,Input!$C$2:$C$999,CONCATENATE(LEFT($B$62,10),"*"),Input!$D$2:$D$999,$C$62)*IND_Mult!O62 -> 0.832 | ... AQ62: =SUMIFS(Input!AV$2:AV$999,Input!$C$2:$C$999,CONCATENATE(LEFT($B$62,10),"*"),Input!$D$2:$D$999,$C$62)*IND_Mult!AR62 -> 0.832
B63: ICURECPRD01 | C63: MCUSCU | E63: Output | G63: =SUMIFS(Output!L$2:L$999,Output!$C$2:$C$999,CONCATENATE(LEFT($B$63,10),"*"),Output!$D$2:$D$999,$C$63)*IND_Mult!H68 -> 1 | H63: =SUMIFS(Output!M$2:M$999,Output!$C$2:$C$999,CONCATENATE(LEFT($B$63,10),"*"),Output!$D$2:$D$999,$C$63)*IND_Mult!I68 -> 1 | I63: =SUMIFS(Output!N$2:N$999,Output!$C$2:$C$999,CONCATENATE(LEFT($B$63,10),"*"),Output!$D$2:$D$999,$C$63)*IND_Mult!J68 -> 1 | J63: =SUMIFS(Output!O$2:O$999,Output!$C$2:$C$999,CONCATENATE(LEFT($B$63,10),"*"),Output!$D$2:$D$999,$C$63)*IND_Mult!K68 -> 1 | K63: =SUMIFS(Output!P$2:P$999,Output!$C$2:$C$999,CONCATENATE(LEFT($B$63,10),"*"),Output!$D$2:$D$999,$C$63)*IND_Mult!L68 -> 1 | L63: =SUMIFS(Output!Q$2:Q$999,Output!$C$2:$C$999,CONCATENATE(LEFT($B$63,10),"*"),Output!$D$2:$D$999,$C$63)*IND_Mult!M68 -> 1 | M63: =SUMIFS(Output!R$2:R$999,Output!$C$2:$C$999,CONCATENATE(LEFT($B$63,10),"*"),Output!$D$2:$D$999,$C$63)*IND_Mult!N68 -> 1 | N63: =SUMIFS(Output!S$2:S$999,Output!$C$2:$C$999,CONCATENATE(LEFT($B$63,10),"*"),Output!$D$2:$D$999,$C$63)*IND_Mult!O68 -> 1 | ... AQ63: =SUMIFS(Output!AV$2:AV$999,Output!$C$2:$C$999,CONCATENATE(LEFT($B$63,10),"*"),Output!$D$2:$D$999,$C$63)*IND_Mult!AR68 -> 1
B64: IGFFLATGL01 | C64: INDELC | E64: Input | G64: =SUMIFS(Input!L$2:L$999,Input!$C$2:$C$999,CONCATENATE(LEFT($B$64,10),"*"),Input!$D$2:$D$999,$C$64)*IND_Mult!H64 -> 5 | H64: =SUMIFS(Input!M$2:M$999,Input!$C$2:$C$999,CONCATENATE(LEFT($B$64,10),"*"),Input!$D$2:$D$999,$C$64)*IND_Mult!I64 -> 5 | I64: =SUMIFS(Input!N$2:N$999,Input!$C$2:$C$999,CONCATENATE(LEFT($B$64,10),"*"),Input!$D$2:$D$999,$C$64)*IND_Mult!J64 -> 5 | J64: =SUMIFS(Input!O$2:O$999,Input!$C$2:$C$999,CONCATENATE(LEFT($B$64,10),"*"),Input!$D$2:$D$999,$C$64)*IND_Mult!K64 -> 4 | K64: =SUMIFS(Input!P$2:P$999,Input!$C$2:$C$999,CONCATENATE(LEFT($B$64,10),"*"),Input!$D$2:$D$999,$C$64)*IND_Mult!L64 -> 5 | L64: =SUMIFS(Input!Q$2:Q$999,Input!$C$2:$C$999,CONCATENATE(LEFT($B$64,10),"*"),Input!$D$2:$D$999,$C$64)*IND_Mult!M64 -> 5 | M64: =SUMIFS(Input!R$2:R$999,Input!$C$2:$C$999,CONCATENATE(LEFT($B$64,10),"*"),Input!$D$2:$D$999,$C$64)*IND_Mult!N64 -> 5 | N64: =SUMIFS(Input!S$2:S$999,Input!$C$2:$C$999,CONCATENATE(LEFT($B$64,10),"*"),Input!$D$2:$D$999,$C$64)*IND_Mult!O64 -> 5 | ... AQ64: =SUMIFS(Input!AV$2:AV$999,Input!$C$2:$C$999,CONCATENATE(LEFT($B$64,10),"*"),Input!$D$2:$D$999,$C$64)*IND_Mult!AR64 -> 5
B65: IGFFLATGL01 | C65: INDGAS | E65: Input | G65: =SUMIFS(Input!L$2:L$999,Input!$C$2:$C$999,CONCATENATE(LEFT($B$65,10),"*"),Input!$D$2:$D$999,$C$65)*IND_Mult!H65 -> 0.42 | H65: =SUMIFS(Input!M$2:M$999,Input!$C$2:$C$999,CONCATENATE(LEFT($B$65,10),"*"),Input!$D$2:$D$999,$C$65)*IND_Mult!I65 -> 0.42 | I65: =SUMIFS(Input!N$2:N$999,Input!$C$2:$C$999,CONCATENATE(LEFT($B$65,10),"*"),Input!$D$2:$D$999,$C$65)*IND_Mult!J65 -> 0.42 | J65: =SUMIFS(Input!O$2:O$999,Input!$C$2:$C$999,CONCATENATE(LEFT($B$65,10),"*"),Input!$D$2:$D$999,$C$65)*IND_Mult!K65 -> 0.336 | K65: =SUMIFS(Input!P$2:P$999,Input!$C$2:$C$999,CONCATENATE(LEFT($B$65,10),"*"),Input!$D$2:$D$999,$C$65)*IND_Mult!L65 -> 0.42 | L65: =SUMIFS(Input!Q$2:Q$999,Input!$C$2:$C$999,CONCATENATE(LEFT($B$65,10),"*"),Input!$D$2:$D$999,$C$65)*IND_Mult!M65 -> 0.42 | M65: =SUMIFS(Input!R$2:R$999,Input!$C$2:$C$999,CONCATENATE(LEFT($B$65,10),"*"),Input!$D$2:$D$999,$C$65)*IND_Mult!N65 -> 0.42 | N65: =SUMIFS(Input!S$2:S$999,Input!$C$2:$C$999,CONCATENATE(LEFT($B$65,10),"*"),Input!$D$2:$D$999,$C$65)*IND_Mult!O65 -> 0.42 | ... AQ65: =SUMIFS(Input!AV$2:AV$999,Input!$C$2:$C$999,CONCATENATE(LEFT($B$65,10),"*"),Input!$D$2:$D$999,$C$65)*IND_Mult!AR65 -> 0.42
B66: IGFFLATGL01 | C66: INDHFO | E66: \I: Input | G66: =SUMIFS(Input!L$2:L$999,Input!$C$2:$C$999,CONCATENATE(LEFT($B$66,10),"*"),Input!$D$2:$D$999,$C$66)*IND_Mult!H66 -> 0 | H66: =SUMIFS(Input!M$2:M$999,Input!$C$2:$C$999,CONCATENATE(LEFT($B$66,10),"*"),Input!$D$2:$D$999,$C$66)*IND_Mult!I66 -> 0 | I66: =SUMIFS(Input!N$2:N$999,Input!$C$2:$C$999,CONCATENATE(LEFT($B$66,10),"*"),Input!$D$2:$D$999,$C$66)*IND_Mult!J66 -> 0 | J66: =SUMIFS(Input!O$2:O$999,Input!$C$2:$C$999,CONCATENATE(LEFT($B$66,10),"*"),Input!$D$2:$D$999,$C$66)*IND_Mult!K66 -> 0 | K66: =SUMIFS(Input!P$2:P$999,Input!$C$2:$C$999,CONCATENATE(LEFT($B$66,10),"*"),Input!$D$2:$D$999,$C$66)*IND_Mult!L66 -> 0 | L66: =SUMIFS(Input!Q$2:Q$999,Input!$C$2:$C$999,CONCATENATE(LEFT($B$66,10),"*"),Input!$D$2:$D$999,$C$66)*IND_Mult!M66 -> 0 | M66: =SUMIFS(Input!R$2:R$999,Input!$C$2:$C$999,CONCATENATE(LEFT($B$66,10),"*"),Input!$D$2:$D$999,$C$66)*IND_Mult!N66 -> 0 | N66: =SUMIFS(Input!S$2:S$999,Input!$C$2:$C$999,CONCATENATE(LEFT($B$66,10),"*"),Input!$D$2:$D$999,$C$66)*IND_Mult!O66 -> 0 | ... AQ66: =SUMIFS(Input!AV$2:AV$999,Input!$C$2:$C$999,CONCATENATE(LEFT($B$66,10),"*"),Input!$D$2:$D$999,$C$66)*IND_Mult!AR66 -> 0
B67: IGFFLATGL01 | C67: MLMSTN | E67: \I: Input | G67: =SUMIFS(Input!L$2:L$999,Input!$C$2:$C$999,CONCATENATE(LEFT($B$67,10),"*"),Input!$D$2:$D$999,$C$67)*IND_Mult!H67 -> 0 | H67: =SUMIFS(Input!M$2:M$999,Input!$C$2:$C$999,CONCATENATE(LEFT($B$67,10),"*"),Input!$D$2:$D$999,$C$67)*IND_Mult!I67 -> 0 | I67: =SUMIFS(Input!N$2:N$999,Input!$C$2:$C$999,CONCATENATE(LEFT($B$67,10),"*"),Input!$D$2:$D$999,$C$67)*IND_Mult!J67 -> 0 | J67: =SUMIFS(Input!O$2:O$999,Input!$C$2:$C$999,CONCATENATE(LEFT($B$67,10),"*"),Input!$D$2:$D$999,$C$67)*IND_Mult!K67 -> 0 | K67: =SUMIFS(Input!P$2:P$999,Input!$C$2:$C$999,CONCATENATE(LEFT($B$67,10),"*"),Input!$D$2:$D$999,$C$67)*IND_Mult!L67 -> 0 | L67: =SUMIFS(Input!Q$2:Q$999,Input!$C$2:$C$999,CONCATENATE(LEFT($B$67,10),"*"),Input!$D$2:$D$999,$C$67)*IND_Mult!M67 -> 0 | M67: =SUMIFS(Input!R$2:R$999,Input!$C$2:$C$999,CONCATENATE(LEFT($B$67,10),"*"),Input!$D$2:$D$999,$C$67)*IND_Mult!N67 -> 0 | N67: =SUMIFS(Input!S$2:S$999,Input!$C$2:$C$999,CONCATENATE(LEFT($B$67,10),"*"),Input!$D$2:$D$999,$C$67)*IND_Mult!O67 -> 0 | ... AQ67: =SUMIFS(Input!AV$2:AV$999,Input!$C$2:$C$999,CONCATENATE(LEFT($B$67,10),"*"),Input!$D$2:$D$999,$C$67)*IND_Mult!AR67 -> 0
B68: IGFFLATGL01 | C68: INDCO2P | E68: Output | G68: =SUMIFS(Output!L$2:L$999,Output!$C$2:$C$999,CONCATENATE(LEFT($B$68,10),"*"),Output!$D$2:$D$999,$C$68)*IND_Mult!H73 -> 0 | H68: =SUMIFS(Output!M$2:M$999,Output!$C$2:$C$999,CONCATENATE(LEFT($B$68,10),"*"),Output!$D$2:$D$999,$C$68)*IND_Mult!I73 -> 0 | I68: =SUMIFS(Output!N$2:N$999,Output!$C$2:$C$999,CONCATENATE(LEFT($B$68,10),"*"),Output!$D$2:$D$999,$C$68)*IND_Mult!J73 -> 0 | J68: =SUMIFS(Output!O$2:O$999,Output!$C$2:$C$999,CONCATENATE(LEFT($B$68,10),"*"),Output!$D$2:$D$999,$C$68)*IND_Mult!K73 -> 0 | K68: =SUMIFS(Output!P$2:P$999,Output!$C$2:$C$999,CONCATENATE(LEFT($B$68,10),"*"),Output!$D$2:$D$999,$C$68)*IND_Mult!L73 -> 0 | L68: =SUMIFS(Output!Q$2:Q$999,Output!$C$2:$C$999,CONCATENATE(LEFT($B$68,10),"*"),Output!$D$2:$D$999,$C$68)*IND_Mult!M73 -> 0 | M68: =SUMIFS(Output!R$2:R$999,Output!$C$2:$C$999,CONCATENATE(LEFT($B$68,10),"*"),Output!$D$2:$D$999,$C$68)*IND_Mult!N73 -> 0 | N68: =SUMIFS(Output!S$2:S$999,Output!$C$2:$C$999,CONCATENATE(LEFT($B$68,10),"*"),Output!$D$2:$D$999,$C$68)*IND_Mult!O73 -> 0 | ... AQ68: =SUMIFS(Output!AV$2:AV$999,Output!$C$2:$C$999,CONCATENATE(LEFT($B$68,10),"*"),Output!$D$2:$D$999,$C$68)*IND_Mult!AR73 -> 0
B69: IGHHOLLOW01 | C69: INDELC | E69: Input | G69: =SUMIFS(Input!L$2:L$999,Input!$C$2:$C$999,CONCATENATE(LEFT($B$69,10),"*"),Input!$D$2:$D$999,$C$69)*IND_Mult!H69 -> 0.52 | H69: =SUMIFS(Input!M$2:M$999,Input!$C$2:$C$999,CONCATENATE(LEFT($B$69,10),"*"),Input!$D$2:$D$999,$C$69)*IND_Mult!I69 -> 0.52 | I69: =SUMIFS(Input!N$2:N$999,Input!$C$2:$C$999,CONCATENATE(LEFT($B$69,10),"*"),Input!$D$2:$D$999,$C$69)*IND_Mult!J69 -> 0.52 | J69: =SUMIFS(Input!O$2:O$999,Input!$C$2:$C$999,CONCATENATE(LEFT($B$69,10),"*"),Input!$D$2:$D$999,$C$69)*IND_Mult!K69 -> 0.416 | K69: =SUMIFS(Input!P$2:P$999,Input!$C$2:$C$999,CONCATENATE(LEFT($B$69,10),"*"),Input!$D$2:$D$999,$C$69)*IND_Mult!L69 -> 0.52 | L69: =SUMIFS(Input!Q$2:Q$999,Input!$C$2:$C$999,CONCATENATE(LEFT($B$69,10),"*"),Input!$D$2:$D$999,$C$69)*IND_Mult!M69 -> 0.52 | M69: =SUMIFS(Input!R$2:R$999,Input!$C$2:$C$999,CONCATENATE(LEFT($B$69,10),"*"),Input!$D$2:$D$999,$C$69)*IND_Mult!N69 -> 0.52 | N69: =SUMIFS(Input!S$2:S$999,Input!$C$2:$C$999,CONCATENATE(LEFT($B$69,10),"*"),Input!$D$2:$D$999,$C$69)*IND_Mult!O69 -> 0.52 | ... AQ69: =SUMIFS(Input!AV$2:AV$999,Input!$C$2:$C$999,CONCATENATE(LEFT($B$69,10),"*"),Input!$D$2:$D$999,$C$69)*IND_Mult!AR69 -> 0.52
B70: IGHHOLLOW01 | C70: INDGAS | E70: Input | G70: =SUMIFS(Input!L$2:L$999,Input!$C$2:$C$999,CONCATENATE(LEFT($B$70,10),"*"),Input!$D$2:$D$999,$C$70)*IND_Mult!H70 -> 3.9 | H70: =SUMIFS(Input!M$2:M$999,Input!$C$2:$C$999,CONCATENATE(LEFT($B$70,10),"*"),Input!$D$2:$D$999,$C$70)*IND_Mult!I70 -> 3.9 | I70: =SUMIFS(Input!N$2:N$999,Input!$C$2:$C$999,CONCATENATE(LEFT($B$70,10),"*"),Input!$D$2:$D$999,$C$70)*IND_Mult!J70 -> 5.9 | J70: =SUMIFS(Input!O$2:O$999,Input!$C$2:$C$999,CONCATENATE(LEFT($B$70,10),"*"),Input!$D$2:$D$999,$C$70)*IND_Mult!K70 -> 3.12 | K70: =SUMIFS(Input!P$2:P$999,Input!$C$2:$C$999,CONCATENATE(LEFT($B$70,10),"*"),Input!$D$2:$D$999,$C$70)*IND_Mult!L70 -> 3.9 | L70: =SUMIFS(Input!Q$2:Q$999,Input!$C$2:$C$999,CONCATENATE(LEFT($B$70,10),"*"),Input!$D$2:$D$999,$C$70)*IND_Mult!M70 -> 3.9 | M70: =SUMIFS(Input!R$2:R$999,Input!$C$2:$C$999,CONCATENATE(LEFT($B$70,10),"*"),Input!$D$2:$D$999,$C$70)*IND_Mult!N70 -> 3.9 | N70: =SUMIFS(Input!S$2:S$999,Input!$C$2:$C$999,CONCATENATE(LEFT($B$70,10),"*"),Input!$D$2:$D$999,$C$70)*IND_Mult!O70 -> 3.9 | ... AQ70: =SUMIFS(Input!AV$2:AV$999,Input!$C$2:$C$999,CONCATENATE(LEFT($B$70,10),"*"),Input!$D$2:$D$999,$C$70)*IND_Mult!AR70 -> 5.9
B71: IGHHOLLOW01 | C71: INDHFO | E71: Input | G71: =SUMIFS(Input!L$2:L$999,Input!$C$2:$C$999,CONCATENATE(LEFT($B$71,10),"*"),Input!$D$2:$D$999,$C$71)*IND_Mult!H71 -> 2 | H71: =SUMIFS(Input!M$2:M$999,Input!$C$2:$C$999,CONCATENATE(LEFT($B$71,10),"*"),Input!$D$2:$D$999,$C$71)*IND_Mult!I71 -> 2 | I71: =SUMIFS(Input!N$2:N$999,Input!$C$2:$C$999,CONCATENATE(LEFT($B$71,10),"*"),Input!$D$2:$D$999,$C$71)*IND_Mult!J71 -> 0 | J71: =SUMIFS(Input!O$2:O$999,Input!$C$2:$C$999,CONCATENATE(LEFT($B$71,10),"*"),Input!$D$2:$D$999,$C$71)*IND_Mult!K71 -> 1.6 | K71: =SUMIFS(Input!P$2:P$999,Input!$C$2:$C$999,CONCATENATE(LEFT($B$71,10),"*"),Input!$D$2:$D$999,$C$71)*IND_Mult!L71 -> 2 | L71: =SUMIFS(Input!Q$2:Q$999,Input!$C$2:$C$999,CONCATENATE(LEFT($B$71,10),"*"),Input!$D$2:$D$999,$C$71)*IND_Mult!M71 -> 2 | M71: =SUMIFS(Input!R$2:R$999,Input!$C$2:$C$999,CONCATENATE(LEFT($B$71,10),"*"),Input!$D$2:$D$999,$C$71)*IND_Mult!N71 -> 2 | N71: =SUMIFS(Input!S$2:S$999,Input!$C$2:$C$999,CONCATENATE(LEFT($B$71,10),"*"),Input!$D$2:$D$999,$C$71)*IND_Mult!O71 -> 2 | ... AQ71: =SUMIFS(Input!AV$2:AV$999,Input!$C$2:$C$999,CONCATENATE(LEFT($B$71,10),"*"),Input!$D$2:$D$999,$C$71)*IND_Mult!AR71 -> 0
B72: IGHHOLLOW01 | C72: MLMSTN | E72: \I: Input | G72: =SUMIFS(Input!L$2:L$999,Input!$C$2:$C$999,CONCATENATE(LEFT($B$72,10),"*"),Input!$D$2:$D$999,$C$72)*IND_Mult!H72 -> 0 | H72: =SUMIFS(Input!M$2:M$999,Input!$C$2:$C$999,CONCATENATE(LEFT($B$72,10),"*"),Input!$D$2:$D$999,$C$72)*IND_Mult!I72 -> 0 | I72: =SUMIFS(Input!N$2:N$999,Input!$C$2:$C$999,CONCATENATE(LEFT($B$72,10),"*"),Input!$D$2:$D$999,$C$72)*IND_Mult!J72 -> 0 | J72: =SUMIFS(Input!O$2:O$999,Input!$C$2:$C$999,CONCATENATE(LEFT($B$72,10),"*"),Input!$D$2:$D$999,$C$72)*IND_Mult!K72 -> 0 | K72: =SUMIFS(Input!P$2:P$999,Input!$C$2:$C$999,CONCATENATE(LEFT($B$72,10),"*"),Input!$D$2:$D$999,$C$72)*IND_Mult!L72 -> 0 | L72: =SUMIFS(Input!Q$2:Q$999,Input!$C$2:$C$999,CONCATENATE(LEFT($B$72,10),"*"),Input!$D$2:$D$999,$C$72)*IND_Mult!M72 -> 0 | M72: =SUMIFS(Input!R$2:R$999,Input!$C$2:$C$999,CONCATENATE(LEFT($B$72,10),"*"),Input!$D$2:$D$999,$C$72)*IND_Mult!N72 -> 0 | N72: =SUMIFS(Input!S$2:S$999,Input!$C$2:$C$999,CONCATENATE(LEFT($B$72,10),"*"),Input!$D$2:$D$999,$C$72)*IND_Mult!O72 -> 0 | ... AQ72: =SUMIFS(Input!AV$2:AV$999,Input!$C$2:$C$999,CONCATENATE(LEFT($B$72,10),"*"),Input!$D$2:$D$999,$C$72)*IND_Mult!AR72 -> 0
B73: IGHRECYCL01 | C73: INDELC | E73: Input | G73: =SUMIFS(Input!L$2:L$999,Input!$C$2:$C$999,CONCATENATE(LEFT($B$73,10),"*"),Input!$D$2:$D$999,$C$73)*IND_Mult!H73 -> 0.52 | H73: =SUMIFS(Input!M$2:M$999,Input!$C$2:$C$999,CONCATENATE(LEFT($B$73,10),"*"),Input!$D$2:$D$999,$C$73)*IND_Mult!I73 -> 0.52 | I73: =SUMIFS(Input!N$2:N$999,Input!$C$2:$C$999,CONCATENATE(LEFT($B$73,10),"*"),Input!$D$2:$D$999,$C$73)*IND_Mult!J73 -> 0.52 | J73: =SUMIFS(Input!O$2:O$999,Input!$C$2:$C$999,CONCATENATE(LEFT($B$73,10),"*"),Input!$D$2:$D$999,$C$73)*IND_Mult!K73 -> 0.416 | K73: =SUMIFS(Input!P$2:P$999,Input!$C$2:$C$999,CONCATENATE(LEFT($B$73,10),"*"),Input!$D$2:$D$999,$C$73)*IND_Mult!L73 -> 0.52 | L73: =SUMIFS(Input!Q$2:Q$999,Input!$C$2:$C$999,CONCATENATE(LEFT($B$73,10),"*"),Input!$D$2:$D$999,$C$73)*IND_Mult!M73 -> 0.52 | M73: =SUMIFS(Input!R$2:R$999,Input!$C$2:$C$999,CONCATENATE(LEFT($B$73,10),"*"),Input!$D$2:$D$999,$C$73)*IND_Mult!N73 -> 0.52 | N73: =SUMIFS(Input!S$2:S$999,Input!$C$2:$C$999,CONCATENATE(LEFT($B$73,10),"*"),Input!$D$2:$D$999,$C$73)*IND_Mult!O73 -> 0.52 | ... AQ73: =SUMIFS(Input!AV$2:AV$999,Input!$C$2:$C$999,CONCATENATE(LEFT($B$73,10),"*"),Input!$D$2:$D$999,$C$73)*IND_Mult!AR73 -> 0.52
B74: IGHRECYCL01 | C74: INDGAS | E74: Input | G74: =SUMIFS(Input!L$2:L$999,Input!$C$2:$C$999,CONCATENATE(LEFT($B$74,10),"*"),Input!$D$2:$D$999,$C$74)*IND_Mult!H74 -> 3.9 | H74: =SUMIFS(Input!M$2:M$999,Input!$C$2:$C$999,CONCATENATE(LEFT($B$74,10),"*"),Input!$D$2:$D$999,$C$74)*IND_Mult!I74 -> 3.9 | I74: =SUMIFS(Input!N$2:N$999,Input!$C$2:$C$999,CONCATENATE(LEFT($B$74,10),"*"),Input!$D$2:$D$999,$C$74)*IND_Mult!J74 -> 5.4 | J74: =SUMIFS(Input!O$2:O$999,Input!$C$2:$C$999,CONCATENATE(LEFT($B$74,10),"*"),Input!$D$2:$D$999,$C$74)*IND_Mult!K74 -> 3.12 | K74: =SUMIFS(Input!P$2:P$999,Input!$C$2:$C$999,CONCATENATE(LEFT($B$74,10),"*"),Input!$D$2:$D$999,$C$74)*IND_Mult!L74 -> 3.9 | L74: =SUMIFS(Input!Q$2:Q$999,Input!$C$2:$C$999,CONCATENATE(LEFT($B$74,10),"*"),Input!$D$2:$D$999,$C$74)*IND_Mult!M74 -> 3.9 | M74: =SUMIFS(Input!R$2:R$999,Input!$C$2:$C$999,CONCATENATE(LEFT($B$74,10),"*"),Input!$D$2:$D$999,$C$74)*IND_Mult!N74 -> 3.9 | N74: =SUMIFS(Input!S$2:S$999,Input!$C$2:$C$999,CONCATENATE(LEFT($B$74,10),"*"),Input!$D$2:$D$999,$C$74)*IND_Mult!O74 -> 3.9 | ... AQ74: =SUMIFS(Input!AV$2:AV$999,Input!$C$2:$C$999,CONCATENATE(LEFT($B$74,10),"*"),Input!$D$2:$D$999,$C$74)*IND_Mult!AR74 -> 5.4
B75: IGHRECYCL01 | C75: INDHFO | E75: Input | G75: =SUMIFS(Input!L$2:L$999,Input!$C$2:$C$999,CONCATENATE(LEFT($B$75,10),"*"),Input!$D$2:$D$999,$C$75)*IND_Mult!H75 -> 1.5 | H75: =SUMIFS(Input!M$2:M$999,Input!$C$2:$C$999,CONCATENATE(LEFT($B$75,10),"*"),Input!$D$2:$D$999,$C$75)*IND_Mult!I75 -> 1.5 | I75: =SUMIFS(Input!N$2:N$999,Input!$C$2:$C$999,CONCATENATE(LEFT($B$75,10),"*"),Input!$D$2:$D$999,$C$75)*IND_Mult!J75 -> 0 | J75: =SUMIFS(Input!O$2:O$999,Input!$C$2:$C$999,CONCATENATE(LEFT($B$75,10),"*"),Input!$D$2:$D$999,$C$75)*IND_Mult!K75 -> 1.2 | K75: =SUMIFS(Input!P$2:P$999,Input!$C$2:$C$999,CONCATENATE(LEFT($B$75,10),"*"),Input!$D$2:$D$999,$C$75)*IND_Mult!L75 -> 1.5 | L75: =SUMIFS(Input!Q$2:Q$999,Input!$C$2:$C$999,CONCATENATE(LEFT($B$75,10),"*"),Input!$D$2:$D$999,$C$75)*IND_Mult!M75 -> 1.5 | M75: =SUMIFS(Input!R$2:R$999,Input!$C$2:$C$999,CONCATENATE(LEFT($B$75,10),"*"),Input!$D$2:$D$999,$C$75)*IND_Mult!N75 -> 1.5 | N75: =SUMIFS(Input!S$2:S$999,Input!$C$2:$C$999,CONCATENATE(LEFT($B$75,10),"*"),Input!$D$2:$D$999,$C$75)*IND_Mult!O75 -> 1.5 | ... AQ75: =SUMIFS(Input!AV$2:AV$999,Input!$C$2:$C$999,CONCATENATE(LEFT($B$75,10),"*"),Input!$D$2:$D$999,$C$75)*IND_Mult!AR75 -> 0
B76: IGHRECYCL01 | C76: MGHRYC | E76: Input | G76: =SUMIFS(Input!L$2:L$999,Input!$C$2:$C$999,CONCATENATE(LEFT($B$76,10),"*"),Input!$D$2:$D$999,$C$76)*IND_Mult!H76 -> 1.05 | H76: =SUMIFS(Input!M$2:M$999,Input!$C$2:$C$999,CONCATENATE(LEFT($B$76,10),"*"),Input!$D$2:$D$999,$C$76)*IND_Mult!I76 -> 1.05 | I76: =SUMIFS(Input!N$2:N$999,Input!$C$2:$C$999,CONCATENATE(LEFT($B$76,10),"*"),Input!$D$2:$D$999,$C$76)*IND_Mult!J76 -> 1.05 | J76: =SUMIFS(Input!O$2:O$999,Input!$C$2:$C$999,CONCATENATE(LEFT($B$76,10),"*"),Input!$D$2:$D$999,$C$76)*IND_Mult!K76 -> 1.05 | K76: =SUMIFS(Input!P$2:P$999,Input!$C$2:$C$999,CONCATENATE(LEFT($B$76,10),"*"),Input!$D$2:$D$999,$C$76)*IND_Mult!L76 -> 1.05 | L76: =SUMIFS(Input!Q$2:Q$999,Input!$C$2:$C$999,CONCATENATE(LEFT($B$76,10),"*"),Input!$D$2:$D$999,$C$76)*IND_Mult!M76 -> 1.05 | M76: =SUMIFS(Input!R$2:R$999,Input!$C$2:$C$999,CONCATENATE(LEFT($B$76,10),"*"),Input!$D$2:$D$999,$C$76)*IND_Mult!N76 -> 1.05 | N76: =SUMIFS(Input!S$2:S$999,Input!$C$2:$C$999,CONCATENATE(LEFT($B$76,10),"*"),Input!$D$2:$D$999,$C$76)*IND_Mult!O76 -> 1.05 | ... AQ76: =SUMIFS(Input!AV$2:AV$999,Input!$C$2:$C$999,CONCATENATE(LEFT($B$76,10),"*"),Input!$D$2:$D$999,$C$76)*IND_Mult!AR76 -> 1.05
B77: IGHRECYCL05 | C77: INDELC | D77: \I: LO | E77: \I: Share | G77: 0 | H77: 0 | I77: 0 | J77: 0 | K77: 0 | L77: 0 | M77: 0 | N77: 0 | O77: 0 | P77: 0 | Q77: 0 | R77: 0 | S77: 0 | T77: 0 | U77: 0 | V77: 0 | W77: 0 | X77: 0 | Y77: 0 | Z77: 0 | AA77: 0 | AB77: 0 | AC77: 0 | AD77: 0 | AE77: 0 | AF77: 0 | AG77: 0 | AH77: 0 | AI77: 0 | AJ77: 0 | AK77: 0 | AL77: 0 | AM77: 0 | AN77: 0 | AO77: 0 | AP77: 0 | AQ77: 0
B78: IGHRECYCL05 | C78: INDGAS | D78: \I: LO | E78: \I: Share | G78: 0 | H78: 0 | I78: 0 | J78: 0 | K78: 0 | L78: 0 | M78: 0 | N78: 0 | O78: 0 | P78: 0 | Q78: 0 | R78: 0 | S78: 0 | T78: 0 | U78: 0 | V78: 0 | W78: 0 | X78: 0 | Y78: 0 | Z78: 0 | AA78: 0 | AB78: 0 | AC78: 0 | AD78: 0 | AE78: 0 | AF78: 0 | AG78: 0 | AH78: 0 | AI78: 0 | AJ78: 0 | AK78: 0 | AL78: 0 | AM78: 0 | AN78: 0 | AO78: 0 | AP78: 0 | AQ78: 0
B79: IGHRECYCL05 | E79: Eff | G79: =0.152765047357165*(AVERAGE(IND_Mult!H78:H80)) -> 0.15276505 | H79: =0.152765047357165*(AVERAGE(IND_Mult!I78:I80)) -> 0.15276505 | I79: =0.152765047357165*(AVERAGE(IND_Mult!J78:J80)) -> 0.15276505 | J79: =0.152765047357165*(AVERAGE(IND_Mult!K78:K80)) -> 0.15276505 | K79: =0.152765047357165*(AVERAGE(IND_Mult!L78:L80)) -> 0.15276505 | L79: =0.152765047357165*(AVERAGE(IND_Mult!M78:M80)) -> 0.15276505 | M79: =0.152765047357165*(AVERAGE(IND_Mult!N78:N80)) -> 0.15276505 | N79: =0.152765047357165*(AVERAGE(IND_Mult!O78:O80)) -> 0.15276505 | ... AQ79: =0.152765047357165*(AVERAGE(IND_Mult!AR78:AR80)) -> 0.15276505
