Workbook
Name FID_1: [1]AGR_Fuels!$A$2

Sheet Fill Data
B2: ~TFM_Fill-R: w=OldHouses; Hcol=Region
B3: TimeSlice | C3: LimType | D3: Attribute | E3: Year | F3: AllRegions | G3: Pset_CI | H3: Pset_PN | I3: Pset_CO | J3: Cset_CN
D4: PASTI | F4: 1 | H4: Rdw[_]*
D5: INPUT | F5: 1 | H5: Rdw[_]*
B8: ~TFM_Fill-R: w=ServBldg; Hcol=Region
B9: TimeSlice | C9: LimType | D9: Attribute | E9: Year | F9: AllRegions | G9: Pset_CI | H9: Pset_PN
D10: PASTI | F10: 1 | H10: NRBldg*

Sheet OldHouses
A1: scenario | B1: attribute | C1: process | D1: commodity | E1: lim_type | F1: time_slice | G1: year | H1: commodity_group | I1: currency | J1: stage | K1: sow | L1: AL | M1: AT | N1: BA | O1: BE | P1: BG | Q1: CH | R1: CY | S1: CZ | T1: DE | U1: DK | V1: EE | W1: EL | X1: ES | Y1: FI | Z1: FR | AA1: HR | AB1: HU | AC1: IE | AD1: IS | AE1: IT | AF1: KS | AG1: LT | AH1: LU | AI1: LV | AJ1: ME | AK1: MK | AL1: MT | AM1: NL | AN1: NO | AO1: PL | AP1: PT | AQ1: RO | AR1: RS | AS1: SE | AT1: SI | AU1: SK | AV1: UK | AW1: year2
A2: BASE | B2: INPUT | C2: Rdw_DetH | D2: R_ES-DH-Cook | E2: - | F2: ANNUAL | G2: 2010 | H2: - | I2: - | J2: - | K2: - | L2: 0.0096401693 | M2: 0.0030415223 | N2: 0.0042581434 | O2: 0.0034102939 | P2: 0.0036540878 | Q2: 0.0035508104 | R2: 0.0031439568 | S2: 0.002828146 | T2: 0.0032488706 | U2: 0.0028361457 | V2: 0.0027654135 | W2: 0.0056266963 | X2: 0.0038085079 | Y2: 0.0026293573 | Z2: 0.0046456786 | AA2: 0.0030876066 | AB2: 0.0027436497 | AC2: 0.0029710596 | AD2: 0.0022971798 | AE2: 0.0024563525 | AF2: 0.0037550697 | AG2: 0.0024095487 | AH2: 0.0028929007 | AI2: 0.0018737846 | AJ2: 0.0079551734 | AK2: 0.0052408565 | AL2: 0.0040527979 | AM2: 0.0033325711 | AN2: 0.0074120673 | AO2: 0.0031582031 | AP2: 0.015925988 | AQ2: 0.0026716941 | AR2: 0.0048263692 | AS2: 0.0026513054 | AT2: 0.0023401915 | AU2: 0.003632819 | AV2: 0.0020315869 | AW2: -
A3: BASE | B3: INPUT | C3: Rdw_DetH | D3: R_ES-DH-SpCool | E3: - | F3: ANNUAL | G3: 2010 | H3: - | I3: - | J3: - | K3: - | L3: 0.0033023629 | M3: 0.00031367532 | N3: 0.0081355238 | O3: 0.001064478 | P3: 0.00053515446 | Q3: 0.00031900864 | R3: 0.0075016642 | S3: 5.791538e-05 | T3: 0.00027938653 | U3: 0.0002158663 | V3: 1.1300493e-05 | W3: 0.0024745307 | X3: 0.0017885701 | Y3: 7.7066365e-05 | Z3: 0.0021914253 | AA3: 0.0040321319 | AB3: 6.3675396e-05 | AC3: 0.00018202999 | AD3: 6.6958366e-05 | AE3: 0.0018281929 | AF3: 0.006817581 | AH3: 0.0029769779 | AJ3: 0.0032922644 | AK3: 0.0096533093 | AL3: 0.0086615593 | AM3: 0.00068788026 | AN3: 0.00024065938 | AO3: 3.7704133e-05 | AP3: 0.0013701653 | AQ3: 8.1424878e-05 | AR3: 0.0088705237 | AS3: 0.00015883064 | AT3: 0.00060158929 | AU3: 0.00019404844 | AV3: 0.00012129152 | AW3: -
A4: BASE | B4: INPUT | C4: Rdw_DetH | D4: R_ES-DH-SpHeat-I | E4: - | F4: ANNUAL | G4: 1940 | H4: - | I4: - | J4: - | K4: - | L4: 0.022981595 | M4: 0.096111982 | N4: 0.028884986 | O4: 0.084974409 | P4: 0.033193906 | Q4: 0.10020342 | R4: 0.034305089 | S4: 0.08306798 | T4: 0.10348827 | U4: 0.078256878 | V4: 0.085208712 | W4: 0.054265075 | X4: 0.059224176 | Y4: 0.1416462 | Z4: 0.096680431 | AA4: 0.055515125 | AB4: 0.06891109 | AC4: 0.091948721 | AD4: 0.19555453 | AE4: 0.072728605 | AF4: 0.027913236 | AG4: 0.064323141 | AH4: 0.1238417 | AI4: 0.084406724 | AJ4: 0.055533011 | AK4: 0.030888509 | AL4: 0.013402284 | AM4: 0.098131719 | AN4: 0.077260408 | AO4: 0.10394198 | AP4: 0.020709667 | AQ4: 0.056147168 | AR4: 0.04095778 | AS4: 0.099843971 | AT4: 0.077196421 | AU4: 0.080024814 | AV4: 0.080194295 | AW4: -
A5: BASE | B5: INPUT | C5: Rdw_DetH | D5: R_ES-DH-SpHeat-I | E5: - | F5: ANNUAL | G5: 1957 | H5: - | I5: - | J5: - | K5: - | L5: 0.022981595 | M5: 0.08951184 | N5: 0.028884986 | O5: 0.084974409 | P5: 0.033193906 | Q5: 0.093322317 | R5: 0.03233403 | S5: 0.071271836 | T5: 0.089392889 | U5: 0.076040258 | V5: 0.085208712 | W5: 0.054265075 | X5: 0.054016123 | Y5: 0.13093622 | Z5: 0.096680431 | AA5: 0.058254327 | AB5: 0.06891109 | AC5: 0.093135935 | AD5: 0.18076849 | AE5: 0.06937349 | AF5: 0.027913236 | AG5: 0.064323141 | AH5: 0.12588379 | AI5: 0.083252979 | AJ5: 0.055533011 | AK5: 0.030888509 | AL5: 0.013385958 | AM5: 0.080500612 | AN5: 0.076916432 | AO5: 0.076433835 | AP5: 0.018977565 | AQ5: 0.051310149 | AR5: 0.04095778 | AS5: 0.09939945 | AT5: 0.077196421 | AU5: 0.0689258 | AV5: 0.0837608 | AW5: -
A6: BASE | B6: INPUT | C6: Rdw_DetH | D6: R_ES-DH-WatHeat | E6: - | F6: ANNUAL | G6: 2010 | H6: - | I6: - | J6: - | K6: - | L6: 0.010671601 | M6: 0.011251381 | N6: 0.0056302138 | O6: 0.0095272111 | P6: 0.0075855179 | Q6: 0.0085103269 | R6: 0.0094679451 | S6: 0.0071258839 | T6: 0.0092098032 | U6: 0.0097229186 | V6: 0.0089376629 | W6: 0.010422415 | X6: 0.012010718 | Y6: 0.01135997 | Z6: 0.0099539709 | AA6: 0.0061370923 | AB6: 0.0053359982 | AC6: 0.010752265 | AD6: 0.010532394 | AE6: 0.0084432134 | AF6: 0.0042840393 | AG6: 0.0073425045 | AH6: 0.0076613003 | AI6: 0.010300905 | AJ6: 0.0075894075 | AK6: 0.0062653176 | AL6: 0.0046083001 | AM6: 0.009244366 | AN6: 0.015409946 | AO6: 0.0091778714 | AP6: 0.014817587 | AQ6: 0.0061500457 | AR6: 0.006927562 | AS6: 0.0092939988 | AT6: 0.012373113 | AU6: 0.0093921415 | AV6: 0.0092111061 | AW6: -
A7: BASE | B7: INPUT | C7: Rdw_DetH-70 | D7: R_ES-DH-70-SpHeat-I | E7: - | F7: ANNUAL | G7: 1975 | H7: - | I7: - | J7: - | K7: - | L7: 0.022981595 | M7: 0.071890665 | N7: 0.028884986 | O7: 0.084974409 | P7: 0.03149259 | Q7: 0.074951017 | R7: 0.033773547 | S7: 0.071271836 | T7: 0.05958274 | U7: 0.053832597 | V7: 0.071252784 | W7: 0.054265075 | X7: 0.054016123 | Y7: 0.10949317 | Z7: 0.047847184 | AA7: 0.050537165 | AB7: 0.060626468 | AC7: 0.081340753 | AD7: 0.15116456 | AE7: 0.065300666 | AF7: 0.027913236 | AG7: 0.042648736 | AH7: 0.07317577 | AI7: 0.07779035 | AJ7: 0.055533011 | AK7: 0.02928467 | AL7: 0.011388099 | AM7: 0.078159089 | AN7: 0.056327587 | AO7: 0.05578075 | AP7: 0.018661058 | AQ7: 0.051310149 | AR7: 0.04095778 | AS7: 0.072792393 | AT7: 0.071119406 | AU7: 0.0689258 | AV7: 0.06703361 | AW7: -
A8: BASE | B8: INPUT | C8: Rdw_DetH-70 | D8: R_ES-DH-70-SpHeat-I | E8: - | F8: ANNUAL | G8: 1985 | H8: - | I8: - | J8: - | K8: - | L8: 0.022400084 | M8: 0.050185499 | N8: 0.025445408 | O8: 0.072602693 | P8: 0.027563117 | Q8: 0.052321872 | R8: 0.032893328 | S8: 0.064471406 | T8: 0.048282126 | U8: 0.045793922 | V8: 0.053095941 | W8: 0.052891988 | X8: 0.036094596 | Y8: 0.090150811 | Z8: 0.041046721 | AA8: 0.050537165 | AB8: 0.046299777 | AC8: 0.055143942 | AD8: 0.1244608 | AE8: 0.050378569 | AF8: 0.024589372 | AG8: 0.042648736 | AH8: 0.06032501 | AI8: 0.046670033 | AJ8: 0.04855439 | AK8: 0.02558408 | AL8: 0.01058451 | AM8: 0.051427336 | AN8: 0.055473812 | AO8: 0.05578075 | AP8: 0.01820093 | AQ8: 0.04415738 | AR8: 0.036080593 | AS8: 0.071689056 | AT8: 0.054753715 | AU8: 0.058733338 | AV8: 0.042175089 | AW8: -
A9: BASE | B9: INPUT | C9: Rdw_DetH-70 | D9: R_ES-DH-70-SpHeat-I | E9: - | F9: ANNUAL | G9: 1995 | H9: - | I9: - | J9: - | K9: - | L9: 0.022400084 | M9: 0.042973891 | N9: 0.024328911 | O9: 0.072602693 | P9: 0.022521092 | Q9: 0.044803269 | R9: 0.028197795 | S9: 0.049699372 | T9: 0.028782762 | U9: 0.045793922 | V9: 0.046604478 | W9: 0.052891988 | X9: 0.036094596 | Y9: 0.089156054 | Z9: 0.024415125 | AA9: 0.036811367 | AB9: 0.046299777 | AC9: 0.04773153 | AD9: 0.12308745 | AE9: 0.04688109 | AF9: 0.023510436 | AG9: 0.042648736 | AH9: 0.051585466 | AI9: 0.045991889 | AJ9: 0.046216872 | AK9: 0.020806595 | AL9: 0.010430532 | AM9: 0.046057939 | AN9: 0.050623271 | AO9: 0.05578075 | AP9: 0.016922284 | AQ9: 0.04415738 | AR9: 0.034497443 | AS9: 0.06542068 | AT9: 0.040423456 | AU9: 0.054180883 | AV9: 0.031101521 | AW9: -
A10: BASE | B10: INPUT | C10: Rdw_DetH-70 | D10: R_ES-DH-70-SpHeat-I | E10: - | F10: ANNUAL | G10: 2004 | H10: - | I10: - | J10: - | K10: - | L10: 0.009072442 | M10: 0.038216553 | N10: 0.021076246 | O10: 0.043568869 | P10: 0.015681843 | Q10: 0.039843413 | R10: 0.02481191 | S10: 0.039103013 | T10: 0.031008037 | U10: 0.033433575 | V10: 0.046604478 | W10: 0.021422218 | X10: 0.024680365 | Y10: 0.079872548 | Z10: 0.023614074 | AA10: 0.02351873 | AB10: 0.028633312 | AC10: 0.030803334 | AD10: 0.11027079 | AE10: 0.044205442 | AF10: 0.020367198 | AG10: 0.025955619 | AH10: 0.041764705 | AI10: 0.029800539 | AJ10: 0.040108513 | AK10: 0.014447878 | AL10: 0.010027607 | AM10: 0.03287312 | AN10: 0.04406805 | AO10: 0.044694994 | AP10: 0.011554767 | AQ10: 0.034372644 | AR10: 0.029885291 | AS10: 0.056949338 | AT10: 0.023933423 | AU10: 0.032557854 | AV10: 0.026105856 | AW10: -
A11: BASE | B11: INPUT | C11: Rdw_DetH-70 | D11: R_ES-DH-Cook | E11: - | F11: ANNUAL | G11: 2010 | H11: - | I11: - | J11: - | K11: - | L11: 0.0096401693 | M11: 0.0030415223 | N11: 0.0042581434 | O11: 0.0034102939 | P11: 0.0036540878 | Q11: 0.0035508104 | R11: 0.0031439568 | S11: 0.002828146 | T11: 0.0032488706 | U11: 0.0028361457 | V11: 0.0027654135 | W11: 0.0056266963 | X11: 0.0038085079 | Y11: 0.0026293573 | Z11: 0.0046456786 | AA11: 0.0030876066 | AB11: 0.0027436497 | AC11: 0.0029710596 | AD11: 0.0022971798 | AE11: 0.0024563525 | AF11: 0.0037550697 | AG11: 0.0024095487 | AH11: 0.0028929007 | AI11: 0.0018737846 | AJ11: 0.0079551734 | AK11: 0.0052408565 | AL11: 0.0040527979 | AM11: 0.0033325711 | AN11: 0.0074120673 | AO11: 0.0031582031 | AP11: 0.015925988 | AQ11: 0.0026716941 | AR11: 0.0048263692 | AS11: 0.0026513054 | AT11: 0.0023401915 | AU11: 0.003632819 | AV11: 0.0020315869 | AW11: -
A12: BASE | B12: INPUT | C12: Rdw_DetH-70 | D12: R_ES-DH-SpCool | E12: - | F12: ANNUAL | G12: 2010 | H12: - | I12: - | J12: - | K12: - | L12: 0.0033023629 | M12: 0.00031367532 | N12: 0.0081355238 | O12: 0.001064478 | P12: 0.00053515446 | Q12: 0.00031900864 | R12: 0.0075016642 | S12: 5.791538e-05 | T12: 0.00027938653 | U12: 0.0002158663 | V12: 1.1300493e-05 | W12: 0.0024745307 | X12: 0.0017885701 | Y12: 7.7066365e-05 | Z12: 0.0021914253 | AA12: 0.0040321319 | AB12: 6.3675396e-05 | AC12: 0.00018202999 | AD12: 6.6958366e-05 | AE12: 0.0018281929 | AF12: 0.006817581 | AH12: 0.0029769779 | AJ12: 0.0032922644 | AK12: 0.0096533093 | AL12: 0.0086615593 | AM12: 0.00068788026 | AN12: 0.00024065938 | AO12: 3.7704133e-05 | AP12: 0.0013701653 | AQ12: 8.1424878e-05 | AR12: 0.0088705237 | AS12: 0.00015883064 | AT12: 0.00060158929 | AU12: 0.00019404844 | AV12: 0.00012129152 | AW12: -
A13: BASE | B13: INPUT | C13: Rdw_DetH-70 | D13: R_ES-DH-WatHeat | E13: - | F13: ANNUAL | G13: 2010 | H13: - | I13: - | J13: - | K13: - | L13: 0.010671601 | M13: 0.011251381 | N13: 0.0056302138 | O13: 0.0095272111 | P13: 0.0075855179 | Q13: 0.0085103269 | R13: 0.0094679451 | S13: 0.0071258839 | T13: 0.0092098032 | U13: 0.0097229186 | V13: 0.0089376629 | W13: 0.010422415 | X13: 0.012010718 | Y13: 0.01135997 | Z13: 0.0099539709 | AA13: 0.0061370923 | AB13: 0.0053359982 | AC13: 0.010752265 | AD13: 0.010532394 | AE13: 0.0084432134 | AF13: 0.0042840393 | AG13: 0.0073425045 | AH13: 0.0076613003 | AI13: 0.010300905 | AJ13: 0.0075894075 | AK13: 0.0062653176 | AL13: 0.0046083001 | AM13: 0.009244366 | AN13: 0.015409946 | AO13: 0.0091778714 | AP13: 0.014817587 | AQ13: 0.0061500457 | AR13: 0.006927562 | AS13: 0.0092939988 | AT13: 0.012373113 | AU13: 0.0093921415 | AV13: 0.0092111061 | AW13: -
A14: BASE | B14: INPUT | C14: Rdw_Flat | D14: R_ES-FL-Cook | E14: - | F14: ANNUAL | G14: 2010 | H14: - | I14: - | J14: - | K14: - | L14: 0.0096401693 | M14: 0.0030415223 | N14: 0.0042581434 | O14: 0.0034102939 | P14: 0.0036540878 | Q14: 0.0035508104 | R14: 0.0031439568 | S14: 0.002828146 | T14: 0.0032488706 | U14: 0.0028361457 | V14: 0.0027654135 | W14: 0.0056266963 | X14: 0.0038085079 | Y14: 0.0026293573 | Z14: 0.0046456786 | AA14: 0.0030876066 | AB14: 0.0027436497 | AC14: 0.0029710596 | AD14: 0.0022971798 | AE14: 0.0024563525 | AF14: 0.0037550697 | AG14: 0.0024095487 | AH14: 0.0028929007 | AI14: 0.0018737846 | AJ14: 0.0079551734 | AK14: 0.0052408565 | AL14: 0.0040527979 | AM14: 0.0033325711 | AN14: 0.0074120673 | AO14: 0.0031582031 | AP14: 0.015925988 | AQ14: 0.0026716941 | AR14: 0.0048263692 | AS14: 0.0026513054 | AT14: 0.0023401915 | AU14: 0.003632819 | AV14: 0.0020315869 | AW14: -
A15: BASE | B15: INPUT | C15: Rdw_Flat | D15: R_ES-FL-SpCool | E15: - | F15: ANNUAL | G15: 2010 | H15: - | I15: - | J15: - | K15: - | L15: 0.0016511814 | M15: 0.00015683766 | N15: 0.0040677619 | O15: 0.000532239 | P15: 0.00026757723 | Q15: 0.00015950432 | R15: 0.0037508321 | S15: 2.895769e-05 | T15: 0.00013969327 | U15: 0.00010793315 | W15: 0.0012372654 | X15: 0.00089428505 | Y15: 3.8533182e-05 | Z15: 0.0010957126 | AA15: 0.0020160659 | AB15: 3.1837698e-05 | AC15: 9.1014997e-05 | AD15: 3.3479183e-05 | AE15: 0.00091409645 | AF15: 0.0034087905 | AH15: 0.001488489 | AJ15: 0.0016461322 | AK15: 0.0048266546 | AL15: 0.0043307797 | AM15: 0.00034394013 | AN15: 0.00012032969 | AO15: 1.8852066e-05 | AP15: 0.00068508265 | AQ15: 4.0712439e-05 | AR15: 0.0044352619 | AS15: 7.9415318e-05 | AT15: 0.00030079465 | AU15: 9.702422e-05 | AV15: 6.0645759e-05 | AW15: -
A16: BASE | B16: INPUT | C16: Rdw_Flat | D16: R_ES-FL-SpHeat-I | E16: - | F16: ANNUAL | G16: 1940 | H16: - | I16: - | J16: - | K16: - | L16: 0.0060880978 | M16: 0.02260157 | N16: 0.009104341 | O16: 0.02060963 | P16: 0.0088744951 | Q16: 0.023563708 | R16: 0.0089824859 | S16: 0.018348495 | T16: 0.023674127 | U16: 0.015649148 | V16: 0.019331898 | W16: 0.018048127 | X16: 0.01973433 | Y16: 0.024911494 | Z16: 0.022031529 | AA16: 0.016856261 | AB16: 0.015120218 | AC16: 0.013860579 | AD16: 0.04488454 | AE16: 0.019679655 | AF16: 0.0087980523 | AG16: 0.014054509 | AH16: 0.03582544 | AI16: 0.018203297 | AJ16: 0.015730896 | AK16: 0.0098556186 | AL16: 0.0038567291 | AM16: 0.023533097 | AN16: 0.017078255 | AO16: 0.0200024 | AP16: 0.0055484692 | AQ16: 0.0093377491 | AR16: 0.012909599 | AS16: 0.022070306 | AT16: 0.017217398 | AU16: 0.01840318 | AV16: 0.012767179 | AW16: -
A17: BASE | B17: INPUT | C17: Rdw_Flat | D17: R_ES-FL-SpHeat-I | E17: - | F17: ANNUAL | G17: 1957 | H17: - | I17: - | J17: - | K17: - | L17: 0.0060880978 | M17: 0.02041616 | N17: 0.009104341 | O17: 0.02060963 | P17: 0.0088744951 | Q17: 0.021285266 | R17: 0.0082479206 | S17: 0.016537174 | T17: 0.019539949 | U17: 0.0153705 | V17: 0.019331898 | W17: 0.018048127 | X17: 0.017732098 | Y17: 0.023407045 | Z17: 0.022031529 | AA17: 0.017984771 | AB17: 0.015120218 | AC17: 0.014004223 | AD17: 0.042214284 | AE17: 0.018540689 | AF17: 0.0087980523 | AG17: 0.014054509 | AH17: 0.039854128 | AI17: 0.017937407 | AJ17: 0.015730896 | AK17: 0.0098556186 | AL17: 0.003853633 | AM17: 0.019804703 | AN17: 0.01700062 | AO17: 0.01485518 | AP17: 0.0048916693 | AQ17: 0.0085744441 | AR17: 0.012909599 | AS17: 0.021969977 | AT17: 0.017217398 | AU17: 0.015857882 | AV17: 0.013317989 | AW17: -
A18: BASE | B18: INPUT | C18: Rdw_Flat | D18: R_ES-FL-SpHeat-I | E18: - | F18: ANNUAL | G18: 1975 | H18: - | I18: - | J18: - | K18: - | L18: 0.0060880978 | M18: 0.016668709 | N18: 0.009104341 | O18: 0.02060963 | P18: 0.0084074089 | Q18: 0.017378288 | R18: 0.0083150517 | S18: 0.016537174 | T18: 0.013309585 | U18: 0.011065875 | V18: 0.016029882 | W18: 0.018048127 | X18: 0.017732098 | Y18: 0.019809326 | Z18: 0.011175792 | AA18: 0.015678447 | AB18: 0.013219247 | AC18: 0.012580411 | AD18: 0.034942161 | AE18: 0.017698755 | AF18: 0.0087980523 | AG18: 0.0092842663 | AH18: 0.021862408 | AI18: 0.016770417 | AJ18: 0.015730896 | AK18: 0.0093165389 | AL18: 0.0030869373 | AM18: 0.01946823 | AN18: 0.012444089 | AO18: 0.010761353 | AP18: 0.0048331539 | AQ18: 0.0085744441 | AR18: 0.012909599 | AS18: 0.016081552 | AT18: 0.016352583 | AU18: 0.015857882 | AV18: 0.011171579 | AW18: -
A19: BASE | B19: INPUT | C19: Rdw_Flat | D19: R_ES-FL-SpHeat-I | E19: - | F19: ANNUAL | G19: 1985 | H19: - | I19: - | J19: - | K19: - | L19: 0.0059848034 | M19: 0.011780817 | N19: 0.0079623413 | O19: 0.017770166 | P19: 0.0073156621 | Q19: 0.012282321 | R19: 0.0081564801 | S19: 0.015079895 | T19: 0.011382828 | U19: 0.0093897102 | V19: 0.012056867 | W19: 0.017721932 | X19: 0.012484202 | Y19: 0.016350683 | Z19: 0.0096436848 | AA19: 0.015678447 | AB19: 0.009925021 | AC19: 0.0088154863 | AD19: 0.02827882 | AE19: 0.01313356 | AF19: 0.0076944718 | AG19: 0.0092842663 | AH19: 0.01853761 | AI19: 0.010438103 | AJ19: 0.013721543 | AK19: 0.0080392086 | AL19: 0.002933104 | AM19: 0.011779739 | AN19: 0.012251367 | AO19: 0.010761353 | AP19: 0.004681756 | AQ19: 0.0074368789 | AR19: 0.011290288 | AS19: 0.015832496 | AT19: 0.012085742 | AU19: 0.01348883 | AV19: 0.0072616012 | AW19: -
A20: BASE | B20: INPUT | C20: Rdw_Flat | D20: R_ES-FL-SpHeat-I | E20: - | F20: ANNUAL | G20: 1995 | H20: - | I20: - | J20: - | K20: - | L20: 0.0059848034 | M20: 0.0099166423 | N20: 0.0075614719 | O20: 0.017770166 | P20: 0.0059838939 | Q20: 0.010338789 | R20: 0.0070446675 | S20: 0.011459275 | T20: 0.0064976087 | U20: 0.0093897102 | V20: 0.010809644 | W20: 0.017721932 | X20: 0.012484202 | Y20: 0.016204097 | Z20: 0.0056458804 | AA20: 0.011296877 | AB20: 0.009925021 | AC20: 0.0077612233 | AD20: 0.027995606 | AE20: 0.012062827 | AF20: 0.0073070884 | AG20: 0.0092842663 | AH20: 0.015897113 | AI20: 0.010358868 | AJ20: 0.013009839 | AK20: 0.0065706152 | AL20: 0.0029037036 | AM20: 0.010552299 | AN20: 0.011006241 | AO20: 0.010761353 | AP20: 0.0043016583 | AQ20: 0.0074368789 | AR20: 0.010721871 | AS20: 0.014223414 | AT20: 0.0090735226 | AU20: 0.01284777 | AV20: 0.0051886343 | AW20: -
A21: BASE | B21: INPUT | C21: Rdw_Flat | D21: R_ES-FL-SpHeat-I | E21: - | F21: ANNUAL | G21: 2004 | H21: - | I21: - | J21: - | K21: - | L21: 0.0023973967 | M21: 0.0089647782 | N21: 0.0065004651 | O21: 0.010608168 | P21: 0.0040331239 | Q21: 0.0093464046 | R21: 0.0065101969 | S21: 0.0092054613 | T21: 0.0071493454 | U21: 0.0069368217 | V21: 0.010809644 | W21: 0.0068099725 | X21: 0.0080128509 | Y21: 0.014524278 | Z21: 0.0054596279 | AA21: 0.0067215635 | AB21: 0.0061803825 | AC21: 0.005181653 | AD21: 0.025312848 | AE21: 0.011437455 | AF21: 0.0062817761 | AG21: 0.0054382511 | AH21: 0.012705262 | AI21: 0.0063971724 | AJ21: 0.011190453 | AK21: 0.0042298008 | AL21: 0.0027534446 | AM21: 0.0078121083 | AN21: 0.0095212161 | AO21: 0.0085096927 | AP21: 0.0029593185 | AQ21: 0.0056691672 | AR21: 0.0092174051 | AS21: 0.01230431 | AT21: 0.0054401498 | AU21: 0.0074386773 | AV21: 0.0043657947 | AW21: -
A22: BASE | B22: INPUT | C22: Rdw_Flat | D22: R_ES-FL-WatHeat | E22: - | F22: ANNUAL | G22: 2010 | H22: - | I22: - | J22: - | K22: - | L22: 0.0053358007 | M22: 0.0056256905 | N22: 0.0028151069 | O22: 0.0047636056 | P22: 0.003792759 | Q22: 0.0042551634 | R22: 0.0047339725 | S22: 0.003562942 | T22: 0.0046049016 | U22: 0.0048614593 | V22: 0.0044688314 | W22: 0.0052112074 | X22: 0.0060053589 | Y22: 0.0056799848 | Z22: 0.0049769855 | AA22: 0.0030685461 | AB22: 0.0026679991 | AC22: 0.0053761326 | AD22: 0.0052661971 | AE22: 0.0042216067 | AF22: 0.0021420197 | AG22: 0.0036712523 | AH22: 0.0038306502 | AI22: 0.0051504524 | AJ22: 0.0037947037 | AK22: 0.0031326588 | AL22: 0.0023041501 | AM22: 0.004622183 | AN22: 0.007704973 | AO22: 0.0045889357 | AP22: 0.0074087934 | AQ22: 0.0030750229 | AR22: 0.003463781 | AS22: 0.0046469994 | AT22: 0.0061865566 | AU22: 0.0046960708 | AV22: 0.0046055531 | AW22: -
A23: BASE | B23: INPUT | C23: Rdw_SDetH | D23: R_ES-SD-Cook | E23: - | F23: ANNUAL | G23: 2010 | H23: - | I23: - | J23: - | K23: - | L23: 0.0096401693 | M23: 0.0030415223 | N23: 0.0042581434 | O23: 0.0034102939 | P23: 0.0036540878 | Q23: 0.0035508104 | R23: 0.0031439568 | S23: 0.002828146 | T23: 0.0032488706 | U23: 0.0028361457 | V23: 0.0027654135 | W23: 0.0056266963 | X23: 0.0038085079 | Y23: 0.0026293573 | Z23: 0.0046456786 | AA23: 0.0030876066 | AB23: 0.0027436497 | AC23: 0.0029710596 | AD23: 0.0022971798 | AE23: 0.0024563525 | AF23: 0.0037550697 | AG23: 0.0024095487 | AH23: 0.0028929007 | AI23: 0.0018737846 | AJ23: 0.0079551734 | AK23: 0.0052408565 | AL23: 0.0040527979 | AM23: 0.0033325711 | AN23: 0.0074120673 | AO23: 0.0031582031 | AP23: 0.015925988 | AQ23: 0.0026716941 | AR23: 0.0048263692 | AS23: 0.0026513054 | AT23: 0.0023401915 | AU23: 0.003632819 | AV23: 0.0020315869 | AW23: -
A24: BASE | B24: INPUT | C24: Rdw_SDetH | D24: R_ES-SD-SpCool | E24: - | F24: ANNUAL | G24: 2010 | H24: - | I24: - | J24: - | K24: - | L24: 0.0033023629 | M24: 0.00031367532 | N24: 0.0081355238 | O24: 0.001064478 | P24: 0.00053515446 | Q24: 0.00031900864 | R24: 0.0075016642 | S24: 5.791538e-05 | T24: 0.00027938653 | U24: 0.0002158663 | V24: 1.1300493e-05 | W24: 0.0024745307 | X24: 0.0017885701 | Y24: 7.7066365e-05 | Z24: 0.0021914253 | AA24: 0.0040321319 | AB24: 6.3675396e-05 | AC24: 0.00018202999 | AD24: 6.6958366e-05 | AE24: 0.0018281929 | AF24: 0.006817581 | AH24: 0.0029769779 | AJ24: 0.0032922644 | AK24: 0.0096533093 | AL24: 0.0086615593 | AM24: 0.00068788026 | AN24: 0.00024065938 | AO24: 3.7704133e-05 | AP24: 0.0013701653 | AQ24: 8.1424878e-05 | AR24: 0.0088705237 | AS24: 0.00015883064 | AT24: 0.00060158929 | AU24: 0.00019404844 | AV24: 0.00012129152 | AW24: -
A25: BASE | B25: INPUT | C25: Rdw_SDetH | D25: R_ES-SD-SpHeat-I | E25: - | F25: ANNUAL | G25: 1940 | H25: - | I25: - | J25: - | K25: - | L25: 0.013113768 | M25: 0.051145996 | N25: 0.014836167 | O25: 0.047088523 | P25: 0.017541727 | Q25: 0.05512199 | R25: 0.020334626 | S25: 0.045190187 | T25: 0.056942729 | U25: 0.040208966 | V25: 0.043264964 | W25: 0.031915753 | X25: 0.033175663 | Y25: 0.072863643 | Z25: 0.053688646 | AA25: 0.027390225 | AB25: 0.036262524 | AC25: 0.051098753 | AD25: 0.10137657 | AE25: 0.040384525 | AF25: 0.014337048 | AG25: 0.034286568 | AH25: 0.069501471 | AI25: 0.044486295 | AJ25: 0.029157723 | AK25: 0.016347765 | AL25: 0.0078981698 | AM25: 0.057861354 | AN25: 0.037931759 | AO25: 0.055065929 | AP25: 0.011692942 | AQ25: 0.029875732 | AR25: 0.021037104 | AS25: 0.048250417 | AT25: 0.040882288 | AU25: 0.043090099 | AV25: 0.045352858 | AW25: -
A26: BASE | B26: INPUT | C26: Rdw_SDetH | D26: R_ES-SD-SpHeat-I | E26: - | F26: ANNUAL | G26: 1957 | H26: - | I26: - | J26: - | K26: - | L26: 0.013113768 | M26: 0.048066753 | N26: 0.014836167 | O26: 0.047088523 | P26: 0.017541727 | Q26: 0.051842902 | R26: 0.019325446 | S26: 0.037075548 | T26: 0.050682764 | U26: 0.038705258 | V26: 0.043264964 | W26: 0.031915753 | X26: 0.030080447 | Y26: 0.06577111 | Z26: 0.053688646 | AA26: 0.028825578 | AB26: 0.036262524 | AC26: 0.051977602 | AD26: 0.091480345 | AE26: 0.038497211 | AF26: 0.014337048 | AG26: 0.034286568 | AH26: 0.06990541 | AI26: 0.044147558 | AJ26: 0.029157723 | AK26: 0.016347765 | AL26: 0.007885014 | AM26: 0.046160272 | AN26: 0.037829879 | AO26: 0.040013616 | AP26: 0.010809308 | AQ26: 0.027121094 | AR26: 0.021037104 | AS26: 0.048118862 | AT26: 0.040882288 | AU26: 0.036479459 | AV26: 0.047569056 | AW26: -
A27: BASE | B27: INPUT | C27: Rdw_SDetH | D27: R_ES-SD-SpHeat-I | E27: - | F27: ANNUAL | G27: 1975 | H27: - | I27: - | J27: - | K27: - | L27: 0.013113768 | M27: 0.037759791 | N27: 0.014836167 | O27: 0.047088523 | P27: 0.016527602 | Q27: 0.040681871 | R27: 0.019303467 | S27: 0.037075548 | T27: 0.031722686 | U27: 0.025895899 | V27: 0.035066755 | W27: 0.031915753 | X27: 0.030080447 | Y27: 0.05391994 | Z27: 0.024597628 | AA27: 0.025940092 | AB27: 0.031627862 | AC27: 0.043210896 | AD27: 0.074983829 | AE27: 0.036350519 | AF27: 0.014337048 | AG27: 0.022069174 | AH27: 0.038475608 | AI27: 0.040924388 | AJ27: 0.029157723 | AK27: 0.015395286 | AL27: 0.0067946142 | AM27: 0.04431757 | AN27: 0.025650985 | AO27: 0.028813787 | AP27: 0.01058487 | AQ27: 0.027121094 | AR27: 0.021037104 | AS27: 0.032686599 | AT27: 0.037224287 | AU27: 0.036479459 | AV27: 0.03660165 | AW27: -
A28: BASE | B28: INPUT | C28: Rdw_SDetH | D28: R_ES-SD-SpHeat-I | E28: - | F28: ANNUAL | G28: 1985 | H28: - | I28: - | J28: - | K28: - | L28: 0.012706432 | M28: 0.025729751 | N28: 0.012798172 | O28: 0.039651636 | P28: 0.014211573 | Q28: 0.027688811 | R28: 0.018664221 | S28: 0.032838128 | T28: 0.024363123 | U28: 0.021563683 | V28: 0.026423334 | W28: 0.030952744 | X28: 0.019615291 | Y28: 0.04415995 | Z28: 0.020908266 | AA28: 0.025940092 | AB28: 0.023589938 | AC28: 0.027941655 | AD28: 0.06141161 | AE28: 0.028899396 | AF28: 0.012367616 | AG28: 0.022069174 | AH28: 0.032556931 | AI28: 0.023340988 | AJ28: 0.025002603 | AK28: 0.013223058 | AL28: 0.006146986 | AM28: 0.028677655 | AN28: 0.025394545 | AO28: 0.028813787 | AP28: 0.010307379 | AQ28: 0.023260763 | AR28: 0.018147307 | AS28: 0.032355576 | AT28: 0.029126743 | AU28: 0.031279398 | AV28: 0.021537148 | AW28: -
A29: BASE | B29: INPUT | C29: Rdw_SDetH | D29: R_ES-SD-SpHeat-I | E29: - | F29: ANNUAL | G29: 1995 | H29: - | I29: - | J29: - | K29: - | L29: 0.012706432 | M29: 0.02206144 | N29: 0.012083939 | O29: 0.039651636 | P29: 0.011039859 | Q29: 0.023748243 | R29: 0.0173014 | S29: 0.024847262 | T29: 0.014517092 | U29: 0.021563683 | V29: 0.02253689 | W29: 0.030952744 | X29: 0.019615291 | Y29: 0.043525693 | Z29: 0.01225173 | AA29: 0.018497522 | AB29: 0.023589938 | AC29: 0.024045092 | AD29: 0.060527151 | AE29: 0.026795522 | AF29: 0.011677411 | AG29: 0.022069174 | AH29: 0.028008285 | AI29: 0.022863792 | AJ29: 0.023527269 | AK29: 0.010227385 | AL29: 0.0060224941 | AM29: 0.025789602 | AN29: 0.022697436 | AO29: 0.028813787 | AP29: 0.0095785473 | AQ29: 0.023260763 | AR29: 0.017134553 | AS29: 0.028929869 | AT29: 0.020659411 | AU29: 0.028151684 | AV29: 0.016478948 | AW29: -
A30: BASE | B30: INPUT | C30: Rdw_SDetH | D30: R_ES-SD-SpHeat-I | E30: - | F30: ANNUAL | G30: 2004 | H30: - | I30: - | J30: - | K30: - | L30: 0.0045375001 | M30: 0.01927544 | N30: 0.010524796 | O30: 0.023212984 | P30: 0.0075046921 | Q30: 0.020729087 | R30: 0.01432004 | S30: 0.019541419 | T30: 0.015706078 | U30: 0.015472885 | V30: 0.02253689 | W30: 0.011033869 | X30: 0.013060899 | Y30: 0.038986089 | Z30: 0.011854989 | AA30: 0.011631408 | AB30: 0.014432789 | AC30: 0.015172219 | AD30: 0.05421233 | AE30: 0.026018574 | AF30: 0.01017072 | AG30: 0.012651996 | AH30: 0.022622098 | AI30: 0.014086222 | AJ30: 0.020544978 | AK30: 0.0069508975 | AL30: 0.0057951458 | AM30: 0.017873352 | AN30: 0.020730322 | AO30: 0.022664164 | AP30: 0.0063944258 | AQ30: 0.018767063 | AR30: 0.014923749 | AS30: 0.0263905 | AT30: 0.011464475 | AU30: 0.017061768 | AV30: 0.013718798 | AW30: -
A31: BASE | B31: INPUT | C31: Rdw_SDetH | D31: R_ES-SD-WatHeat | E31: - | F31: ANNUAL | G31: 2010 | H31: - | I31: - | J31: - | K31: - | L31: 0.010671601 | M31: 0.011251381 | N31: 0.0056302138 | O31: 0.0095272111 | P31: 0.0075855179 | Q31: 0.0085103269 | R31: 0.0094679451 | S31: 0.0071258839 | T31: 0.0092098032 | U31: 0.0097229186 | V31: 0.0089376629 | W31: 0.010422415 | X31: 0.012010718 | Y31: 0.01135997 | Z31: 0.0099539709 | AA31: 0.0061370923 | AB31: 0.0053359982 | AC31: 0.010752265 | AD31: 0.010532394 | AE31: 0.0084432134 | AF31: 0.0042840393 | AG31: 0.0073425045 | AH31: 0.0076613003 | AI31: 0.010300905 | AJ31: 0.0075894075 | AK31: 0.0062653176 | AL31: 0.0046083001 | AM31: 0.009244366 | AN31: 0.015409946 | AO31: 0.0091778714 | AP31: 0.014817587 | AQ31: 0.0061500457 | AR31: 0.006927562 | AS31: 0.0092939988 | AT31: 0.012373113 | AU31: 0.0093921415 | AV31: 0.0092111061 | AW31: -
A32: BASE | B32: PASTI | C32: Rdw_DetH | D32: - | E32: - | F32: - | G32: 1940 | H32: - | I32: - | J32: - | K32: - | L32: 7.1060889 | M32: 244.72894 | N32: 29.107516 | O32: 376.06049 | P32: 87.260262 | Q32: 202.87575 | R32: 3.2037613 | S32: 247.83002 | T32: 1672.6828 | U32: 358.06515 | V32: 20.940128 | W32: 60.668506 | X32: 127.03985 | Y32: 111.65023 | Z32: 1676.3359 | AA32: 94.298145 | AB32: 293.18281 | AC32: 78.419274 | AD32: 6.1429929 | AE32: 508.82779 | AF32: 17.13412 | AG32: 67.066683 | AH32: 14.810399 | AI32: 38.56528 | AJ32: 5.5810511 | AK32: 16.468824 | AL32: 0.77894954 | AM32: 144.57043 | AN32: 88.26653 | AO32: 680.48065 | AP32: 55.55239 | AQ32: 218.4573 | AR32: 86.00399 | AS32: 380.67209 | AT32: 62.074833 | AU32: 104.06478 | AV32: 1548.8514 | AW32: -
A33: BASE | B33: PASTI | C33: Rdw_DetH | D33: - | E33: - | F33: - | G33: 1957 | H33: - | I33: - | J33: - | K33: - | L33: 25.861614 | M33: 295.27191 | N33: 66.455662 | O33: 208.92249 | P33: 180.64218 | Q33: 244.77493 | R33: 10.674429 | S33: 336.59146 | T33: 2538.9736 | U33: 260.0065 | V33: 30.955962 | W33: 220.79452 | X33: 225.83044 | Y33: 204.21026 | Z33: 1133.795 | AA33: 171.33427 | AB33: 395.01159 | AC33: 71.157683 | AD33: 11.235644 | AE33: 713.7355 | AF33: 39.119081 | AG33: 71.672234 | AH33: 13.621892 | AI33: 46.7711 | AJ33: 12.742154 | AK33: 34.093002 | AL33: 0.81665532 | AM33: 162.71434 | AN33: 117.42942 | AO33: 755.06274 | AP33: 75.148462 | AQ33: 632.98785 | AR33: 196.35657 | AS33: 345.23952 | AT33: 41.492685 | AU33: 133.70726 | AV33: 974.58961 | AW33: -
A34: BASE | B34: PASTI | C34: Rdw_DetH-70 | D34: - | E34: - | F34: - | G34: 1975 | H34: - | I34: - | J34: - | K34: - | L34: 20.606959 | M34: 151.92494 | N34: 49.616283 | O34: 113.06629 | P34: 104.73453 | Q34: 125.94296 | R34: 14.450273 | S34: 137.91927 | T34: 1308.7091 | U34: 160.6097 | V34: 24.04537 | W34: 175.9327 | X34: 186.45602 | Y34: 162.21316 | Z34: 1252.37 | AA34: 132.34862 | AB34: 236.90753 | AC34: 60.133431 | AD34: 8.924964 | AE34: 403.80457 | AF34: 29.206592 | AG34: 47.179043 | AH34: 7.3560417 | AI34: 37.812351 | AJ34: 9.5133851 | AK34: 19.766782 | AL34: 0.536607 | AM34: 100.25132 | AN34: 75.379176 | AO34: 433.94373 | AP34: 84.219719 | AQ34: 456.66918 | AR34: 146.60125 | AS34: 187.86914 | AT34: 35.720099 | AU34: 54.728975 | AV34: 428.1624 | AW34: -
A35: BASE | B35: PASTI | C35: Rdw_DetH-70 | D35: - | E35: - | F35: - | G35: 1985 | H35: - | I35: - | J35: - | K35: - | L35: 15.774388 | M35: 120.54341 | N35: 41.93357 | O35: 113.06629 | P35: 98.695125 | Q35: 99.928247 | R35: 20.860764 | S35: 159.8616 | T35: 912.14145 | U35: 65.784463 | V35: 22.613386 | W35: 134.67444 | X35: 118.13656 | Y35: 128.53247 | Z35: 922.92144 | AA35: 104.92812 | AB35: 322.05482 | AC35: 52.333781 | AD35: 7.0718532 | AE35: 292.52111 | AF35: 24.684168 | AG35: 47.179043 | AH35: 5.7173903 | AI35: 36.500011 | AJ35: 8.040308 | AK35: 18.626951 | AL35: 0.61637658 | AM35: 97.511532 | AN35: 63.401944 | AO35: 448.60136 | AP35: 71.982217 | AQ35: 624.76475 | AR35: 123.90114 | AS35: 129.41926 | AT35: 19.404941 | AU35: 63.484778 | AV35: 303.9921 | AW35: -
A36: BASE | B36: PASTI | C36: Rdw_DetH-70 | D36: - | E36: - | F36: - | G36: 1995 | H36: - | I36: - | J36: - | K36: - | L36: 10.612196 | M36: 143.87085 | N36: 20.553205 | O36: 83.286957 | P36: 56.998206 | Q36: 119.26626 | R36: 17.987549 | S36: 82.519378 | T36: 839.50055 | U36: 65.83661 | V36: 7.3370538 | W36: 90.602033 | X36: 116.97492 | Y36: 93.848682 | Z36: 555.95651 | AA36: 56.164547 | AB36: 132.83257 | AC36: 67.997343 | AD36: 5.1635522 | AE36: 108.23171 | AF36: 12.09863 | AG36: 14.671159 | AH36: 4.548861 | AI36: 11.42511 | AJ36: 3.9408545 | AK36: 10.757399 | AL36: 0.59693102 | AM36: 86.021987 | AN36: 69.830034 | AO36: 448.60136 | AP36: 78.393357 | AQ36: 86.036627 | AR36: 60.728562 | AS36: 105.96675 | AT36: 19.404941 | AU36: 33.777188 | AV36: 303.9921 | AW36: -
... A49: BASE | B49: PASTI | C49: Rdw_SDetH | D49: - | E49: - | F49: - | G49: 2004 | H49: - | I49: - | J49: - | K49: - | L49: 3.0557661 | M49: 27.258836 | N49: 5.5237303 | O49: 93.408433 | P49: 48.196764 | Q49: 54.703697 | R49: 39.498209 | S49: 36.949558 | T49: 482.62059 | U49: 46.36073 | V49: 2.6796566 | W49: 26.08872 | X49: 440.16079 | Y49: 69.284074 | Z49: 673.508 | AA49: 27.56014 | AB49: 57.863486 | AC49: 203.74266 | AD49: 4.7111182 | AE49: 150.60825 | AF49: 3.2515401 | AG49: 6.501996 | AH49: 8.0960147 | AI49: 5.2936688 | AJ49: 1.6733295 | AK49: 9.0962831 | AL49: 2.8443737 | AM49: 236.15743 | AN49: 38.725452 | AO49: 209.45934 | AP49: 35.938849 | AQ49: 24.285976 | AR49: 16.320968 | AS49: 14.183067 | AT49: 5.6430154 | AU49: 12.421631 | AV49: 872.76483 | AW49: -

Sheet Stock
E1: =OldHouses!L1 -> AL | F1: =OldHouses!M1 -> AT | G1: =OldHouses!N1 -> BA | H1: =OldHouses!O1 -> BE | I1: =OldHouses!P1 -> BG | J1: =OldHouses!Q1 -> CH | K1: =OldHouses!R1 -> CY | L1: =OldHouses!S1 -> CZ | ... AO1: =OldHouses!AV1 -> UK
D2: Rdw_DetH | E2: =SUMIFS(OldHouses!L$2:L$82,OldHouses!$B$2:$B$82,"PASTI",OldHouses!$C$2:$C$82,Stock!$D2) -> 32.967703 | F2: =SUMIFS(OldHouses!M$2:M$82,OldHouses!$B$2:$B$82,"PASTI",OldHouses!$C$2:$C$82,Stock!$D2) -> 540.00084 | G2: =SUMIFS(OldHouses!N$2:N$82,OldHouses!$B$2:$B$82,"PASTI",OldHouses!$C$2:$C$82,Stock!$D2) -> 95.563178 | H2: =SUMIFS(OldHouses!O$2:O$82,OldHouses!$B$2:$B$82,"PASTI",OldHouses!$C$2:$C$82,Stock!$D2) -> 584.98298 | I2: =SUMIFS(OldHouses!P$2:P$82,OldHouses!$B$2:$B$82,"PASTI",OldHouses!$C$2:$C$82,Stock!$D2) -> 267.90244 | J2: =SUMIFS(OldHouses!Q$2:Q$82,OldHouses!$B$2:$B$82,"PASTI",OldHouses!$C$2:$C$82,Stock!$D2) -> 447.65068 | K2: =SUMIFS(OldHouses!R$2:R$82,OldHouses!$B$2:$B$82,"PASTI",OldHouses!$C$2:$C$82,Stock!$D2) -> 13.878191 | L2: =SUMIFS(OldHouses!S$2:S$82,OldHouses!$B$2:$B$82,"PASTI",OldHouses!$C$2:$C$82,Stock!$D2) -> 584.42148 | ... AO2: =SUMIFS(OldHouses!AV$2:AV$82,OldHouses!$B$2:$B$82,"PASTI",OldHouses!$C$2:$C$82,Stock!$D2) -> 2523.441
D3: Rdw_DetH-70 | E3: =SUMIFS(OldHouses!L$2:L$82,OldHouses!$B$2:$B$82,"PASTI",OldHouses!$C$2:$C$82,Stock!$D3) -> 52.397956 | F3: =SUMIFS(OldHouses!M$2:M$82,OldHouses!$B$2:$B$82,"PASTI",OldHouses!$C$2:$C$82,Stock!$D3) -> 475.1609 | G3: =SUMIFS(OldHouses!N$2:N$82,OldHouses!$B$2:$B$82,"PASTI",OldHouses!$C$2:$C$82,Stock!$D3) -> 127.53779 | H3: =SUMIFS(OldHouses!O$2:O$82,OldHouses!$B$2:$B$82,"PASTI",OldHouses!$C$2:$C$82,Stock!$D3) -> 365.40424 | I3: =SUMIFS(OldHouses!P$2:P$82,OldHouses!$B$2:$B$82,"PASTI",OldHouses!$C$2:$C$82,Stock!$D3) -> 349.10991 | J3: =SUMIFS(OldHouses!Q$2:Q$82,OldHouses!$B$2:$B$82,"PASTI",OldHouses!$C$2:$C$82,Stock!$D3) -> 393.89956 | K3: =SUMIFS(OldHouses!R$2:R$82,OldHouses!$B$2:$B$82,"PASTI",OldHouses!$C$2:$C$82,Stock!$D3) -> 91.973916 | L3: =SUMIFS(OldHouses!S$2:S$82,OldHouses!$B$2:$B$82,"PASTI",OldHouses!$C$2:$C$82,Stock!$D3) -> 442.63692 | ... AO3: =SUMIFS(OldHouses!AV$2:AV$82,OldHouses!$B$2:$B$82,"PASTI",OldHouses!$C$2:$C$82,Stock!$D3) -> 1287.5365
D4: Rdw_Flat | E4: =SUMIFS(OldHouses!L$2:L$82,OldHouses!$B$2:$B$82,"PASTI",OldHouses!$C$2:$C$82,Stock!$D4) -> 196.66972 | F4: =SUMIFS(OldHouses!M$2:M$82,OldHouses!$B$2:$B$82,"PASTI",OldHouses!$C$2:$C$82,Stock!$D4) -> 1468.1931 | G4: =SUMIFS(OldHouses!N$2:N$82,OldHouses!$B$2:$B$82,"PASTI",OldHouses!$C$2:$C$82,Stock!$D4) -> 271.1874 | H4: =SUMIFS(OldHouses!O$2:O$82,OldHouses!$B$2:$B$82,"PASTI",OldHouses!$C$2:$C$82,Stock!$D4) -> 905.52301 | I4: =SUMIFS(OldHouses!P$2:P$82,OldHouses!$B$2:$B$82,"PASTI",OldHouses!$C$2:$C$82,Stock!$D4) -> 777.21771 | J4: =SUMIFS(OldHouses!Q$2:Q$82,OldHouses!$B$2:$B$82,"PASTI",OldHouses!$C$2:$C$82,Stock!$D4) -> 1648.2852 | K4: =SUMIFS(OldHouses!R$2:R$82,OldHouses!$B$2:$B$82,"PASTI",OldHouses!$C$2:$C$82,Stock!$D4) -> 83.544874 | L4: =SUMIFS(OldHouses!S$2:S$82,OldHouses!$B$2:$B$82,"PASTI",OldHouses!$C$2:$C$82,Stock!$D4) -> 2208.0312 | ... AO4: =SUMIFS(OldHouses!AV$2:AV$82,OldHouses!$B$2:$B$82,"PASTI",OldHouses!$C$2:$C$82,Stock!$D4) -> 3928.2271
D5: Rdw_SDetH | E5: =SUMIFS(OldHouses!L$2:L$82,OldHouses!$B$2:$B$82,"PASTI",OldHouses!$C$2:$C$82,Stock!$D5) -> 48.267499 | F5: =SUMIFS(OldHouses!M$2:M$82,OldHouses!$B$2:$B$82,"PASTI",OldHouses!$C$2:$C$82,Stock!$D5) -> 470.44081 | G5: =SUMIFS(OldHouses!N$2:N$82,OldHouses!$B$2:$B$82,"PASTI",OldHouses!$C$2:$C$82,Stock!$D5) -> 79.84264 | H5: =SUMIFS(OldHouses!O$2:O$82,OldHouses!$B$2:$B$82,"PASTI",OldHouses!$C$2:$C$82,Stock!$D5) -> 1585.6865 | I5: =SUMIFS(OldHouses!P$2:P$82,OldHouses!$B$2:$B$82,"PASTI",OldHouses!$C$2:$C$82,Stock!$D5) -> 335.3328 | J5: =SUMIFS(OldHouses!Q$2:Q$82,OldHouses!$B$2:$B$82,"PASTI",OldHouses!$C$2:$C$82,Stock!$D5) -> 944.09207 | K5: =SUMIFS(OldHouses!R$2:R$82,OldHouses!$B$2:$B$82,"PASTI",OldHouses!$C$2:$C$82,Stock!$D5) -> 108.10428 | L5: =SUMIFS(OldHouses!S$2:S$82,OldHouses!$B$2:$B$82,"PASTI",OldHouses!$C$2:$C$82,Stock!$D5) -> 608.78058 | ... AO5: =SUMIFS(OldHouses!AV$2:AV$82,OldHouses!$B$2:$B$82,"PASTI",OldHouses!$C$2:$C$82,Stock!$D5) -> 13230.789
E6: =E3/SUM(E2:E5) -> 0.15863608 | F6: =F3/SUM(F2:F5) -> 0.16086451 | G6: =G3/SUM(G2:G5) -> 0.22214057 | H6: =H3/SUM(H2:H5) -> 0.10617288 | I6: =I3/SUM(I2:I5) -> 0.20184864 | J6: =J3/SUM(J2:J5) -> 0.11470818 | K6: =K3/SUM(K2:K5) -> 0.30915471 | L6: =L3/SUM(L2:L5) -> 0.11515397 | ... AO6: =AO3/SUM(AO2:AO5) -> 0.061398995
D8: DemolitionRate | E8: =E1 -> AL | F8: =F1 -> AT | G8: =G1 -> BA | H8: =H1 -> BE | I8: =I1 -> BG | J8: =J1 -> CH | K8: =K1 -> CY | L8: =L1 -> CZ | ... AO8: =AO1 -> UK
D9: =D2 -> Rdw_DetH | E9: 0.003 | F9: 0.003 | G9: 0.003 | H9: 0.003 | I9: 0.003 | J9: 0.003 | K9: 0.003 | L9: 0.003 | M9: 0.003 | N9: 0.003 | O9: 0.003 | P9: 0.003 | Q9: 0.003 | R9: 0.003 | S9: 0.003 | T9: 0.003 | U9: 0.003 | V9: 0.003 | W9: 0.003 | X9: 0.003 | Y9: 0.003 | Z9: 0.003 | AA9: 0.003 | AB9: 0.003 | AC9: 0.003 | AD9: 0.003 | AE9: 0.003 | AF9: 0.003 | AG9: 0.003 | AH9: 0.003 | AI9: 0.003 | AJ9: 0.003 | AK9: 0.003 | AL9: 0.003 | AM9: 0.003 | AN9: 0.003 | AO9: 0.003
D10: =D3 -> Rdw_DetH-70 | E10: 0.001 | F10: 0.001 | G10: 0.001 | H10: 0.001 | I10: 0.001 | J10: 0.001 | K10: 0.001 | L10: 0.001 | M10: 0.001 | N10: 0.001 | O10: 0.001 | P10: 0.001 | Q10: 0.001 | R10: 0.001 | S10: 0.001 | T10: 0.001 | U10: 0.001 | V10: 0.001 | W10: 0.001 | X10: 0.001 | Y10: 0.001 | Z10: 0.001 | AA10: 0.001 | AB10: 0.001 | AC10: 0.001 | AD10: 0.001 | AE10: 0.001 | AF10: 0.001 | AG10: 0.001 | AH10: 0.001 | AI10: 0.001 | AJ10: 0.001 | AK10: 0.001 | AL10: 0.001 | AM10: 0.001 | AN10: 0.001 | AO10: 0.001
D11: =D4 -> Rdw_Flat | E11: =E12 -> 0.002 | F11: =F12 -> 0.002 | G11: =G12 -> 0.002 | H11: =H12 -> 0.0025 | I11: =I12 -> 0.002 | J11: =J12 -> 0.002 | K11: =K12 -> 0.002 | L11: =L12 -> 0.002 | ... AO11: =AO12 -> 0.00443
D12: =D5 -> Rdw_SDetH | E12: 0.002 | F12: =HLOOKUP(F8,Demolition!$G$3:$AJ$4,2,FALSE) -> 0.002 | G12: 0.002 | H12: =HLOOKUP(H8,Demolition!$G$3:$AJ$4,2,FALSE) -> 0.0025 | I12: =HLOOKUP(I8,Demolition!$G$3:$AJ$4,2,FALSE) -> 0.002 | J12: =HLOOKUP(J8,Demolition!$G$3:$AJ$4,2,FALSE) -> 0.002 | K12: =HLOOKUP(K8,Demolition!$G$3:$AJ$4,2,FALSE) -> 0.002 | L12: =HLOOKUP(L8,Demolition!$G$3:$AJ$4,2,FALSE) -> 0.002 | M12: =HLOOKUP(M8,Demolition!$G$3:$AJ$4,2,FALSE) -> 0.002 | N12: =HLOOKUP(N8,Demolition!$G$3:$AJ$4,2,FALSE) -> 0.002 | O12: =HLOOKUP(O8,Demolition!$G$3:$AJ$4,2,FALSE) -> 0.002 | P12: 0.002 | Q12: =HLOOKUP(Q8,Demolition!$G$3:$AJ$4,2,FALSE) -> 0.0021 | R12: =HLOOKUP(R8,Demolition!$G$3:$AJ$4,2,FALSE) -> 0.002 | S12: =HLOOKUP(S8,Demolition!$G$3:$AJ$4,2,FALSE) -> 0.002 | T12: 0.002 | U12: =HLOOKUP(U8,Demolition!$G$3:$AJ$4,2,FALSE) -> 0.002 | V12: =HLOOKUP(V8,Demolition!$G$3:$AJ$4,2,FALSE) -> 0.013 | W12: =HLOOKUP(W8,Demolition!$G$3:$AJ$4,2,FALSE) -> 0.002 | X12: =HLOOKUP(X8,Demolition!$G$3:$AJ$4,2,FALSE) -> 0.002 | Y12: 0.002 | Z12: =HLOOKUP(Z8,Demolition!$G$3:$AJ$4,2,FALSE) -> 0.002 | AA12: =HLOOKUP(AA8,Demolition!$G$3:$AJ$4,2,FALSE) -> 0.002 | AB12: =HLOOKUP(AB8,Demolition!$G$3:$AJ$4,2,FALSE) -> 0.002 | AC12: 0.002 | AD12: 0.002 | AE12: =HLOOKUP(AE8,Demolition!$G$3:$AJ$4,2,FALSE) -> 0.002 | AF12: =HLOOKUP(AF8,Demolition!$G$3:$AJ$4,2,FALSE) -> 0.002 | AG12: =HLOOKUP(AG8,Demolition!$G$3:$AJ$4,2,FALSE) -> 0.002 | AH12: =HLOOKUP(AH8,Demolition!$G$3:$AJ$4,2,FALSE) -> 0.002 | AI12: =HLOOKUP(AI8,Demolition!$G$3:$AJ$4,2,FALSE) -> 0.002 | AJ12: =HLOOKUP(AJ8,Demolition!$G$3:$AJ$4,2,FALSE) -> 0.002 | AK12: 0.002 | AL12: =HLOOKUP(AL8,Demolition!$G$3:$AJ$4,2,FALSE) -> 0.0012 | AM12: =HLOOKUP(AM8,Demolition!$G$3:$AJ$4,2,FALSE) -> 0.002 | AN12: =HLOOKUP(AN8,Demolition!$G$3:$AJ$4,2,FALSE) -> 0.002 | AO12: =HLOOKUP(AO8,Demolition!$G$3:$AJ$4,2,FALSE) -> 0.00443
B13: ~UC_Sets: R_E: AllRegions
D14: ~UC_T: UC_RHSRT~FX
B15: UC_N | C15: PSET_PN | D15: Year | E15: =E$1 -> AL | F15: =F$1 -> AT | G15: =G$1 -> BA | H15: =H$1 -> BE | I15: =I$1 -> BG | J15: =J$1 -> CH | K15: =K$1 -> CY | L15: =L$1 -> CZ | ... AO15: =AO$1 -> UK | AP15: UC_CAP
B16: ="UCR_OldStock-"&MID(C16,5,20) -> UCR_OldStock-DetH | C16: =D9 -> Rdw_DetH | D16: 2012 | E16: =E2*(1-E$9)^2 -> 32.770193 | F16: =F2*(1-F$9)^2 -> 536.7657 | G16: =G2*(1-G$9)^2 -> 94.990659 | H16: =H2*(1-H$9)^2 -> 581.47835 | I16: =I2*(1-I$9)^2 -> 266.29744 | J16: =J2*(1-J$9)^2 -> 444.9688 | K16: =K2*(1-K$9)^2 -> 13.795046 | L16: =L2*(1-L$9)^2 -> 580.92021 | ... AO16: =AO2*(1-AO$9)^2 -> 2508.3231 | AP16: 1
D17: =D16+2 -> 2014 | E17: =E16*(1-E$9)^2 -> 32.573867 | F17: =F16*(1-F$9)^2 -> 533.54994 | G17: =G16*(1-G$9)^2 -> 94.42157 | H17: =H16*(1-H$9)^2 -> 577.99471 | I17: =I16*(1-I$9)^2 -> 264.70205 | J17: =J16*(1-J$9)^2 -> 442.30299 | K17: =K16*(1-K$9)^2 -> 13.7124 | L17: =L16*(1-L$9)^2 -> 577.43991 | ... AO17: =AO16*(1-AO$9)^2 -> 2493.2957
D18: =D17+2 -> 2016 | E18: =E17*(1-E$9)^2 -> 32.378717 | F18: =F17*(1-F$9)^2 -> 530.35344 | G18: =G17*(1-G$9)^2 -> 93.85589 | H18: =H17*(1-H$9)^2 -> 574.53194 | I18: =I17*(1-I$9)^2 -> 263.11622 | J18: =J17*(1-J$9)^2 -> 439.65315 | K18: =K17*(1-K$9)^2 -> 13.630249 | L18: =L17*(1-L$9)^2 -> 573.98047 | ... AO18: =AO17*(1-AO$9)^2 -> 2478.3584
D19: =D18+2 -> 2018 | E19: =E18*(1-E$9)^2 -> 32.184736 | F19: =F18*(1-F$9)^2 -> 527.17609 | G19: =G18*(1-G$9)^2 -> 93.293599 | H19: =H18*(1-H$9)^2 -> 571.08992 | I19: =I18*(1-I$9)^2 -> 261.53989 | J19: =J18*(1-J$9)^2 -> 437.01919 | K19: =K18*(1-K$9)^2 -> 13.548591 | L19: =L18*(1-L$9)^2 -> 570.54175 | ... AO19: =AO18*(1-AO$9)^2 -> 2463.5105
D20: =D19+2 -> 2020 | E20: =E19*(1-E$9)^2 -> 31.991917 | F20: =F19*(1-F$9)^2 -> 524.01778 | G20: =G19*(1-G$9)^2 -> 92.734677 | H20: =H19*(1-H$9)^2 -> 567.66852 | I20: =I19*(1-I$9)^2 -> 259.97301 | J20: =J19*(1-J$9)^2 -> 434.40101 | K20: =K19*(1-K$9)^2 -> 13.467421 | L20: =L19*(1-L$9)^2 -> 567.12364 | ... AO20: =AO19*(1-AO$9)^2 -> 2448.7516
D21: =D20+2 -> 2022 | E21: =E20*(1-E$9)^2 -> 31.800254 | F21: =F20*(1-F$9)^2 -> 520.87839 | G21: =G20*(1-G$9)^2 -> 92.179104 | H21: =H20*(1-H$9)^2 -> 564.26762 | I21: =I20*(1-I$9)^2 -> 258.41551 | J21: =J20*(1-J$9)^2 -> 431.79851 | K21: =K20*(1-K$9)^2 -> 13.386738 | L21: =L20*(1-L$9)^2 -> 563.726 | ... AO21: =AO20*(1-AO$9)^2 -> 2434.0812
D22: =D21+2 -> 2024 | E22: =E21*(1-E$9)^2 -> 31.609738 | F22: =F21*(1-F$9)^2 -> 517.75781 | G22: =G21*(1-G$9)^2 -> 91.626859 | H22: =H21*(1-H$9)^2 -> 560.88709 | I22: =I21*(1-I$9)^2 -> 256.86734 | J22: =J21*(1-J$9)^2 -> 429.21161 | K22: =K21*(1-K$9)^2 -> 13.306538 | L22: =L21*(1-L$9)^2 -> 560.34872 | ... AO22: =AO21*(1-AO$9)^2 -> 2419.4986
D23: =D22+2 -> 2026 | E23: =E22*(1-E$9)^2 -> 31.420364 | F23: =F22*(1-F$9)^2 -> 514.65592 | G23: =G22*(1-G$9)^2 -> 91.077922 | H23: =H22*(1-H$9)^2 -> 557.52682 | I23: =I22*(1-I$9)^2 -> 255.32845 | J23: =J22*(1-J$9)^2 -> 426.6402 | K23: =K22*(1-K$9)^2 -> 13.226818 | L23: =L22*(1-L$9)^2 -> 556.99167 | ... AO23: =AO22*(1-AO$9)^2 -> 2405.0034
D24: =D23+2 -> 2028 | E24: =E23*(1-E$9)^2 -> 31.232125 | F24: =F23*(1-F$9)^2 -> 511.57262 | G24: =G23*(1-G$9)^2 -> 90.532275 | H24: =H23*(1-H$9)^2 -> 554.18668 | I24: =I23*(1-I$9)^2 -> 253.79877 | J24: =J23*(1-J$9)^2 -> 424.0842 | K24: =K23*(1-K$9)^2 -> 13.147576 | L24: =L23*(1-L$9)^2 -> 553.65473 | ... AO24: =AO23*(1-AO$9)^2 -> 2390.595
D25: =D24+2 -> 2030 | E25: =E24*(1-E$9)^2 -> 31.045013 | F25: =F24*(1-F$9)^2 -> 508.50778 | G25: =G24*(1-G$9)^2 -> 89.989896 | H25: =H24*(1-H$9)^2 -> 550.86654 | I25: =I24*(1-I$9)^2 -> 252.27827 | J25: =J24*(1-J$9)^2 -> 421.54351 | K25: =K24*(1-K$9)^2 -> 13.068809 | L25: =L24*(1-L$9)^2 -> 550.33779 | ... AO25: =AO24*(1-AO$9)^2 -> 2376.2729
D26: =D25+2 -> 2032 | E26: =E25*(1-E$9)^2 -> 30.859023 | F26: =F25*(1-F$9)^2 -> 505.46131 | G26: =G25*(1-G$9)^2 -> 89.450766 | H26: =H25*(1-H$9)^2 -> 547.5663 | I26: =I25*(1-I$9)^2 -> 250.76687 | J26: =J25*(1-J$9)^2 -> 419.01805 | K26: =K25*(1-K$9)^2 -> 12.990514 | L26: =L25*(1-L$9)^2 -> 547.04071 | ... AO26: =AO25*(1-AO$9)^2 -> 2362.0367
D27: =D26+2 -> 2034 | E27: =E26*(1-E$9)^2 -> 30.674146 | F27: =F26*(1-F$9)^2 -> 502.43309 | G27: =G26*(1-G$9)^2 -> 88.914867 | H27: =H26*(1-H$9)^2 -> 544.28583 | I27: =I26*(1-I$9)^2 -> 249.26452 | J27: =J26*(1-J$9)^2 -> 416.50771 | K27: =K26*(1-K$9)^2 -> 12.912688 | L27: =L26*(1-L$9)^2 -> 543.76339 | ... AO27: =AO26*(1-AO$9)^2 -> 2347.8857
D28: =D27+2 -> 2036 | E28: =E27*(1-E$9)^2 -> 30.490378 | F28: =F27*(1-F$9)^2 -> 499.42302 | G28: =G27*(1-G$9)^2 -> 88.382178 | H28: =H27*(1-H$9)^2 -> 541.02502 | I28: =I27*(1-I$9)^2 -> 247.77118 | J28: =J27*(1-J$9)^2 -> 414.01241 | K28: =K27*(1-K$9)^2 -> 12.835328 | L28: =L27*(1-L$9)^2 -> 540.50571 | ... AO28: =AO27*(1-AO$9)^2 -> 2333.8195
... D43: =D42+2 -> 2066 | E43: =E42*(1-E$9)^2 -> 27.862338 | F43: =F42*(1-F$9)^2 -> 456.37653 | G43: =G42*(1-G$9)^2 -> 80.764303 | H43: =H42*(1-H$9)^2 -> 494.39275 | I43: =I42*(1-I$9)^2 -> 226.41518 | J43: =J42*(1-J$9)^2 -> 378.32767 | K43: =K42*(1-K$9)^2 -> 11.72902 | L43: =L42*(1-L$9)^2 -> 493.9182 | ... AO43: =AO42*(1-AO$9)^2 -> 2132.662
D45: ~UC_T: UC_RHSRT~FX
B46: UC_N | C46: PSET_PN | D46: Year | E46: =E$1 -> AL | F46: =F$1 -> AT | G46: =G$1 -> BA | H46: =H$1 -> BE | I46: =I$1 -> BG | J46: =J$1 -> CH | K46: =K$1 -> CY | L46: =L$1 -> CZ | ... AO46: =AO$1 -> UK | AP46: UC_CAP
B47: ="UCR_OldStock-"&MID(C47,5,20) -> UCR_OldStock-DetH-70 | C47: =D10 -> Rdw_DetH-70 | D47: 2012 | E47: =E3*(1-E$10)^2 -> 52.293212 | F47: =F3*(1-F$10)^2 -> 474.21105 | G47: =G3*(1-G$10)^2 -> 127.28284 | H47: =H3*(1-H$10)^2 -> 364.6738 | I47: =I3*(1-I$10)^2 -> 348.41204 | J47: =J3*(1-J$10)^2 -> 393.11216 | K47: =K3*(1-K$10)^2 -> 91.79006 | L47: =L3*(1-L$10)^2 -> 441.75209 | ... AO47: =AO3*(1-AO$10)^2 -> 1284.9628 | AP47: 1
D48: =D47+2 -> 2014 | E48: =E47*(1-E$10)^2 -> 52.188678 | F48: =F47*(1-F$10)^2 -> 473.2631 | G48: =G47*(1-G$10)^2 -> 127.0284 | H48: =H47*(1-H$10)^2 -> 363.94481 | I48: =I47*(1-I$10)^2 -> 347.71556 | J48: =J47*(1-J$10)^2 -> 392.32633 | K48: =K47*(1-K$10)^2 -> 91.606572 | L48: =L47*(1-L$10)^2 -> 440.86903 | ... AO48: =AO47*(1-AO$10)^2 -> 1282.3941
D49: =D48+2 -> 2016 | E49: =E48*(1-E$10)^2 -> 52.084353 | F49: =F48*(1-F$10)^2 -> 472.31705 | G49: =G48*(1-G$10)^2 -> 126.77447 | H49: =H48*(1-H$10)^2 -> 363.21729 | I49: =I48*(1-I$10)^2 -> 347.02048 | J49: =J48*(1-J$10)^2 -> 391.54207 | K49: =K48*(1-K$10)^2 -> 91.42345 | L49: =L48*(1-L$10)^2 -> 439.98773 | ... AO49: =AO48*(1-AO$10)^2 -> 1279.8306
D50: =D49+2 -> 2018 | E50: =E49*(1-E$10)^2 -> 51.980236 | F50: =F49*(1-F$10)^2 -> 471.37289 | G50: =G49*(1-G$10)^2 -> 126.52105 | H50: =H49*(1-H$10)^2 -> 362.49122 | I50: =I49*(1-I$10)^2 -> 346.32679 | J50: =J49*(1-J$10)^2 -> 390.75937 | K50: =K49*(1-K$10)^2 -> 91.240695 | L50: =L49*(1-L$10)^2 -> 439.10819 | ... AO50: =AO49*(1-AO$10)^2 -> 1277.2722
D51: =D50+2 -> 2020 | E51: =E50*(1-E$10)^2 -> 51.876328 | F51: =F50*(1-F$10)^2 -> 470.43061 | G51: =G50*(1-G$10)^2 -> 126.26813 | H51: =H50*(1-H$10)^2 -> 361.7666 | I51: =I50*(1-I$10)^2 -> 345.63448 | J51: =J50*(1-J$10)^2 -> 389.97825 | K51: =K50*(1-K$10)^2 -> 91.058304 | L51: =L50*(1-L$10)^2 -> 438.23042 | ... AO51: =AO50*(1-AO$10)^2 -> 1274.719
D52: =D51+2 -> 2022 | E52: =E51*(1-E$10)^2 -> 51.772627 | F52: =F51*(1-F$10)^2 -> 469.49022 | G52: =G51*(1-G$10)^2 -> 126.01572 | H52: =H51*(1-H$10)^2 -> 361.04342 | I52: =I51*(1-I$10)^2 -> 344.94355 | J52: =J51*(1-J$10)^2 -> 389.19868 | K52: =K51*(1-K$10)^2 -> 90.876279 | L52: =L51*(1-L$10)^2 -> 437.35439 | ... AO52: =AO51*(1-AO$10)^2 -> 1272.1708
D53: =D52+2 -> 2024 | E53: =E52*(1-E$10)^2 -> 51.669134 | F53: =F52*(1-F$10)^2 -> 468.55171 | G53: =G52*(1-G$10)^2 -> 125.76382 | H53: =H52*(1-H$10)^2 -> 360.3217 | I53: =I52*(1-I$10)^2 -> 344.25401 | J53: =J52*(1-J$10)^2 -> 388.42067 | K53: =K52*(1-K$10)^2 -> 90.694617 | L53: =L52*(1-L$10)^2 -> 436.48012 | ... AO53: =AO52*(1-AO$10)^2 -> 1269.6277
D54: =D53+2 -> 2026 | E54: =E53*(1-E$10)^2 -> 51.565847 | F54: =F53*(1-F$10)^2 -> 467.61508 | G54: =G53*(1-G$10)^2 -> 125.51242 | H54: =H53*(1-H$10)^2 -> 359.60142 | I54: =I53*(1-I$10)^2 -> 343.56585 | J54: =J53*(1-J$10)^2 -> 387.64422 | K54: =K53*(1-K$10)^2 -> 90.513319 | L54: =L53*(1-L$10)^2 -> 435.6076 | ... AO54: =AO53*(1-AO$10)^2 -> 1267.0897
D55: =D54+2 -> 2028 | E55: =E54*(1-E$10)^2 -> 51.462767 | F55: =F54*(1-F$10)^2 -> 466.68032 | G55: =G54*(1-G$10)^2 -> 125.26152 | H55: =H54*(1-H$10)^2 -> 358.88257 | I55: =I54*(1-I$10)^2 -> 342.87906 | J55: =J54*(1-J$10)^2 -> 386.86932 | K55: =K54*(1-K$10)^2 -> 90.332383 | L55: =L54*(1-L$10)^2 -> 434.73682 | ... AO55: =AO54*(1-AO$10)^2 -> 1264.5568
D56: =D55+2 -> 2030 | E56: =E55*(1-E$10)^2 -> 51.359893 | F56: =F55*(1-F$10)^2 -> 465.74742 | G56: =G55*(1-G$10)^2 -> 125.01112 | H56: =H55*(1-H$10)^2 -> 358.16517 | I56: =I55*(1-I$10)^2 -> 342.19365 | J56: =J55*(1-J$10)^2 -> 386.09597 | K56: =K55*(1-K$10)^2 -> 90.151808 | L56: =L55*(1-L$10)^2 -> 433.86778 | ... AO56: =AO55*(1-AO$10)^2 -> 1262.029
D57: =D56+2 -> 2032 | E57: =E56*(1-E$10)^2 -> 51.257224 | F57: =F56*(1-F$10)^2 -> 464.81639 | G57: =G56*(1-G$10)^2 -> 124.76122 | H57: =H56*(1-H$10)^2 -> 357.44919 | I57: =I56*(1-I$10)^2 -> 341.5096 | J57: =J56*(1-J$10)^2 -> 385.32416 | K57: =K56*(1-K$10)^2 -> 89.971595 | L57: =L56*(1-L$10)^2 -> 433.00048 | ... AO57: =AO56*(1-AO$10)^2 -> 1259.5062
D58: =D57+2 -> 2034 | E58: =E57*(1-E$10)^2 -> 51.154761 | F58: =F57*(1-F$10)^2 -> 463.88722 | G58: =G57*(1-G$10)^2 -> 124.51182 | H58: =H57*(1-H$10)^2 -> 356.73465 | I58: =I57*(1-I$10)^2 -> 340.82692 | J58: =J57*(1-J$10)^2 -> 384.5539 | K58: =K57*(1-K$10)^2 -> 89.791741 | L58: =L57*(1-L$10)^2 -> 432.13491 | ... AO58: =AO57*(1-AO$10)^2 -> 1256.9884
D59: =D58+2 -> 2036 | E59: =E58*(1-E$10)^2 -> 51.052503 | F59: =F58*(1-F$10)^2 -> 462.95991 | G59: =G58*(1-G$10)^2 -> 124.26292 | H59: =H58*(1-H$10)^2 -> 356.02154 | I59: =I58*(1-I$10)^2 -> 340.14561 | J59: =J58*(1-J$10)^2 -> 383.78517 | K59: =K58*(1-K$10)^2 -> 89.612248 | L59: =L58*(1-L$10)^2 -> 431.27107 | ... AO59: =AO58*(1-AO$10)^2 -> 1254.4757
... D74: =D73+2 -> 2066 | E74: =E73*(1-E$10)^2 -> 49.54293 | F74: =F73*(1-F$10)^2 -> 449.27064 | G74: =G73*(1-G$10)^2 -> 120.58859 | H74: =H73*(1-H$10)^2 -> 345.49433 | I74: =I73*(1-I$10)^2 -> 330.08783 | J74: =J73*(1-J$10)^2 -> 372.43702 | K74: =K73*(1-K$10)^2 -> 86.9625 | L74: =L73*(1-L$10)^2 -> 418.5188 | ... AO74: =AO73*(1-AO$10)^2 -> 1217.3821
D76: ~UC_T: UC_RHSRT~FX
B77: UC_N | C77: PSET_PN | D77: Year | E77: =E$1 -> AL | F77: =F$1 -> AT | G77: =G$1 -> BA | H77: =H$1 -> BE | I77: =I$1 -> BG | J77: =J$1 -> CH | K77: =K$1 -> CY | L77: =L$1 -> CZ | ... AO77: =AO$1 -> UK | AP77: UC_CAP
B78: ="UCR_OldStock-"&MID(C78,5,20) -> UCR_OldStock-Flat | C78: =D11 -> Rdw_Flat | D78: 2012 | E78: =E4*(1-E$11)^2 -> 195.88383 | F78: =F4*(1-F$11)^2 -> 1462.3262 | G78: =G4*(1-G$11)^2 -> 270.10374 | H78: =H4*(1-H$11)^2 -> 901.00106 | I78: =I4*(1-I$11)^2 -> 774.11194 | J78: =J4*(1-J$11)^2 -> 1641.6987 | K78: =K4*(1-K$11)^2 -> 83.211028 | L78: =L4*(1-L$11)^2 -> 2199.2079 | ... AO78: =AO4*(1-AO$11)^2 -> 3893.5001 | AP78: 1
D79: =D78+2 -> 2014 | E79: =E78*(1-E$11)^2 -> 195.10108 | F79: =F78*(1-F$11)^2 -> 1456.4828 | G79: =G78*(1-G$11)^2 -> 269.0244 | H79: =H78*(1-H$11)^2 -> 896.50168 | I79: =I78*(1-I$11)^2 -> 771.01859 | J79: =J78*(1-J$11)^2 -> 1635.1384 | K79: =K78*(1-K$11)^2 -> 82.878517 | L79: =L78*(1-L$11)^2 -> 2190.4199 | ... AO79: =AO78*(1-AO$11)^2 -> 3859.0801
D80: =D79+2 -> 2016 | E80: =E79*(1-E$11)^2 -> 194.32146 | F80: =F79*(1-F$11)^2 -> 1450.6627 | G80: =G79*(1-G$11)^2 -> 267.94938 | H80: =H79*(1-H$11)^2 -> 892.02478 | I80: =I79*(1-I$11)^2 -> 767.9376 | J80: =J79*(1-J$11)^2 -> 1628.6044 | K80: =K79*(1-K$11)^2 -> 82.547335 | L80: =L79*(1-L$11)^2 -> 2181.667 | ... AO80: =AO79*(1-AO$11)^2 -> 3824.9644
D81: =D80+2 -> 2018 | E81: =E80*(1-E$11)^2 -> 193.54495 | F81: =F80*(1-F$11)^2 -> 1444.8658 | G81: =G80*(1-G$11)^2 -> 266.87865 | H81: =H80*(1-H$11)^2 -> 887.57023 | I81: =I80*(1-I$11)^2 -> 764.86892 | J81: =J80*(1-J$11)^2 -> 1622.0965 | K81: =K80*(1-K$11)^2 -> 82.217475 | L81: =L80*(1-L$11)^2 -> 2172.949 | ... AO81: =AO80*(1-AO$11)^2 -> 3791.1502
D82: =D81+2 -> 2020 | E82: =E81*(1-E$11)^2 -> 192.77154 | F82: =F81*(1-F$11)^2 -> 1439.0922 | G82: =G81*(1-G$11)^2 -> 265.81221 | H82: =H81*(1-H$11)^2 -> 883.13793 | I82: =I81*(1-I$11)^2 -> 761.81251 | J82: =J81*(1-J$11)^2 -> 1615.6146 | K82: =K81*(1-K$11)^2 -> 81.888934 | L82: =L81*(1-L$11)^2 -> 2164.2659 | ... AO82: =AO81*(1-AO$11)^2 -> 3757.6351
D83: =D82+2 -> 2022 | E83: =E82*(1-E$11)^2 -> 192.00123 | F83: =F82*(1-F$11)^2 -> 1433.3415 | G83: =G82*(1-G$11)^2 -> 264.75002 | H83: =H82*(1-H$11)^2 -> 878.72776 | I83: =I82*(1-I$11)^2 -> 758.7683 | J83: =J82*(1-J$11)^2 -> 1609.1586 | K83: =K82*(1-K$11)^2 -> 81.561706 | L83: =L82*(1-L$11)^2 -> 2155.6175 | ... AO83: =AO82*(1-AO$11)^2 -> 3724.4162
D84: =D83+2 -> 2024 | E84: =E83*(1-E$11)^2 -> 191.23399 | F84: =F83*(1-F$11)^2 -> 1427.6139 | G84: =G83*(1-G$11)^2 -> 263.69208 | H84: =H83*(1-H$11)^2 -> 874.33961 | I84: =I83*(1-I$11)^2 -> 755.73627 | J84: =J83*(1-J$11)^2 -> 1602.7284 | K84: =K83*(1-K$11)^2 -> 81.235786 | L84: =L83*(1-L$11)^2 -> 2147.0037 | ... AO84: =AO83*(1-AO$11)^2 -> 3691.4909
D85: =D84+2 -> 2026 | E85: =E84*(1-E$11)^2 -> 190.46982 | F85: =F84*(1-F$11)^2 -> 1421.9092 | G85: =G84*(1-G$11)^2 -> 262.63837 | H85: =H84*(1-H$11)^2 -> 869.97338 | I85: =I84*(1-I$11)^2 -> 752.71634 | J85: =J84*(1-J$11)^2 -> 1596.3239 | K85: =K84*(1-K$11)^2 -> 80.911167 | L85: =L84*(1-L$11)^2 -> 2138.4242 | ... AO85: =AO84*(1-AO$11)^2 -> 3658.8568
D86: =D85+2 -> 2028 | E86: =E85*(1-E$11)^2 -> 189.7087 | F86: =F85*(1-F$11)^2 -> 1416.2272 | G86: =G85*(1-G$11)^2 -> 261.58886 | H86: =H85*(1-H$11)^2 -> 865.62895 | I86: =I85*(1-I$11)^2 -> 749.70849 | J86: =J85*(1-J$11)^2 -> 1589.945 | K86: =K85*(1-K$11)^2 -> 80.587846 | L86: =L85*(1-L$11)^2 -> 2129.8791 | ... AO86: =AO85*(1-AO$11)^2 -> 3626.5111
D87: =D86+2 -> 2030 | E87: =E86*(1-E$11)^2 -> 188.95063 | F87: =F86*(1-F$11)^2 -> 1410.568 | G87: =G86*(1-G$11)^2 -> 260.54356 | H87: =H86*(1-H$11)^2 -> 861.30621 | I87: =I86*(1-I$11)^2 -> 746.71265 | J87: =J86*(1-J$11)^2 -> 1583.5916 | K87: =K86*(1-K$11)^2 -> 80.265817 | L87: =L86*(1-L$11)^2 -> 2121.3681 | ... AO87: =AO86*(1-AO$11)^2 -> 3594.4514
D88: =D87+2 -> 2032 | E88: =E87*(1-E$11)^2 -> 188.19558 | F88: =F87*(1-F$11)^2 -> 1404.9313 | G88: =G87*(1-G$11)^2 -> 259.50242 | H88: =H87*(1-H$11)^2 -> 857.00506 | I88: =I87*(1-I$11)^2 -> 743.72879 | J88: =J87*(1-J$11)^2 -> 1577.2636 | K88: =K87*(1-K$11)^2 -> 79.945075 | L88: =L87*(1-L$11)^2 -> 2112.8911 | ... AO88: =AO87*(1-AO$11)^2 -> 3562.6751
D89: =D88+2 -> 2034 | E89: =E88*(1-E$11)^2 -> 187.44355 | F89: =F88*(1-F$11)^2 -> 1399.3172 | G89: =G88*(1-G$11)^2 -> 258.46545 | H89: =H88*(1-H$11)^2 -> 852.7254 | I89: =I88*(1-I$11)^2 -> 740.75685 | J89: =J88*(1-J$11)^2 -> 1570.9608 | K89: =K88*(1-K$11)^2 -> 79.625615 | L89: =L88*(1-L$11)^2 -> 2104.448 | ... AO89: =AO88*(1-AO$11)^2 -> 3531.1797
D90: =D89+2 -> 2036 | E90: =E89*(1-E$11)^2 -> 186.69453 | F90: =F89*(1-F$11)^2 -> 1393.7256 | G90: =G89*(1-G$11)^2 -> 257.43262 | H90: =H89*(1-H$11)^2 -> 848.4671 | I90: =I89*(1-I$11)^2 -> 737.79679 | J90: =J89*(1-J$11)^2 -> 1564.6833 | K90: =K89*(1-K$11)^2 -> 79.307431 | L90: =L89*(1-L$11)^2 -> 2096.0386 | ... AO90: =AO89*(1-AO$11)^2 -> 3499.9627
... D105: =D104+2 -> 2066 | E105: =E104*(1-E$11)^2 -> 175.81172 | F105: =F104*(1-F$11)^2 -> 1312.4824 | G105: =G104*(1-G$11)^2 -> 242.42635 | H105: =H104*(1-H$11)^2 -> 787.08591 | I105: =I104*(1-I$11)^2 -> 694.7891 | J105: =J104*(1-J$11)^2 -> 1473.4747 | K105: =K104*(1-K$11)^2 -> 74.684438 | L105: =L104*(1-L$11)^2 -> 1973.8562 | ... AO105: =AO104*(1-AO$11)^2 -> 3063.497
D107: ~UC_T: UC_RHSRT~FX
B108: UC_N | C108: PSET_PN | D108: Year | E108: =E$1 -> AL | F108: =F$1 -> AT | G108: =G$1 -> BA | H108: =H$1 -> BE | I108: =I$1 -> BG | J108: =J$1 -> CH | K108: =K$1 -> CY | L108: =L$1 -> CZ | ... AO108: =AO$1 -> UK | AP108: UC_CAP
B109: ="UCR_OldStock-"&MID(C109,5,20) -> UCR_OldStock-SDetH | C109: =D12 -> Rdw_SDetH | D109: 2012 | E109: =E5*(1-E$12)^2 -> 48.074622 | F109: =F5*(1-F$12)^2 -> 468.56093 | G109: =G5*(1-G$12)^2 -> 79.523589 | H109: =H5*(1-H$12)^2 -> 1577.768 | I109: =I5*(1-I$12)^2 -> 333.99281 | J109: =J5*(1-J$12)^2 -> 940.31948 | K109: =K5*(1-K$12)^2 -> 107.67229 | L109: =L5*(1-L$12)^2 -> 606.34789 | ... AO109: =AO5*(1-AO$12)^2 -> 13113.824 | AP109: 1
D110: =D109+2 -> 2014 | E110: =E109*(1-E$12)^2 -> 47.882515 | F110: =F109*(1-F$12)^2 -> 466.68856 | G110: =G109*(1-G$12)^2 -> 79.205812 | H110: =H109*(1-H$12)^2 -> 1569.889 | I110: =I109*(1-I$12)^2 -> 332.65817 | J110: =J109*(1-J$12)^2 -> 936.56197 | K110: =K109*(1-K$12)^2 -> 107.24204 | L110: =L109*(1-L$12)^2 -> 603.92493 | ... AO110: =AO109*(1-AO$12)^2 -> 12997.893
D111: =D110+2 -> 2016 | E111: =E110*(1-E$12)^2 -> 47.691177 | F111: =F110*(1-F$12)^2 -> 464.82367 | G111: =G110*(1-G$12)^2 -> 78.889306 | H111: =H110*(1-H$12)^2 -> 1562.0494 | I111: =I110*(1-I$12)^2 -> 331.32887 | J111: =J110*(1-J$12)^2 -> 932.81946 | K111: =K110*(1-K$12)^2 -> 106.8135 | L111: =L110*(1-L$12)^2 -> 601.51164 | ... AO111: =AO110*(1-AO$12)^2 -> 12882.987
D112: =D111+2 -> 2018 | E112: =E111*(1-E$12)^2 -> 47.500603 | F112: =F111*(1-F$12)^2 -> 462.96623 | G112: =G111*(1-G$12)^2 -> 78.574064 | H112: =H111*(1-H$12)^2 -> 1554.2489 | I112: =I111*(1-I$12)^2 -> 330.00488 | J112: =J111*(1-J$12)^2 -> 929.09192 | K112: =K111*(1-K$12)^2 -> 106.38667 | L112: =L111*(1-L$12)^2 -> 599.108 | ... AO112: =AO111*(1-AO$12)^2 -> 12769.096
D113: =D112+2 -> 2020 | E113: =E112*(1-E$12)^2 -> 47.310791 | F113: =F112*(1-F$12)^2 -> 461.11622 | G113: =G112*(1-G$12)^2 -> 78.260082 | H113: =H112*(1-H$12)^2 -> 1546.4873 | I113: =I112*(1-I$12)^2 -> 328.68618 | J113: =J112*(1-J$12)^2 -> 925.37927 | K113: =K112*(1-K$12)^2 -> 105.96155 | L113: =L112*(1-L$12)^2 -> 596.71397 | ... AO113: =AO112*(1-AO$12)^2 -> 12656.213
D114: =D113+2 -> 2022 | E114: =E113*(1-E$12)^2 -> 47.121737 | F114: =F113*(1-F$12)^2 -> 459.2736 | G114: =G113*(1-G$12)^2 -> 77.947355 | H114: =H113*(1-H$12)^2 -> 1538.7646 | I114: =I113*(1-I$12)^2 -> 327.37275 | J114: =J113*(1-J$12)^2 -> 921.68145 | K114: =K113*(1-K$12)^2 -> 105.53813 | L114: =L113*(1-L$12)^2 -> 594.3295 | ... AO114: =AO113*(1-AO$12)^2 -> 12544.327
D115: =D114+2 -> 2024 | E115: =E114*(1-E$12)^2 -> 46.933438 | F115: =F114*(1-F$12)^2 -> 457.43834 | G115: =G114*(1-G$12)^2 -> 77.635877 | H115: =H114*(1-H$12)^2 -> 1531.0804 | I115: =I114*(1-I$12)^2 -> 326.06457 | J115: =J114*(1-J$12)^2 -> 917.99841 | K115: =K114*(1-K$12)^2 -> 105.1164 | L115: =L114*(1-L$12)^2 -> 591.95456 | ... AO115: =AO114*(1-AO$12)^2 -> 12433.43
D116: =D115+2 -> 2026 | E116: =E115*(1-E$12)^2 -> 46.745892 | F116: =F115*(1-F$12)^2 -> 455.61042 | G116: =G115*(1-G$12)^2 -> 77.325644 | H116: =H115*(1-H$12)^2 -> 1523.4345 | I116: =I115*(1-I$12)^2 -> 324.76162 | J116: =J115*(1-J$12)^2 -> 914.33009 | K116: =K115*(1-K$12)^2 -> 104.69635 | L116: =L115*(1-L$12)^2 -> 589.58911 | ... AO116: =AO115*(1-AO$12)^2 -> 12323.514
D117: =D116+2 -> 2028 | E117: =E116*(1-E$12)^2 -> 46.559096 | F117: =F116*(1-F$12)^2 -> 453.7898 | G117: =G116*(1-G$12)^2 -> 77.016651 | H117: =H116*(1-H$12)^2 -> 1515.8269 | I117: =I116*(1-I$12)^2 -> 323.46387 | J117: =J116*(1-J$12)^2 -> 910.67643 | K117: =K116*(1-K$12)^2 -> 104.27798 | L117: =L116*(1-L$12)^2 -> 587.23311 | ... AO117: =AO116*(1-AO$12)^2 -> 12214.57
D118: =D117+2 -> 2030 | E118: =E117*(1-E$12)^2 -> 46.373045 | F118: =F117*(1-F$12)^2 -> 451.97646 | G118: =G117*(1-G$12)^2 -> 76.708893 | H118: =H117*(1-H$12)^2 -> 1508.2572 | I118: =I117*(1-I$12)^2 -> 322.17131 | J118: =J117*(1-J$12)^2 -> 907.03736 | K118: =K117*(1-K$12)^2 -> 103.86129 | L118: =L117*(1-L$12)^2 -> 584.88653 | ... AO118: =AO117*(1-AO$12)^2 -> 12106.588
D119: =D118+2 -> 2032 | E119: =E118*(1-E$12)^2 -> 46.187739 | F119: =F118*(1-F$12)^2 -> 450.17036 | G119: =G118*(1-G$12)^2 -> 76.402364 | H119: =H118*(1-H$12)^2 -> 1500.7254 | I119: =I118*(1-I$12)^2 -> 320.88391 | J119: =J118*(1-J$12)^2 -> 903.41284 | K119: =K118*(1-K$12)^2 -> 103.44626 | L119: =L118*(1-L$12)^2 -> 582.54932 | ... AO119: =AO118*(1-AO$12)^2 -> 11999.562
D120: =D119+2 -> 2034 | E120: =E119*(1-E$12)^2 -> 46.003173 | F120: =F119*(1-F$12)^2 -> 448.37148 | G120: =G119*(1-G$12)^2 -> 76.09706 | H120: =H119*(1-H$12)^2 -> 1493.2311 | I120: =I119*(1-I$12)^2 -> 319.60166 | J120: =J119*(1-J$12)^2 -> 899.8028 | K120: =K119*(1-K$12)^2 -> 103.03289 | L120: =L119*(1-L$12)^2 -> 580.22145 | ... AO120: =AO119*(1-AO$12)^2 -> 11893.481
D121: =D120+2 -> 2036 | E121: =E120*(1-E$12)^2 -> 45.819344 | F121: =F120*(1-F$12)^2 -> 446.57978 | G121: =G120*(1-G$12)^2 -> 75.792976 | H121: =H120*(1-H$12)^2 -> 1485.7743 | I121: =I120*(1-I$12)^2 -> 318.32453 | J121: =J120*(1-J$12)^2 -> 896.20719 | K121: =K120*(1-K$12)^2 -> 102.62117 | L121: =L120*(1-L$12)^2 -> 577.90289 | ... AO121: =AO120*(1-AO$12)^2 -> 11788.338
... D136: =D135+2 -> 2066 | E136: =E135*(1-E$12)^2 -> 43.148441 | F136: =F135*(1-F$12)^2 -> 420.54774 | G136: =G135*(1-G$12)^2 -> 71.374848 | H136: =H135*(1-H$12)^2 -> 1378.288 | I136: =I135*(1-I$12)^2 -> 299.76874 | J136: =J135*(1-J$12)^2 -> 843.96544 | K136: =K135*(1-K$12)^2 -> 96.639171 | L136: =L135*(1-L$12)^2 -> 544.21575 | ... AO136: =AO135*(1-AO$12)^2 -> 10318.264
A138: ~TFM_INS
A139: Attribute | B139: PSET_PN | C139: Year | D139: LimType | E139: AllRegions
A140: RCAP_BND | B140: Rdw[_]* | C140: 2010 | D140: UP | E140: 0
A141: RCAP_BND | B141: Rdw[_]* | C141: 0 | D141: UP | E141: 0
A142: AFA | B142: Rdw[_]* | D142: FX | E142: 1
A143: AFA | B143: Rdw[_]* | C143: 0 | D143: FX | E143: 3
A144: NCAP_BND | B144: Rdw[_]*,-*New | C144: 0 | D144: FX | E144: 2
D146: DEACTIVATED Growth over 50 years
D147: =D9 -> Rdw_DetH | E147: -0.1 | F147: -0.1 | G147: -0.1 | H147: -0.1 | I147: -0.1 | J147: -0.1 | K147: -0.1 | L147: -0.1 | M147: -0.1 | N147: -0.1 | O147: -0.1 | P147: -0.1 | Q147: -0.1 | R147: -0.1 | S147: -0.1 | T147: -0.1 | U147: -0.1 | V147: -0.1 | W147: -0.1 | X147: -0.1 | Y147: -0.1 | Z147: -0.1 | AA147: -0.1 | AB147: -0.1 | AC147: -0.1 | AD147: -0.1 | AE147: -0.1 | AF147: -0.1 | AG147: -0.1 | AH147: -0.1 | AI147: -0.1 | AJ147: -0.1 | AK147: -0.1 | AL147: -0.1 | AM147: -0.1 | AN147: -0.1 | AO147: -0.1
D148: =D11 -> Rdw_Flat | E148: 0.2 | F148: 0.2 | G148: 0.2 | H148: 0.2 | I148: 0.2 | J148: 0.2 | K148: 0.2 | L148: 0.2 | M148: 0.2 | N148: 0.2 | O148: 0.2 | P148: 0.2 | Q148: 0.2 | R148: 0.2 | S148: 0.2 | T148: 0.2 | U148: 0.2 | V148: 0.2 | W148: 0.2 | X148: 0.2 | Y148: 0.2 | Z148: 0.2 | AA148: 0.2 | AB148: 0.2 | AC148: 0.2 | AD148: 0.2 | AE148: 0.2 | AF148: 0.2 | AG148: 0.2 | AH148: 0.2 | AI148: 0.2 | AJ148: 0.2 | AK148: 0.2 | AL148: 0.2 | AM148: 0.2 | AN148: 0.2 | AO148: 0.2
D149: =D12 -> Rdw_SDetH | E149: 0.1 | F149: 0.1 | G149: 0.1 | H149: 0.1 | I149: 0.1 | J149: 0.1 | K149: 0.1 | L149: 0.1 | M149: 0.1 | N149: 0.1 | O149: 0.1 | P149: 0.1 | Q149: 0.1 | R149: 0.1 | S149: 0.1 | T149: 0.1 | U149: 0.1 | V149: 0.1 | W149: 0.1 | X149: 0.1 | Y149: 0.1 | Z149: 0.1 | AA149: 0.1 | AB149: 0.1 | AC149: 0.1 | AD149: 0.1 | AE149: 0.1 | AF149: 0.1 | AG149: 0.1 | AH149: 0.1 | AI149: 0.1 | AJ149: 0.1 | AK149: 0.1 | AL149: 0.1 | AM149: 0.1 | AN149: 0.1 | AO149: 0.1
B150: ~TFM_INS
B151: Attribute | C151: CSET_CN | D151: Year | E151: =E$1 -> AL | F151: =F$1 -> AT | G151: =G$1 -> BA | H151: =H$1 -> BE | I151: =I$1 -> BG | J151: =J$1 -> CH | K151: =K$1 -> CY | L151: =L$1 -> CZ | ... AO151: =AO$1 -> UK
B152: COM_PROJ | C152: R_DetH | D152: 2010 | E152: =E2+E3 -> 85.365659 | F152: =F2+F3 -> 1015.1617 | G152: =G2+G3 -> 223.10096 | H152: =H2+H3 -> 950.38722 | I152: =I2+I3 -> 617.01235 | J152: =J2+J3 -> 841.55024 | K152: =K2+K3 -> 105.85211 | L152: =L2+L3 -> 1027.0584 | ... AO152: =AO2+AO3 -> 3810.9775
B153: COM_PROJ | C153: R_Flat | D153: 2010 | E153: =E4 -> 196.66972 | F153: =F4 -> 1468.1931 | G153: =G4 -> 271.1874 | H153: =H4 -> 905.52301 | I153: =I4 -> 777.21771 | J153: =J4 -> 1648.2852 | K153: =K4 -> 83.544874 | L153: =L4 -> 2208.0312 | ... AO153: =AO4 -> 3928.2271
B154: COM_PROJ | C154: R_SDetH | D154: 2010 | E154: =E5 -> 48.267499 | F154: =F5 -> 470.44081 | G154: =G5 -> 79.84264 | H154: =H5 -> 1585.6865 | I154: =I5 -> 335.3328 | J154: =J5 -> 944.09207 | K154: =K5 -> 108.10428 | L154: =L5 -> 608.78058 | ... AO154: =AO5 -> 13230.789
B155: COM_PROJ | C155: R_DetH | D155: 2050 | E155: =E152/E$166*E$182 -> 258.23468 | F155: =F152/F$166*F$182 -> 1278.7031 | G155: =G152/G$166*G$182 -> 439.0482 | H155: =H152/H$166*H$182 -> 1419.0733 | I155: =I152/I$166*I$182 -> 697.64544 | J155: =J152/J$166*J$182 -> 1133.0116 | K155: =K152/K$166*K$182 -> 141.67291 | L155: =L152/L$166*L$182 -> 1340.5414 | ... AO155: =AO152/AO$166*AO$182 -> 5282.2968
B156: COM_PROJ | C156: R_Flat | D156: 2050 | E156: =E153/E$166*E$182 -> 594.93412 | F156: =F153/F$166*F$182 -> 1849.3438 | G156: =G153/G$166*G$182 -> 533.67918 | H156: =H153/H$166*H$182 -> 1352.0842 | I156: =I153/I$166*I$182 -> 878.78693 | J156: =J153/J$166*J$182 -> 2219.1502 | K156: =K153/K$166*K$182 -> 111.81681 | L156: =L153/L$166*L$182 -> 2881.9756 | ... AO156: =AO153/AO$166*AO$182 -> 5444.8134
B157: COM_PROJ | C157: R_SDetH | D157: 2050 | E157: =E154/E$166*E$182 -> 146.0112 | F157: =F154/F$166*F$182 -> 592.56971 | G157: =G154/G$166*G$182 -> 157.12513 | H157: =H154/H$166*H$182 -> 2367.6722 | I157: =I154/I$166*I$182 -> 379.15513 | J157: =J154/J$166*J$182 -> 1271.0677 | K157: =K154/K$166*K$182 -> 144.68723 | L157: =L154/L$166*L$182 -> 794.59511 | ... AO157: =AO154/AO$166*AO$182 -> 18338.853
B158: COM_PROJ | C158: R_DetH | D158: 2060 | E158: =E155 -> 258.23468 | F158: =F155 -> 1278.7031 | G158: =G155 -> 439.0482 | H158: =H155 -> 1419.0733 | I158: =I155 -> 697.64544 | J158: =J155 -> 1133.0116 | K158: =K155 -> 141.67291 | L158: =L155 -> 1340.5414 | ... AO158: =AO155 -> 5282.2968
B159: COM_PROJ | C159: R_Flat | D159: 2060 | E159: =E156 -> 594.93412 | F159: =F156 -> 1849.3438 | G159: =G156 -> 533.67918 | H159: =H156 -> 1352.0842 | I159: =I156 -> 878.78693 | J159: =J156 -> 2219.1502 | K159: =K156 -> 111.81681 | L159: =L156 -> 2881.9756 | ... AO159: =AO156 -> 5444.8134
B160: COM_PROJ | C160: R_SDetH | D160: 2060 | E160: =E157 -> 146.0112 | F160: =F157 -> 592.56971 | G160: =G157 -> 157.12513 | H160: =H157 -> 2367.6722 | I160: =I157 -> 379.15513 | J160: =J157 -> 1271.0677 | K160: =K157 -> 144.68723 | L160: =L157 -> 794.59511 | ... AO160: =AO157 -> 18338.853
D165: Unit | E165: AL | F165: AT | G165: BA | H165: BE | I165: BG | J165: CH | K165: CY | L165: CZ | M165: DE | N165: DK | O165: EE | P165: EL | Q165: ES | R165: FI | S165: FR | T165: HR | U165: HU | V165: IE | W165: IS | X165: IT | Y165: KS | Z165: LT | AA165: LU | AB165: LV | AC165: ME | AD165: MK | AE165: MT | AF165: NL | AG165: NO | AH165: PL | AI165: PT | AJ165: RO | AK165: RS | AL165: SE | AM165: SI | AN165: SK | AO165: UK
B166: Total STOCK | D166: 2010 | E166: =SUM(E152:E154) -> 330.30288 | F166: =SUM(F152:F154) -> 2953.7957 | G166: =SUM(G152:G154) -> 574.13101 | H166: =SUM(H152:H154) -> 3441.5967 | I166: =SUM(I152:I154) -> 1729.5629 | J166: =SUM(J152:J154) -> 3433.9275 | K166: =SUM(K152:K154) -> 297.50126 | L166: =SUM(L152:L154) -> 3843.8702 | ... AO166: =SUM(AO152:AO154) -> 20969.994
...

Sheet Input
A1: 2.5e-05 | B1: threshold | E1: =OldHouses!L1 -> AL | F1: =OldHouses!M1 -> AT | G1: =OldHouses!N1 -> BA | H1: =OldHouses!O1 -> BE | I1: =OldHouses!P1 -> BG | J1: =OldHouses!Q1 -> CH | K1: =OldHouses!R1 -> CY | L1: =OldHouses!S1 -> CZ | ... AO1: =OldHouses!AV1 -> UK
B2: 2010 | C2: Rdw_DetH-70 | D2: R_ES-DH-Cook | E2: =SUMIFS(OldHouses!L$2:L$82,OldHouses!$B$2:$B$82,"INPUT",OldHouses!$C$2:$C$82,$C2,OldHouses!$D$2:$D$82,$D2,OldHouses!$G$2:$G$82,$B2) -> 0.0096401693 | F2: =SUMIFS(OldHouses!M$2:M$82,OldHouses!$B$2:$B$82,"INPUT",OldHouses!$C$2:$C$82,$C2,OldHouses!$D$2:$D$82,$D2,OldHouses!$G$2:$G$82,$B2) -> 0.0030415223 | G2: =SUMIFS(OldHouses!N$2:N$82,OldHouses!$B$2:$B$82,"INPUT",OldHouses!$C$2:$C$82,$C2,OldHouses!$D$2:$D$82,$D2,OldHouses!$G$2:$G$82,$B2) -> 0.0042581434 | H2: =SUMIFS(OldHouses!O$2:O$82,OldHouses!$B$2:$B$82,"INPUT",OldHouses!$C$2:$C$82,$C2,OldHouses!$D$2:$D$82,$D2,OldHouses!$G$2:$G$82,$B2) -> 0.0034102939 | I2: =SUMIFS(OldHouses!P$2:P$82,OldHouses!$B$2:$B$82,"INPUT",OldHouses!$C$2:$C$82,$C2,OldHouses!$D$2:$D$82,$D2,OldHouses!$G$2:$G$82,$B2) -> 0.0036540878 | J2: =SUMIFS(OldHouses!Q$2:Q$82,OldHouses!$B$2:$B$82,"INPUT",OldHouses!$C$2:$C$82,$C2,OldHouses!$D$2:$D$82,$D2,OldHouses!$G$2:$G$82,$B2) -> 0.0035508104 | K2: =SUMIFS(OldHouses!R$2:R$82,OldHouses!$B$2:$B$82,"INPUT",OldHouses!$C$2:$C$82,$C2,OldHouses!$D$2:$D$82,$D2,OldHouses!$G$2:$G$82,$B2) -> 0.0031439568 | L2: =SUMIFS(OldHouses!S$2:S$82,OldHouses!$B$2:$B$82,"INPUT",OldHouses!$C$2:$C$82,$C2,OldHouses!$D$2:$D$82,$D2,OldHouses!$G$2:$G$82,$B2) -> 0.002828146 | ... AO2: =SUMIFS(OldHouses!AV$2:AV$82,OldHouses!$B$2:$B$82,"INPUT",OldHouses!$C$2:$C$82,$C2,OldHouses!$D$2:$D$82,$D2,OldHouses!$G$2:$G$82,$B2) -> 0.0020315869
B3: 2010 | C3: Rdw_DetH-70 | D3: R_ES-DH-SpCool | E3: =SUMIFS(OldHouses!L$2:L$82,OldHouses!$B$2:$B$82,"INPUT",OldHouses!$C$2:$C$82,$C3,OldHouses!$D$2:$D$82,$D3,OldHouses!$G$2:$G$82,$B3) -> 0.0033023629 | F3: =SUMIFS(OldHouses!M$2:M$82,OldHouses!$B$2:$B$82,"INPUT",OldHouses!$C$2:$C$82,$C3,OldHouses!$D$2:$D$82,$D3,OldHouses!$G$2:$G$82,$B3) -> 0.00031367532 | G3: =SUMIFS(OldHouses!N$2:N$82,OldHouses!$B$2:$B$82,"INPUT",OldHouses!$C$2:$C$82,$C3,OldHouses!$D$2:$D$82,$D3,OldHouses!$G$2:$G$82,$B3) -> 0.0081355238 | H3: =SUMIFS(OldHouses!O$2:O$82,OldHouses!$B$2:$B$82,"INPUT",OldHouses!$C$2:$C$82,$C3,OldHouses!$D$2:$D$82,$D3,OldHouses!$G$2:$G$82,$B3) -> 0.001064478 | I3: =SUMIFS(OldHouses!P$2:P$82,OldHouses!$B$2:$B$82,"INPUT",OldHouses!$C$2:$C$82,$C3,OldHouses!$D$2:$D$82,$D3,OldHouses!$G$2:$G$82,$B3) -> 0.00053515446 | J3: =SUMIFS(OldHouses!Q$2:Q$82,OldHouses!$B$2:$B$82,"INPUT",OldHouses!$C$2:$C$82,$C3,OldHouses!$D$2:$D$82,$D3,OldHouses!$G$2:$G$82,$B3) -> 0.00031900864 | K3: =SUMIFS(OldHouses!R$2:R$82,OldHouses!$B$2:$B$82,"INPUT",OldHouses!$C$2:$C$82,$C3,OldHouses!$D$2:$D$82,$D3,OldHouses!$G$2:$G$82,$B3) -> 0.0075016642 | L3: =SUMIFS(OldHouses!S$2:S$82,OldHouses!$B$2:$B$82,"INPUT",OldHouses!$C$2:$C$82,$C3,OldHouses!$D$2:$D$82,$D3,OldHouses!$G$2:$G$82,$B3) -> 5.791538e-05 | ... AO3: =SUMIFS(OldHouses!AV$2:AV$82,OldHouses!$B$2:$B$82,"INPUT",OldHouses!$C$2:$C$82,$C3,OldHouses!$D$2:$D$82,$D3,OldHouses!$G$2:$G$82,$B3) -> 0.00012129152
B4: 2004 | C4: Rdw_DetH-70 | D4: R_ES-DH-70-SpHeat-I | E4: =SUMIFS(OldHouses!L$2:L$82,OldHouses!$B$2:$B$82,"INPUT",OldHouses!$C$2:$C$82,$C4,OldHouses!$D$2:$D$82,$D4,OldHouses!$G$2:$G$82,$B4) -> 0.009072442 | F4: =SUMIFS(OldHouses!M$2:M$82,OldHouses!$B$2:$B$82,"INPUT",OldHouses!$C$2:$C$82,$C4,OldHouses!$D$2:$D$82,$D4,OldHouses!$G$2:$G$82,$B4) -> 0.038216553 | G4: =SUMIFS(OldHouses!N$2:N$82,OldHouses!$B$2:$B$82,"INPUT",OldHouses!$C$2:$C$82,$C4,OldHouses!$D$2:$D$82,$D4,OldHouses!$G$2:$G$82,$B4) -> 0.021076246 | H4: =SUMIFS(OldHouses!O$2:O$82,OldHouses!$B$2:$B$82,"INPUT",OldHouses!$C$2:$C$82,$C4,OldHouses!$D$2:$D$82,$D4,OldHouses!$G$2:$G$82,$B4) -> 0.043568869 | I4: =SUMIFS(OldHouses!P$2:P$82,OldHouses!$B$2:$B$82,"INPUT",OldHouses!$C$2:$C$82,$C4,OldHouses!$D$2:$D$82,$D4,OldHouses!$G$2:$G$82,$B4) -> 0.015681843 | J4: =SUMIFS(OldHouses!Q$2:Q$82,OldHouses!$B$2:$B$82,"INPUT",OldHouses!$C$2:$C$82,$C4,OldHouses!$D$2:$D$82,$D4,OldHouses!$G$2:$G$82,$B4) -> 0.039843413 | K4: =SUMIFS(OldHouses!R$2:R$82,OldHouses!$B$2:$B$82,"INPUT",OldHouses!$C$2:$C$82,$C4,OldHouses!$D$2:$D$82,$D4,OldHouses!$G$2:$G$82,$B4) -> 0.02481191 | L4: =SUMIFS(OldHouses!S$2:S$82,OldHouses!$B$2:$B$82,"INPUT",OldHouses!$C$2:$C$82,$C4,OldHouses!$D$2:$D$82,$D4,OldHouses!$G$2:$G$82,$B4) -> 0.039103013 | ... AO4: =SUMIFS(OldHouses!AV$2:AV$82,OldHouses!$B$2:$B$82,"INPUT",OldHouses!$C$2:$C$82,$C4,OldHouses!$D$2:$D$82,$D4,OldHouses!$G$2:$G$82,$B4) -> 0.026105856
B5: 2010 | C5: Rdw_DetH-70 | D5: R_ES-DH-WatHeat | E5: =SUMIFS(OldHouses!L$2:L$82,OldHouses!$B$2:$B$82,"INPUT",OldHouses!$C$2:$C$82,$C5,OldHouses!$D$2:$D$82,$D5,OldHouses!$G$2:$G$82,$B5) -> 0.010671601 | F5: =SUMIFS(OldHouses!M$2:M$82,OldHouses!$B$2:$B$82,"INPUT",OldHouses!$C$2:$C$82,$C5,OldHouses!$D$2:$D$82,$D5,OldHouses!$G$2:$G$82,$B5) -> 0.011251381 | G5: =SUMIFS(OldHouses!N$2:N$82,OldHouses!$B$2:$B$82,"INPUT",OldHouses!$C$2:$C$82,$C5,OldHouses!$D$2:$D$82,$D5,OldHouses!$G$2:$G$82,$B5) -> 0.0056302138 | H5: =SUMIFS(OldHouses!O$2:O$82,OldHouses!$B$2:$B$82,"INPUT",OldHouses!$C$2:$C$82,$C5,OldHouses!$D$2:$D$82,$D5,OldHouses!$G$2:$G$82,$B5) -> 0.0095272111 | I5: =SUMIFS(OldHouses!P$2:P$82,OldHouses!$B$2:$B$82,"INPUT",OldHouses!$C$2:$C$82,$C5,OldHouses!$D$2:$D$82,$D5,OldHouses!$G$2:$G$82,$B5) -> 0.0075855179 | J5: =SUMIFS(OldHouses!Q$2:Q$82,OldHouses!$B$2:$B$82,"INPUT",OldHouses!$C$2:$C$82,$C5,OldHouses!$D$2:$D$82,$D5,OldHouses!$G$2:$G$82,$B5) -> 0.0085103269 | K5: =SUMIFS(OldHouses!R$2:R$82,OldHouses!$B$2:$B$82,"INPUT",OldHouses!$C$2:$C$82,$C5,OldHouses!$D$2:$D$82,$D5,OldHouses!$G$2:$G$82,$B5) -> 0.0094679451 | L5: =SUMIFS(OldHouses!S$2:S$82,OldHouses!$B$2:$B$82,"INPUT",OldHouses!$C$2:$C$82,$C5,OldHouses!$D$2:$D$82,$D5,OldHouses!$G$2:$G$82,$B5) -> 0.0071258839 | ... AO5: =SUMIFS(OldHouses!AV$2:AV$82,OldHouses!$B$2:$B$82,"INPUT",OldHouses!$C$2:$C$82,$C5,OldHouses!$D$2:$D$82,$D5,OldHouses!$G$2:$G$82,$B5) -> 0.0092111061
B6: 2010 | C6: Rdw_Flat | D6: R_ES-FL-Cook | E6: =SUMIFS(OldHouses!L$2:L$82,OldHouses!$B$2:$B$82,"INPUT",OldHouses!$C$2:$C$82,$C6,OldHouses!$D$2:$D$82,$D6,OldHouses!$G$2:$G$82,$B6) -> 0.0096401693 | F6: =SUMIFS(OldHouses!M$2:M$82,OldHouses!$B$2:$B$82,"INPUT",OldHouses!$C$2:$C$82,$C6,OldHouses!$D$2:$D$82,$D6,OldHouses!$G$2:$G$82,$B6) -> 0.0030415223 | G6: =SUMIFS(OldHouses!N$2:N$82,OldHouses!$B$2:$B$82,"INPUT",OldHouses!$C$2:$C$82,$C6,OldHouses!$D$2:$D$82,$D6,OldHouses!$G$2:$G$82,$B6) -> 0.0042581434 | H6: =SUMIFS(OldHouses!O$2:O$82,OldHouses!$B$2:$B$82,"INPUT",OldHouses!$C$2:$C$82,$C6,OldHouses!$D$2:$D$82,$D6,OldHouses!$G$2:$G$82,$B6) -> 0.0034102939 | I6: =SUMIFS(OldHouses!P$2:P$82,OldHouses!$B$2:$B$82,"INPUT",OldHouses!$C$2:$C$82,$C6,OldHouses!$D$2:$D$82,$D6,OldHouses!$G$2:$G$82,$B6) -> 0.0036540878 | J6: =SUMIFS(OldHouses!Q$2:Q$82,OldHouses!$B$2:$B$82,"INPUT",OldHouses!$C$2:$C$82,$C6,OldHouses!$D$2:$D$82,$D6,OldHouses!$G$2:$G$82,$B6) -> 0.0035508104 | K6: =SUMIFS(OldHouses!R$2:R$82,OldHouses!$B$2:$B$82,"INPUT",OldHouses!$C$2:$C$82,$C6,OldHouses!$D$2:$D$82,$D6,OldHouses!$G$2:$G$82,$B6) -> 0.0031439568 | L6: =SUMIFS(OldHouses!S$2:S$82,OldHouses!$B$2:$B$82,"INPUT",OldHouses!$C$2:$C$82,$C6,OldHouses!$D$2:$D$82,$D6,OldHouses!$G$2:$G$82,$B6) -> 0.002828146 | ... AO6: =SUMIFS(OldHouses!AV$2:AV$82,OldHouses!$B$2:$B$82,"INPUT",OldHouses!$C$2:$C$82,$C6,OldHouses!$D$2:$D$82,$D6,OldHouses!$G$2:$G$82,$B6) -> 0.0020315869
B7: 2010 | C7: Rdw_Flat | D7: R_ES-FL-SpCool | E7: =SUMIFS(OldHouses!L$2:L$82,OldHouses!$B$2:$B$82,"INPUT",OldHouses!$C$2:$C$82,$C7,OldHouses!$D$2:$D$82,$D7,OldHouses!$G$2:$G$82,$B7) -> 0.0016511814 | F7: =SUMIFS(OldHouses!M$2:M$82,OldHouses!$B$2:$B$82,"INPUT",OldHouses!$C$2:$C$82,$C7,OldHouses!$D$2:$D$82,$D7,OldHouses!$G$2:$G$82,$B7) -> 0.00015683766 | G7: =SUMIFS(OldHouses!N$2:N$82,OldHouses!$B$2:$B$82,"INPUT",OldHouses!$C$2:$C$82,$C7,OldHouses!$D$2:$D$82,$D7,OldHouses!$G$2:$G$82,$B7) -> 0.0040677619 | H7: =SUMIFS(OldHouses!O$2:O$82,OldHouses!$B$2:$B$82,"INPUT",OldHouses!$C$2:$C$82,$C7,OldHouses!$D$2:$D$82,$D7,OldHouses!$G$2:$G$82,$B7) -> 0.000532239 | I7: =SUMIFS(OldHouses!P$2:P$82,OldHouses!$B$2:$B$82,"INPUT",OldHouses!$C$2:$C$82,$C7,OldHouses!$D$2:$D$82,$D7,OldHouses!$G$2:$G$82,$B7) -> 0.00026757723 | J7: =SUMIFS(OldHouses!Q$2:Q$82,OldHouses!$B$2:$B$82,"INPUT",OldHouses!$C$2:$C$82,$C7,OldHouses!$D$2:$D$82,$D7,OldHouses!$G$2:$G$82,$B7) -> 0.00015950432 | K7: =SUMIFS(OldHouses!R$2:R$82,OldHouses!$B$2:$B$82,"INPUT",OldHouses!$C$2:$C$82,$C7,OldHouses!$D$2:$D$82,$D7,OldHouses!$G$2:$G$82,$B7) -> 0.0037508321 | L7: =SUMIFS(OldHouses!S$2:S$82,OldHouses!$B$2:$B$82,"INPUT",OldHouses!$C$2:$C$82,$C7,OldHouses!$D$2:$D$82,$D7,OldHouses!$G$2:$G$82,$B7) -> 2.895769e-05 | ... AO7: =SUMIFS(OldHouses!AV$2:AV$82,OldHouses!$B$2:$B$82,"INPUT",OldHouses!$C$2:$C$82,$C7,OldHouses!$D$2:$D$82,$D7,OldHouses!$G$2:$G$82,$B7) -> 6.0645759e-05
B8: 2004 | C8: Rdw_Flat | D8: R_ES-FL-SpHeat-I | E8: =SUMIFS(OldHouses!L$2:L$82,OldHouses!$B$2:$B$82,"INPUT",OldHouses!$C$2:$C$82,$C8,OldHouses!$D$2:$D$82,$D8,OldHouses!$G$2:$G$82,$B8) -> 0.0023973967 | F8: =SUMIFS(OldHouses!M$2:M$82,OldHouses!$B$2:$B$82,"INPUT",OldHouses!$C$2:$C$82,$C8,OldHouses!$D$2:$D$82,$D8,OldHouses!$G$2:$G$82,$B8) -> 0.0089647782 | G8: =SUMIFS(OldHouses!N$2:N$82,OldHouses!$B$2:$B$82,"INPUT",OldHouses!$C$2:$C$82,$C8,OldHouses!$D$2:$D$82,$D8,OldHouses!$G$2:$G$82,$B8) -> 0.0065004651 | H8: =SUMIFS(OldHouses!O$2:O$82,OldHouses!$B$2:$B$82,"INPUT",OldHouses!$C$2:$C$82,$C8,OldHouses!$D$2:$D$82,$D8,OldHouses!$G$2:$G$82,$B8) -> 0.010608168 | I8: =SUMIFS(OldHouses!P$2:P$82,OldHouses!$B$2:$B$82,"INPUT",OldHouses!$C$2:$C$82,$C8,OldHouses!$D$2:$D$82,$D8,OldHouses!$G$2:$G$82,$B8) -> 0.0040331239 | J8: =SUMIFS(OldHouses!Q$2:Q$82,OldHouses!$B$2:$B$82,"INPUT",OldHouses!$C$2:$C$82,$C8,OldHouses!$D$2:$D$82,$D8,OldHouses!$G$2:$G$82,$B8) -> 0.0093464046 | K8: =SUMIFS(OldHouses!R$2:R$82,OldHouses!$B$2:$B$82,"INPUT",OldHouses!$C$2:$C$82,$C8,OldHouses!$D$2:$D$82,$D8,OldHouses!$G$2:$G$82,$B8) -> 0.0065101969 | L8: =SUMIFS(OldHouses!S$2:S$82,OldHouses!$B$2:$B$82,"INPUT",OldHouses!$C$2:$C$82,$C8,OldHouses!$D$2:$D$82,$D8,OldHouses!$G$2:$G$82,$B8) -> 0.0092054613 | ... AO8: =SUMIFS(OldHouses!AV$2:AV$82,OldHouses!$B$2:$B$82,"INPUT",OldHouses!$C$2:$C$82,$C8,OldHouses!$D$2:$D$82,$D8,OldHouses!$G$2:$G$82,$B8) -> 0.0043657947
B9: 2010 | C9: Rdw_Flat | D9: R_ES-FL-WatHeat | E9: =SUMIFS(OldHouses!L$2:L$82,OldHouses!$B$2:$B$82,"INPUT",OldHouses!$C$2:$C$82,$C9,OldHouses!$D$2:$D$82,$D9,OldHouses!$G$2:$G$82,$B9) -> 0.0053358007 | F9: =SUMIFS(OldHouses!M$2:M$82,OldHouses!$B$2:$B$82,"INPUT",OldHouses!$C$2:$C$82,$C9,OldHouses!$D$2:$D$82,$D9,OldHouses!$G$2:$G$82,$B9) -> 0.0056256905 | G9: =SUMIFS(OldHouses!N$2:N$82,OldHouses!$B$2:$B$82,"INPUT",OldHouses!$C$2:$C$82,$C9,OldHouses!$D$2:$D$82,$D9,OldHouses!$G$2:$G$82,$B9) -> 0.0028151069 | H9: =SUMIFS(OldHouses!O$2:O$82,OldHouses!$B$2:$B$82,"INPUT",OldHouses!$C$2:$C$82,$C9,OldHouses!$D$2:$D$82,$D9,OldHouses!$G$2:$G$82,$B9) -> 0.0047636056 | I9: =SUMIFS(OldHouses!P$2:P$82,OldHouses!$B$2:$B$82,"INPUT",OldHouses!$C$2:$C$82,$C9,OldHouses!$D$2:$D$82,$D9,OldHouses!$G$2:$G$82,$B9) -> 0.003792759 | J9: =SUMIFS(OldHouses!Q$2:Q$82,OldHouses!$B$2:$B$82,"INPUT",OldHouses!$C$2:$C$82,$C9,OldHouses!$D$2:$D$82,$D9,OldHouses!$G$2:$G$82,$B9) -> 0.0042551634 | K9: =SUMIFS(OldHouses!R$2:R$82,OldHouses!$B$2:$B$82,"INPUT",OldHouses!$C$2:$C$82,$C9,OldHouses!$D$2:$D$82,$D9,OldHouses!$G$2:$G$82,$B9) -> 0.0047339725 | L9: =SUMIFS(OldHouses!S$2:S$82,OldHouses!$B$2:$B$82,"INPUT",OldHouses!$C$2:$C$82,$C9,OldHouses!$D$2:$D$82,$D9,OldHouses!$G$2:$G$82,$B9) -> 0.003562942 | ... AO9: =SUMIFS(OldHouses!AV$2:AV$82,OldHouses!$B$2:$B$82,"INPUT",OldHouses!$C$2:$C$82,$C9,OldHouses!$D$2:$D$82,$D9,OldHouses!$G$2:$G$82,$B9) -> 0.0046055531
B10: 2010 | C10: Rdw_SDetH | D10: R_ES-SD-Cook | E10: =SUMIFS(OldHouses!L$2:L$82,OldHouses!$B$2:$B$82,"INPUT",OldHouses!$C$2:$C$82,$C10,OldHouses!$D$2:$D$82,$D10,OldHouses!$G$2:$G$82,$B10) -> 0.0096401693 | F10: =SUMIFS(OldHouses!M$2:M$82,OldHouses!$B$2:$B$82,"INPUT",OldHouses!$C$2:$C$82,$C10,OldHouses!$D$2:$D$82,$D10,OldHouses!$G$2:$G$82,$B10) -> 0.0030415223 | G10: =SUMIFS(OldHouses!N$2:N$82,OldHouses!$B$2:$B$82,"INPUT",OldHouses!$C$2:$C$82,$C10,OldHouses!$D$2:$D$82,$D10,OldHouses!$G$2:$G$82,$B10) -> 0.0042581434 | H10: =SUMIFS(OldHouses!O$2:O$82,OldHouses!$B$2:$B$82,"INPUT",OldHouses!$C$2:$C$82,$C10,OldHouses!$D$2:$D$82,$D10,OldHouses!$G$2:$G$82,$B10) -> 0.0034102939 | I10: =SUMIFS(OldHouses!P$2:P$82,OldHouses!$B$2:$B$82,"INPUT",OldHouses!$C$2:$C$82,$C10,OldHouses!$D$2:$D$82,$D10,OldHouses!$G$2:$G$82,$B10) -> 0.0036540878 | J10: =SUMIFS(OldHouses!Q$2:Q$82,OldHouses!$B$2:$B$82,"INPUT",OldHouses!$C$2:$C$82,$C10,OldHouses!$D$2:$D$82,$D10,OldHouses!$G$2:$G$82,$B10) -> 0.0035508104 | K10: =SUMIFS(OldHouses!R$2:R$82,OldHouses!$B$2:$B$82,"INPUT",OldHouses!$C$2:$C$82,$C10,OldHouses!$D$2:$D$82,$D10,OldHouses!$G$2:$G$82,$B10) -> 0.0031439568 | L10: =SUMIFS(OldHouses!S$2:S$82,OldHouses!$B$2:$B$82,"INPUT",OldHouses!$C$2:$C$82,$C10,OldHouses!$D$2:$D$82,$D10,OldHouses!$G$2:$G$82,$B10) -> 0.002828146 | ... AO10: =SUMIFS(OldHouses!AV$2:AV$82,OldHouses!$B$2:$B$82,"INPUT",OldHouses!$C$2:$C$82,$C10,OldHouses!$D$2:$D$82,$D10,OldHouses!$G$2:$G$82,$B10) -> 0.0020315869
B11: 2010 | C11: Rdw_SDetH | D11: R_ES-SD-SpCool | E11: =SUMIFS(OldHouses!L$2:L$82,OldHouses!$B$2:$B$82,"INPUT",OldHouses!$C$2:$C$82,$C11,OldHouses!$D$2:$D$82,$D11,OldHouses!$G$2:$G$82,$B11) -> 0.0033023629 | F11: =SUMIFS(OldHouses!M$2:M$82,OldHouses!$B$2:$B$82,"INPUT",OldHouses!$C$2:$C$82,$C11,OldHouses!$D$2:$D$82,$D11,OldHouses!$G$2:$G$82,$B11) -> 0.00031367532 | G11: =SUMIFS(OldHouses!N$2:N$82,OldHouses!$B$2:$B$82,"INPUT",OldHouses!$C$2:$C$82,$C11,OldHouses!$D$2:$D$82,$D11,OldHouses!$G$2:$G$82,$B11) -> 0.0081355238 | H11: =SUMIFS(OldHouses!O$2:O$82,OldHouses!$B$2:$B$82,"INPUT",OldHouses!$C$2:$C$82,$C11,OldHouses!$D$2:$D$82,$D11,OldHouses!$G$2:$G$82,$B11) -> 0.001064478 | I11: =SUMIFS(OldHouses!P$2:P$82,OldHouses!$B$2:$B$82,"INPUT",OldHouses!$C$2:$C$82,$C11,OldHouses!$D$2:$D$82,$D11,OldHouses!$G$2:$G$82,$B11) -> 0.00053515446 | J11: =SUMIFS(OldHouses!Q$2:Q$82,OldHouses!$B$2:$B$82,"INPUT",OldHouses!$C$2:$C$82,$C11,OldHouses!$D$2:$D$82,$D11,OldHouses!$G$2:$G$82,$B11) -> 0.00031900864 | K11: =SUMIFS(OldHouses!R$2:R$82,OldHouses!$B$2:$B$82,"INPUT",OldHouses!$C$2:$C$82,$C11,OldHouses!$D$2:$D$82,$D11,OldHouses!$G$2:$G$82,$B11) -> 0.0075016642 | L11: =SUMIFS(OldHouses!S$2:S$82,OldHouses!$B$2:$B$82,"INPUT",OldHouses!$C$2:$C$82,$C11,OldHouses!$D$2:$D$82,$D11,OldHouses!$G$2:$G$82,$B11) -> 5.791538e-05 | ... AO11: =SUMIFS(OldHouses!AV$2:AV$82,OldHouses!$B$2:$B$82,"INPUT",OldHouses!$C$2:$C$82,$C11,OldHouses!$D$2:$D$82,$D11,OldHouses!$G$2:$G$82,$B11) -> 0.00012129152
B12: 2004 | C12: Rdw_SDetH | D12: R_ES-SD-SpHeat-I | E12: =SUMIFS(OldHouses!L$2:L$82,OldHouses!$B$2:$B$82,"INPUT",OldHouses!$C$2:$C$82,$C12,OldHouses!$D$2:$D$82,$D12,OldHouses!$G$2:$G$82,$B12) -> 0.0045375001 | F12: =SUMIFS(OldHouses!M$2:M$82,OldHouses!$B$2:$B$82,"INPUT",OldHouses!$C$2:$C$82,$C12,OldHouses!$D$2:$D$82,$D12,OldHouses!$G$2:$G$82,$B12) -> 0.01927544 | G12: =SUMIFS(OldHouses!N$2:N$82,OldHouses!$B$2:$B$82,"INPUT",OldHouses!$C$2:$C$82,$C12,OldHouses!$D$2:$D$82,$D12,OldHouses!$G$2:$G$82,$B12) -> 0.010524796 | H12: =SUMIFS(OldHouses!O$2:O$82,OldHouses!$B$2:$B$82,"INPUT",OldHouses!$C$2:$C$82,$C12,OldHouses!$D$2:$D$82,$D12,OldHouses!$G$2:$G$82,$B12) -> 0.023212984 | I12: =SUMIFS(OldHouses!P$2:P$82,OldHouses!$B$2:$B$82,"INPUT",OldHouses!$C$2:$C$82,$C12,OldHouses!$D$2:$D$82,$D12,OldHouses!$G$2:$G$82,$B12) -> 0.0075046921 | J12: =SUMIFS(OldHouses!Q$2:Q$82,OldHouses!$B$2:$B$82,"INPUT",OldHouses!$C$2:$C$82,$C12,OldHouses!$D$2:$D$82,$D12,OldHouses!$G$2:$G$82,$B12) -> 0.020729087 | K12: =SUMIFS(OldHouses!R$2:R$82,OldHouses!$B$2:$B$82,"INPUT",OldHouses!$C$2:$C$82,$C12,OldHouses!$D$2:$D$82,$D12,OldHouses!$G$2:$G$82,$B12) -> 0.01432004 | L12: =SUMIFS(OldHouses!S$2:S$82,OldHouses!$B$2:$B$82,"INPUT",OldHouses!$C$2:$C$82,$C12,OldHouses!$D$2:$D$82,$D12,OldHouses!$G$2:$G$82,$B12) -> 0.019541419 | ... AO12: =SUMIFS(OldHouses!AV$2:AV$82,OldHouses!$B$2:$B$82,"INPUT",OldHouses!$C$2:$C$82,$C12,OldHouses!$D$2:$D$82,$D12,OldHouses!$G$2:$G$82,$B12) -> 0.013718798
B13: 2010 | C13: Rdw_SDetH | D13: R_ES-SD-WatHeat | E13: =SUMIFS(OldHouses!L$2:L$82,OldHouses!$B$2:$B$82,"INPUT",OldHouses!$C$2:$C$82,$C13,OldHouses!$D$2:$D$82,$D13,OldHouses!$G$2:$G$82,$B13) -> 0.010671601 | F13: =SUMIFS(OldHouses!M$2:M$82,OldHouses!$B$2:$B$82,"INPUT",OldHouses!$C$2:$C$82,$C13,OldHouses!$D$2:$D$82,$D13,OldHouses!$G$2:$G$82,$B13) -> 0.011251381 | G13: =SUMIFS(OldHouses!N$2:N$82,OldHouses!$B$2:$B$82,"INPUT",OldHouses!$C$2:$C$82,$C13,OldHouses!$D$2:$D$82,$D13,OldHouses!$G$2:$G$82,$B13) -> 0.0056302138 | H13: =SUMIFS(OldHouses!O$2:O$82,OldHouses!$B$2:$B$82,"INPUT",OldHouses!$C$2:$C$82,$C13,OldHouses!$D$2:$D$82,$D13,OldHouses!$G$2:$G$82,$B13) -> 0.0095272111 | I13: =SUMIFS(OldHouses!P$2:P$82,OldHouses!$B$2:$B$82,"INPUT",OldHouses!$C$2:$C$82,$C13,OldHouses!$D$2:$D$82,$D13,OldHouses!$G$2:$G$82,$B13) -> 0.0075855179 | J13: =SUMIFS(OldHouses!Q$2:Q$82,OldHouses!$B$2:$B$82,"INPUT",OldHouses!$C$2:$C$82,$C13,OldHouses!$D$2:$D$82,$D13,OldHouses!$G$2:$G$82,$B13) -> 0.0085103269 | K13: =SUMIFS(OldHouses!R$2:R$82,OldHouses!$B$2:$B$82,"INPUT",OldHouses!$C$2:$C$82,$C13,OldHouses!$D$2:$D$82,$D13,OldHouses!$G$2:$G$82,$B13) -> 0.0094679451 | L13: =SUMIFS(OldHouses!S$2:S$82,OldHouses!$B$2:$B$82,"INPUT",OldHouses!$C$2:$C$82,$C13,OldHouses!$D$2:$D$82,$D13,OldHouses!$G$2:$G$82,$B13) -> 0.0071258839 | ... AO13: =SUMIFS(OldHouses!AV$2:AV$82,OldHouses!$B$2:$B$82,"INPUT",OldHouses!$C$2:$C$82,$C13,OldHouses!$D$2:$D$82,$D13,OldHouses!$G$2:$G$82,$B13) -> 0.0092111061
A16: ~TFM_INS
A17: Attribute | B17: Year | C17: PSET_PN | D17: CSET_CN | E17: =E1 -> AL | F17: =F1 -> AT | G17: =G1 -> BA | H17: =H1 -> BE | I17: =I1 -> BG | J17: =J1 -> CH | K17: =K1 -> CY | L17: =L1 -> CZ | ... AO17: =AO1 -> UK
A18: INPUT | B18: 2011 | C18: =Stock!$D$2&"-New" -> Rdw_DetH-New | D18: =D2 -> R_ES-DH-Cook | E18: =E2 -> 0.0096401693 | F18: =F2 -> 0.0030415223 | G18: =G2 -> 0.0042581434 | H18: =H2 -> 0.0034102939 | I18: =I2 -> 0.0036540878 | J18: =J2 -> 0.0035508104 | K18: =K2 -> 0.0031439568 | ... AO18: =AO2 -> 0.0020315869
A19: INPUT | B19: 2011 | C19: =Stock!$D$2&"-New" -> Rdw_DetH-New | D19: =D3 -> R_ES-DH-SpCool | E19: =IF(E3<$A$1,"",E3) -> 0.0033023629 | F19: =IF(F3<$A$1,"",F3) -> 0.00031367532 | G19: =IF(G3<$A$1,"",G3) -> 0.0081355238 | H19: =IF(H3<$A$1,"",H3) -> 0.001064478 | I19: =IF(I3<$A$1,"",I3) -> 0.00053515446 | J19: =IF(J3<$A$1,"",J3) -> 0.00031900864 | K19: =IF(K3<$A$1,"",K3) -> 0.0075016642 | L19: =IF(L3<$A$1,"",L3) -> 5.791538e-05 | ... N19: =IF(N3<$A$1,"",N3) -> 0.0002158663 | O19: =IF(O3<$A$1,$A$1,O3) -> 2.5e-05 | P19: =IF(P3<$A$1,"",P3) -> 0.0024745307 | Q19: =IF(Q3<$A$1,"",Q3) -> 0.0017885701 | R19: =IF(R3<$A$1,"",R3) -> 7.7066365e-05 | S19: =IF(S3<$A$1,"",S3) -> 0.0021914253 | T19: =IF(T3<$A$1,"",T3) -> 0.0040321319 | U19: =IF(U3<$A$1,"",U3) -> 6.3675396e-05 | V19: =IF(V3<$A$1,"",V3) -> 0.00018202999 | W19: =IF(W3<$A$1,"",W3) -> 6.6958366e-05 | ... Y19: =IF(Y3<$A$1,"",Y3) -> 0.006817581 | Z19: =IF(Z3<$A$1,$A$1,Z3) -> 2.5e-05 | AA19: =IF(AA3<$A$1,"",AA3) -> 0.0029769779 | AB19: =IF(AB3<$A$1,$A$1,AB3) -> 2.5e-05 | AC19: =IF(AC3<$A$1,"",AC3) -> 0.0032922644 | AD19: =IF(AD3<$A$1,"",AD3) -> 0.0096533093 | AE19: =IF(AE3<$A$1,"",AE3) -> 0.0086615593 | AF19: =IF(AF3<$A$1,"",AF3) -> 0.00068788026 | AG19: =IF(AG3<$A$1,"",AG3) -> 0.00024065938 | AH19: =IF(AH3<$A$1,$A$1,AH3) -> 3.7704133e-05 | AI19: =IF(AI3<$A$1,"",AI3) -> 0.0013701653 | AJ19: =IF(AJ3<$A$1,"",AJ3) -> 8.1424878e-05 | AK19: =IF(AK3<$A$1,"",AK3) -> 0.0088705237 | AL19: =IF(AL3<$A$1,"",AL3) -> 0.00015883064 | AM19: =IF(AM3<$A$1,"",AM3) -> 0.00060158929 | AN19: =IF(AN3<$A$1,"",AN3) -> 0.00019404844 | AO19: =IF(AO3<$A$1,"",AO3) -> 0.00012129152
A20: INPUT | B20: 2011 | C20: =Stock!$D$2&"-New" -> Rdw_DetH-New | D20: =IF(0,"R_ES-FL-SpHeat-I","R_ES-DH-SpHeat-I") -> R_ES-DH-SpHeat-I | E20: =E4 -> 0.009072442 | F20: =F4 -> 0.038216553 | G20: =G4 -> 0.021076246 | H20: =H4 -> 0.043568869 | I20: =I4 -> 0.015681843 | J20: =J4 -> 0.039843413 | K20: =K4 -> 0.02481191 | L20: =L4 -> 0.039103013 | ... AO20: =AO4 -> 0.026105856
A21: INPUT | B21: 2011 | C21: =Stock!$D$2&"-New" -> Rdw_DetH-New | D21: =D5 -> R_ES-DH-WatHeat | E21: =E5 -> 0.010671601 | F21: =F5 -> 0.011251381 | G21: =G5 -> 0.0056302138 | H21: =H5 -> 0.0095272111 | I21: =I5 -> 0.0075855179 | J21: =J5 -> 0.0085103269 | K21: =K5 -> 0.0094679451 | ... AO21: =AO5 -> 0.0092111061
A22: INPUT | B22: 2011 | C22: =C6&"-New" -> Rdw_Flat-New | D22: =D6 -> R_ES-FL-Cook | E22: =E6 -> 0.0096401693 | F22: =F6 -> 0.0030415223 | G22: =G6 -> 0.0042581434 | H22: =H6 -> 0.0034102939 | I22: =I6 -> 0.0036540878 | J22: =J6 -> 0.0035508104 | K22: =K6 -> 0.0031439568 | ... AO22: =AO6 -> 0.0020315869
A23: INPUT | B23: 2011 | C23: =C7&"-New" -> Rdw_Flat-New | D23: =D7 -> R_ES-FL-SpCool | E23: =IF(E7<$A$1,"",E7) -> 0.0016511814 | F23: =IF(F7<$A$1,"",F7) -> 0.00015683766 | G23: =IF(G7<$A$1,"",G7) -> 0.0040677619 | H23: =IF(H7<$A$1,"",H7) -> 0.000532239 | I23: =IF(I7<$A$1,"",I7) -> 0.00026757723 | J23: =IF(J7<$A$1,"",J7) -> 0.00015950432 | K23: =IF(K7<$A$1,"",K7) -> 0.0037508321 | L23: =IF(L7<$A$1,"",L7) -> 2.895769e-05 | ... N23: =IF(N7<$A$1,"",N7) -> 0.00010793315 | O23: =IF(O7<$A$1,0,O7) -> 0 | P23: =IF(P7<$A$1,"",P7) -> 0.0012372654 | Q23: =IF(Q7<$A$1,"",Q7) -> 0.00089428505 | R23: =IF(R7<$A$1,"",R7) -> 3.8533182e-05 | S23: =IF(S7<$A$1,"",S7) -> 0.0010957126 | T23: =IF(T7<$A$1,"",T7) -> 0.0020160659 | U23: =IF(U7<$A$1,"",U7) -> 3.1837698e-05 | V23: =IF(V7<$A$1,"",V7) -> 9.1014997e-05 | W23: =IF(W7<$A$1,"",W7) -> 3.3479183e-05 | ... Y23: =IF(Y7<$A$1,"",Y7) -> 0.0034087905 | Z23: =IF(Z7<$A$1,0,Z7) -> 0 | AA23: =IF(AA7<$A$1,"",AA7) -> 0.001488489 | AB23: =IF(AB7<$A$1,0,AB7) -> 0 | AC23: =IF(AC7<$A$1,"",AC7) -> 0.0016461322 | AD23: =IF(AD7<$A$1,"",AD7) -> 0.0048266546 | AE23: =IF(AE7<$A$1,"",AE7) -> 0.0043307797 | AF23: =IF(AF7<$A$1,"",AF7) -> 0.00034394013 | AG23: =IF(AG7<$A$1,"",AG7) -> 0.00012032969 | AH23: =IF(AH7<$A$1,0,AH7) -> 0 | AI23: =IF(AI7<$A$1,"",AI7) -> 0.00068508265 | AJ23: =IF(AJ7<$A$1,"",AJ7) -> 4.0712439e-05 | AK23: =IF(AK7<$A$1,"",AK7) -> 0.0044352619 | AL23: =IF(AL7<$A$1,"",AL7) -> 7.9415318e-05 | AM23: =IF(AM7<$A$1,"",AM7) -> 0.00030079465 | AN23: =IF(AN7<$A$1,"",AN7) -> 9.702422e-05 | AO23: =IF(AO7<$A$1,"",AO7) -> 6.0645759e-05
A24: INPUT | B24: 2011 | C24: =C8&"-New" -> Rdw_Flat-New | D24: =D8 -> R_ES-FL-SpHeat-I | E24: =E8 -> 0.0023973967 | F24: =F8 -> 0.0089647782 | G24: =G8 -> 0.0065004651 | H24: =H8 -> 0.010608168 | I24: =I8 -> 0.0040331239 | J24: =J8 -> 0.0093464046 | K24: =K8 -> 0.0065101969 | ... AO24: =AO8 -> 0.0043657947
A25: INPUT | B25: 2011 | C25: =C9&"-New" -> Rdw_Flat-New | D25: =D9 -> R_ES-FL-WatHeat | E25: =E9 -> 0.0053358007 | F25: =F9 -> 0.0056256905 | G25: =G9 -> 0.0028151069 | H25: =H9 -> 0.0047636056 | I25: =I9 -> 0.003792759 | J25: =J9 -> 0.0042551634 | K25: =K9 -> 0.0047339725 | ... AO25: =AO9 -> 0.0046055531
A26: INPUT | B26: 2011 | C26: =C10&"-New" -> Rdw_SDetH-New | D26: =D10 -> R_ES-SD-Cook | E26: =E10 -> 0.0096401693 | F26: =F10 -> 0.0030415223 | G26: =G10 -> 0.0042581434 | H26: =H10 -> 0.0034102939 | I26: =I10 -> 0.0036540878 | J26: =J10 -> 0.0035508104 | K26: =K10 -> 0.0031439568 | ... AO26: =AO10 -> 0.0020315869
A27: INPUT | B27: 2011 | C27: =C11&"-New" -> Rdw_SDetH-New | D27: =D11 -> R_ES-SD-SpCool | E27: =IF(E11<$A$1,"",E11) -> 0.0033023629 | F27: =IF(F11<$A$1,"",F11) -> 0.00031367532 | G27: =IF(G11<$A$1,"",G11) -> 0.0081355238 | H27: =IF(H11<$A$1,"",H11) -> 0.001064478 | I27: =IF(I11<$A$1,"",I11) -> 0.00053515446 | J27: =IF(J11<$A$1,"",J11) -> 0.00031900864 | K27: =IF(K11<$A$1,"",K11) -> 0.0075016642 | L27: =IF(L11<$A$1,"",L11) -> 5.791538e-05 | ... N27: =IF(N11<$A$1,"",N11) -> 0.0002158663 | O27: =IF(O11<$A$1,$A$1,O11) -> 2.5e-05 | P27: =IF(P11<$A$1,"",P11) -> 0.0024745307 | Q27: =IF(Q11<$A$1,"",Q11) -> 0.0017885701 | R27: =IF(R11<$A$1,"",R11) -> 7.7066365e-05 | S27: =IF(S11<$A$1,"",S11) -> 0.0021914253 | T27: =IF(T11<$A$1,"",T11) -> 0.0040321319 | U27: =IF(U11<$A$1,"",U11) -> 6.3675396e-05 | V27: =IF(V11<$A$1,"",V11) -> 0.00018202999 | W27: =IF(W11<$A$1,"",W11) -> 6.6958366e-05 | ... Y27: =IF(Y11<$A$1,"",Y11) -> 0.006817581 | Z27: =IF(Z11<$A$1,$A$1,Z11) -> 2.5e-05 | AA27: =IF(AA11<$A$1,"",AA11) -> 0.0029769779 | AB27: =IF(AB11<$A$1,$A$1,AB11) -> 2.5e-05 | AC27: =IF(AC11<$A$1,"",AC11) -> 0.0032922644 | AD27: =IF(AD11<$A$1,"",AD11) -> 0.0096533093 | AE27: =IF(AE11<$A$1,"",AE11) -> 0.0086615593 | AF27: =IF(AF11<$A$1,"",AF11) -> 0.00068788026 | AG27: =IF(AG11<$A$1,"",AG11) -> 0.00024065938 | AH27: =IF(AH11<$A$1,$A$1,AH11) -> 3.7704133e-05 | AI27: =IF(AI11<$A$1,"",AI11) -> 0.0013701653 | AJ27: =IF(AJ11<$A$1,"",AJ11) -> 8.1424878e-05 | AK27: =IF(AK11<$A$1,"",AK11) -> 0.0088705237 | AL27: =IF(AL11<$A$1,"",AL11) -> 0.00015883064 | AM27: =IF(AM11<$A$1,"",AM11) -> 0.00060158929 | AN27: =IF(AN11<$A$1,"",AN11) -> 0.00019404844 | AO27: =IF(AO11<$A$1,"",AO11) -> 0.00012129152
A28: INPUT | B28: 2011 | C28: =C12&"-New" -> Rdw_SDetH-New | D28: =D12 -> R_ES-SD-SpHeat-I | E28: =E12 -> 0.0045375001 | F28: =F12 -> 0.01927544 | G28: =G12 -> 0.010524796 | H28: =H12 -> 0.023212984 | I28: =I12 -> 0.0075046921 | J28: =J12 -> 0.020729087 | K28: =K12 -> 0.01432004 | ... AO28: =AO12 -> 0.013718798
A29: INPUT | B29: 2011 | C29: =C13&"-New" -> Rdw_SDetH-New | D29: =D13 -> R_ES-SD-WatHeat | E29: =E13 -> 0.010671601 | F29: =F13 -> 0.011251381 | G29: =G13 -> 0.0056302138 | H29: =H13 -> 0.0095272111 | I29: =I13 -> 0.0075855179 | J29: =J13 -> 0.0085103269 | K29: =K13 -> 0.0094679451 | ... AO29: =AO13 -> 0.0092111061
A30: * Shell EFF improvement cooling over 50 years | E30: 0.2 | F30: 0.2 | G30: 0.2 | H30: 0.2 | I30: 0.2 | J30: 0.2 | K30: 0.2 | L30: 0.2 | M30: 0.2 | N30: 0.2 | O30: 0.2 | P30: 0.2 | Q30: 0.2 | R30: 0.2 | S30: 0.2 | T30: 0.2 | U30: 0.2 | V30: 0.2 | W30: 0.2 | X30: 0.2 | Y30: 0.2 | Z30: 0.2 | AA30: 0.2 | AB30: 0.2 | AC30: 0.2 | AD30: 0.2 | AE30: 0.2 | AF30: 0.2 | AG30: 0.2 | AH30: 0.2 | AI30: 0.2 | AJ30: 0.2 | AK30: 0.2 | AL30: 0.2 | AM30: 0.2 | AN30: 0.2 | AO30: 0.2
A31: =A19 -> INPUT | B31: 2060 | C31: =C19 -> Rdw_DetH-New | D31: =D19 -> R_ES-DH-SpCool | E31: =IFERROR(E19*(1-E$30),"") -> 0.0026418903 | F31: =IFERROR(F19*(1-F$30),"") -> 0.00025094026 | G31: =IFERROR(G19*(1-G$30),"") -> 0.006508419 | H31: =IFERROR(H19*(1-H$30),"") -> 0.0008515824 | I31: =IFERROR(I19*(1-I$30),"") -> 0.00042812357 | J31: =IFERROR(J19*(1-J$30),"") -> 0.00025520691 | K31: =IFERROR(K19*(1-K$30),"") -> 0.0060013314 | L31: =IFERROR(L19*(1-L$30),"") -> 4.6332304e-05 | ... AO31: =IFERROR(AO19*(1-AO$30),"") -> 9.7033215e-05
A32: =A23 -> INPUT | B32: 2060 | C32: =C23 -> Rdw_Flat-New | D32: =D23 -> R_ES-FL-SpCool | E32: =IFERROR(E23*(1-E$30),"") -> 0.0013209452 | F32: =IFERROR(F23*(1-F$30),"") -> 0.00012547013 | G32: =IFERROR(G23*(1-G$30),"") -> 0.0032542095 | H32: =IFERROR(H23*(1-H$30),"") -> 0.0004257912 | I32: =IFERROR(I23*(1-I$30),"") -> 0.00021406179 | J32: =IFERROR(J23*(1-J$30),"") -> 0.00012760346 | K32: =IFERROR(K23*(1-K$30),"") -> 0.0030006657 | L32: =IFERROR(L23*(1-L$30),"") -> 2.3166152e-05 | ... AO32: =IFERROR(AO23*(1-AO$30),"") -> 4.8516607e-05
A33: =A27 -> INPUT | B33: 2060 | C33: =C27 -> Rdw_SDetH-New | D33: =D27 -> R_ES-SD-SpCool | E33: =IFERROR(E27*(1-E$30),"") -> 0.0026418903 | F33: =IFERROR(F27*(1-F$30),"") -> 0.00025094026 | G33: =IFERROR(G27*(1-G$30),"") -> 0.006508419 | H33: =IFERROR(H27*(1-H$30),"") -> 0.0008515824 | I33: =IFERROR(I27*(1-I$30),"") -> 0.00042812357 | J33: =IFERROR(J27*(1-J$30),"") -> 0.00025520691 | K33: =IFERROR(K27*(1-K$30),"") -> 0.0060013314 | L33: =IFERROR(L27*(1-L$30),"") -> 4.6332304e-05 | ... AO33: =IFERROR(AO27*(1-AO$30),"") -> 9.7033215e-05
A34: * Shell EFF improvement heating | E34: 0.4 | F34: 0.4 | G34: 0.4 | H34: 0.4 | I34: 0.4 | J34: 0.4 | K34: 0.4 | L34: 0.4 | M34: 0.4 | N34: 0.4 | O34: 0.4 | P34: 0.4 | Q34: 0.4 | R34: 0.4 | S34: 0.4 | T34: 0.4 | U34: 0.4 | V34: 0.4 | W34: 0.4 | X34: 0.4 | Y34: 0.4 | Z34: 0.4 | AA34: 0.4 | AB34: 0.4 | AC34: 0.4 | AD34: 0.4 | AE34: 0.4 | AF34: 0.4 | AG34: 0.4 | AH34: 0.4 | AI34: 0.4 | AJ34: 0.4 | AK34: 0.4 | AL34: 0.4 | AM34: 0.4 | AN34: 0.4 | AO34: 0.4
A35: =A26 -> INPUT | B35: 2020 | C35: =C20 -> Rdw_DetH-New | D35: =D20 -> R_ES-DH-SpHeat-I | E35: =E20*(1-E$34) -> 0.0054434652 | F35: =F20*(1-F$34) -> 0.022929932 | G35: =G20*(1-G$34) -> 0.012645747 | H35: =H50 -> 0.016491312 | I35: =I50 -> 0.01152 | J35: =J20*(1-J$34) -> 0.023906048 | K35: =K20*(1-K$34) -> 0.014887146 | L35: =L20*(1-L$34) -> 0.023461808 | M35: =M50 -> 0.0173664 | N35: =N50 -> 0.012024 | O35: =O50 -> 0.01926 | P35: =P20*(1-P$34) -> 0.012853331 | Q35: =Q20*(1-Q$34) -> 0.014808219 | R35: =R20*(1-R$34) -> 0.047923529 | S35: =S50 -> 0.0252 | T35: =T50 -> 0.019439784 | U35: =U20*(1-U$34) -> 0.017179987 | V35: =V50 -> 0.023814 | W35: =W20*(1-W$34) -> 0.066162474 | X35: =X50 -> 0.01006128 | Y35: =Y20*(1-Y$34) -> 0.012220319 | Z35: =Z20*(1-Z$34) -> 0.015573371 | AA35: =AA20*(1-AA$34) -> 0.025058823 | AB35: =AB50 -> 0.04104 | AC35: =AC20*(1-AC$34) -> 0.024065108 | AD35: =AD20*(1-AD$34) -> 0.0086687269 | AE35: =AE20*(1-AE$34) -> 0.0060165645 | AF35: =AF20*(1-AF$34) -> 0.019723872 | AG35: =AG20*(1-AG$34) -> 0.02644083 | AH35: =AH20*(1-AH$34) -> 0.026816996 | AI35: =AI20*(1-AI$34) -> 0.0069328603 | AJ35: =AJ20*(1-AJ$34) -> 0.020623586 | ... AO35: =AO20*(1-AO$34) -> 0.015663514
A36: =A35 -> INPUT | B36: 2020 | C36: =C24 -> Rdw_Flat-New | D36: =D24 -> R_ES-FL-SpHeat-I | E36: =E24*(1-E$34) -> 0.001438438 | F36: =F24*(1-F$34) -> 0.0053788669 | G36: =G24*(1-G$34) -> 0.0039002791 | H36: =H51 -> 0.0085011552 | I36: =I51 -> 0.009288 | J36: =J24*(1-J$34) -> 0.0056078427 | K36: =K24*(1-K$34) -> 0.0039061181 | L36: =L24*(1-L$34) -> 0.0055232768 | M36: =M51 -> 0.00812592 | N36: =N51 -> 0.0056448 | O36: =O51 -> 0.008604 | P36: =P24*(1-P$34) -> 0.0040859835 | Q36: =Q24*(1-Q$34) -> 0.0048077105 | R36: =R24*(1-R$34) -> 0.0087145668 | S36: =S51 -> 0.011862 | T36: =T51 -> 0.014376398 | U36: =U24*(1-U$34) -> 0.0037082295 | V36: =V51 -> 0.010773 | W36: =W24*(1-W$34) -> 0.015187709 | X36: =X51 -> 0.006668352 | Y36: =Y24*(1-Y$34) -> 0.0037690657 | Z36: =Z24*(1-Z$34) -> 0.0032629507 | AA36: =AA24*(1-AA$34) -> 0.0076231571 | AB36: =AB51 -> 0.017613 | AC36: =AC24*(1-AC$34) -> 0.0067142715 | AD36: =AD24*(1-AD$34) -> 0.0025378805 | AE36: =AE24*(1-AE$34) -> 0.0016520668 | AF36: =AF24*(1-AF$34) -> 0.004687265 | AG36: =AG24*(1-AG$34) -> 0.0057127297 | AH36: =AH24*(1-AH$34) -> 0.0051058156 | AI36: =AI24*(1-AI$34) -> 0.0017755911 | AJ36: =AJ24*(1-AJ$34) -> 0.0034015003 | ... AO36: =AO24*(1-AO$34) -> 0.0026194768
A37: =A36 -> INPUT | B37: 2020 | C37: =C28 -> Rdw_SDetH-New | D37: =D28 -> R_ES-SD-SpHeat-I | E37: =E28*(1-E$34) -> 0.0027225 | F37: =F28*(1-F$34) -> 0.011565264 | G37: =G28*(1-G$34) -> 0.0063148776 | H37: =H52 -> 0.012078144 | I37: =I52 -> 0.00792 | J37: =J28*(1-J$34) -> 0.012437452 | K37: =K28*(1-K$34) -> 0.0085920242 | L37: =L28*(1-L$34) -> 0.011724851 | M37: =M52 -> 0.0124416 | N37: =N52 -> 0.00828 | O37: =O52 -> 0.01314 | P37: =P28*(1-P$34) -> 0.0066203214 | Q37: =Q28*(1-Q$34) -> 0.0078365393 | R37: =R28*(1-R$34) -> 0.023391654 | S37: =S52 -> 0.01782 | T37: =T52 -> 0.013110552 | U37: =U28*(1-U$34) -> 0.0086596735 | V37: =V52 -> 0.017334 | W37: =W28*(1-W$34) -> 0.032527398 | X37: =X52 -> 0.00741744 | Y37: =Y28*(1-Y$34) -> 0.0061024322 | Z37: =Z28*(1-Z$34) -> 0.0075911976 | AA37: =AA28*(1-AA$34) -> 0.013573259 | AB37: =AB52 -> 0.027702 | AC37: =AC28*(1-AC$34) -> 0.012326987 | AD37: =AD28*(1-AD$34) -> 0.0041705385 | AE37: =AE28*(1-AE$34) -> 0.0034770875 | AF37: =AF28*(1-AF$34) -> 0.010724011 | AG37: =AG28*(1-AG$34) -> 0.012438193 | AH37: =AH28*(1-AH$34) -> 0.013598498 | AI37: =AI28*(1-AI$34) -> 0.0038366555 | AJ37: =AJ28*(1-AJ$34) -> 0.011260238 | ... AO37: =AO28*(1-AO$34) -> 0.0082312785
A38: =A29 -> INPUT | B38: 2060 | C38: =C35 -> Rdw_DetH-New | D38: =D35 -> R_ES-DH-SpHeat-I | E38: =E35*0.5 -> 0.0027217326 | F38: =F35*0.5 -> 0.011464966 | G38: =G35*0.5 -> 0.0063228737 | H38: =H35*0.5 -> 0.008245656 | I38: =I35*0.5 -> 0.00576 | J38: =J35*0.5 -> 0.011953024 | K38: =K35*0.5 -> 0.0074435731 | L38: =L35*0.5 -> 0.011730904 | ... AO38: =AO35*0.5 -> 0.0078317568
A39: =A38 -> INPUT | B39: 2060 | C39: =C36 -> Rdw_Flat-New | D39: =D36 -> R_ES-FL-SpHeat-I | E39: =E36*0.5 -> 0.00071921901 | F39: =F36*0.5 -> 0.0026894335 | G39: =G36*0.5 -> 0.0019501395 | H39: =H36*0.5 -> 0.0042505776 | I39: =I36*0.5 -> 0.004644 | J39: =J36*0.5 -> 0.0028039214 | K39: =K36*0.5 -> 0.0019530591 | L39: =L36*0.5 -> 0.0027616384 | ... AO39: =AO36*0.5 -> 0.0013097384
A40: =A39 -> INPUT | B40: 2060 | C40: =C37 -> Rdw_SDetH-New | D40: =D37 -> R_ES-SD-SpHeat-I | E40: =E37*0.5 -> 0.00136125 | F40: =F37*0.5 -> 0.0057826321 | G40: =G37*0.5 -> 0.0031574388 | H40: =H37*0.5 -> 0.006039072 | I40: =I37*0.5 -> 0.00396 | J40: =J37*0.5 -> 0.0062187262 | K40: =K37*0.5 -> 0.0042960121 | L40: =L37*0.5 -> 0.0058624257 | ... AO40: =AO37*0.5 -> 0.0041156393
E42: AL | F42: AT | G42: BA | H42: BE | I42: BG | J42: CH | K42: CY | L42: CZ | M42: DE | N42: DK | O42: EE | P42: EL | Q42: ES | R42: FI | S42: FR | T42: HR | U42: HU | V42: IE | W42: IS | X42: IT | Y42: KS | Z42: LT | AA42: LU | AB42: LV | AC42: ME | AD42: MK | AE42: MT | AF42: NL | AG42: NO | AH42: PL | AI42: PT | AJ42: RO | AK42: RS | AL42: SE | AM42: SI | AN42: SK | AO42: UK
F43: AT | H43: BE | I43: BG | K43: CY | L43: CZ | M43: DE | N43: DK | O43: EE | P43: EL | Q43: ES | R43: FI | S43: FR | T43: HR | U43: HU | V43: IE | X43: IT | Z43: LT | AA43: LU | AB43: LV | AE43: MT | AF43: NL | AH43: PL | AI43: PT | AJ43: RO | AL43: SE | AM43: SI | AN43: SK | AO43: UK
D44: kwh/m2 | F44: 160 | H44: 32.26 | I44: 40 | K44: 100 | L44: 0 | M44: 36 | N44: 20 | O44: 50 | P44: 0 | Q44: 0 | R44: 0 | S44: 50 | T44: 62.79 | U44: 0 | V44: 45 | X44: 20.4 | Z44: 0 | AA44: 0 | AB44: 95 | AE44: 40 | AF44: 25 | AH44: 67.11 | AI44: 0 | AJ44: 105.5 | AL44: 58.25 | AM44: 80.71 | AN44: 0 | AO44: 0
D45: Code | E45: AL | F45: AT | G45: BA | H45: BE | I45: BG | J45: CH | K45: CY | L45: CZ | M45: DE | N45: DK | O45: EE | P45: EL | Q45: ES | R45: FI | S45: FR | T45: HR | U45: HU | V45: IE | W45: IS | X45: IT | Y45: KS | Z45: LT | AA45: LU | AB45: LV | AC45: ME | AD45: MK | AE45: MT | AF45: NL | AG45: NO | AH45: PL | AI45: PT | AJ45: RO | AK45: RS | AL45: SE | AM45: SI | AN45: SK | AO45: UK
C46: m2 | D46: SF Detached | E46: 114 | F46: 150 | G46: 86 | H46: 142 | I46: 80 | J46: 150 | K46: 114 | L46: 125 | M46: 134 | N46: 167 | O46: 107 | P46: 114 | Q46: 139 | R46: 121 | S46: 140 | T46: 86 | U46: 116 | V46: 147 | W46: 121 | X46: 137 | Y46: 86 | Z46: 121 | AA46: 109 | AB46: 120 | AC46: 114 | AD46: 86 | AE46: 124 | AF46: 143 | AG46: 156 | AH46: 120 | AI46: 145 | AJ46: 91 | AK46: 86 | AL46: 156 | AM46: 119 | AN46: 120 | AO46: 102
D47: Multi-family | E47: 73 | F47: 71.6 | G47: 63.6 | H47: 73.2 | I47: 64.5 | J47: 71.6 | K47: 73 | L47: 61 | M47: 62.7 | N47: 78.4 | O47: 47.8 | P47: 73 | Q47: 86.4 | R47: 56 | S47: 65.9 | T47: 63.6 | U47: 46.7 | V47: 66.5 | W47: 56 | X47: 90.8 | Y47: 63.6 | Z47: 51.6 | AA47: 85.8 | AB47: 51.5 | AC47: 73 | AD47: 63.6 | AE47: 85 | AF47: 75.8 | AG47: 66.8 | AH47: 52.5 | AI47: 96.7 | AJ47: 48 | AK47: 63.6 | AL47: 66.8 | AM47: 51.6 | AN47: 61.3 | AO47: 48.4
D48: SF Semi-detached | E48: 79 | F48: 102 | G48: 58 | H48: 104 | I48: 55 | J48: 107 | K48: 81 | L48: 86 | M48: 96 | N48: 115 | O48: 73 | P48: 79 | Q48: 103 | R48: 85 | S48: 99 | T48: 58 | U48: 79 | V48: 107 | W48: 86 | X48: 101 | Y48: 58 | Z48: 83 | AA48: 79 | AB48: 81 | AC48: 79 | AD48: 59 | AE48: 97 | AF48: 110 | AG48: 109 | AH48: 81 | AI48: 102 | AJ48: 61 | AK48: 58 | AL48: 107 | AM48: 80 | AN48: 81 | AO48: 77
C50: PJ/building | D50: SF Detached | F50: =F$44*F46*3.6/1000000 -> 0.0864 | H50: =H$44*H46*3.6/1000000 -> 0.016491312 | I50: =I$44*I46*3.6/1000000 -> 0.01152 | K50: =K$44*K46*3.6/1000000 -> 0.04104 | M50: =M$44*M46*3.6/1000000 -> 0.0173664 | N50: =N$44*N46*3.6/1000000 -> 0.012024 | O50: =O$44*O46*3.6/1000000 -> 0.01926 | S50: =S$44*S46*3.6/1000000 -> 0.0252 | T50: =T$44*T46*3.6/1000000 -> 0.019439784 | V50: =V$44*V46*3.6/1000000 -> 0.023814 | X50: =X$44*X46*3.6/1000000 -> 0.01006128 | AB50: =AB$44*AB46*3.6/1000000 -> 0.04104 | AE50: =AE$44*AE46*3.6/1000000 -> 0.017856 | AF50: =AF$44*AF46*3.6/1000000 -> 0.01287 | AH50: =AH$44*AH46*3.6/1000000 -> 0.02899152 | AJ50: =AJ$44*AJ46*3.6/1000000 -> 0.0345618 | AL50: =AL$44*AL46*3.6/1000000 -> 0.0327132 | AM50: =AM$44*AM46*3.6/1000000 -> 0.034576164
D51: Multi-family | F51: =F$44*F47*3.6/1000000 -> 0.0412416 | H51: =H$44*H47*3.6/1000000 -> 0.0085011552 | I51: =I$44*I47*3.6/1000000 -> 0.009288 | K51: =K$44*K47*3.6/1000000 -> 0.02628 | M51: =M$44*M47*3.6/1000000 -> 0.00812592 | N51: =N$44*N47*3.6/1000000 -> 0.0056448 | O51: =O$44*O47*3.6/1000000 -> 0.008604 | S51: =S$44*S47*3.6/1000000 -> 0.011862 | T51: =T$44*T47*3.6/1000000 -> 0.014376398 | V51: =V$44*V47*3.6/1000000 -> 0.010773 | X51: =X$44*X47*3.6/1000000 -> 0.006668352 | AB51: =AB$44*AB47*3.6/1000000 -> 0.017613 | AE51: =AE$44*AE47*3.6/1000000 -> 0.01224 | AF51: =AF$44*AF47*3.6/1000000 -> 0.006822 | AH51: =AH$44*AH47*3.6/1000000 -> 0.01268379 | AJ51: =AJ$44*AJ47*3.6/1000000 -> 0.0182304 | AL51: =AL$44*AL47*3.6/1000000 -> 0.01400796 | AM51: =AM$44*AM47*3.6/1000000 -> 0.01499269
D52: SF Semi-detached | F52: =F$44*F48*3.6/1000000 -> 0.058752 | H52: =H$44*H48*3.6/1000000 -> 0.012078144 | I52: =I$44*I48*3.6/1000000 -> 0.00792 | K52: =K$44*K48*3.6/1000000 -> 0.02916 | M52: =M$44*M48*3.6/1000000 -> 0.0124416 | N52: =N$44*N48*3.6/1000000 -> 0.00828 | O52: =O$44*O48*3.6/1000000 -> 0.01314 | S52: =S$44*S48*3.6/1000000 -> 0.01782 | T52: =T$44*T48*3.6/1000000 -> 0.013110552 | V52: =V$44*V48*3.6/1000000 -> 0.017334 | X52: =X$44*X48*3.6/1000000 -> 0.00741744 | AB52: =AB$44*AB48*3.6/1000000 -> 0.027702 | AE52: =AE$44*AE48*3.6/1000000 -> 0.013968 | AF52: =AF$44*AF48*3.6/1000000 -> 0.0099 | AH52: =AH$44*AH48*3.6/1000000 -> 0.019569276 | AJ52: =AJ$44*AJ48*3.6/1000000 -> 0.0231678 | AL52: =AL$44*AL48*3.6/1000000 -> 0.0224379 | AM52: =AM$44*AM48*3.6/1000000 -> 0.02324448

Sheet Retrofit control
C4: ~TFM_INS
C5: Attribute | D5: Other_Indexes | E5: PSET_PN | F5: CSET_CN | G5: Year | H5: AllRegions
C6: FLO_EMIS | D6: ="R_"&MID(E6,5,20) -> R_Flat | E6: Rdw_Flat | F6: Bldg_FLTPre* | G6: 1940,1957,1975,1985,1995,2004 | H6: 0 | M6: 45
C7: FLO_EMIS | D7: ="R_"&MID(E7,5,20) -> R_DetH | E7: Rdw_DetH | F7: Bldg_DETPre* | G7: 1940,1957,1975,1985,1995,2004 | H7: 0 | M7: 69
C8: FLO_EMIS | D8: =D7 -> R_DetH | E8: Rdw_DetH-70 | F8: Bldg_DETPre* | G8: 1940,1957,1975,1985,1995,2004 | H8: 0 | M8: 79
C9: FLO_EMIS | D9: ="R_"&MID(E9,5,20) -> R_SDetH | E9: Rdw_SDetH | F9: Bldg_SDEPre* | G9: 1940,1957,1975,1985,1995,2004 | H9: 0 | M9: 89 | N9: =G10 -> 1940
C10: FLO_EMIS | D10: ="R_"&MID(E10,5,20) -> R_Flat | E10: Rdw_Flat | F10: ="Bldg_FLTPre"&M6&"*" -> Bldg_FLTPre45* | G10: 1940 | H10: 1 | M10: 99 | N10: =N9&","&G11 -> 1940,1957
C11: FLO_EMIS | D11: ="R_"&MID(E11,5,20) -> R_Flat | E11: Rdw_Flat | F11: ="Bldg_FLTPre"&M7&"*" -> Bldg_FLTPre69* | G11: 1957 | H11: 1 | M11: 09 | N11: =N10&","&G12 -> 1940,1957,1975
C12: FLO_EMIS | D12: ="R_"&MID(E12,5,20) -> R_Flat | E12: Rdw_Flat | F12: ="Bldg_FLTPre"&M8&"*" -> Bldg_FLTPre79* | G12: 1975 | H12: 1 | M12: =M6 -> 45 | N12: =N11&","&G13 -> 1940,1957,1975,1985
C13: FLO_EMIS | D13: ="R_"&MID(E13,5,20) -> R_Flat | E13: Rdw_Flat | F13: ="Bldg_FLTPre"&M9&"*" -> Bldg_FLTPre89* | G13: 1985 | H13: 1 | M13: =M7 -> 69 | N13: =N12&","&G14 -> 1940,1957,1975,1985,1995
C14: FLO_EMIS | D14: ="R_"&MID(E14,5,20) -> R_Flat | E14: Rdw_Flat | F14: ="Bldg_FLTPre"&M10&"*" -> Bldg_FLTPre99* | G14: 1995 | H14: 1 | M14: =M8 -> 79 | N14: =N13&","&G15 -> 1940,1957,1975,1985,1995,2004
C15: FLO_EMIS | D15: ="R_"&MID(E15,5,20) -> R_Flat | E15: Rdw_Flat | F15: ="Bldg_FLTPre"&M11&"*" -> Bldg_FLTPre09* | G15: 2004 | H15: 1 | M15: =M9 -> 89
C16: FLO_EMIS | D16: ="R_"&MID(E16,5,20) -> R_DetH | E16: Rdw_DetH | F16: ="Bldg_DETPre"&M12&"*" -> Bldg_DETPre45* | G16: =G10 -> 1940 | H16: 1 | M16: =M10 -> 99
C17: FLO_EMIS | D17: ="R_"&MID(E17,5,20) -> R_DetH | E17: Rdw_DetH | F17: ="Bldg_DETPre"&M13&"*" -> Bldg_DETPre69* | G17: =G11 -> 1957 | H17: 1 | M17: =M11 -> 09
C18: FLO_EMIS | D18: R_DetH | E18: Rdw_DetH-70 | F18: ="Bldg_DETPre"&M14&"*" -> Bldg_DETPre79* | G18: =G12 -> 1975 | H18: 1 | M18: =M12 -> 45
C19: FLO_EMIS | D19: R_DetH | E19: Rdw_DetH-70 | F19: ="Bldg_DETPre"&M15&"*" -> Bldg_DETPre89* | G19: =G13 -> 1985 | H19: 1 | M19: =M13 -> 69
C20: FLO_EMIS | D20: R_DetH | E20: Rdw_DetH-70 | F20: ="Bldg_DETPre"&M16&"*" -> Bldg_DETPre99* | G20: =G14 -> 1995 | H20: 1 | M20: =M14 -> 79
C21: FLO_EMIS | D21: R_DetH | E21: Rdw_DetH-70 | F21: ="Bldg_DETPre"&M17&"*" -> Bldg_DETPre09* | G21: =G15 -> 2004 | H21: 1 | M21: =M15 -> 89
C22: FLO_EMIS | D22: ="R_"&MID(E22,5,20) -> R_SDetH | E22: Rdw_SDetH | F22: ="Bldg_SDEPre"&M18&"*" -> Bldg_SDEPre45* | G22: =G16 -> 1940 | H22: 1 | M22: =M16 -> 99
C23: FLO_EMIS | D23: ="R_"&MID(E23,5,20) -> R_SDetH | E23: Rdw_SDetH | F23: ="Bldg_SDEPre"&M19&"*" -> Bldg_SDEPre69* | G23: =G17 -> 1957 | H23: 1 | M23: =M17 -> 09
C24: FLO_EMIS | D24: ="R_"&MID(E24,5,20) -> R_SDetH | E24: Rdw_SDetH | F24: ="Bldg_SDEPre"&M20&"*" -> Bldg_SDEPre79* | G24: =G18 -> 1975 | H24: 1
C25: FLO_EMIS | D25: ="R_"&MID(E25,5,20) -> R_SDetH | E25: Rdw_SDetH | F25: ="Bldg_SDEPre"&M21&"*" -> Bldg_SDEPre89* | G25: =G19 -> 1985 | H25: 1
C26: FLO_EMIS | D26: ="R_"&MID(E26,5,20) -> R_SDetH | E26: Rdw_SDetH | F26: ="Bldg_SDEPre"&M22&"*" -> Bldg_SDEPre99* | G26: =G20 -> 1995 | H26: 1
C27: FLO_EMIS | D27: ="R_"&MID(E27,5,20) -> R_SDetH | E27: Rdw_SDetH | F27: ="Bldg_SDEPre"&M23&"*" -> Bldg_SDEPre09* | G27: =G21 -> 2004 | H27: 1
C30: ~TFM_TOPINS
C31: Attribute | D31: Other_Indexes | E31: PSET_PN | F31: CSET_CN | G31: Year | H31: AllRegions
E32: Rdw_Flat | F32: Bldg_FLTPre* | H32: OUT
E33: Rdw_DetH | F33: Bldg_DETPre45*,Bldg_DETPre69* | H33: OUT
E34: Rdw_DetH-70 | F34: Bldg_DETPre79*,Bldg_DETPre89*,Bldg_DETPre99*,Bldg_DETPre09* | H34: OUT
E35: Rdw_SDetH | F35: Bldg_SDEPre* | H35: OUT
H37: ='Data EU Buildings Observatory'!$E$33/100 -> 0.0095230769 | I37: ='Data EU Buildings Observatory'!E4/100 -> 0.0182 | J37: ='Data EU Buildings Observatory'!$E$33/100 -> 0.0095230769 | K37: ='Data EU Buildings Observatory'!E5/100 -> 0.0033 | L37: ='Data EU Buildings Observatory'!$E$33/100 -> 0.0095230769 | M37: ='Data EU Buildings Observatory'!$E$33/100 -> 0.0095230769 | N37: ='Data EU Buildings Observatory'!$E$33/100 -> 0.0095230769 | O37: ='Data EU Buildings Observatory'!E9/100 -> 0.0118 | P37: ='Data EU Buildings Observatory'!E14/100 -> 0.0149 | Q37: ='Data EU Buildings Observatory'!$E$33/100 -> 0.0095230769 | R37: ='Data EU Buildings Observatory'!$E$33/100 -> 0.0095230769 | S37: ='Data EU Buildings Observatory'!$E$33/100 -> 0.0095230769 | T37: ='Data EU Buildings Observatory'!$E$33/100 -> 0.0095230769 | U37: ='Data EU Buildings Observatory'!$E$33/100 -> 0.0095230769 | V37: ='Data EU Buildings Observatory'!E13/100 -> 0.0175 | W37: ='Data EU Buildings Observatory'!$E$33/100 -> 0.0095230769 | X37: ='Data EU Buildings Observatory'!$E$33/100 -> 0.0095230769 | Y37: ='Data EU Buildings Observatory'!$E$33/100 -> 0.0095230769 | Z37: ='Data EU Buildings Observatory'!$E$33/100 -> 0.0095230769 | AA37: ='Data EU Buildings Observatory'!E18/100 -> 0.0077 | AB37: ='Data EU Buildings Observatory'!$E$33/100 -> 0.0095230769 | AC37: ='Data EU Buildings Observatory'!E20/100 -> 0.0113 | AD37: ='Data EU Buildings Observatory'!$E$33/100 -> 0.0095230769 | AE37: ='Data EU Buildings Observatory'!$E$33/100 -> 0.0095230769 | AF37: ='Data EU Buildings Observatory'!$E$33/100 -> 0.0095230769 | AG37: ='Data EU Buildings Observatory'!$E$33/100 -> 0.0095230769 | AH37: ='Data EU Buildings Observatory'!$E$33/100 -> 0.0095230769 | AI37: ='Data EU Buildings Observatory'!E23/100 -> 0.011 | AJ37: ='Data EU Buildings Observatory'!$E$33/100 -> 0.0095230769 | AK37: ='Data EU Buildings Observatory'!E24/100 -> 0.0012 | AL37: ='Data EU Buildings Observatory'!$E$33/100 -> 0.0095230769 | AM37: ='Data EU Buildings Observatory'!$E$33/100 -> 0.0095230769 | AN37: ='Data EU Buildings Observatory'!$E$33/100 -> 0.0095230769 | AO37: ='Data EU Buildings Observatory'!$E$33/100 -> 0.0095230769 | AP37: ='Data EU Buildings Observatory'!$E$33/100 -> 0.0095230769 | AQ37: ='Data EU Buildings Observatory'!$E$33/100 -> 0.0095230769 | AR37: ='Data EU Buildings Observatory'!$E$33/100 -> 0.0095230769
B38: DEACTIVATED | H38: =H37-Stock!E12 -> 0.0075230769 | I38: =I37-Stock!F12 -> 0.0162 | J38: =J37-Stock!G12 -> 0.0075230769 | K38: =K37-Stock!H12 -> 0.0008 | L38: =L37-Stock!I12 -> 0.0075230769 | M38: =M37-Stock!J12 -> 0.0075230769 | N38: =N37-Stock!K12 -> 0.0075230769 | O38: =O37-Stock!L12 -> 0.0098 | ... AJ38: =AJ37-Stock!AG12 -> 0.0075230769 | AK38: 0.001 | AL38: =AL37-Stock!AI12 -> 0.0075230769 | AM38: =AM37-Stock!AJ12 -> 0.0075230769 | AN38: =AN37-Stock!AK12 -> 0.0075230769 | AO38: =AO37-Stock!AL12 -> 0.0083230769 | AP38: =AP37-Stock!AM12 -> 0.0075230769 | AQ38: =AQ37-Stock!AN12 -> 0.0075230769 | AR38: =AR37-Stock!AO12 -> 0.0050930769
B39: TFM_INS
B40: Attribute | C40: PSET_PN | D40: PSET_CI | E40: LimType | F40: Year | G40: Allregions | H40: AL | I40: AT | J40: BA | K40: BE | L40: BG | M40: CH | N40: CY | O40: CZ | P40: DE | Q40: DK | R40: EE | S40: EL | T40: ES | U40: FI | V40: FR | W40: HR | X40: HU | Y40: IE | Z40: IS | AA40: IT | AB40: KS | AC40: LT | AD40: LU | AE40: LV | AF40: ME | AG40: MK | AH40: MT | AI40: NL | AJ40: NO | AK40: PL | AL40: PT | AM40: RO | AN40: RS | AO40: SE | AP40: SI | AQ40: SK | AR40: UK
B41: CAP_BND | C41: *MG3,*MW2,*MR3 | D41: Bldg_DETPre45* | E41: LO | F41: 2012 | G41: 0
B42: CAP_BND | C42: *MG3,*MW2,*MR3 | D42: Bldg_DETPre69* | E42: LO | F42: 2012 | G42: 0
B43: CAP_BND | C43: *MG3,*MW2,*MR3 | D43: Bldg_DETPre79* | E43: LO | F43: 2012 | G43: 0
B44: CAP_BND | C44: *MG3,*MW2,*MR3 | D44: Bldg_DETPre89* | E44: LO | F44: 2012 | G44: 0
B45: CAP_BND | C45: *MG3,*MW2,*MR3 | D45: Bldg_DETPre99* | E45: LO | F45: 2012 | G45: 0
B46: CAP_BND | C46: *MG3,*MW2,*MR3 | D46: Bldg_FLTPre45* | E46: LO | F46: 2012 | G46: 0
B47: CAP_BND | C47: *MG3,*MW2,*MR3 | D47: Bldg_FLTPre69* | E47: LO | F47: 2012 | G47: 0
B48: CAP_BND | C48: *MG3,*MW2,*MR3 | D48: Bldg_FLTPre79* | E48: LO | F48: 2012 | G48: 0
B49: CAP_BND | C49: *MG3,*MW2,*MR3 | D49: Bldg_FLTPre89* | E49: LO | F49: 2012 | G49: 0
B50: CAP_BND | C50: *MG3,*MW2,*MR3 | D50: Bldg_FLTPre99* | E50: LO | F50: 2012 | G50: 0
B51: CAP_BND | C51: *MG3,*MW2,*MR3 | D51: Bldg_SDEPre45* | E51: LO | F51: 2012 | G51: 0
B52: CAP_BND | C52: *MG3,*MW2,*MR3 | D52: Bldg_SDEPre69* | E52: LO | F52: 2012 | G52: 0
... B55: CAP_BND | C55: *MG3,*MW2,*MR3 | D55: Bldg_SDEPre99* | E55: LO | F55: 2012 | G55: 0
B56: CAP_BND | C56: *MG3,*MW2,*MR3 | D56: Bldg_DETPre45* | E56: LO | F56: 2060 | H56: =(1+FV(-H$38,($F$56-$F$41),0,100,1)/100)*H146 -> 2.1605836 | I56: =(1+FV(-I$38,($F$56-$F$41),0,100,1)/100)*I146 -> 132.98793 | J56: =(1+FV(-J$38,($F$56-$F$41),0,100,1)/100)*J146 -> 8.8500472 | K56: =(1+FV(-K$38,($F$56-$F$41),0,100,1)/100)*K146 -> 14.172538 | L56: =(1+FV(-L$38,($F$56-$F$41),0,100,1)/100)*L146 -> 26.531204 | M56: =(1+FV(-M$38,($F$56-$F$41),0,100,1)/100)*M146 -> 61.683722 | N56: =(1+FV(-N$38,($F$56-$F$41),0,100,1)/100)*N146 -> 0.97409339 | O56: =(1+FV(-O$38,($F$56-$F$41),0,100,1)/100)*O146 -> 93.356455 | ... AR56: =(1+FV(-AR$38,($F$56-$F$41),0,100,1)/100)*AR146 -> 336.67034
B57: CAP_BND | C57: *MG3,*MW2,*MR3 | D57: Bldg_DETPre69* | E57: LO | F57: 2060 | H57: =(1+FV(-H$38,($F$56-$F$41),0,100,1)/100)*H147 -> 7.863141 | I57: =(1+FV(-I$38,($F$56-$F$41),0,100,1)/100)*I147 -> 160.45343 | J57: =(1+FV(-J$38,($F$56-$F$41),0,100,1)/100)*J147 -> 20.205631 | K57: =(1+FV(-K$38,($F$56-$F$41),0,100,1)/100)*K147 -> 7.873632 | L57: =(1+FV(-L$38,($F$56-$F$41),0,100,1)/100)*L147 -> 54.923677 | M57: =(1+FV(-M$38,($F$56-$F$41),0,100,1)/100)*M147 -> 74.423034 | N57: =(1+FV(-N$38,($F$56-$F$41),0,100,1)/100)*N147 -> 3.2455261 | O57: =(1+FV(-O$38,($F$56-$F$41),0,100,1)/100)*O147 -> 126.79249 | ... AR57: =(1+FV(-AR$38,($F$56-$F$41),0,100,1)/100)*AR147 -> 211.84435
B58: CAP_BND | C58: *MG3,*MW2,*MR3 | D58: Bldg_DETPre79* | E58: LO | F58: 2060 | H58: =(1+FV(-H$38,($F$56-$F$41),0,100,1)/100)*H148 -> 6.26548 | I58: =(1+FV(-I$38,($F$56-$F$41),0,100,1)/100)*I148 -> 82.557394 | J58: =(1+FV(-J$38,($F$56-$F$41),0,100,1)/100)*J148 -> 15.085672 | K58: =(1+FV(-K$38,($F$56-$F$41),0,100,1)/100)*K148 -> 4.2611131 | L58: =(1+FV(-L$38,($F$56-$F$41),0,100,1)/100)*L148 -> 31.8442 | M58: =(1+FV(-M$38,($F$56-$F$41),0,100,1)/100)*M148 -> 38.292554 | N58: =(1+FV(-N$38,($F$56-$F$41),0,100,1)/100)*N148 -> 4.3935592 | O58: =(1+FV(-O$38,($F$56-$F$41),0,100,1)/100)*O148 -> 51.95357 | ... AR58: =(1+FV(-AR$38,($F$56-$F$41),0,100,1)/100)*AR148 -> 93.068698
B59: CAP_BND | C59: *MG3,*MW2,*MR3 | D59: Bldg_DETPre89* | E59: LO | F59: 2060 | H59: =(1+FV(-H$38,($F$56-$F$41),0,100,1)/100)*H149 -> 4.7961522 | I59: =(1+FV(-I$38,($F$56-$F$41),0,100,1)/100)*I149 -> 65.504382 | J59: =(1+FV(-J$38,($F$56-$F$41),0,100,1)/100)*J149 -> 12.749768 | K59: =(1+FV(-K$38,($F$56-$F$41),0,100,1)/100)*K149 -> 4.2611131 | L59: =(1+FV(-L$38,($F$56-$F$41),0,100,1)/100)*L149 -> 30.007937 | M59: =(1+FV(-M$38,($F$56-$F$41),0,100,1)/100)*M149 -> 30.382864 | N59: =(1+FV(-N$38,($F$56-$F$41),0,100,1)/100)*N149 -> 6.3426487 | O59: =(1+FV(-O$38,($F$56-$F$41),0,100,1)/100)*O149 -> 60.219148 | ... AR59: =(1+FV(-AR$38,($F$56-$F$41),0,100,1)/100)*AR149 -> 66.07808
B60: CAP_BND | C60: *MG3,*MW2,*MR3 | D60: Bldg_DETPre99* | E60: LO | F60: 2060 | H60: =(1+FV(-H$38,($F$56-$F$41),0,100,1)/100)*H150 -> 3.2266043 | I60: =(1+FV(-I$38,($F$56-$F$41),0,100,1)/100)*I150 -> 78.180723 | J60: =(1+FV(-J$38,($F$56-$F$41),0,100,1)/100)*J150 -> 6.2491361 | K60: =(1+FV(-K$38,($F$56-$F$41),0,100,1)/100)*K150 -> 3.1388236 | L60: =(1+FV(-L$38,($F$56-$F$41),0,100,1)/100)*L150 -> 17.330122 | M60: =(1+FV(-M$38,($F$56-$F$41),0,100,1)/100)*M150 -> 36.262525 | N60: =(1+FV(-N$38,($F$56-$F$41),0,100,1)/100)*N150 -> 5.4690566 | O60: =(1+FV(-O$38,($F$56-$F$41),0,100,1)/100)*O150 -> 31.084679 | ... AR60: =(1+FV(-AR$38,($F$56-$F$41),0,100,1)/100)*AR150 -> 66.07808
B61: CAP_BND | C61: *MG3,*MW2,*MR3 | D61: Bldg_FLTPre45* | E61: LO | F61: 2060 | H61: =(1+FV(-H$38,($F$56-$F$41),0,100,1)/100)*H151 -> 4.9776618 | I61: =(1+FV(-I$38,($F$56-$F$41),0,100,1)/100)*I151 -> 192.33582 | J61: =(1+FV(-J$38,($F$56-$F$41),0,100,1)/100)*J151 -> 10.757557 | K61: =(1+FV(-K$38,($F$56-$F$41),0,100,1)/100)*K151 -> 13.503505 | L61: =(1+FV(-L$38,($F$56-$F$41),0,100,1)/100)*L151 -> 33.419949 | M61: =(1+FV(-M$38,($F$56-$F$41),0,100,1)/100)*M151 -> 120.81556 | N61: =(1+FV(-N$38,($F$56-$F$41),0,100,1)/100)*N151 -> 0.76881332 | O61: =(1+FV(-O$38,($F$56-$F$41),0,100,1)/100)*O151 -> 200.70326 | ... AR61: =(1+FV(-AR$38,($F$56-$F$41),0,100,1)/100)*AR151 -> 347.02843
B62: CAP_BND | C62: *MG3,*MW2,*MR3 | D62: Bldg_FLTPre69* | E62: LO | F62: 2060 | H62: =(1+FV(-H$38,($F$56-$F$41),0,100,1)/100)*H152 -> 18.115502 | I62: =(1+FV(-I$38,($F$56-$F$41),0,100,1)/100)*I152 -> 232.05822 | J62: =(1+FV(-J$38,($F$56-$F$41),0,100,1)/100)*J152 -> 24.560686 | K62: =(1+FV(-K$38,($F$56-$F$41),0,100,1)/100)*K152 -> 7.5019474 | L62: =(1+FV(-L$38,($F$56-$F$41),0,100,1)/100)*L152 -> 69.18444 | M62: =(1+FV(-M$38,($F$56-$F$41),0,100,1)/100)*M152 -> 145.76716 | N62: =(1+FV(-N$38,($F$56-$F$41),0,100,1)/100)*N152 -> 2.5615652 | O62: =(1+FV(-O$38,($F$56-$F$41),0,100,1)/100)*O152 -> 272.58604 | ... AR62: =(1+FV(-AR$38,($F$56-$F$41),0,100,1)/100)*AR152 -> 218.36201
B63: CAP_BND | C63: *MG3,*MW2,*MR3 | D63: Bldg_FLTPre79* | E63: LO | F63: 2060 | H63: =(1+FV(-H$38,($F$56-$F$41),0,100,1)/100)*H153 -> 14.43473 | I63: =(1+FV(-I$38,($F$56-$F$41),0,100,1)/100)*I153 -> 119.39989 | J63: =(1+FV(-J$38,($F$56-$F$41),0,100,1)/100)*J153 -> 18.337188 | K63: =(1+FV(-K$38,($F$56-$F$41),0,100,1)/100)*K153 -> 4.059962 | L63: =(1+FV(-L$38,($F$56-$F$41),0,100,1)/100)*L153 -> 40.112448 | M63: =(1+FV(-M$38,($F$56-$F$41),0,100,1)/100)*M153 -> 75.00093 | N63: =(1+FV(-N$38,($F$56-$F$41),0,100,1)/100)*N153 -> 3.4676622 | O63: =(1+FV(-O$38,($F$56-$F$41),0,100,1)/100)*O153 -> 111.69287 | ... AR63: =(1+FV(-AR$38,($F$56-$F$41),0,100,1)/100)*AR153 -> 95.932074
B64: CAP_BND | C64: *MG3,*MW2,*MR3 | D64: Bldg_FLTPre89* | E64: LO | F64: 2060 | H64: =(1+FV(-H$38,($F$56-$F$41),0,100,1)/100)*H154 -> 11.049618 | I64: =(1+FV(-I$38,($F$56-$F$41),0,100,1)/100)*I154 -> 94.736711 | J64: =(1+FV(-J$38,($F$56-$F$41),0,100,1)/100)*J154 -> 15.49781 | K64: =(1+FV(-K$38,($F$56-$F$41),0,100,1)/100)*K154 -> 4.059962 | L64: =(1+FV(-L$38,($F$56-$F$41),0,100,1)/100)*L154 -> 37.799405 | M64: =(1+FV(-M$38,($F$56-$F$41),0,100,1)/100)*M154 -> 59.508777 | N64: =(1+FV(-N$38,($F$56-$F$41),0,100,1)/100)*N154 -> 5.0060013 | O64: =(1+FV(-O$38,($F$56-$F$41),0,100,1)/100)*O154 -> 129.46271 | ... AR64: =(1+FV(-AR$38,($F$56-$F$41),0,100,1)/100)*AR154 -> 68.111055
B65: CAP_BND | C65: *MG3,*MW2,*MR3 | D65: Bldg_FLTPre99* | E65: LO | F65: 2060 | H65: =(1+FV(-H$38,($F$56-$F$41),0,100,1)/100)*H155 -> 7.4336143 | I65: =(1+FV(-I$38,($F$56-$F$41),0,100,1)/100)*I155 -> 113.07006 | J65: =(1+FV(-J$38,($F$56-$F$41),0,100,1)/100)*J155 -> 7.596054 | K65: =(1+FV(-K$38,($F$56-$F$41),0,100,1)/100)*K155 -> 2.9906515 | L65: =(1+FV(-L$38,($F$56-$F$41),0,100,1)/100)*L155 -> 21.829835 | M65: =(1+FV(-M$38,($F$56-$F$41),0,100,1)/100)*M155 -> 71.024855 | N65: =(1+FV(-N$38,($F$56-$F$41),0,100,1)/100)*N155 -> 4.3165097 | O65: =(1+FV(-O$38,($F$56-$F$41),0,100,1)/100)*O155 -> 66.827691 | ... AR65: =(1+FV(-AR$38,($F$56-$F$41),0,100,1)/100)*AR155 -> 68.111055
B66: CAP_BND | C66: *MG3,*MW2,*MR3 | D66: Bldg_SDEPre45* | E66: LO | F66: 2060 | H66: =(1+FV(-H$38,($F$56-$F$41),0,100,1)/100)*H156 -> 1.2216384 | I66: =(1+FV(-I$38,($F$56-$F$41),0,100,1)/100)*I156 -> 61.628551 | J66: =(1+FV(-J$38,($F$56-$F$41),0,100,1)/100)*J156 -> 3.1672258 | K66: =(1+FV(-K$38,($F$56-$F$41),0,100,1)/100)*K156 -> 23.646363 | L66: =(1+FV(-L$38,($F$56-$F$41),0,100,1)/100)*L156 -> 14.419132 | M66: =(1+FV(-M$38,($F$56-$F$41),0,100,1)/100)*M156 -> 69.199806 | N66: =(1+FV(-N$38,($F$56-$F$41),0,100,1)/100)*N156 -> 0.99481878 | O66: =(1+FV(-O$38,($F$56-$F$41),0,100,1)/100)*O156 -> 55.336286 | ... AR66: =(1+FV(-AR$38,($F$56-$F$41),0,100,1)/100)*AR156 -> 1168.8377
B67: CAP_BND | C67: *MG3,*MW2,*MR3 | D67: Bldg_SDEPre69* | E67: LO | F67: 2060 | H67: =(1+FV(-H$38,($F$56-$F$41),0,100,1)/100)*H157 -> 4.4459816 | I67: =(1+FV(-I$38,($F$56-$F$41),0,100,1)/100)*I157 -> 74.356469 | J67: =(1+FV(-J$38,($F$56-$F$41),0,100,1)/100)*J157 -> 7.2311249 | K67: =(1+FV(-K$38,($F$56-$F$41),0,100,1)/100)*K157 -> 13.136868 | L67: =(1+FV(-L$38,($F$56-$F$41),0,100,1)/100)*L157 -> 29.849824 | M67: =(1+FV(-M$38,($F$56-$F$41),0,100,1)/100)*M157 -> 83.491387 | N67: =(1+FV(-N$38,($F$56-$F$41),0,100,1)/100)*N157 -> 3.3145799 | O67: =(1+FV(-O$38,($F$56-$F$41),0,100,1)/100)*O157 -> 75.155227 | ... AR67: =(1+FV(-AR$38,($F$56-$F$41),0,100,1)/100)*AR157 -> 735.47217
... B70: CAP_BND | C70: *MG3,*MW2,*MR3 | D70: Bldg_SDEPre99* | E70: LO | F70: 2060 | H70: =(1+FV(-H$38,($F$56-$F$41),0,100,1)/100)*H160 -> 1.8243884 | I70: =(1+FV(-I$38,($F$56-$F$41),0,100,1)/100)*I160 -> 36.230091 | J70: =(1+FV(-J$38,($F$56-$F$41),0,100,1)/100)*J160 -> 2.2364203 | K70: =(1+FV(-K$38,($F$56-$F$41),0,100,1)/100)*K160 -> 5.2370129 | L70: =(1+FV(-L$38,($F$56-$F$41),0,100,1)/100)*L160 -> 9.4185446 | M70: =(1+FV(-M$38,($F$56-$F$41),0,100,1)/100)*M160 -> 40.681068 | N70: =(1+FV(-N$38,($F$56-$F$41),0,100,1)/100)*N160 -> 5.5854195 | O70: =(1+FV(-O$38,($F$56-$F$41),0,100,1)/100)*O160 -> 18.425193 | ... AR70: =(1+FV(-AR$38,($F$56-$F$41),0,100,1)/100)*AR160 -> 229.40706
B71: CAP_BND | C71: *MG3,*MW2,*MR3 | D71: Bldg_DETPre45* | E71: LO | F71: 0 | G71: 15
B72: CAP_BND | C72: *MG3,*MW2,*MR3 | D72: Bldg_DETPre69* | E72: LO | F72: 0 | G72: 15
B73: CAP_BND | C73: *MG3,*MW2,*MR3 | D73: Bldg_DETPre79* | E73: LO | F73: 0 | G73: 15
B74: CAP_BND | C74: *MG3,*MW2,*MR3 | D74: Bldg_DETPre89* | E74: LO | F74: 0 | G74: 15
B75: CAP_BND | C75: *MG3,*MW2,*MR3 | D75: Bldg_DETPre99* | E75: LO | F75: 0 | G75: 15
B76: CAP_BND | C76: *MG3,*MW2,*MR3 | D76: Bldg_FLTPre45* | E76: LO | F76: 0 | G76: 15
B77: CAP_BND | C77: *MG3,*MW2,*MR3 | D77: Bldg_FLTPre69* | E77: LO | F77: 0 | G77: 15
B78: CAP_BND | C78: *MG3,*MW2,*MR3 | D78: Bldg_FLTPre79* | E78: LO | F78: 0 | G78: 15
B79: CAP_BND | C79: *MG3,*MW2,*MR3 | D79: Bldg_FLTPre89* | E79: LO | F79: 0 | G79: 15
B80: CAP_BND | C80: *MG3,*MW2,*MR3 | D80: Bldg_FLTPre99* | E80: LO | F80: 0 | G80: 15
B81: CAP_BND | C81: *MG3,*MW2,*MR3 | D81: Bldg_SDEPre45* | E81: LO | F81: 0 | G81: 15
B82: CAP_BND | C82: *MG3,*MW2,*MR3 | D82: Bldg_SDEPre69* | E82: LO | F82: 0 | G82: 15
... B85: CAP_BND | C85: *MG3,*MW2,*MR3 | D85: Bldg_SDEPre99* | E85: LO | F85: 0 | G85: 15
B88: ~TFM_INS
B89: Attribute | C89: PSET_PN | D89: PSET_CI | E89: LimType | F89: Year | G89: Allregions | H89: AL | I89: AT | J89: BA | K89: BE | L89: BG | M89: CH | N89: CY | O89: CZ | P89: DE | Q89: DK | R89: EE | S89: EL | T89: ES | U89: FI | V89: FR | W89: HR | X89: HU | Y89: IE | Z89: IS | AA89: IT | AB89: KS | AC89: LT | AD89: LU | AE89: LV | AF89: ME | AG89: MK | AH89: MT | AI89: NL | AJ89: NO | AK89: PL | AL89: PT | AM89: RO | AN89: RS | AO89: SE | AP89: SI | AQ89: SK | AR89: UK
B90: CAP_BND | D90: Bldg_DETPre45* | E90: UP | F90: 2015 | G90: 0
B91: CAP_BND | D91: Bldg_DETPre69* | E91: UP | F91: 2015 | G91: 0
B92: CAP_BND | D92: Bldg_DETPre79* | E92: UP | F92: 2015 | G92: 0
B93: CAP_BND | D93: Bldg_DETPre89* | E93: UP | F93: 2015 | G93: 0
B94: CAP_BND | D94: Bldg_DETPre99* | E94: UP | F94: 2015 | G94: 0
B95: CAP_BND | D95: Bldg_FLTPre45* | E95: UP | F95: 2015 | G95: 0
B96: CAP_BND | D96: Bldg_FLTPre69* | E96: UP | F96: 2015 | G96: 0
B97: CAP_BND | D97: Bldg_FLTPre79* | E97: UP | F97: 2015 | G97: 0
B98: CAP_BND | D98: Bldg_FLTPre89* | E98: UP | F98: 2015 | G98: 0
B99: CAP_BND | D99: Bldg_FLTPre99* | E99: UP | F99: 2015 | G99: 0
B100: CAP_BND | D100: Bldg_SDEPre45* | E100: UP | F100: 2015 | G100: 0
B101: CAP_BND | D101: Bldg_SDEPre69* | E101: UP | F101: 2015 | G101: 0
... B107: CAP_BND | D107: Bldg_SDEPre09* | E107: UP | F107: 2015 | G107: 0
B108: CAP_BND | D108: Bldg_DETPre45* | E108: UP | F108: 2060 | H108: =H146 -> 7.1060889 | I108: =I146 -> 244.72894 | J108: =J146 -> 29.107516 | K108: =K146 -> 376.06049 | L108: =L146 -> 87.260262 | M108: =M146 -> 202.87575 | N108: =N146 -> 3.2037613 | O108: =O146 -> 247.83002 | ... AR108: =AR146 -> 1548.8514
B109: CAP_BND | D109: Bldg_DETPre69* | E109: UP | F109: 2060 | H109: =H147 -> 25.861614 | I109: =I147 -> 295.27191 | J109: =J147 -> 66.455662 | K109: =K147 -> 208.92249 | L109: =L147 -> 180.64218 | M109: =M147 -> 244.77493 | N109: =N147 -> 10.674429 | O109: =O147 -> 336.59146 | ... AR109: =AR147 -> 974.58961
B110: CAP_BND | D110: Bldg_DETPre79* | E110: UP | F110: 2060 | H110: =H148 -> 20.606959 | I110: =I148 -> 151.92494 | J110: =J148 -> 49.616283 | K110: =K148 -> 113.06629 | L110: =L148 -> 104.73453 | M110: =M148 -> 125.94296 | N110: =N148 -> 14.450273 | O110: =O148 -> 137.91927 | ... AR110: =AR148 -> 428.1624
B111: CAP_BND | D111: Bldg_DETPre89* | E111: UP | F111: 2060 | H111: =H149 -> 15.774388 | I111: =I149 -> 120.54341 | J111: =J149 -> 41.93357 | K111: =K149 -> 113.06629 | L111: =L149 -> 98.695125 | M111: =M149 -> 99.928247 | N111: =N149 -> 20.860764 | O111: =O149 -> 159.8616 | ... AR111: =AR149 -> 303.9921
B112: CAP_BND | D112: Bldg_DETPre99* | E112: UP | F112: 2060 | H112: =H150 -> 10.612196 | I112: =I150 -> 143.87085 | J112: =J150 -> 20.553205 | K112: =K150 -> 83.286957 | L112: =L150 -> 56.998206 | M112: =M150 -> 119.26626 | N112: =N150 -> 17.987549 | O112: =O150 -> 82.519378 | ... AR112: =AR150 -> 303.9921
B113: CAP_BND | D113: Bldg_FLTPre45* | E113: UP | F113: 2060 | H113: =H151 -> 16.371367 | I113: =I151 -> 353.94296 | J113: =J151 -> 35.381253 | K113: =K151 -> 358.30809 | L113: =L151 -> 109.91712 | M113: =M151 -> 397.35844 | N113: =N151 -> 2.5286019 | O113: =O151 -> 532.79971 | ... AR113: =AR151 -> 1596.5038
B114: CAP_BND | D114: Bldg_FLTPre69* | E114: UP | F114: 2060 | H114: =H152 -> 59.581295 | I114: =I152 -> 427.04149 | J114: =J152 -> 80.779293 | K114: =K152 -> 199.06005 | L114: =L152 -> 227.54536 | M114: =M152 -> 479.42342 | N114: =N152 -> 8.4249042 | O114: =O152 -> 723.62433 | ... AR114: =AR152 -> 1004.5741
B115: CAP_BND | D115: Bldg_FLTPre79* | E115: UP | F115: 2060 | H115: =H153 -> 47.475355 | I115: =I153 -> 219.72377 | J115: =J153 -> 60.310411 | K115: =K153 -> 107.72886 | L115: =L153 -> 131.92853 | M115: =M153 -> 246.67561 | N115: =N153 -> 11.405028 | O115: =O153 -> 296.50705 | ... AR115: =AR153 -> 441.33536
B116: CAP_BND | D116: Bldg_FLTPre89* | E116: UP | F116: 2060 | H116: =H154 -> 36.341833 | I116: =I154 -> 174.33774 | J116: =J154 -> 50.971791 | K116: =K154 -> 107.72886 | L116: =L154 -> 124.32101 | M116: =M154 -> 195.72242 | N116: =N154 -> 16.464575 | O116: =O154 -> 343.67998 | ... AR116: =AR154 -> 313.34481
B117: CAP_BND | D117: Bldg_FLTPre99* | E117: UP | F117: 2060 | H117: =H155 -> 24.448915 | I117: =I155 -> 208.0754 | J117: =J155 -> 24.983174 | K117: =K155 -> 79.355293 | L117: =L155 -> 71.797614 | M117: =M155 -> 233.59843 | N117: =N155 -> 14.196859 | O117: =O155 -> 177.40507 | ... AR117: =AR155 -> 313.34481
B118: CAP_BND | D118: Bldg_SDEPre45* | E118: UP | F118: 2060 | H118: =H156 -> 4.0179288 | I118: =I156 -> 113.41097 | J118: =J156 -> 10.416902 | K118: =K156 -> 627.44324 | L118: =L156 -> 47.424056 | M118: =M156 -> 227.5959 | N118: =N156 -> 3.2719265 | O118: =O156 -> 146.89924 | ... AR118: =AR156 -> 5377.2362
B119: CAP_BND | D119: Bldg_SDEPre69* | E119: UP | F119: 2060 | H119: =H157 -> 14.622688 | I119: =I157 -> 136.83332 | J119: =J157 -> 23.782934 | K119: =K157 -> 348.57958 | L119: =L157 -> 98.175097 | M119: =M157 -> 274.60044 | N119: =N157 -> 10.901545 | O119: =O157 -> 199.51187 | ... AR119: =AR157 -> 3383.5386
...

Sheet ServBldg
A1: scenario | B1: attribute | C1: process | D1: commodity | E1: lim_type | F1: time_slice | G1: year | H1: commodity_group | I1: currency | J1: stage | K1: sow | L1: AL | M1: AT | N1: BA | O1: BE | P1: BG | Q1: CH | R1: CY | S1: CZ | T1: DE | U1: DK | V1: EE | W1: EL | X1: ES | Y1: FI | Z1: FR | AA1: HR | AB1: HU | AC1: IE | AD1: IS | AE1: IT | AF1: KS | AG1: LT | AH1: LU | AI1: LV | AJ1: ME | AK1: MK | AL1: MT | AM1: NL | AN1: NO | AO1: PL | AP1: PT | AQ1: RO | AR1: RS | AS1: SE | AT1: SI | AU1: SK | AV1: UK | AW1: year2
A2: BASE | B2: PASTI | C2: NRbldg-HoRest | D2: - | E2: - | F2: - | G2: 2010 | H2: - | I2: - | J2: - | K2: - | L2: 0.67999038 | M2: 36.346694 | N2: 0.78448403 | O2: 12.595736 | P2: 1.2 | Q2: 42.373017 | R2: 3.1671023 | S2: 1.479 | T2: 284.6 | U2: 5.321 | V2: 0.572 | W2: 26.057 | X2: 36.218 | Y2: 5.986 | Z2: 64.119 | AA2: 8.778 | AB2: 28.463 | AC2: 6.5120185 | AD2: 0.327157 | AE2: 41.389 | AF2: 0.42918684 | AG2: 2.2448779 | AH2: 1.3372518 | AI2: 1.431 | AJ2: 0.0063291183 | AK2: 0.83488342 | AL2: 0.72452379 | AM2: 13.352 | AN2: 4.5773726 | AO2: 42.693 | AP2: 6.4496276 | AQ2: 5.17 | AR2: 2.8944364 | AS2: 6.458 | AT2: 3.005 | AU2: 5.605 | AV2: 67.399 | AW2: -
A3: BASE | B3: PASTI | C3: NRbldg-Hosp | D3: - | E3: - | F3: - | G3: 2010 | H3: - | I3: - | J3: - | K3: - | L3: 0.27767906 | M3: 4.5699691 | N3: 0.67945644 | O3: 25.700716 | P3: 4.04 | Q3: 5.6389075 | R3: 0.25635962 | S3: 5.142 | T3: 64.374 | U3: 3.667 | V3: 0.538 | W3: 1.96 | X3: 19.056 | Y3: 8.426 | Z3: 116.864 | AA3: 3.15 | AB3: 11.236 | AC3: 2.795731 | AD3: 1.0744942 | AE3: 31.03842 | AF3: 0.22316242 | AG3: 2.79273 | AH3: 1.1946465 | AI3: 1.328 | AJ3: 0.0029917815 | AK3: 0.49677716 | AL3: 0.047529948 | AM3: 5.416 | AN3: 11.750651 | AO3: 10.248 | AP3: 3.4200713 | AQ3: 9.25 | AR3: 2.0523983 | AS3: 19.147 | AT3: 1.243 | AU3: 6.73 | AV3: 23.268 | AW3: -
A4: BASE | B4: PASTI | C4: NRbldg-Offic | D4: - | E4: - | F4: - | G4: 2010 | H4: - | I4: - | J4: - | K4: - | L4: 2.0700539 | M4: 50.124228 | N4: 5.0876389 | O4: 86.946263 | P4: 37.7 | Q4: 61.966293 | R4: 9.1045149 | S4: 48.025 | T4: 554.86356 | U4: 73.372 | V4: 3.914 | W4: 69.816 | X4: 138.112 | Y4: 28.1 | Z4: 394.472 | AA4: 11.62 | AB4: 21.008 | AC4: 27.684687 | AD4: 5.0529767 | AE4: 129.9292 | AF4: 1.7091305 | AG4: 19.599047 | AH4: 6.9747372 | AI4: 8.557 | AJ4: 0.020712536 | AK4: 3.6710913 | AL4: 1.4940635 | AM4: 51.41 | AN4: 43.450124 | AO4: 190.147 | AP4: 24.921274 | AQ4: 25.244 | AR4: 15.43375 | AS4: 83.274 | AT4: 10.908 | AU4: 20.61 | AV4: 229.84 | AW4: -
A5: BASE | B5: PASTI | C5: NRbldg-ShopL | D5: - | E5: - | F5: - | G5: 2010 | H5: - | I5: - | J5: - | K5: - | L5: 0.53191942 | M5: 8.4983247 | N5: 1.338477 | O5: 23.28575 | P5: 7.0763683 | Q5: 10.524958 | R5: 1.7202745 | S5: 9.5258804 | T5: 307.79178 | U5: 7.5360152 | V5: 1.1174708 | W5: 12.93074 | X5: 35.896456 | Y5: 19.244247 | Z5: 103.597 | AA5: 1.4346741 | AB5: 15.641193 | AC5: 24.238728 | AD5: 0.50228381 | AE5: 69.018754 | AF5: 0.44652662 | AG5: 5.2975677 | AH5: 2.4194108 | AI5: 1.319 | AJ5: 0.0053180311 | AK5: 0.95399758 | AL5: 0.26461103 | AM5: 44.4385 | AN5: 4.4465439 | AO5: 57.973601 | AP5: 6.4727724 | AQ5: 11.068166 | AR5: 4.0535138 | AS5: 8.2929241 | AT5: 3.1581048 | AU5: 0.18084052 | AV5: 197.75987 | AW5: -
A6: BASE | B6: PASTI | C6: NRbldg-ShopS | D6: - | E6: - | F6: - | G6: 2010 | H6: - | I6: - | J6: - | K6: - | L6: 0.63597383 | M6: 5.5527245 | N6: 1.6003107 | O6: 23.28575 | P6: 4.6236317 | Q6: 6.8769077 | R6: 2.0567957 | S6: 6.2241196 | T6: 201.10822 | U6: 6.3629848 | V6: 0.94352915 | W6: 15.46026 | X6: 42.918544 | Y6: 16.248753 | Z6: 103.597 | AA6: 1.7153259 | AB6: 10.219807 | AC6: 10.016883 | AD6: 0.42410003 | AE6: 82.520246 | AF6: 0.53387644 | AG6: 3.4613803 | AH6: 1.58082 | AI6: 1.319 | AJ6: 0.0063583476 | AK6: 1.1406192 | AL6: 0.3163744 | AM6: 44.4385 | AN6: 3.7544101 | AO6: 37.879399 | AP6: 7.7389802 | AQ6: 7.2318343 | AR6: 4.8464646 | AS6: 7.0020759 | AT6: 3.7758952 | AU6: 0.11815948 | AV6: 81.726133 | AW6: -
A7: BASE | B7: PASTI | C7: NRbldg-SpoRecr | D7: - | E7: - | F7: - | G7: 2010 | H7: - | I7: - | J7: - | K7: - | L7: 1.2251088 | M7: 9.2284821 | N7: 2.4992714 | O7: 26.524349 | P7: 9.203 | Q7: 11.12723 | R7: 1.7546386 | S7: 18.342 | T7: 42.835 | U7: 26.236 | V7: 4.93 | W7: 13.755 | X7: 77.796 | Y7: 29.114 | Z7: 124.723 | AA7: 5.502 | AB7: 12.184 | AC7: 14.780186 | AD7: 1.6069015 | AE7: 73.418 | AF7: 0.91928834 | AG7: 1.8338121 | AH7: 1.4392123 | AI7: 2.622 | AJ7: 0.012533803 | AK7: 1.9740459 | AL7: 0.34474724 | AM7: 135.764 | AN7: 16.555728 | AO7: 46.439 | AP7: 13.948119 | AQ7: 1.375 | AR7: 7.8449332 | AS7: 28.326 | AT7: 5.433 | AU7: 4.906 | AV7: 136.105 | AW7: -

Sheet ServBldg Projection
C4: ~TFM_DINS
C5: Attribute | D5: Year | E5: CSET_CN | F5: =ServBldg!L1 -> AL | G5: =ServBldg!M1 -> AT | H5: =ServBldg!N1 -> BA | I5: =ServBldg!O1 -> BE | J5: =ServBldg!P1 -> BG | K5: =ServBldg!Q1 -> CH | L5: =ServBldg!R1 -> CY | M5: =ServBldg!S1 -> CZ | ... AP5: =ServBldg!AV1 -> UK
A6: NRbldg-HoRest | C6: COM_PROJ | D6: 2010 | E6: NR_HoRest | F6: =SUMIF(ServBldg!$C$2:$C$42,'ServBldg Projection'!$A6,ServBldg!L$2:L$42) -> 0.67999038 | G6: =SUMIF(ServBldg!$C$2:$C$42,'ServBldg Projection'!$A6,ServBldg!M$2:M$42) -> 36.346694 | H6: =SUMIF(ServBldg!$C$2:$C$42,'ServBldg Projection'!$A6,ServBldg!N$2:N$42) -> 0.78448403 | I6: =SUMIF(ServBldg!$C$2:$C$42,'ServBldg Projection'!$A6,ServBldg!O$2:O$42) -> 12.595736 | J6: =SUMIF(ServBldg!$C$2:$C$42,'ServBldg Projection'!$A6,ServBldg!P$2:P$42) -> 1.2 | K6: =SUMIF(ServBldg!$C$2:$C$42,'ServBldg Projection'!$A6,ServBldg!Q$2:Q$42) -> 42.373017 | L6: =SUMIF(ServBldg!$C$2:$C$42,'ServBldg Projection'!$A6,ServBldg!R$2:R$42) -> 3.1671023 | M6: =SUMIF(ServBldg!$C$2:$C$42,'ServBldg Projection'!$A6,ServBldg!S$2:S$42) -> 1.479 | ... AP6: =SUMIF(ServBldg!$C$2:$C$42,'ServBldg Projection'!$A6,ServBldg!AV$2:AV$42) -> 67.399
A7: NRbldg-Hosp | C7: COM_PROJ | D7: 2010 | E7: NR_Hosp | F7: =SUMIF(ServBldg!$C$2:$C$42,'ServBldg Projection'!$A7,ServBldg!L$2:L$42) -> 0.27767906 | G7: =SUMIF(ServBldg!$C$2:$C$42,'ServBldg Projection'!$A7,ServBldg!M$2:M$42) -> 4.5699691 | H7: =SUMIF(ServBldg!$C$2:$C$42,'ServBldg Projection'!$A7,ServBldg!N$2:N$42) -> 0.67945644 | I7: =SUMIF(ServBldg!$C$2:$C$42,'ServBldg Projection'!$A7,ServBldg!O$2:O$42) -> 25.700716 | J7: =SUMIF(ServBldg!$C$2:$C$42,'ServBldg Projection'!$A7,ServBldg!P$2:P$42) -> 4.04 | K7: =SUMIF(ServBldg!$C$2:$C$42,'ServBldg Projection'!$A7,ServBldg!Q$2:Q$42) -> 5.6389075 | L7: =SUMIF(ServBldg!$C$2:$C$42,'ServBldg Projection'!$A7,ServBldg!R$2:R$42) -> 0.25635962 | M7: =SUMIF(ServBldg!$C$2:$C$42,'ServBldg Projection'!$A7,ServBldg!S$2:S$42) -> 5.142 | ... AP7: =SUMIF(ServBldg!$C$2:$C$42,'ServBldg Projection'!$A7,ServBldg!AV$2:AV$42) -> 23.268
A8: NRbldg-Offic | C8: COM_PROJ | D8: 2010 | E8: NR_Offic | F8: =SUMIF(ServBldg!$C$2:$C$42,'ServBldg Projection'!$A8,ServBldg!L$2:L$42) -> 2.0700539 | G8: =SUMIF(ServBldg!$C$2:$C$42,'ServBldg Projection'!$A8,ServBldg!M$2:M$42) -> 50.124228 | H8: =SUMIF(ServBldg!$C$2:$C$42,'ServBldg Projection'!$A8,ServBldg!N$2:N$42) -> 5.0876389 | I8: =SUMIF(ServBldg!$C$2:$C$42,'ServBldg Projection'!$A8,ServBldg!O$2:O$42) -> 86.946263 | J8: =SUMIF(ServBldg!$C$2:$C$42,'ServBldg Projection'!$A8,ServBldg!P$2:P$42) -> 37.7 | K8: =SUMIF(ServBldg!$C$2:$C$42,'ServBldg Projection'!$A8,ServBldg!Q$2:Q$42) -> 61.966293 | L8: =SUMIF(ServBldg!$C$2:$C$42,'ServBldg Projection'!$A8,ServBldg!R$2:R$42) -> 9.1045149 | M8: =SUMIF(ServBldg!$C$2:$C$42,'ServBldg Projection'!$A8,ServBldg!S$2:S$42) -> 48.025 | ... AP8: =SUMIF(ServBldg!$C$2:$C$42,'ServBldg Projection'!$A8,ServBldg!AV$2:AV$42) -> 229.84
A9: NRbldg-ShopL | C9: COM_PROJ | D9: 2010 | E9: NR_ShopL | F9: =SUMIF(ServBldg!$C$2:$C$42,'ServBldg Projection'!$A9,ServBldg!L$2:L$42) -> 0.53191942 | G9: =SUMIF(ServBldg!$C$2:$C$42,'ServBldg Projection'!$A9,ServBldg!M$2:M$42) -> 8.4983247 | H9: =SUMIF(ServBldg!$C$2:$C$42,'ServBldg Projection'!$A9,ServBldg!N$2:N$42) -> 1.338477 | I9: =SUMIF(ServBldg!$C$2:$C$42,'ServBldg Projection'!$A9,ServBldg!O$2:O$42) -> 23.28575 | J9: =SUMIF(ServBldg!$C$2:$C$42,'ServBldg Projection'!$A9,ServBldg!P$2:P$42) -> 7.0763683 | K9: =SUMIF(ServBldg!$C$2:$C$42,'ServBldg Projection'!$A9,ServBldg!Q$2:Q$42) -> 10.524958 | L9: =SUMIF(ServBldg!$C$2:$C$42,'ServBldg Projection'!$A9,ServBldg!R$2:R$42) -> 1.7202745 | M9: =SUMIF(ServBldg!$C$2:$C$42,'ServBldg Projection'!$A9,ServBldg!S$2:S$42) -> 9.5258804 | ... AP9: =SUMIF(ServBldg!$C$2:$C$42,'ServBldg Projection'!$A9,ServBldg!AV$2:AV$42) -> 197.75987
A10: NRbldg-ShopS | C10: COM_PROJ | D10: 2010 | E10: NR_ShopS | F10: =SUMIF(ServBldg!$C$2:$C$42,'ServBldg Projection'!$A10,ServBldg!L$2:L$42) -> 0.63597383 | G10: =SUMIF(ServBldg!$C$2:$C$42,'ServBldg Projection'!$A10,ServBldg!M$2:M$42) -> 5.5527245 | H10: =SUMIF(ServBldg!$C$2:$C$42,'ServBldg Projection'!$A10,ServBldg!N$2:N$42) -> 1.6003107 | I10: =SUMIF(ServBldg!$C$2:$C$42,'ServBldg Projection'!$A10,ServBldg!O$2:O$42) -> 23.28575 | J10: =SUMIF(ServBldg!$C$2:$C$42,'ServBldg Projection'!$A10,ServBldg!P$2:P$42) -> 4.6236317 | K10: =SUMIF(ServBldg!$C$2:$C$42,'ServBldg Projection'!$A10,ServBldg!Q$2:Q$42) -> 6.8769077 | L10: =SUMIF(ServBldg!$C$2:$C$42,'ServBldg Projection'!$A10,ServBldg!R$2:R$42) -> 2.0567957 | M10: =SUMIF(ServBldg!$C$2:$C$42,'ServBldg Projection'!$A10,ServBldg!S$2:S$42) -> 6.2241196 | ... AP10: =SUMIF(ServBldg!$C$2:$C$42,'ServBldg Projection'!$A10,ServBldg!AV$2:AV$42) -> 81.726133
A11: NRbldg-SpoRecr | C11: COM_PROJ | D11: 2010 | E11: NR_SpoRecr | F11: =SUMIF(ServBldg!$C$2:$C$42,'ServBldg Projection'!$A11,ServBldg!L$2:L$42) -> 1.2251088 | G11: =SUMIF(ServBldg!$C$2:$C$42,'ServBldg Projection'!$A11,ServBldg!M$2:M$42) -> 9.2284821 | H11: =SUMIF(ServBldg!$C$2:$C$42,'ServBldg Projection'!$A11,ServBldg!N$2:N$42) -> 2.4992714 | I11: =SUMIF(ServBldg!$C$2:$C$42,'ServBldg Projection'!$A11,ServBldg!O$2:O$42) -> 26.524349 | J11: =SUMIF(ServBldg!$C$2:$C$42,'ServBldg Projection'!$A11,ServBldg!P$2:P$42) -> 9.203 | K11: =SUMIF(ServBldg!$C$2:$C$42,'ServBldg Projection'!$A11,ServBldg!Q$2:Q$42) -> 11.12723 | L11: =SUMIF(ServBldg!$C$2:$C$42,'ServBldg Projection'!$A11,ServBldg!R$2:R$42) -> 1.7546386 | M11: =SUMIF(ServBldg!$C$2:$C$42,'ServBldg Projection'!$A11,ServBldg!S$2:S$42) -> 18.342 | ... AP11: =SUMIF(ServBldg!$C$2:$C$42,'ServBldg Projection'!$A11,ServBldg!AV$2:AV$42) -> 136.105
C12: =C6 -> COM_PROJ | D12: 2060 | E12: =E6 -> NR_HoRest | F12: =F6*(1+F21) -> 0.84998797 | G12: =G6*(1+G21) -> 45.433367 | H12: =H6*(1+H21) -> 0.98060504 | I12: =I6*(1+I21) -> 15.744669 | J12: =J6*(1+J21) -> 1.5 | K12: =K6*(1+K21) -> 52.966271 | L12: =L6*(1+L21) -> 3.9588779 | M12: =M6*(1+M21) -> 1.84875 | ... AP12: =AP6*(1+AP21) -> 84.24875
C13: =C7 -> COM_PROJ | D13: 2060 | E13: =E7 -> NR_Hosp | F13: =F7*(1+F22) -> 0.34709882 | G13: =G7*(1+G22) -> 5.7124613 | H13: =H7*(1+H22) -> 0.84932054 | I13: =I7*(1+I22) -> 32.125895 | J13: =J7*(1+J22) -> 5.05 | K13: =K7*(1+K22) -> 7.0486344 | L13: =L7*(1+L22) -> 0.32044952 | M13: =M7*(1+M22) -> 6.4275 | ... AP13: =AP7*(1+AP22) -> 29.085
C14: =C8 -> COM_PROJ | D14: 2060 | E14: =E8 -> NR_Offic | F14: =F8*(1+F23) -> 2.5875673 | G14: =G8*(1+G23) -> 62.655284 | H14: =H8*(1+H23) -> 6.3595487 | I14: =I8*(1+I23) -> 108.68283 | J14: =J8*(1+J23) -> 47.125 | K14: =K8*(1+K23) -> 77.457866 | L14: =L8*(1+L23) -> 11.380644 | M14: =M8*(1+M23) -> 60.03125 | ... AP14: =AP8*(1+AP23) -> 287.3
C15: =C9 -> COM_PROJ | D15: 2060 | E15: =E9 -> NR_ShopL | F15: =F9*(1+F24) -> 0.66489928 | G15: =G9*(1+G24) -> 10.622906 | H15: =H9*(1+H24) -> 1.6730963 | I15: =I9*(1+I24) -> 29.107188 | J15: =J9*(1+J24) -> 8.8454603 | K15: =K9*(1+K24) -> 13.156198 | L15: =L9*(1+L24) -> 2.1503432 | M15: =M9*(1+M24) -> 11.90735 | ... AP15: =AP9*(1+AP24) -> 247.19983
C16: =C10 -> COM_PROJ | D16: 2060 | E16: =E10 -> NR_ShopS | F16: =F10*(1+F25) -> 0.79496729 | G16: =G10*(1+G25) -> 6.9409057 | H16: =H10*(1+H25) -> 2.0003884 | I16: =I10*(1+I25) -> 29.107188 | J16: =J10*(1+J25) -> 5.7795397 | K16: =K10*(1+K25) -> 8.5961347 | L16: =L10*(1+L25) -> 2.5709946 | M16: =M10*(1+M25) -> 7.7801496 | ... AP16: =AP10*(1+AP25) -> 102.15767
C17: =C11 -> COM_PROJ | D17: 2060 | E17: =E11 -> NR_SpoRecr | F17: =F11*(1+F26) -> 1.531386 | G17: =G11*(1+G26) -> 11.535603 | H17: =H11*(1+H26) -> 3.1240892 | I17: =I11*(1+I26) -> 33.155437 | J17: =J11*(1+J26) -> 11.50375 | K17: =K11*(1+K26) -> 13.909038 | L17: =L11*(1+L26) -> 2.1932982 | M17: =M11*(1+M26) -> 22.9275 | ... AP17: =AP11*(1+AP26) -> 170.13125
E20: Assumption | F20: AL | G20: AT | H20: BA | I20: BE | J20: BG | K20: CH | L20: CY | M20: CZ | N20: DE | O20: DK | P20: EE | Q20: EL | R20: ES | S20: FI | T20: FR | U20: HR | V20: HU | W20: IE | X20: IS | Y20: IT | Z20: KS | AA20: LT | AB20: LU | AC20: LV | AD20: ME | AE20: MK | AF20: MT | AG20: NL | AH20: NO | AI20: PL | AJ20: PT | AK20: RO | AL20: RS | AM20: SE | AN20: SI | AO20: SK | AP20: UK
B21: Growth - 2010 to 2060 | E21: NR_HoRest | F21: 0.25 | G21: 0.25 | H21: 0.25 | I21: 0.25 | J21: 0.25 | K21: 0.25 | L21: 0.25 | M21: 0.25 | N21: 0.25 | O21: 0.25 | P21: 0.25 | Q21: 0.25 | R21: 0.25 | S21: 0.25 | T21: 0.25 | U21: 0.25 | V21: 0.25 | W21: 0.25 | X21: 0.25 | Y21: 0.25 | Z21: 0.25 | AA21: 0.25 | AB21: 0.25 | AC21: 0.25 | AD21: 0.25 | AE21: 0.25 | AF21: 0.25 | AG21: 0.25 | AH21: 0.25 | AI21: 0.25 | AJ21: 0.25 | AK21: 0.25 | AL21: 0.25 | AM21: 0.25 | AN21: 0.25 | AO21: 0.25 | AP21: 0.25
E22: NR_Hosp | F22: 0.25 | G22: 0.25 | H22: 0.25 | I22: 0.25 | J22: 0.25 | K22: 0.25 | L22: 0.25 | M22: 0.25 | N22: 0.25 | O22: 0.25 | P22: 0.25 | Q22: 0.25 | R22: 0.25 | S22: 0.25 | T22: 0.25 | U22: 0.25 | V22: 0.25 | W22: 0.25 | X22: 0.25 | Y22: 0.25 | Z22: 0.25 | AA22: 0.25 | AB22: 0.25 | AC22: 0.25 | AD22: 0.25 | AE22: 0.25 | AF22: 0.25 | AG22: 0.25 | AH22: 0.25 | AI22: 0.25 | AJ22: 0.25 | AK22: 0.25 | AL22: 0.25 | AM22: 0.25 | AN22: 0.25 | AO22: 0.25 | AP22: 0.25
E23: NR_Offic | F23: 0.25 | G23: 0.25 | H23: 0.25 | I23: 0.25 | J23: 0.25 | K23: 0.25 | L23: 0.25 | M23: 0.25 | N23: 0.25 | O23: 0.25 | P23: 0.25 | Q23: 0.25 | R23: 0.25 | S23: 0.25 | T23: 0.25 | U23: 0.25 | V23: 0.25 | W23: 0.25 | X23: 0.25 | Y23: 0.25 | Z23: 0.25 | AA23: 0.25 | AB23: 0.25 | AC23: 0.25 | AD23: 0.25 | AE23: 0.25 | AF23: 0.25 | AG23: 0.25 | AH23: 0.25 | AI23: 0.25 | AJ23: 0.25 | AK23: 0.25 | AL23: 0.25 | AM23: 0.25 | AN23: 0.25 | AO23: 0.25 | AP23: 0.25
E24: NR_ShopL | F24: 0.25 | G24: 0.25 | H24: 0.25 | I24: 0.25 | J24: 0.25 | K24: 0.25 | L24: 0.25 | M24: 0.25 | N24: 0.25 | O24: 0.25 | P24: 0.25 | Q24: 0.25 | R24: 0.25 | S24: 0.25 | T24: 0.25 | U24: 0.25 | V24: 0.25 | W24: 0.25 | X24: 0.25 | Y24: 0.25 | Z24: 0.25 | AA24: 0.25 | AB24: 0.25 | AC24: 0.25 | AD24: 0.25 | AE24: 0.25 | AF24: 0.25 | AG24: 0.25 | AH24: 0.25 | AI24: 0.25 | AJ24: 0.25 | AK24: 0.25 | AL24: 0.25 | AM24: 0.25 | AN24: 0.25 | AO24: 0.25 | AP24: 0.25
E25: NR_ShopS | F25: 0.25 | G25: 0.25 | H25: 0.25 | I25: 0.25 | J25: 0.25 | K25: 0.25 | L25: 0.25 | M25: 0.25 | N25: 0.25 | O25: 0.25 | P25: 0.25 | Q25: 0.25 | R25: 0.25 | S25: 0.25 | T25: 0.25 | U25: 0.25 | V25: 0.25 | W25: 0.25 | X25: 0.25 | Y25: 0.25 | Z25: 0.25 | AA25: 0.25 | AB25: 0.25 | AC25: 0.25 | AD25: 0.25 | AE25: 0.25 | AF25: 0.25 | AG25: 0.25 | AH25: 0.25 | AI25: 0.25 | AJ25: 0.25 | AK25: 0.25 | AL25: 0.25 | AM25: 0.25 | AN25: 0.25 | AO25: 0.25 | AP25: 0.25
E26: NR_SpoRecr | F26: 0.25 | G26: 0.25 | H26: 0.25 | I26: 0.25 | J26: 0.25 | K26: 0.25 | L26: 0.25 | M26: 0.25 | N26: 0.25 | O26: 0.25 | P26: 0.25 | Q26: 0.25 | R26: 0.25 | S26: 0.25 | T26: 0.25 | U26: 0.25 | V26: 0.25 | W26: 0.25 | X26: 0.25 | Y26: 0.25 | Z26: 0.25 | AA26: 0.25 | AB26: 0.25 | AC26: 0.25 | AD26: 0.25 | AE26: 0.25 | AF26: 0.25 | AG26: 0.25 | AH26: 0.25 | AI26: 0.25 | AJ26: 0.25 | AK26: 0.25 | AL26: 0.25 | AM26: 0.25 | AN26: 0.25 | AO26: 0.25 | AP26: 0.25

Sheet Data EU Buildings Observatory
B2: Annual share of residential buildings undergoing major renovation
C3: ISO code | D3: Unit | F3: 2011 | G3: 2012 | H3: 2013 | I3: 2014 | J3: 2015 | K3: Source | L3: Long source | M3: Link | N3: Data quality | P3: Comment
B4: Austria | C4: AT | D4: % | E4: =G4 -> 1.82 | F4: - | G4: 1.82 | H4: - | I4: - | J4: - | K4: ZEBRA2020 | L4: Nearly Zero-Energy Building Strategy 2020 | M4: http://www.zebra-monitoring.enerdata.eu/overall-building-activities/share-of-new-dwellings-in-residential-stock.html#equivalent-major-renovation-rate.html | N4: 4
B5: Belgium | C5: BE | D5: % | E5: =I5 -> 0.33 | F5: - | G5: - | H5: - | I5: 0.33 | J5: - | K5: ZEBRA2020 | L5: Nearly Zero-Energy Building Strategy 2020 | M5: http://www.zebra-monitoring.enerdata.eu/overall-building-activities/share-of-new-dwellings-in-residential-stock.html#equivalent-major-renovation-rate.html | N5: 4
B6: Bulgaria | C6: BG | D6: % | F6: - | G6: - | H6: - | I6: - | J6: -
B7: Croatia | C7: HR | D7: % | F7: - | G7: - | H7: - | I7: - | J7: -
B8: Cyprus | C8: CY | D8: % | F8: - | G8: - | H8: - | I8: - | J8: -
B9: Czech Republic | C9: CZ | D9: % | E9: =G9 -> 1.18 | F9: - | G9: 1.18 | H9: - | I9: - | J9: - | K9: ZEBRA2020 | L9: Nearly Zero-Energy Building Strategy 2020 | M9: http://www.zebra-monitoring.enerdata.eu/overall-building-activities/share-of-new-dwellings-in-residential-stock.html#equivalent-major-renovation-rate.html | N9: 4
B10: Denmark | C10: DK | D10: % | F10: - | G10: - | H10: - | I10: - | J10: -
B11: Estonia | C11: EE | D11: % | F11: - | G11: - | H11: - | I11: - | J11: -
B12: Finland | C12: FI | D12: % | F12: - | G12: - | H12: - | I12: - | J12: -
B13: France | C13: FR | D13: % | E13: =H13 -> 1.75 | F13: 1.88 | G13: 1.76 | H13: 1.75 | I13: - | J13: - | K13: ZEBRA2020 | L13: Nearly Zero-Energy Building Strategy 2020 | M13: http://www.zebra-monitoring.enerdata.eu/overall-building-activities/share-of-new-dwellings-in-residential-stock.html#equivalent-major-renovation-rate.html | N13: 4
B14: Germany | C14: DE | D14: % | E14: =I14 -> 1.49 | F14: - | G14: - | H14: - | I14: 1.49 | J14: - | K14: ZEBRA2020 | L14: Nearly Zero-Energy Building Strategy 2020 | M14: http://www.zebra-monitoring.enerdata.eu/overall-building-activities/share-of-new-dwellings-in-residential-stock.html#equivalent-major-renovation-rate.html | N14: 4
B15: Greece | C15: EL | D15: % | F15: - | G15: - | H15: - | I15: - | J15: -
B16: Hungary | C16: HU | D16: % | F16: - | G16: - | H16: - | I16: - | J16: -
B17: Ireland | C17: IE | D17: % | F17: - | G17: - | H17: - | I17: - | J17: -
B18: Italy | C18: IT | D18: % | E18: =G18 -> 0.77 | F18: - | G18: 0.77 | H18: - | I18: - | J18: - | K18: ZEBRA2020 | L18: Nearly Zero-Energy Building Strategy 2020 | M18: http://www.zebra-monitoring.enerdata.eu/overall-building-activities/share-of-new-dwellings-in-residential-stock.html#equivalent-major-renovation-rate.html | N18: 4
B19: Latvia | C19: LV | D19: % | F19: - | G19: - | H19: - | I19: - | J19: -
B20: Lithuania | C20: LT | D20: % | E20: =I20 -> 1.13 | F20: - | G20: - | H20: - | I20: 1.13 | J20: - | K20: ZEBRA2020 | L20: Nearly Zero-Energy Building Strategy 2020 | M20: http://www.zebra-monitoring.enerdata.eu/overall-building-activities/share-of-new-dwellings-in-residential-stock.html#equivalent-major-renovation-rate.html | N20: 4
B21: Luxembourg | C21: LU | D21: % | F21: - | G21: - | H21: - | I21: - | J21: -
B22: Malta | C22: MT | D22: % | F22: - | G22: - | H22: - | I22: - | J22: -
B23: Netherlands | C23: NL | D23: % | E23: =I23 -> 1.1 | F23: - | G23: - | H23: - | I23: 1.1 | J23: - | K23: ZEBRA | L23: Nearly Zero-Energy Building Strategy 2020 and Odyssee | M23: http://zebra2020.eu/ | N23: 4
B24: Poland | C24: PL | D24: % | E24: =H24 -> 0.12 | F24: 0.13 | G24: 0.13 | H24: 0.12 | I24: - | J24: - | K24: ZEBRA2020 | L24: Nearly Zero-Energy Building Strategy 2020 | M24: http://www.zebra-monitoring.enerdata.eu/overall-building-activities/share-of-new-dwellings-in-residential-stock.html#equivalent-major-renovation-rate.html | N24: 4
B25: Portugal | C25: PT | D25: % | F25: - | G25: - | H25: - | I25: - | J25: -
B26: Romania | C26: RO | D26: % | E26: =I26 -> 0.47 | F26: - | G26: - | H26: - | I26: 0.47 | J26: - | K26: ZEBRA2020 | L26: Nearly Zero-Energy Building Strategy 2020 | M26: http://www.zebra-monitoring.enerdata.eu/overall-building-activities/share-of-new-dwellings-in-residential-stock.html#equivalent-major-renovation-rate.html | N26: 4
B27: Slovakia | C27: SK | D27: % | E27: =I27 -> 1.26 | F27: - | G27: - | H27: - | I27: 1.26 | J27: - | K27: ZEBRA2020 | L27: Nearly Zero-Energy Building Strategy 2020 | M27: http://www.zebra-monitoring.enerdata.eu/overall-building-activities/share-of-new-dwellings-in-residential-stock.html#equivalent-major-renovation-rate.html | N27: 4
B28: Slovenia | C28: SI | D28: % | F28: - | G28: - | H28: - | I28: - | J28: -
B29: Spain | C29: ES | D29: % | E29: =I29 -> 0.08 | F29: - | G29: - | H29: - | I29: 0.08 | J29: - | K29: ZEBRA2020 | L29: Nearly Zero-Energy Building Strategy 2020 | M29: http://www.zebra-monitoring.enerdata.eu/overall-building-activities/share-of-new-dwellings-in-residential-stock.html#equivalent-major-renovation-rate.html | N29: 4
B30: Sweden | C30: SE | D30: % | E30: =H30 -> 0.88 | F30: - | G30: - | H30: 0.88 | I30: - | J30: - | K30: ZEBRA2020 | L30: Nearly Zero-Energy Building Strategy 2020 | M30: http://www.zebra-monitoring.enerdata.eu/overall-building-activities/share-of-new-dwellings-in-residential-stock.html#equivalent-major-renovation-rate.html | N30: 4
B31: United Kingdom | C31: UK | D31: % | F31: - | G31: - | H31: - | I31: - | J31: -
B32: EU28 | C32: EU-28 | D32: % | F32: - | G32: - | H32: - | I32: - | J32: -
E33: =AVERAGE(E4:E32) -> 0.95230769
B34: Maximum primary energy performance of NZEB for residential
C35: ISO code | D35: Unit | F35: 2011 | G35: 2012 | H35: 2013 | I35: 2014 | J35: 2015 | K35: Source | L35: Long source | M35: Link | N35: Data quality | O35: Comment
B36: Austria | C36: AT | D36: kWh/m² | E36: =MIN(F36:J36) -> 160 | F36: - | G36: - | H36: - | I36: 160 | J36: 160 | K36: OIB | M36: https://www.oib.or.at/ | N36: 5
B37: Belgium | C37: BE | D37: kWh/m² | E37: =MIN(F37:J37) -> 32.26 | F37: - | G37: - | H37: - | I37: - | J37: 32.26 | K37: EPISCOPE | L37: Episcope/Tabula | M37: http://episcope.eu/welcome/ | N37: 4 | O37: Weighted average between building stock and performance for Brusself and Flanders<br /> Brussels region:45 , Flanders region: <=30
B38: Bulgaria | C38: BG | D38: kWh/m² | E38: =MIN(F38:J38) -> 40 | F38: - | G38: 40 | H38: 40 | I38: 40 | J38: 40 | K38: EPISCOPE | L38: Episcope/Tabula | M38: http://episcope.eu/welcome/ | N38: 4
B39: Croatia | C39: HR | D39: kWh/m² | E39: =MIN(F39:J39) -> 62.79 | F39: - | G39: - | H39: - | I39: - | J39: 62.79 | K39: Estimation | N39: 1
B40: Cyprus | C40: CY | D40: kWh/m² | E40: =MIN(F40:J40) -> 100 | F40: - | G40: - | H40: - | I40: 100 | J40: 100 | K40: EPISCOPE | L40: Episcope/Tabula | M40: http://episcope.eu/welcome/ | N40: 4
B41: Czech Republic | C41: CZ | D41: kWh/m² | E41: =MIN(F41:J41) -> 0 | F41: - | G41: - | H41: - | I41: - | J41: -
B42: Denmark | C42: DK | D42: kWh/m² | E42: =MIN(F42:J42) -> 20 | F42: - | G42: - | H42: - | I42: 20 | J42: 20 | K42: EPBD | L42: EPBD | M42: http://www.epbd-ca.eu/wp-content/uploads/2016/01/Overview_of_NZEB_definitions.pdf | N42: 3
B43: Estonia | C43: EE | D43: kWh/m² | E43: =MIN(F43:J43) -> 50 | F43: - | G43: - | H43: - | I43: 50 | J43: 50 | K43: EPBD | L43: EPBD | M43: http://www.epbd-ca.eu/wp-content/uploads/2016/01/Overview_of_NZEB_definitions.pdf | N43: 3
B44: Finland | C44: FI | D44: kWh/m² | E44: =MIN(F44:J44) -> 0 | F44: - | G44: - | H44: - | I44: - | J44: -
B45: France | C45: FR | D45: kWh/m² | E45: =MIN(F45:J45) -> 50 | F45: - | G45: - | H45: 50 | I45: 50 | J45: 50 | K45: ZEBRA2020 | L45: Nearly Zero-Energy Building Strategy 2020 | M45: http://www.zebra-monitoring.enerdata.eu/ | N45: 4
B46: Germany | C46: DE | D46: kWh/m² | E46: =MIN(F46:J46) -> 36 | F46: 36 | G46: 36 | H46: 36 | I46: - | J46: - | K46: Schimschar et al. | L46: Schimschar et al. (Ecofys) | M46: http://www.sciencedirect.com/science/article/pii/S0301421511002096 | N46: 5 | O46: Schimschat et al. (2011), Gemany's path towards zero-energy buildings - Enabling the greenhouse gas mitigation potential in the building stock ~ KfW EH55 (EnEV 2009)
B47: Greece | C47: EL | D47: kWh/m² | E47: =MIN(F47:J47) -> 0 | F47: - | G47: - | H47: - | I47: - | J47: -
B48: Hungary | C48: HU | D48: kWh/m² | E48: =MIN(F48:J48) -> 0 | F48: - | G48: - | H48: - | I48: - | J48: -
B49: Ireland | C49: IE | D49: kWh/m² | E49: =MIN(F49:J49) -> 45 | F49: - | G49: - | H49: - | I49: 45 | J49: 45 | K49: EPBD | L49: EPBD and Odyssee | M49: http://www.epbd-ca.eu/wp-content/uploads/2016/01/Overview_of_NZEB_definitions.pdf | N49: 3
B50: Italy | C50: IT | D50: kWh/m² | E50: =MIN(F50:J50) -> 20.4 | F50: - | G50: - | H50: - | I50: 20.4 | J50: - | K50: CENED | L50: Certificazione Energetica degli EDifici and Odyssee | M50: http://www.cened.it/home | N50: 4
B51: Latvia | C51: LV | D51: kWh/m² | E51: =MIN(F51:J51) -> 95 | F51: - | G51: - | H51: - | I51: 95 | J51: 95 | K51: EPBD | L51: EPBD and Odyssee | M51: http://www.epbd-ca.eu/wp-content/uploads/2016/01/Overview_of_NZEB_definitions.pdf | N51: 3 | O51: Calculation with data from EPBD and Odyssee
B52: Lithuania | C52: LT | D52: kWh/m² | E52: =MIN(F52:J52) -> 0 | F52: - | G52: - | H52: - | I52: - | J52: -
B53: Luxembourg | C53: LU | D53: kWh/m² | E53: =MIN(F53:J53) -> 0 | F53: - | G53: - | H53: - | I53: - | J53: -
B54: Malta | C54: MT | D54: kWh/m² | E54: =MIN(F54:J54) -> 40 | F54: - | G54: - | H54: - | I54: 40 | J54: 40 | K54: EPBD | L54: EPBD and Odyssee | M54: http://www.epbd-ca.eu/wp-content/uploads/2016/01/Overview_of_NZEB_definitions.pdf | N54: 3 | O54: Calculation with data from EPBD and Odyssee
B55: Netherlands | C55: NL | D55: kWh/m² | E55: =MIN(F55:J55) -> 25 | F55: - | G55: - | H55: - | I55: - | J55: 25 | K55: BZK | L55: Ministerie van Binnenlandse Zaken en Koninkrijksrelaties | M55: https://www.rijksoverheid.nl/ministeries/ministerie-van-binnenlandse-zaken-en-koninkrijksrelaties | N55: 4
B56: Poland | C56: PL | D56: kWh/m² | E56: =MIN(F56:J56) -> 67.11 | F56: - | G56: - | H56: - | I56: - | J56: 67.11 | K56: Estimation | N56: 1 | O56: Weighted average
B57: Portugal | C57: PT | D57: kWh/m² | E57: =MIN(F57:J57) -> 0 | F57: - | G57: - | H57: - | I57: - | J57: -
B58: Romania | C58: RO | D58: kWh/m² | E58: =MIN(F58:J58) -> 105.5 | F58: - | G58: - | H58: - | I58: 105.5 | J58: - | K58: MDRAP | L58: Ministerul Dezvoltarii Regionale si Administratiei Publice | M58: http://www.mdrap.ro/constructii/metodologia-de-calcul-al-performantei-energetice-a-cladirilor | N58: 5
B59: Slovakia | C59: SK | D59: kWh/m² | E59: =MIN(F59:J59) -> 0 | F59: - | G59: - | H59: - | I59: - | J59: -
B60: Slovenia | C60: SI | D60: kWh/m² | E60: =MIN(F60:J60) -> 80.71 | F60: - | G60: - | H60: - | I60: 80.71 | J60: 80.71 | K60: Estimation | N60: 1 | O60: Weighted average
B61: Spain | C61: ES | D61: kWh/m² | E61: =MIN(F61:J61) -> 0 | F61: - | G61: - | H61: - | I61: - | J61: -
B62: Sweden | C62: SE | D62: kWh/m² | E62: =MIN(F62:J62) -> 58.25 | F62: - | G62: - | H62: - | I62: - | J62: 58.25 | K62: EPISCOPE | L62: Episcope/Tabula | M62: http://episcope.eu/welcome/ | N62: 4 | O62: Weighted average new construction, electrical 27%, non electrical 73%, electric heated houses: 30 to 50, (40), non electric heated houses: 55 to 75 (65)
B63: United Kingdom | C63: UK | D63: kWh/m² | E63: =MIN(F63:J63) -> 0 | F63: - | G63: - | H63: - | I63: - | J63: -
B64: EU28 | C64: EU-28 | D64: kWh/m² | F64: - | G64: - | H64: - | I64: - | J64: -
B66: Date of export: 2016-12-06
B67: Source: EU Buildings Observatory
B68: Copyright European Commission 2016

Sheet Major refurbishment speed
C2: 0.0149 | H2: This formula works:
B3: 2012 | C3: 100 | D3: =C3*$C$2 -> 1.49 | F3: =$C$3-C3 -> 0 | H3: =1+FV(-0.0149,48,0,100,1)/100 -> 0.51353084
A4: 1 | B4: =B3+1 -> 2013 | C4: =C3-D3 -> 98.51 | D4: =C4*$C$2 -> 1.467799 | F4: =$C$3-C4 -> 1.49 | G4: =1+FV(-0.0149,A4,0,100,1)/100 -> 0.0149
A5: 2 | B5: =B4+1 -> 2014 | C5: =C4-D4 -> 97.042201 | D5: =C5*$C$2 -> 1.4459288 | F5: =$C$3-C5 -> 2.957799 | G5: =1+FV(-0.0149,A5,0,100,1)/100 -> 0.02957799
A6: 3 | B6: =B5+1 -> 2015 | C6: =C5-D5 -> 95.596272 | D6: =C6*$C$2 -> 1.4243845 | F6: =$C$3-C6 -> 4.4037278 | G6: =1+FV(-0.0149,A6,0,100,1)/100 -> 0.044037278
A7: 4 | B7: =B6+1 -> 2016 | C7: =C6-D6 -> 94.171888 | D7: =C7*$C$2 -> 1.4031611 | F7: =$C$3-C7 -> 5.8281123 | G7: =1+FV(-0.0149,A7,0,100,1)/100 -> 0.058281123
A8: 5 | B8: =B7+1 -> 2017 | C8: =C7-D7 -> 92.768727 | D8: =C8*$C$2 -> 1.382254 | F8: =$C$3-C8 -> 7.2312734 | G8: =1+FV(-0.0149,A8,0,100,1)/100 -> 0.072312734
A9: 6 | B9: =B8+1 -> 2018 | C9: =C8-D8 -> 91.386473 | D9: =C9*$C$2 -> 1.3616584 | F9: =$C$3-C9 -> 8.6135274 | G9: =1+FV(-0.0149,A9,0,100,1)/100 -> 0.086135274
A10: 7 | B10: =B9+1 -> 2019 | C10: =C9-D9 -> 90.024814 | D10: =C10*$C$2 -> 1.3413697 | F10: =$C$3-C10 -> 9.9751858 | G10: =1+FV(-0.0149,A10,0,100,1)/100 -> 0.099751858
A11: 8 | B11: =B10+1 -> 2020 | C11: =C10-D10 -> 88.683444 | D11: =C11*$C$2 -> 1.3213833 | F11: =$C$3-C11 -> 11.316556 | G11: =1+FV(-0.0149,A11,0,100,1)/100 -> 0.11316556
A12: 9 | B12: =B11+1 -> 2021 | C12: =C11-D11 -> 87.362061 | D12: =C12*$C$2 -> 1.3016947 | F12: =$C$3-C12 -> 12.637939 | G12: =1+FV(-0.0149,A12,0,100,1)/100 -> 0.12637939
A13: 10 | B13: =B12+1 -> 2022 | C13: =C12-D12 -> 86.060366 | D13: =C13*$C$2 -> 1.2822995 | F13: =$C$3-C13 -> 13.939634 | G13: =1+FV(-0.0149,A13,0,100,1)/100 -> 0.13939634
A14: 11 | B14: =B13+1 -> 2023 | C14: =C13-D13 -> 84.778067 | D14: =C14*$C$2 -> 1.2631932 | F14: =$C$3-C14 -> 15.221933 | G14: =1+FV(-0.0149,A14,0,100,1)/100 -> 0.15221933
A15: 12 | B15: =B14+1 -> 2024 | C15: =C14-D14 -> 83.514874 | D15: =C15*$C$2 -> 1.2443716 | F15: =$C$3-C15 -> 16.485126 | G15: =1+FV(-0.0149,A15,0,100,1)/100 -> 0.16485126
... A51: 48 | B51: =B50+1 -> 2060 | C51: =C50-D50 -> 48.646916 | D51: =C51*$C$2 -> 0.72483905 | F51: =$C$3-C51 -> 51.353084 | G51: =1+FV(-0.0149,A51,0,100,1)/100 -> 0.51353084

Sheet Demolition
G3: AT | H3: BE | I3: BG | J3: CH | K3: CY | L3: CZ | M3: DE | N3: DK | O3: EE | P3: ES | Q3: FI | R3: FR | S3: GR | T3: HU | U3: IE | V3: IS | W3: IT | X3: LT | Y3: LU | Z3: LV | AA3: MT | AB3: NL | AC3: NO | AD3: PL | AE3: PT | AF3: RO | AG3: SE | AH3: SI | AI3: SK | AJ3: UK
B4: New demolition rate based on BPIE assumption | G4: 0.002 | H4: 0.0025 | I4: 0.002 | J4: 0.002 | K4: 0.002 | L4: 0.002 | M4: 0.002 | N4: 0.002 | O4: 0.002 | P4: 0.0021 | Q4: 0.002 | R4: 0.002 | S4: 0.002 | T4: 0.002 | U4: 0.013 | V4: 0.002 | W4: 0.002 | X4: 0.002 | Y4: 0.002 | Z4: 0.002 | AA4: 0.002 | AB4: 0.002 | AC4: 0.002 | AD4: 0.002 | AE4: 0.002 | AF4: 0.002 | AG4: 0.0012 | AH4: 0.002 | AI4: 0.002 | AJ4: 0.00443
E8: Average rate for the countries that used hard fact data | J8: BE | K8: 0.0025
J9: ES | K9: 0.0021
J10: IE | K10: 0.013
J11: SE | K11: 0.0012
J12: UK | K12: 0.00443
J13: Average | K13: 0.004646
