Workbook
Name _Toc379539723: BioImport!#REF!

Sheet BIO
C1: =18/1000/1000 -> 1.8e-05 | D1: PJ/dry tonne | P1: BA | Z1: EL | AI1: Montenegro | AJ1: Macedonia | AQ1: CS | AY1: EU-28 | AZ1: in PJ | BE1: EU-27 | BF1: in PJ
C2: =60/1000/1000 -> 6e-05 | D2: M€/dry tonne | F2: =C2/C1 -> 3.3333333
E4: ~TFM_INS | AX4: 2010 | AY4: 2020 | AZ4: 2030 | BA4: 2040 | BB4: 2050 | BD4: 2010 | BE4: 2020 | BF4: 2030 | BG4: 2040 | BH4: 2050
E5: TimeSlice | F5: Curr | G5: LimType | H5: Attribute | I5: Year | J5: Pset_PN | K5: AllRegions | L5: AL | M5: AT | N5: BE | O5: BG | P5: BA | Q5: CH | R5: CY | S5: CZ | T5: DE | U5: DK | V5: EE | W5: ES | X5: FI | Y5: FR | Z5: EL | AA5: HR | AB5: HU | AC5: IE | AD5: IS | AE5: IT | AF5: LT | AG5: LU | AH5: LV | AI5: ME | AJ5: MK | AK5: MT | AL5: NL | AM5: NO | AN5: PL | AO5: PT | AP5: RO | AQ5: RS | AR5: SE | AS5: SI | AT5: SK | AU5: UK | AW5: *EU27 | AX5: =SUM(AX7:AX209) -> 5100.7379 | AY5: =SUM(AY7:AY209) -> 7288.6487 | AZ5: =SUM(AZ7:AZ209) -> 8384.7723 | BA5: =SUM(BA7:BA209) -> 8478.9497 | BB5: =SUM(BB7:BB209) -> 8556.8349 | BD5: =SUM(BD7:BD209) -> 4799.4808 | BE5: =SUM(BE7:BE209) -> 6916.3833 | BF5: =SUM(BF7:BF209) -> 7750.3733 | BG5: =SUM(BG7:BG209) -> 7916.7265 | BH5: =SUM(BH7:BH209) -> 8065.807
A6: Energy crop feedstock | B6: crops | C6: Bioethanol_sugarbeet | E6: ANNUAL | G6: UP | H6: ACT_BND | I6: 2005 | J6: MINBIOCRP21 | L6: 0 | M6: 13.880284 | N6: 4.5870892 | O6: 0 | P6: 0 | Q6: 0 | R6: 0 | S6: 9.6852713 | T6: 72.382004 | U6: 1.4394639 | V6: 0 | W6: 0 | X6: 0 | Y6: 230.31117 | Z6: 0 | AA6: 0 | AB6: 0 | AC6: 0 | AD6: 0 | AE6: 0 | AF6: 1.627066 | AG6: 0 | AH6: 0 | AI6: 0 | AJ6: 0 | AK6: 0 | AL6: 1.5812102 | AM6: 0 | AN6: 1.7885306 | AO6: 0 | AP6: 0 | AQ6: 0 | AR6: 4.8568285 | AS6: 0 | AT6: 1.467958 | AU6: 3.0246297
A7: Energy crop feedstock | B7: crops | C7: Bioethanol_sugarbeet | E7: ANNUAL | G7: UP | H7: ACT_BND | I7: 2010 | J7: MINBIOCRP21 | L7: 0 | M7: 13.880284 | N7: 4.5870892 | O7: 0 | P7: 0 | Q7: 0 | R7: 0 | S7: 9.6852713 | T7: 72.382004 | U7: 1.4394639 | V7: 0 | W7: 0 | X7: 0 | Y7: 230.31117 | Z7: 0 | AA7: 0 | AB7: 0 | AC7: 0 | AD7: 0 | AE7: 0 | AF7: 1.627066 | AG7: 0 | AH7: 0 | AI7: 0 | AJ7: 0 | AK7: 0 | AL7: 1.5812102 | AM7: 0 | AN7: 1.7885306 | AO7: 0 | AP7: 0 | AQ7: 0 | AR7: 4.8568285 | AS7: 0 | AT7: 1.467958 | AU7: 3.0246297 | AW7: =BD7 -> 343.60688 | AX7: =SUM(M7:O7,R7:AC7,AE7:AH7,AK7:AL7,AN7:AP7,AR7:AU7) -> 346.63151 | BD7: =AX7-AU7 -> 343.60688
A8: Energy crop feedstock | B8: crops | C8: Bioethanol_sugarbeet | E8: ANNUAL | G8: UP | H8: ACT_BND | I8: 2020 | J8: MINBIOCRP21 | L8: 0 | M8: 13.763614 | N8: 17.369174 | O8: 8.5780195 | P8: 0 | Q8: 0 | R8: 0 | S8: 14.641597 | T8: 48.939888 | U8: 0.6714715 | V8: 0 | W8: 106.07934 | X8: 0 | Y8: 228.259 | Z8: 14.722843 | AA8: 0 | AB8: 4.2584533 | AC8: 0 | AD8: 0 | AE8: 44.343331 | AF8: 24.295867 | AG8: 0 | AH8: 0 | AI8: 0 | AJ8: 0 | AK8: 0 | AL8: 14.17204 | AM8: 0 | AN8: 28.690385 | AO8: 0.20171668 | AP8: 9.898683 | AQ8: 0 | AR8: 4.5473747 | AS8: 0 | AT8: 1.6141066 | AU8: 18.166544 | AW8: =BE8 -> 585.0469 | AY8: =SUM(M8:O8,R8:AC8,AE8:AH8,AK8:AL8,AN8:AP8,AR8:AU8) -> 603.21344 | BE8: =AY8-AU8 -> 585.0469
A9: Energy crop feedstock | B9: crops | C9: Bioethanol_sugarbeet | E9: ANNUAL | G9: UP | H9: ACT_BND | I9: 2030 | J9: MINBIOCRP21 | L9: 0 | M9: 15.318843 | N9: 30.820799 | O9: 1.5152494 | P9: 0 | Q9: 0 | R9: 0 | S9: 25.03753 | T9: 45.7654 | U9: 1.3470716 | V9: 0 | W9: 136.66556 | X9: 0 | Y9: 251.35324 | Z9: 16.523798 | AA9: 0 | AB9: 9.1332542 | AC9: 0 | AD9: 0 | AE9: 110.97735 | AF9: 33.857988 | AG9: 0 | AH9: 0 | AI9: 0 | AJ9: 0 | AK9: 0 | AL9: 20.938521 | AM9: 0 | AN9: 47.667555 | AO9: 0.064776837 | AP9: 0.0061280271 | AQ9: 0 | AR9: 5.100919 | AS9: 0 | AT9: 4.2235842 | AU9: 126.16932 | AW9: =BF9 -> 756.31757 | AZ9: =SUM(M9:O9,R9:AC9,AE9:AH9,AK9:AL9,AN9:AP9,AR9:AU9) -> 882.48689 | BF9: =AZ9-AU9 -> 756.31757
A10: Energy crop feedstock | B10: crops | C10: Bioethanol_sugarbeet | E10: ANNUAL | G10: UP | H10: ACT_BND | I10: 2040 | J10: MINBIOCRP21 | L10: 0 | M10: 14.826541 | N10: 33.647113 | O10: 8.7856949 | P10: 0 | Q10: 0 | R10: 0 | S10: 29.672755 | T10: 44.590686 | U10: 2.1035948 | V10: 0 | W10: 154.33494 | X10: 0 | Y10: 241.64205 | Z10: 19.24158 | AA10: 0 | AB10: 12.800706 | AC10: 0 | AD10: 0 | AE10: 119.96625 | AF10: 37.81274 | AG10: 0 | AH10: 0 | AI10: 0 | AJ10: 0 | AK10: 0 | AL10: 17.587069 | AM10: 0 | AN10: 89.370987 | AO10: 0.222376 | AP10: 9.5818845 | AQ10: 0 | AR10: 5.270845 | AS10: 0 | AT10: 6.3034392 | AU10: 96.761883 | AW10: =BG10 -> 847.76125 | BA10: =SUM(M10:O10,R10:AC10,AE10:AH10,AK10:AL10,AN10:AP10,AR10:AU10) -> 944.52314 | BG10: =BA10-AU10 -> 847.76125
A11: Energy crop feedstock | B11: crops | C11: Bioethanol_sugarbeet | E11: ANNUAL | G11: UP | H11: ACT_BND | I11: 2050 | J11: MINBIOCRP21 | L11: 0 | M11: 14.335299 | N11: 36.400841 | O11: 11.674661 | P11: 0 | Q11: 0 | R11: 0 | S11: 34.388211 | T11: 43.513847 | U11: 2.699145 | V11: 0 | W11: 170.00479 | X11: 0 | Y11: 231.88143 | Z11: 21.774108 | AA11: 0 | AB11: 16.997487 | AC11: 0 | AD11: 0 | AE11: 130.29807 | AF11: 41.634753 | AG11: 0 | AH11: 0 | AI11: 0 | AJ11: 0 | AK11: 0 | AL11: 14.358482 | AM11: 0 | AN11: 133.03564 | AO11: 0.47666832 | AP11: 9.3721602 | AQ11: 0 | AR11: 5.4375972 | AS11: 0 | AT11: 8.7917622 | AU11: 67.979603 | AW11: =BH11 -> 927.07495 | BB11: =SUM(M11:O11,R11:AC11,AE11:AH11,AK11:AL11,AN11:AP11,AR11:AU11) -> 995.05456 | BH11: =BB11-AU11 -> 927.07495
A12: Energy crop feedstock | B12: crops | C12: sugar from sugarbeet | F12: EUR10 | H12: ACT_COST | I12: 2005 | J12: MINBIOCRP21 | L12: 4.3227006 | M12: 3.7313424 | N12: 3.7483714 | O12: 7.6957777 | P12: 5.0657973 | R12: 7.7652206 | S12: 3.6633594 | T12: 3.7304317 | U12: 5.2892618 | V12: 7.7257092 | W12: 3.710427 | X12: 3.7604922 | Y12: 3.7404682 | Z12: 3.6960762 | AA12: 4.3014237 | AB12: 3.651903 | AC12: 7.807495 | AE12: 3.753526 | AF12: 3.6398196 | AG12: 3.7483714 | AH12: 3.6513503 | AI12: 0 | AJ12: 4.9888629 | AK12: 7.7381441 | AL12: 3.7587972 | AM12: 3.8991766 | AN12: 3.6496214 | AO12: 3.6698932 | AP12: 3.6253669 | AQ12: 4.3227006 | AR12: 3.7850474 | AS12: 7.7449267 | AT12: 3.6623612 | AU12: 3.765706
A13: Energy crop feedstock | B13: crops | C13: sugar from sugarbeet | F13: EUR10 | H13: ACT_COST | I13: 2010 | J13: MINBIOCRP21 | L13: 4.3227006 | M13: 3.7313424 | N13: 3.7483714 | O13: 7.6957777 | P13: 5.0657973 | R13: 7.7652206 | S13: 3.6633594 | T13: 3.7304317 | U13: 5.2892618 | V13: 7.7257092 | W13: 3.710427 | X13: 3.7604922 | Y13: 3.7404682 | Z13: 3.6960762 | AA13: 4.3014237 | AB13: 3.651903 | AC13: 7.807495 | AE13: 3.753526 | AF13: 3.6398196 | AG13: 3.7483714 | AH13: 3.6513503 | AI13: 0 | AJ13: 4.9888629 | AK13: 7.7381441 | AL13: 3.7587972 | AM13: 3.8991766 | AN13: 3.6496214 | AO13: 3.6698932 | AP13: 3.6253669 | AQ13: 4.3227006 | AR13: 3.7850474 | AS13: 7.7449267 | AT13: 3.6623612 | AU13: 3.765706
A14: Energy crop feedstock | B14: crops | C14: sugar from sugarbeet | F14: EUR10 | H14: ACT_COST | I14: 2020 | J14: MINBIOCRP21 | L14: 4.5255392 | M14: 3.7764228 | N14: 3.7934518 | O14: 3.6715364 | P14: 4.5255392 | R14: 6.9156304 | S14: 3.7041532 | T14: 3.775512 | U14: 5.3552421 | V14: 6.876119 | W14: 3.7555074 | X14: 3.8055726 | Y14: 3.7855485 | Z14: 3.7411565 | AA14: 4.5042623 | AB14: 3.6926968 | AC14: 6.9579048 | AE14: 3.7986063 | AF14: 3.6806134 | AG14: 3.7934518 | AH14: 3.6921441 | AI14: 0 | AJ14: 4.3617963 | AK14: 6.8885539 | AL14: 3.8038776 | AM14: 3.5166582 | AN14: 3.6904152 | AO14: 3.7149735 | AP14: 3.6637655 | AQ14: 4.5255392 | AR14: 3.8301278 | AS14: 6.8953365 | AT14: 3.7031549 | AU14: 3.8107864
A15: Energy crop feedstock | B15: crops | C15: sugar from sugarbeet | F15: EUR10 | H15: ACT_COST | I15: 2030 | J15: MINBIOCRP21 | L15: 4.3253393 | M15: 4.0289005 | N15: 4.0459295 | O15: 3.9233865 | P15: 4.6588269 | R15: 7.4208289 | S15: 3.9575424 | T15: 4.0279897 | U15: 5.7247721 | V15: 7.3813176 | W15: 4.007985 | X15: 4.0580502 | Y15: 4.0380262 | Z15: 3.9936342 | AA15: 4.3040624 | AB15: 3.9460861 | AC15: 7.4631034 | AE15: 4.051084 | AF15: 3.9340027 | AG15: 4.0459295 | AH15: 3.9455334 | AI15: 0 | AJ15: 4.2484049 | AK15: 7.3937525 | AL15: 4.0563553 | AM15: 3.7441182 | AN15: 3.9438045 | AO15: 3.9674512 | AP15: 3.9156156 | AQ15: 4.3253393 | AR15: 4.0826054 | AS15: 7.4005351 | AT15: 3.9565442 | AU15: 4.0632641
A16: Energy crop feedstock | B16: crops | C16: sugar from sugarbeet | F16: EUR10 | H16: ACT_COST | I16: 2040 | J16: MINBIOCRP21 | L16: 4.3249492 | M16: 4.0540559 | N16: 4.0710849 | O16: 3.94831 | P16: 5.3327967 | R16: 8.3407476 | S16: 3.9820772 | T16: 4.0531451 | U16: 5.7615899 | V16: 8.3012362 | W16: 4.0331404 | X16: 4.0832056 | Y16: 4.0631816 | Z16: 4.0187896 | AA16: 4.3036723 | AB16: 3.9706208 | AC16: 8.383022 | AE16: 4.0762394 | AF16: 3.9585374 | AG16: 4.0710849 | AH16: 3.9700681 | AI16: 0 | AJ16: 4.2480148 | AK16: 8.3136711 | AL16: 4.0815107 | AM16: 4.1583011 | AN16: 3.9683392 | AO16: 3.9926066 | AP16: 3.9405391 | AQ16: 4.3249492 | AR16: 4.1077609 | AS16: 8.3204537 | AT16: 3.981079 | AU16: 4.0884195
A17: Energy crop feedstock | B17: crops | C17: sugar from sugarbeet | F17: EUR10 | H17: ACT_COST | I17: 2050 | J17: MINBIOCRP21 | L17: 4.3245591 | M17: 4.0792113 | N17: 4.0962403 | O17: 3.9732335 | P17: 6.0067665 | R17: 9.2606662 | S17: 4.0066119 | T17: 4.0783005 | U17: 5.7984078 | V17: 9.2211549 | W17: 4.0582959 | X17: 4.1083611 | Y17: 4.088337 | Z17: 4.043945 | AA17: 4.3032822 | AB17: 3.9951555 | AC17: 9.3029407 | AE17: 4.1013948 | AF17: 3.9830722 | AG17: 4.0962403 | AH17: 3.9946029 | AI17: 0 | AJ17: 4.2476246 | AK17: 9.2335898 | AL17: 4.1066661 | AM17: 4.5724841 | AN17: 3.992874 | AO17: 4.017762 | AP17: 3.9654626 | AQ17: 4.3245591 | AR17: 4.1329163 | AS17: 9.2403724 | AT17: 4.0056137 | AU17: 4.1135749
E18: \I:
A19: Energy crop feedstock | B19: crops | C19: Biodiesel_oil_crops | E19: ANNUAL | G19: UP | H19: ACT_BND | I19: 2005 | J19: MINBIORPS1 | L19: 0 | M19: 14.800632 | N19: 4.5870892 | O19: 0.88317895 | P19: 0 | Q19: 0 | R19: 0 | S19: 9.8423289 | T19: 72.382004 | U19: 1.4394639 | V19: 0 | W19: 6.952985 | X19: 0 | Y19: 238.35576 | Z19: 0.21723041 | AA19: 0 | AB19: 5.2399846 | AC19: 0 | AD19: 0 | AE19: 3.149265 | AF19: 1.627066 | AG19: 0 | AH19: 0 | AI19: 0 | AJ19: 0 | AK19: 0 | AL19: 1.5947529 | AM19: 0 | AN19: 1.8157662 | AO19: 0.098478791 | AP19: 0.85279283 | AQ19: 0 | AR19: 4.8568285 | AS19: 0.00036007831 | AT19: 1.8451006 | AU19: 3.0246297
A20: Energy crop feedstock | B20: crops | C20: Biodiesel_oil_crops | E20: ANNUAL | G20: UP | H20: ACT_BND | I20: 2010 | J20: MINBIORPS1 | L20: 0 | M20: 14.800632 | N20: 4.5870892 | O20: 0.88317895 | P20: 0 | Q20: 0 | R20: 0 | S20: 9.8423289 | T20: 72.382004 | U20: 1.4394639 | V20: 0 | W20: 6.952985 | X20: 0 | Y20: 238.35576 | Z20: 0.21723041 | AA20: 0 | AB20: 5.2399846 | AC20: 0 | AD20: 0 | AE20: 3.149265 | AF20: 1.627066 | AG20: 0 | AH20: 0 | AI20: 0 | AJ20: 0 | AK20: 0 | AL20: 1.5947529 | AM20: 0 | AN20: 1.8157662 | AO20: 0.098478791 | AP20: 0.85279283 | AQ20: 0 | AR20: 4.8568285 | AS20: 0.00036007831 | AT20: 1.8451006 | AU20: 3.0246297 | AW20: =BD20 -> 370.54107 | AX20: =SUM(M20:O20,R20:AC20,AE20:AH20,AK20:AL20,AN20:AP20,AR20:AU20) -> 373.5657 | BD20: =AX20-AU20 -> 370.54107
A21: Energy crop feedstock | B21: crops | C21: =C20 -> Biodiesel_oil_crops | E21: ANNUAL | G21: UP | H21: ACT_BND | I21: 2020 | J21: MINBIORPS1 | L21: 0 | M21: 14.567522 | N21: 17.369174 | O21: 14.329188 | P21: 0 | Q21: 0 | R21: 0 | S21: 15.282572 | T21: 48.939888 | U21: 0.6714715 | V21: 0 | W21: 115.36858 | X21: 0 | Y21: 260.32805 | Z21: 15.302884 | AA21: 0 | AB21: 11.745115 | AC21: 0 | AD21: 0 | AE21: 47.510161 | AF21: 24.295867 | AG21: 0 | AH21: 0 | AI21: 0 | AJ21: 0 | AK21: 0 | AL21: 14.18867 | AM21: 0 | AN21: 29.007484 | AO21: 1.2652394 | AP21: 14.891137 | AQ21: 0 | AR21: 4.5473747 | AS21: 0 | AT21: 2.6577313 | AU21: 18.166544 | AW21: =BE21 -> 652.2681 | AY21: =SUM(M21:O21,R21:AC21,AE21:AH21,AK21:AL21,AN21:AP21,AR21:AU21) -> 670.43465 | BE21: =AY21-AU21 -> 652.2681
A22: Energy crop feedstock | B22: crops | C22: =C21 -> Biodiesel_oil_crops | E22: ANNUAL | G22: UP | H22: ACT_BND | I22: 2030 | J22: MINBIORPS1 | L22: 0 | M22: 16.839363 | N22: 30.820799 | O22: 7.4500092 | P22: 0 | Q22: 0 | R22: 0 | S22: 25.883882 | T22: 45.7654 | U22: 1.3470716 | V22: 0 | W22: 143.33377 | X22: 0 | Y22: 278.30585 | Z22: 17.292575 | AA22: 0 | AB22: 18.133751 | AC22: 0 | AD22: 0 | AE22: 117.0223 | AF22: 33.857988 | AG22: 0 | AH22: 0 | AI22: 0 | AJ22: 0 | AK22: 0 | AL22: 21.05871 | AM22: 0 | AN22: 48.192338 | AO22: 0.79492886 | AP22: 7.0778429 | AQ22: 0 | AR22: 5.100919 | AS22: 0 | AT22: 4.965026 | AU22: 126.16932 | AW22: =BF22 -> 823.24252 | AZ22: =SUM(M22:O22,R22:AC22,AE22:AH22,AK22:AL22,AN22:AP22,AR22:AU22) -> 949.41184 | BF22: =AZ22-AU22 -> 823.24252
A23: Energy crop feedstock | B23: crops | C23: =C22 -> Biodiesel_oil_crops | E23: ANNUAL | G23: UP | H23: ACT_BND | I23: 2040 | J23: MINBIORPS1 | L23: 0 | M23: 16.359301 | N23: 33.647113 | O23: 14.386051 | P23: 0 | Q23: 0 | R23: 0 | S23: 30.238557 | T23: 44.590686 | U23: 2.1035948 | V23: 0 | W23: 158.77472 | X23: 0 | Y23: 257.75993 | Z23: 21.299417 | AA23: 0 | AB23: 20.8655 | AC23: 0 | AD23: 0 | AE23: 124.14554 | AF23: 37.81274 | AG23: 0 | AH23: 0 | AI23: 0 | AJ23: 0 | AK23: 0 | AL23: 17.641428 | AM23: 0 | AN23: 89.718983 | AO23: 0.81034904 | AP23: 16.908655 | AQ23: 0 | AR23: 5.270845 | AS23: 7.6734917e-19 | AT23: 6.6748248 | AU23: 96.761883 | AW23: =BG23 -> 899.00822 | BA23: =SUM(M23:O23,R23:AC23,AE23:AH23,AK23:AL23,AN23:AP23,AR23:AU23) -> 995.77011 | BG23: =BA23-AU23 -> 899.00822
A24: Energy crop feedstock | B24: crops | C24: =C23 -> Biodiesel_oil_crops | E24: ANNUAL | G24: UP | H24: ACT_BND | I24: 2050 | J24: MINBIORPS1 | L24: 0 | M24: 15.913269 | N24: 36.400841 | O24: 17.070374 | P24: 0 | Q24: 0 | R24: 0 | S24: 34.696633 | T24: 43.513847 | U24: 2.699145 | V24: 0 | W24: 172.62005 | X24: 0 | Y24: 239.5866 | Z24: 25.078765 | AA24: 0 | AB24: 24.165148 | AC24: 0 | AD24: 0 | AE24: 132.85097 | AF24: 41.634753 | AG24: 0 | AH24: 0 | AI24: 0 | AJ24: 0 | AK24: 0 | AL24: 14.361127 | AM24: 0 | AN24: 133.23321 | AO24: 0.84273485 | AP24: 16.481314 | AQ24: 0 | AR24: 5.4375972 | AS24: 0 | AT24: 8.865276 | AU24: 67.979603 | AW24: =BH24 -> 965.45166 | BB24: =SUM(M24:O24,R24:AC24,AE24:AH24,AK24:AL24,AN24:AP24,AR24:AU24) -> 1033.4313 | BH24: =BB24-AU24 -> 965.45166
A25: Energy crop feedstock | B25: crops | C25: oil_crops | F25: EUR10 | H25: ACT_COST | I25: 2005 | J25: MINBIORPS1 | L25: 0 | M25: 20.462754 | N25: 20.553174 | O25: 15.845068 | P25: 0 | Q25: 0 | R25: 0 | S25: 18.769237 | T25: 20.459094 | U25: 21.034385 | V25: 0 | W25: 20.859637 | X25: 0 | Y25: 20.516979 | Z25: 20.551231 | AA25: 0 | AB25: 19.859444 | AC25: 0 | AD25: 0 | AE25: 19.849471 | AF25: 18.632345 | AG25: 0 | AH25: 0 | AI25: 0 | AJ25: 0 | AK25: 0 | AL25: 20.612187 | AM25: 0 | AN25: 18.703484 | AO25: 20.64769 | AP25: 17.980433 | AQ25: 0 | AR25: 20.74551 | AS25: 19.102448 | AT25: 18.942189 | AU25: 20.64408
A26: Energy crop feedstock | B26: crops | C26: oil_crops | F26: EUR10 | H26: ACT_COST | I26: 2010 | J26: MINBIORPS1 | L26: 0 | M26: 20.462754 | N26: 20.553174 | O26: 15.845068 | P26: 0 | Q26: 0 | R26: 0 | S26: 18.769237 | T26: 20.459094 | U26: 21.034385 | V26: 0 | W26: 20.859637 | X26: 0 | Y26: 20.516979 | Z26: 20.551231 | AA26: 0 | AB26: 19.859444 | AC26: 0 | AD26: 0 | AE26: 19.849471 | AF26: 18.632345 | AG26: 0 | AH26: 0 | AI26: 0 | AJ26: 0 | AK26: 0 | AL26: 20.612187 | AM26: 0 | AN26: 18.703484 | AO26: 20.64769 | AP26: 17.980433 | AQ26: 0 | AR26: 20.74551 | AS26: 19.102448 | AT26: 18.942189 | AU26: 20.64408
A27: Energy crop feedstock | B27: crops | C27: oil_crops | F27: EUR10 | H27: ACT_COST | I27: 2020 | J27: MINBIORPS1 | L27: 0 | M27: 23.384451 | N27: 23.495838 | O27: 13.774834 | P27: 0 | Q27: 0 | R27: 0 | S27: 21.723245 | T27: 23.401758 | U27: 23.977049 | V27: 0 | W27: 23.277909 | X27: 0 | Y27: 23.309001 | Z27: 23.173512 | AA27: 0 | AB27: 22.28649 | AC27: 0 | AD27: 0 | AE27: 23.459173 | AF27: 21.627699 | AG27: 0 | AH27: 0 | AI27: 0 | AJ27: 0 | AK27: 0 | AL27: 23.551277 | AM27: 0 | AN27: 21.684458 | AO27: 23.628332 | AP27: 13.555535 | AQ27: 0 | AR27: 23.688174 | AS27: 0 | AT27: 22.02412 | AU27: 23.586744
A28: Energy crop feedstock | B28: crops | C28: oil_crops | F28: EUR10 | H28: ACT_COST | I28: 2030 | J28: MINBIORPS1 | L28: 0 | M28: 33.524576 | N28: 33.711144 | O28: 26.150041 | P28: 0 | Q28: 0 | R28: 0 | S28: 31.354825 | T28: 33.617064 | U28: 34.192355 | V28: 0 | W28: 33.537939 | X28: 0 | Y28: 33.554016 | Z28: 33.352127 | AA28: 0 | AB28: 31.531774 | AC28: 0 | AD28: 0 | AE28: 33.618586 | AF28: 31.313935 | AG28: 0 | AH28: 0 | AI28: 0 | AJ28: 0 | AK28: 0 | AL28: 33.769051 | AM28: 0 | AN28: 31.361936 | AO28: 33.815257 | AP28: 27.385492 | AQ28: 0 | AR28: 33.90348 | AS28: 0 | AT28: 31.318176 | AU28: 33.80205
A29: Energy crop feedstock | B29: crops | C29: oil_crops | F29: EUR10 | H29: ACT_COST | I29: 2040 | J29: MINBIORPS1 | L29: 0 | M29: 33.590663 | N29: 33.668456 | O29: 26.314095 | P29: 0 | Q29: 0 | R29: 0 | S29: 31.086182 | T29: 33.574376 | U29: 34.149667 | V29: 0 | W29: 33.489137 | X29: 0 | Y29: 33.611187 | Z29: 33.197066 | AA29: 0 | AB29: 31.500818 | AC29: 0 | AD29: 0 | AE29: 33.644079 | AF29: 30.970522 | AG29: 0 | AH29: 0 | AI29: 0 | AJ29: 0 | AK29: 0 | AL29: 33.72532 | AM29: 0 | AN29: 31.024304 | AO29: 33.768751 | AP29: 27.466196 | AQ29: 0 | AR29: 33.860792 | AS29: 29.801632 | AT29: 31.103927 | AU29: 33.759362
A30: Energy crop feedstock | B30: crops | C30: oil_crops | F30: EUR10 | H30: ACT_COST | I30: 2050 | J30: MINBIORPS1 | L30: 0 | M30: 33.607336 | N30: 33.625768 | O30: 26.144816 | P30: 0 | Q30: 0 | R30: 0 | S30: 30.763826 | T30: 33.531688 | U30: 34.106979 | V30: 0 | W30: 33.439683 | X30: 0 | Y30: 33.604162 | Z30: 33.177167 | AA30: 0 | AB30: 31.29252 | AC30: 0 | AD30: 0 | AE30: 33.638349 | AF30: 30.627109 | AG30: 0 | AH30: 0 | AI30: 0 | AJ30: 0 | AK30: 0 | AL30: 33.6806 | AM30: 0 | AN30: 30.681058 | AO30: 33.583199 | AP30: 27.928763 | AQ30: 0 | AR30: 33.818104 | AS30: 0 | AT30: 30.754556 | AU30: 33.716674
E31: \I:
A32: Energy crop feedstock | B32: crops | C32: starchy grops | E32: ANNUAL | G32: UP | H32: ACT_BND | I32: 2005 | J32: MINBIOCRP11 | L32: 0 | M32: 3.3394367 | N32: 4.859286 | O32: 2.9695707 | P32: 0 | Q32: 0 | R32: 0 | S32: 3.7135344 | T32: 12.469523 | U32: 0.4434902 | V32: 0.010223422 | W32: 13.440987 | X32: 0 | Y32: 34.164009 | Z32: 9.0321379 | AA32: 30.150919 | AB32: 9.9642599 | AC32: 0.046531844 | AD32: 0 | AE32: 4.4976957 | AF32: 1.4906609 | AG32: 0.41430963 | AH32: 0.8283496 | AI32: 0 | AJ32: 0 | AK32: 0 | AL32: 0.58981918 | AM32: 0 | AN32: 7.8814979 | AO32: 0 | AP32: 3.4996211 | AQ32: 0 | AR32: 8.7534768 | AS32: 0 | AT32: 5.8044894 | AU32: 13.937596
A33: Energy crop feedstock | B33: crops | C33: starchy grops | E33: ANNUAL | G33: UP | H33: ACT_BND | I33: 2010 | J33: MINBIOCRP11 | L33: 0 | M33: 3.3394367 | N33: 4.859286 | O33: 2.9695707 | P33: 0 | Q33: 0 | R33: 0 | S33: 3.7135344 | T33: 12.469523 | U33: 0.4434902 | V33: 0.010223422 | W33: 13.440987 | X33: 0 | Y33: 34.164009 | Z33: 9.0321379 | AA33: 30.150919 | AB33: 9.9642599 | AC33: 0.046531844 | AD33: 0 | AE33: 4.4976957 | AF33: 1.4906609 | AG33: 0.41430963 | AH33: 0.8283496 | AI33: 0 | AJ33: 0 | AK33: 0 | AL33: 0.58981918 | AM33: 0 | AN33: 7.8814979 | AO33: 0 | AP33: 3.4996211 | AQ33: 0 | AR33: 8.7534768 | AS33: 0 | AT33: 5.8044894 | AU33: 13.937596 | AW33: =BD33 -> 158.36383 | AX33: =SUM(M33:O33,R33:AC33,AE33:AH33,AK33:AL33,AN33:AP33,AR33:AU33) -> 172.30143 | BD33: =AX33-AU33 -> 158.36383
A34: Energy crop feedstock | B34: crops | C34: starchy grops | E34: ANNUAL | G34: UP | H34: ACT_BND | I34: 2020 | J34: MINBIOCRP11 | L34: 0 | M34: 1.0696175 | N34: 4.7354622 | O34: 8.5624636 | P34: 0 | Q34: 0 | R34: 0 | S34: 3.3145743 | T34: 2.5178927 | U34: 1.6082219 | V34: 0.35890929 | W34: 25.865499 | X34: 0 | Y34: 27.062315 | Z34: 5.7418704 | AA34: 26.515819 | AB34: 15.100428 | AC34: 0.23210082 | AD34: 0 | AE34: 19.511394 | AF34: 2.3564664 | AG34: 0.35088535 | AH34: 0.74437049 | AI34: 0 | AJ34: 0 | AK34: 0 | AL34: 0.6902328 | AM34: 0 | AN34: 11.164789 | AO34: 0.1637198 | AP34: 17.805635 | AQ34: 0 | AR34: 0.82380616 | AS34: 0.044361191 | AT34: 3.4395421 | AU34: 18.084441 | AW34: =BE34 -> 179.78037 | AY34: =SUM(M34:O34,R34:AC34,AE34:AH34,AK34:AL34,AN34:AP34,AR34:AU34) -> 197.86482 | BE34: =AY34-AU34 -> 179.78037
A35: Energy crop feedstock | B35: crops | C35: starchy grops | E35: ANNUAL | G35: UP | H35: ACT_BND | I35: 2030 | J35: MINBIOCRP11 | L35: 0 | M35: 1.7958196 | N35: 5.0049586 | O35: 10.79822 | P35: 0 | Q35: 0 | R35: 0 | S35: 6.4399656 | T35: 3.6878377 | U35: 2.1193233 | V35: 4.5203506 | W35: 30.553001 | X35: 0 | Y35: 37.249134 | Z35: 8.8374091 | AA35: 40.340454 | AB35: 21.760031 | AC35: 0.25780214 | AD35: 0 | AE35: 18.480186 | AF35: 7.1200226 | AG35: 0.35942217 | AH35: 3.2025328 | AI35: 0 | AJ35: 0 | AK35: 0 | AL35: 0.79204453 | AM35: 0 | AN35: 15.828578 | AO35: 0.14198229 | AP35: 24.161946 | AQ35: 0 | AR35: 0.63753754 | AS35: 0.19166908 | AT35: 5.1908696 | AU35: 37.680508 | AW35: =BF35 -> 249.4711 | AZ35: =SUM(M35:O35,R35:AC35,AE35:AH35,AK35:AL35,AN35:AP35,AR35:AU35) -> 287.15161 | BF35: =AZ35-AU35 -> 249.4711
A36: Energy crop feedstock | B36: crops | C36: starchy grops | E36: ANNUAL | G36: UP | H36: ACT_BND | I36: 2040 | J36: MINBIOCRP11 | L36: 0 | M36: 1.8287084 | N36: 5.2943371 | O36: 10.230877 | P36: 0 | Q36: 0 | R36: 0 | S36: 4.6856336 | T36: 5.8547718 | U36: 1.8981987 | V36: 9.4740259 | W36: 32.474304 | X36: 0 | Y36: 32.210667 | Z36: 8.0813377 | AA36: 40.950979 | AB36: 22.397418 | AC36: 0.23871891 | AD36: 0 | AE36: 16.999325 | AF36: 9.8024732 | AG36: 0.39421719 | AH36: 5.4482646 | AI36: 0 | AJ36: 0 | AK36: 0 | AL36: 0.8852445 | AM36: 0 | AN36: 17.488204 | AO36: 0.10610033 | AP36: 25.953489 | AQ36: 0 | AR36: 0.5136139 | AS36: 0.16800615 | AT36: 4.0333149 | AU36: 29.942134 | AW36: =BG36 -> 257.41223 | BA36: =SUM(M36:O36,R36:AC36,AE36:AH36,AK36:AL36,AN36:AP36,AR36:AU36) -> 287.35436 | BG36: =BA36-AU36 -> 257.41223
A37: Energy crop feedstock | B37: crops | C37: starchy grops | E37: ANNUAL | G37: UP | H37: ACT_BND | I37: 2050 | J37: MINBIOCRP11 | L37: 0 | M37: 1.9571041 | N37: 5.5985522 | O37: 9.6993416 | P37: 0 | Q37: 0 | R37: 0 | S37: 2.9690616 | T37: 8.2977941 | U37: 1.7216738 | V37: 14.119216 | W37: 33.190016 | X37: 0 | Y37: 26.60522 | Z37: 6.9083159 | AA37: 41.295444 | AB37: 22.352912 | AC37: 0.21710644 | AD37: 0 | AE37: 16.232567 | AF37: 12.42139 | AG37: 0.43051834 | AH37: 7.6800158 | AI37: 0 | AJ37: 0 | AK37: 0 | AL37: 0.9926474 | AM37: 0 | AN37: 18.466306 | AO37: 0.064116942 | AP37: 26.67172 | AQ37: 0 | AR37: 0.45682486 | AS37: 0.13858066 | AT37: 2.7043099 | AU37: 22.261169 | AW37: =BH37 -> 261.19075 | BB37: =SUM(M37:O37,R37:AC37,AE37:AH37,AK37:AL37,AN37:AP37,AR37:AU37) -> 283.45192 | BH37: =BB37-AU37 -> 261.19075
A38: Energy crop feedstock | B38: crops | C38: starchy grops | F38: EUR10 | H38: ACT_COST | I38: 2005 | J38: MINBIOCRP11 | L38: 15.678711 | M38: 12.504855 | N38: 12.146388 | O38: 11.431297 | P38: 15.442558 | R38: 33.613648 | S38: 11.28182 | T38: 13.568641 | U38: 13.304464 | V38: 11.64517 | W38: 14.162825 | X38: 12.533129 | Y38: 13.476189 | Z38: 19.35308 | AA38: 13.32185 | AB38: 11.720201 | AC38: 10.964759 | AE38: 17.219837 | AF38: 10.493758 | AG38: 12.146388 | AH38: 11.052243 | AJ38: 14.74812 | AK38: 16.801736 | AL38: 12.909546 | AM38: 22.266462 | AN38: 10.806966 | AO38: 14.491827 | AP38: 16.912351 | AQ38: 14.155104 | AR38: 13.281993 | AS38: 13.258654 | AT38: 11.266041 | AU38: 13.357131
A39: Energy crop feedstock | B39: crops | C39: starchy grops | F39: EUR10 | H39: ACT_COST | I39: 2010 | J39: MINBIOCRP11 | L39: 15.678711 | M39: 12.504855 | N39: 12.146388 | O39: 11.431297 | P39: 15.442558 | R39: 33.613648 | S39: 11.28182 | T39: 13.568641 | U39: 13.304464 | V39: 11.64517 | W39: 14.162825 | X39: 12.533129 | Y39: 13.476189 | Z39: 19.35308 | AA39: 13.32185 | AB39: 11.720201 | AC39: 10.964759 | AE39: 17.219837 | AF39: 10.493758 | AG39: 12.146388 | AH39: 11.052243 | AJ39: 14.74812 | AK39: 16.801736 | AL39: 12.909546 | AM39: 22.266462 | AN39: 10.806966 | AO39: 14.491827 | AP39: 16.912351 | AQ39: 14.155104 | AR39: 13.281993 | AS39: 13.258654 | AT39: 11.266041 | AU39: 13.357131
A40: Energy crop feedstock | B40: crops | C40: starchy grops | F40: EUR10 | H40: ACT_COST | I40: 2020 | J40: MINBIOCRP11 | L40: 15.161186 | M40: 13.560737 | N40: 12.804879 | O40: 12.628009 | P40: 14.934986 | R40: 41.548327 | S40: 12.553542 | T40: 14.844193 | U40: 14.69949 | V40: 12.051497 | W40: 15.320955 | X40: 13.689422 | Y40: 14.743839 | Z40: 20.03838 | AA40: 14.66288 | AB40: 12.846581 | AC40: 12.287634 | AE40: 18.27155 | AF40: 11.83314 | AG40: 12.804879 | AH40: 12.311652 | AJ40: 14.176839 | AK40: 15.773569 | AL40: 14.080741 | AM40: 21.178182 | AN40: 11.93858 | AO40: 15.05148 | AP40: 18.193503 | AQ40: 13.641248 | AR40: 13.977328 | AS40: 12.013897 | AT40: 12.476418 | AU40: 14.798379
A41: Energy crop feedstock | B41: crops | C41: starchy grops | F41: EUR10 | H41: ACT_COST | I41: 2030 | J41: MINBIOCRP11 | L41: 16.897686 | M41: 18.316323 | N41: 17.550508 | O41: 17.272364 | P41: 16.63809 | R41: 65.237099 | S41: 16.923709 | T41: 19.667553 | U41: 19.930218 | V41: 16.312234 | W41: 21.297161 | X41: 18.360748 | Y41: 20.169027 | Z41: 28.81744 | AA41: 13.373515 | AB41: 17.442311 | AC41: 16.703974 | AE41: 25.175 | AF41: 16.184478 | AG41: 17.550508 | AH41: 16.826893 | AJ41: 16.126871 | AK41: 21.473177 | AL41: 18.867917 | AM41: 22.6717 | AN41: 16.16802 | AO41: 20.629202 | AP41: 25.605735 | AQ41: 14.616679 | AR41: 18.389001 | AS41: 16.002543 | AT41: 16.88665 | AU41: 20.29427
A42: Energy crop feedstock | B42: crops | C42: starchy grops | F42: EUR10 | H42: ACT_COST | I42: 2040 | J42: MINBIOCRP11 | L42: 19.916062 | M42: 18.681666 | N42: 17.964257 | O42: 17.600602 | P42: 19.598419 | R42: 68.550912 | S42: 17.25265 | T42: 19.736484 | U42: 20.386149 | V42: 16.600029 | W42: 22.104933 | X42: 18.787292 | Y42: 20.482301 | Z42: 29.832963 | AA42: 13.686656 | AB42: 17.871699 | AC42: 17.338437 | AE42: 26.275922 | AF42: 16.405237 | AG42: 17.964257 | AH42: 17.005709 | AJ42: 18.961336 | AK42: 21.628063 | AL42: 19.109504 | AM42: 25.847232 | AN42: 16.231052 | AO42: 21.28284 | AP42: 26.394821 | AQ42: 17.125005 | AR42: 19.034651 | AS42: 16.423213 | AT42: 17.196926 | AU42: 20.803207
A43: Energy crop feedstock | B43: crops | C43: starchy grops | F43: EUR10 | H43: ACT_COST | I43: 2050 | J43: MINBIOCRP11 | L43: 22.934439 | M43: 18.996744 | N43: 18.375806 | O43: 17.912778 | P43: 22.558748 | R43: 71.864725 | S43: 17.584124 | T43: 19.926373 | U43: 20.910054 | V43: 16.864669 | W43: 22.813226 | X43: 19.187514 | Y43: 20.807165 | Z43: 31.005623 | AA43: 13.999443 | AB43: 18.300399 | AC43: 17.990176 | AE43: 27.5765 | AF43: 16.657964 | AG43: 18.375806 | AH43: 17.160314 | AJ43: 21.795801 | AK43: 21.78295 | AL43: 19.388689 | AM43: 29.022764 | AN43: 16.273096 | AO43: 21.943734 | AP43: 27.141874 | AQ43: 19.633332 | AR43: 19.671587 | AS43: 16.854753 | AT43: 17.502107 | AU43: 21.312521
E44: \I:
A45: Energy crop feedstock | B45: crops | C45: grassy crops | E45: ANNUAL | G45: UP | H45: ACT_BND | I45: 2005 | J45: MINBIOCRP31 | L45: 0 | M45: 0 | N45: 0 | O45: 0 | P45: 0 | Q45: 0 | R45: 0 | S45: 0 | T45: 0 | U45: 0 | V45: 0 | W45: 0 | X45: 0 | Y45: 0 | Z45: 0 | AA45: 0 | AB45: 0 | AC45: 0 | AD45: 0 | AE45: 0 | AF45: 0 | AG45: 0 | AH45: 0 | AI45: 0 | AJ45: 0 | AK45: 0 | AL45: 0 | AM45: 0 | AN45: 0 | AO45: 0 | AP45: 0 | AQ45: 0 | AR45: 0 | AS45: 0 | AT45: 0 | AU45: 0
A46: Energy crop feedstock | B46: crops | C46: grassy crops | E46: ANNUAL | G46: UP | H46: ACT_BND | I46: 2010 | J46: MINBIOCRP31 | L46: 0 | M46: 0 | N46: 0 | O46: 0 | P46: 0 | Q46: 0 | R46: 0 | S46: 0 | T46: 0 | U46: 0 | V46: 0 | W46: 0 | X46: 0 | Y46: 0 | Z46: 0 | AA46: 0 | AB46: 0 | AC46: 0 | AD46: 0 | AE46: 0 | AF46: 0 | AG46: 0 | AH46: 0 | AI46: 0 | AJ46: 0 | AK46: 0 | AL46: 0 | AM46: 0 | AN46: 0 | AO46: 0 | AP46: 0 | AQ46: 0 | AR46: 0 | AS46: 0 | AT46: 0 | AU46: 0 | AW46: =BD46 -> 0 | AX46: =SUM(M46:O46,R46:AC46,AE46:AH46,AK46:AL46,AN46:AP46,AR46:AU46) -> 0 | BD46: =AX46-AU46 -> 0
A47: Energy crop feedstock | B47: crops | C47: grassy crops | E47: ANNUAL | G47: UP | H47: ACT_BND | I47: 2020 | J47: MINBIOCRP31 | L47: 24.711762 | M47: 14.476748 | N47: 14.199595 | O47: 51.508137 | P47: 60.64974 | Q47: 0 | R47: 0.61503302 | S47: 22.484461 | T47: 80.431647 | U47: 0.0075136672 | V47: 5.7565405 | W47: 208.90391 | X47: 0 | Y47: 167.32393 | Z47: 16.26829 | AA47: 0 | AB47: 87.300635 | AC47: 12.309501 | AD47: 0 | AE47: 157.22886 | AF47: 29.485641 | AG47: 0 | AH47: 5.8035991 | AI47: 2.2984648 | AJ47: 14.921656 | AK47: 0 | AL47: 11.722528 | AM47: 3.8390529 | AN47: 154.15116 | AO47: 17.905141 | AP47: 267.01515 | AQ47: 34.676135 | AR47: 10.39052 | AS47: 0.99744325 | AT47: 10.79237 | AU47: 28.044398 | AW47: =BE47 -> 1347.0784 | AY47: =SUM(M47:O47,R47:AC47,AE47:AH47,AK47:AL47,AN47:AP47,AR47:AU47) -> 1375.1228 | BE47: =AY47-AU47 -> 1347.0784
A48: Energy crop feedstock | B48: crops | C48: grassy crops | E48: ANNUAL | G48: UP | H48: ACT_BND | I48: 2030 | J48: MINBIOCRP31 | L48: 25.896294 | M48: 15.167176 | N48: 20.666817 | O48: 46.828132 | P48: 62.614202 | Q48: 0 | R48: 0.66687082 | S48: 25.48112 | T48: 148.15011 | U48: 0.0029745645 | V48: 5.6104747 | W48: 240.58516 | X48: 0 | Y48: 240.4109 | Z48: 13.596605 | AA48: 0 | AB48: 89.876775 | AC48: 11.442191 | AD48: 0 | AE48: 145.34052 | AF48: 33.414216 | AG48: 0 | AH48: 7.4864124 | AI48: 2.3529767 | AJ48: 15.605472 | AK48: 0 | AL48: 21.924658 | AM48: 4.0060886 | AN48: 189.92325 | AO48: 19.481081 | AP48: 279.13965 | AQ48: 34.842042 | AR48: 12.657705 | AS48: 2.6963618 | AT48: 13.174227 | AU48: 36.027302 | AW48: =BF48 -> 1583.7234 | AZ48: =SUM(M48:O48,R48:AC48,AE48:AH48,AK48:AL48,AN48:AP48,AR48:AU48) -> 1619.7507 | BF48: =AZ48-AU48 -> 1583.7234
A49: Energy crop feedstock | B49: crops | C49: grassy crops | E49: ANNUAL | G49: UP | H49: ACT_BND | I49: 2040 | J49: MINBIOCRP31 | L49: 27.251042 | M49: 12.899406 | N49: 12.258032 | O49: 47.549176 | P49: 63.194591 | Q49: 0 | R49: 0.62582976 | S49: 26.816586 | T49: 153.18749 | U49: 0.001554886 | V49: 3.8578689 | W49: 253.72902 | X49: 0 | Y49: 233.97702 | Z49: 14.373807 | AA49: 0 | AB49: 93.218183 | AC49: 8.262457 | AD49: 0 | AE49: 134.87256 | AF49: 23.624924 | AG49: 0 | AH49: 4.9326842 | AI49: 2.4285852 | AJ49: 16.756282 | AK49: 0 | AL49: 19.635153 | AM49: 4.1393514 | AN49: 185.2007 | AO49: 19.333368 | AP49: 260.75284 | AQ49: 32.670945 | AR49: 11.622728 | AS49: 2.3076082 | AT49: 8.260452 | AU49: 32.068332 | AW49: =BG49 -> 1531.2994 | BA49: =SUM(M49:O49,R49:AC49,AE49:AH49,AK49:AL49,AN49:AP49,AR49:AU49) -> 1563.3678 | BG49: =BA49-AU49 -> 1531.2994
A50: Energy crop feedstock | B50: crops | C50: grassy crops | E50: ANNUAL | G50: UP | H50: ACT_BND | I50: 2050 | J50: MINBIOCRP31 | L50: 28.62266 | M50: 10.37449 | N50: 3.0363616 | O50: 52.125334 | P50: 63.58018 | Q50: 0 | R50: 0.57858406 | S50: 28.167463 | T50: 158.07734 | U50: 0 | V50: 1.9306869 | W50: 267.50198 | X50: 0 | Y50: 226.03343 | Z50: 15.16485 | AA50: 0 | AB50: 96.494903 | AC50: 4.7609988 | AD50: 0 | AE50: 122.91988 | AF50: 12.852316 | AG50: 0 | AH50: 2.1273022 | AI50: 2.5014681 | AJ50: 17.945481 | AK50: 0 | AL50: 17.059902 | AM50: 4.3165919 | AN50: 179.3168 | AO50: 19.09581 | AP50: 239.66386 | AQ50: 30.173342 | AR50: 10.447722 | AS50: 1.8743924 | AT50: 2.8673202 | AU50: 27.622704 | AW50: =BH50 -> 1472.4717 | BB50: =SUM(M50:O50,R50:AC50,AE50:AH50,AK50:AL50,AN50:AP50,AR50:AU50) -> 1500.0944 | BH50: =BB50-AU50 -> 1472.4717
A51: Energy crop feedstock | B51: crops | C51: grassy crops | F51: EUR10 | H51: ACT_COST | I51: 2010 | J51: MINBIOCRP31 | L51: 3.042113 | M51: 4.8609491 | N51: 5.6647622 | O51: 2.9393385 | P51: 3.5803336 | Q51: 0 | R51: 5.5103616 | S51: 3.1969607 | T51: 5.9699045 | U51: 9.7380292 | V51: 2.9785766 | W51: 7.3520383 | X51: 5.3692205 | Y51: 5.6422821 | Z51: 7.4360102 | AA51: 0 | AB51: 2.9351843 | AC51: 4.9286229 | AD51: 0 | AE51: 7.4555701 | AF51: 2.3773811 | AG51: 7.0933705 | AH51: 2.5131877 | AI51: 3.5803336 | AJ51: 3.5803336 | AK51: 0 | AL51: 8.4304416 | AM51: 6 | AN51: 4.1563416 | AO51: 4.5926348 | AP51: 2.6171499 | AQ51: 3.580578 | AR51: 7.9921601 | AS51: 3.5122986 | AT51: 3.0463974 | AU51: 7.3998769
A52: Energy crop feedstock | B52: crops | C52: grassy crops | F52: EUR10 | H52: ACT_COST | I52: 2020 | J52: MINBIOCRP31 | L52: 3.042113 | M52: 4.8609491 | N52: 5.6647622 | O52: 2.9393385 | P52: 3.5803336 | R52: 5.5103616 | S52: 3.1969607 | T52: 5.9699045 | U52: 9.7380292 | V52: 2.9785766 | W52: 7.3520383 | X52: 5.3692205 | Y52: 5.6422821 | Z52: 7.4360102 | AA52: 0 | AB52: 2.9351843 | AC52: 4.9286229 | AE52: 7.4555701 | AF52: 2.3773811 | AG52: 7.0933705 | AH52: 2.5131877 | AI52: 3.5803336 | AJ52: 3.5803336 | AK52: 0 | AL52: 8.4304416 | AM52: 6 | AN52: 4.1563416 | AO52: 4.5926348 | AP52: 2.6171499 | AQ52: 3.580578 | AR52: 7.9921601 | AS52: 3.5122986 | AT52: 3.0463974 | AU52: 7.3998769
A53: Energy crop feedstock | B53: crops | C53: grassy crops | F53: EUR10 | H53: ACT_COST | I53: 2030 | J53: MINBIOCRP31 | L53: 2.8282208 | M53: 4.6498671 | N53: 5.0455631 | O53: 3.042449 | P53: 2.8282208 | R53: 5.2081197 | S53: 2.9131686 | T53: 5.3681285 | U53: 10.033954 | V53: 2.9803603 | W53: 6.7308552 | X53: 4.9508486 | Y53: 4.993185 | Z53: 8.1500741 | AA53: 3.5710353 | AB53: 2.8384207 | AC53: 4.9756486 | AE53: 7.4583099 | AF53: 2.141918 | AG53: 6.9206351 | AH53: 2.1295171 | AI53: 3.3750643 | AJ53: 3.3750643 | AK53: 0 | AL53: 7.6870582 | AM53: 6.8894209 | AN53: 3.7405981 | AO53: 4.3123204 | AP53: 2.5057889 | AQ53: 2.8282208 | AR53: 7.4005877 | AS53: 3.0632175 | AT53: 2.6566275 | AU53: 6.685104
A54: Energy crop feedstock | B54: crops | C54: grassy crops | F54: EUR10 | H54: ACT_COST | I54: 2040 | J54: MINBIOCRP31 | L54: 3.2617525 | M54: 4.9112345 | N54: 5.7049722 | O54: 2.9786438 | P54: 3.2617525 | R54: 5.2243273 | S54: 2.8742534 | T54: 5.2305328 | U54: 9.7651024 | V54: 3.2624924 | W54: 6.6044437 | X54: 4.7296339 | Y54: 4.8654655 | Z54: 7.965894 | AA54: 4.0110899 | AB54: 2.7644908 | AC54: 5.1677142 | AE54: 7.4619483 | AF54: 2.6542011 | AG54: 6.7691298 | AH54: 2.7047178 | AI54: 3.8172189 | AJ54: 3.8172189 | AK54: 0 | AL54: 7.4549711 | AM54: 7.3275908 | AN54: 3.6826255 | AO54: 4.2793997 | AP54: 2.5783211 | AQ54: 3.2617525 | AR54: 7.294693 | AS54: 3.0142875 | AT54: 3.2399671 | AU54: 6.6126226
A55: Energy crop feedstock | B55: crops | C55: grassy crops | F55: EUR10 | H55: ACT_COST | I55: 2050 | J55: MINBIOCRP31 | L55: 3.3583446 | M55: 5.0480631 | N55: 5.7306627 | O55: 2.8154785 | P55: 3.9224339 | R55: 5.271005 | S55: 2.8708609 | T55: 5.1044762 | U55: 0 | V55: 3.26302 | W55: 6.5324149 | X55: 4.6417188 | Y55: 4.7523188 | Z55: 7.8250506 | AA55: 4.1142049 | AB55: 2.7577702 | AC55: 5.0784871 | AE55: 7.3858571 | AF55: 2.6698513 | AG55: 6.6284651 | AH55: 3.0957436 | AI55: 3.9224339 | AJ55: 3.9224339 | AK55: 0 | AL55: 7.2434479 | AM55: 7.428821 | AN55: 3.6593412 | AO55: 4.337309 | AP55: 2.6372952 | AQ55: 3.9177072 | AR55: 7.2860752 | AS55: 2.970586 | AT55: 3.4789049 | AU55: 6.7863626
E56: \I:
A57: Energy crop feedstock | B57: crops | C57: Willow | E57: ANNUAL | G57: UP | H57: ACT_BND | I57: 2005 | J57: MINBIOCRP41 | L57: 0 | M57: 0 | N57: 0 | O57: 0 | P57: 0 | Q57: 0 | R57: 0 | S57: 0 | T57: 0 | U57: 0 | V57: 0 | W57: 0 | X57: 0 | Y57: 0 | Z57: 0 | AA57: 0 | AB57: 0 | AC57: 0 | AD57: 0 | AE57: 0 | AF57: 0 | AG57: 0 | AH57: 0 | AI57: 0 | AJ57: 0 | AK57: 0 | AL57: 0 | AM57: 0 | AN57: 0 | AO57: 0 | AP57: 0 | AQ57: 0 | AR57: 0 | AS57: 0 | AT57: 0 | AU57: 0
A58: Energy crop feedstock | B58: crops | C58: Willow | E58: ANNUAL | G58: UP | H58: ACT_BND | I58: 2010 | J58: MINBIOCRP41 | L58: 0 | M58: 0 | N58: 0 | O58: 0 | P58: 0 | Q58: 0 | R58: 0 | S58: 0 | T58: 0 | U58: 0 | V58: 0 | W58: 0 | X58: 0 | Y58: 0 | Z58: 0 | AA58: 0 | AB58: 0 | AC58: 0 | AD58: 0 | AE58: 0 | AF58: 0 | AG58: 0 | AH58: 0 | AI58: 0 | AJ58: 0 | AK58: 0 | AL58: 0 | AM58: 0 | AN58: 0 | AO58: 0 | AP58: 0 | AQ58: 0 | AR58: 0 | AS58: 0 | AT58: 0 | AU58: 0 | AW58: =BD58 -> 0 | AX58: =SUM(M58:O58,R58:AC58,AE58:AH58,AK58:AL58,AN58:AP58,AR58:AU58) -> 0 | BD58: =AX58-AU58 -> 0
A59: Energy crop feedstock | B59: crops | C59: Willow | E59: ANNUAL | G59: UP | H59: ACT_BND | I59: 2020 | J59: MINBIOCRP41 | L59: 0 | M59: 2.3344902 | N59: 3.6504995 | O59: 6.7114301 | P59: 0 | Q59: 0 | R59: 0 | S59: 4.0446389 | T59: 10.179435 | U59: 0.0051375258 | V59: 2.9851019 | W59: 0 | X59: 3.5 | Y59: 25.50866 | Z59: 0 | AA59: 0 | AB59: 15.37513 | AC59: 6.5821376 | AD59: 0 | AE59: 0 | AF59: 15.474333 | AG59: 0 | AH59: 3.0246229 | AI59: 0 | AJ59: 0 | AK59: 0 | AL59: 1.2612964 | AM59: 3.591016 | AN59: 67.233611 | AO59: 0 | AP59: 62.119332 | AQ59: 0 | AR59: 3.9555279 | AS59: 0 | AT59: 2.278551 | AU59: 27.599107 | AW59: =BE59 -> 236.22394 | AY59: =SUM(M59:O59,R59:AC59,AE59:AH59,AK59:AL59,AN59:AP59,AR59:AU59) -> 263.82304 | BE59: =AY59-AU59 -> 236.22394
A60: Energy crop feedstock | B60: crops | C60: Willow | E60: ANNUAL | G60: UP | H60: ACT_BND | I60: 2030 | J60: MINBIOCRP41 | L60: 0 | M60: 2.4823389 | N60: 5.1781704 | O60: 4.7974348 | P60: 0 | Q60: 0 | R60: 0 | S60: 5.0677321 | T60: 18.772825 | U60: 0.0020338806 | V60: 2.9084026 | W60: 0 | X60: 4.2 | Y60: 33.521979 | Z60: 0 | AA60: 0 | AB60: 16.951721 | AC60: 6.1214156 | AD60: 0 | AE60: 0 | AF60: 17.150215 | AG60: 0 | AH60: 3.6780392 | AI60: 0 | AJ60: 0 | AK60: 0 | AL60: 2.3046521 | AM60: 3.7472597 | AN60: 81.005224 | AO60: 0 | AP60: 66.461038 | AQ60: 0 | AR60: 4.7493767 | AS60: 0 | AT60: 2.5851786 | AU60: 35.909257 | AW60: =BF60 -> 277.93778 | AZ60: =SUM(M60:O60,R60:AC60,AE60:AH60,AK60:AL60,AN60:AP60,AR60:AU60) -> 313.84703 | BF60: =AZ60-AU60 -> 277.93778
A61: Energy crop feedstock | B61: crops | C61: Willow | E61: ANNUAL | G61: UP | H61: ACT_BND | I61: 2040 | J61: MINBIOCRP41 | L61: 0 | M61: 2.1378736 | N61: 3.0659983 | O61: 5.6262278 | P61: 0 | Q61: 0 | R61: 0 | S61: 7.6053545 | T61: 19.487458 | U61: 0.0010631649 | V61: 2.0883547 | W61: 0 | X61: 6 | Y61: 31.859965 | Z61: 0 | AA61: 0 | AB61: 18.270018 | AC61: 4.425612 | AD61: 0 | AE61: 0 | AF61: 12.615481 | AG61: 0 | AH61: 2.73304 | AI61: 0 | AJ61: 0 | AK61: 0 | AL61: 2.0615292 | AM61: 3.8719125 | AN61: 79.05996 | AO61: 0 | AP61: 63.869805 | AQ61: 0 | AR61: 4.3896397 | AS61: 0 | AT61: 2.0060813 | AU61: 32.079736 | AW61: =BG61 -> 267.30346 | BA61: =SUM(M61:O61,R61:AC61,AE61:AH61,AK61:AL61,AN61:AP61,AR61:AU61) -> 299.3832 | BG61: =BA61-AU61 -> 267.30346
A62: Energy crop feedstock | B62: crops | C62: Willow | E62: ANNUAL | G62: UP | H62: ACT_BND | I62: 2050 | J62: MINBIOCRP41 | L62: 0 | M62: 1.7536432 | N62: 0.74969191 | O62: 6.5081277 | P62: 0 | Q62: 0 | R62: 0 | S62: 10.343609 | T62: 20.190032 | U62: 0 | V62: 1.1855028 | W62: 0 | X62: 7.4 | Y62: 29.92093 | Z62: 0 | AA62: 0 | AB62: 19.635948 | AC62: 2.5581519 | AD62: 0 | AE62: 0 | AF62: 7.618636 | AG62: 0 | AH62: 1.6913292 | AI62: 0 | AJ62: 0 | AK62: 0 | AL62: 1.7881559 | AM62: 4.0377018 | AN62: 76.625365 | AO62: 0 | AP62: 60.790557 | AQ62: 0 | AR62: 3.9798491 | AS62: 0 | AT62: 1.3664096 | AU62: 27.77528 | AW62: =BH62 -> 254.10594 | BB62: =SUM(M62:O62,R62:AC62,AE62:AH62,AK62:AL62,AN62:AP62,AR62:AU62) -> 281.88122 | BH62: =BB62-AU62 -> 254.10594
A63: Energy crop feedstock | B63: crops | C63: Willow | F63: EUR10 | H63: ACT_COST | I63: 2005 | J63: MINBIOCRP41 | L63: 6.9123068 | M63: 9.7576928 | N63: 9.7499269 | O63: 7.6086884 | P63: 7.4112731 | Q63: 11.103336 | R63: 0 | S63: 7.6248783 | T63: 11.80283 | U63: 17.8192 | V63: 7.8885432 | W63: 0 | X63: 13.483014 | Y63: 10.561002 | Z63: 0 | AA63: 0 | AB63: 7.5131794 | AC63: 9.9307697 | AD63: 0 | AE63: 0 | AF63: 6.9169101 | AG63: 10.926786 | AH63: 7.1025369 | AI63: 7.4112731 | AJ63: 7.4112731 | AK63: 0 | AL63: 15.099705 | AM63: 0 | AN63: 8.9250545 | AO63: 9.3722726 | AP63: 6.8247129 | AQ63: 7.4105852 | AR63: 14.031054 | AS63: 0 | AT63: 7.1245962 | AU63: 10.393549
A64: Energy crop feedstock | B64: crops | C64: Willow | F64: EUR10 | H64: ACT_COST | I64: 2020 | J64: MINBIOCRP41 | L64: 6.9123068 | M64: 9.7576928 | N64: 9.7499269 | O64: 7.6086884 | P64: 7.4112731 | Q64: 11.103336 | R64: 0 | S64: 7.6248783 | T64: 11.80283 | U64: 17.8192 | V64: 7.8885432 | W64: 0 | X64: 13.483014 | Y64: 10.561002 | Z64: 0 | AA64: 0 | AB64: 7.5131794 | AC64: 9.9307697 | AD64: 0 | AE64: 0 | AF64: 6.9169101 | AG64: 10.926786 | AH64: 7.1025369 | AI64: 7.4112731 | AJ64: 7.4112731 | AK64: 0 | AL64: 15.099705 | AM64: 0 | AN64: 8.9250545 | AO64: 9.3722726 | AP64: 6.8247129 | AQ64: 7.4105852 | AR64: 14.031054 | AS64: 0 | AT64: 7.1245962 | AU64: 10.393549
A65: Energy crop feedstock | B65: crops | C65: Willow | F65: EUR10 | H65: ACT_COST | I65: 2030 | J65: MINBIOCRP41 | L65: 6.4385074 | M65: 9.3148853 | N65: 8.3349276 | O65: 8.1331833 | P65: 6.4385074 | Q65: 8.9109787 | R65: 0 | S65: 6.7395161 | T65: 10.339292 | U65: 18.757171 | V65: 7.9656813 | W65: 0 | X65: 12.386997 | Y65: 9.1160741 | Z65: 0 | AA65: 7.6896037 | AB65: 7.1857882 | AC65: 10.224661 | AD65: 0 | AE65: 0 | AF65: 6.1772507 | AG65: 10.760904 | AH65: 5.9080948 | AI65: 6.9474405 | AJ65: 6.9474405 | AK65: 0 | AL65: 13.479091 | AM65: 11.546414 | AN65: 7.7732803 | AO65: 0 | AP65: 6.4748217 | AQ65: 6.4385074 | AR65: 12.955992 | AS65: 0 | AT65: 5.9949224 | AU65: 8.9276896
A66: Energy crop feedstock | B66: crops | C66: Willow | F66: EUR10 | H66: ACT_COST | I66: 2040 | J66: MINBIOCRP41 | L66: 7.5891187 | M66: 10.20162 | N66: 10.384059 | O66: 7.8921503 | P66: 7.5891187 | Q66: 9.928144 | R66: 0 | S66: 6.4984538 | T66: 10.136958 | U66: 18.343656 | V66: 8.9188238 | W66: 0 | X66: 11.937258 | Y66: 8.960701 | Z66: 0 | AA66: 8.8590201 | AB66: 6.9701961 | AC66: 10.902395 | AD66: 0 | AE66: 0 | AF66: 7.9219592 | AG66: 10.621539 | AH66: 7.7986988 | AI66: 8.1080187 | AJ66: 8.1080187 | AK66: 0 | AL66: 13.158727 | AM66: 12.719648 | AN66: 7.7923926 | AO66: 0 | AP66: 6.7399093 | AQ66: 7.5891187 | AR66: 13.042309 | AS66: 0 | AT66: 7.6774689 | AU66: 9.0643524
A67: Energy crop feedstock | B67: crops | C67: Willow | F67: EUR10 | H67: ACT_COST | I67: 2050 | J67: MINBIOCRP41 | L67: 7.8165953 | M67: 10.678457 | N67: 10.59076 | O67: 7.5246052 | P67: 8.3454621 | Q67: 10.032355 | R67: 0 | S67: 6.3856847 | T67: 9.9515699 | U67: 0 | V67: 8.9305407 | W67: 0 | X67: 11.778089 | Y67: 8.8321012 | Z67: 0 | AA67: 9.1053017 | AB67: 6.9538999 | AC67: 10.787808 | AD67: 0 | AE67: 0 | AF67: 7.9702638 | AG67: 10.48848 | AH67: 8.6205358 | AI67: 8.3454621 | AJ67: 8.3454621 | AK67: 0 | AL67: 12.870686 | AM67: 12.969747 | AN67: 7.9101391 | AO67: 0 | AP67: 6.9618457 | AQ67: 8.3260549 | AR67: 13.205062 | AS67: 0 | AT67: 8.1311064 | AU67: 9.8996366
E68: \I:
A69: Energy crop feedstock | B69: crops | C69: Poplar | E69: ANNUAL | G69: UP | H69: ACT_BND | I69: 2005 | J69: MINBIOCRP41a | L69: 0 | M69: 0 | N69: 0 | O69: 0 | P69: 0 | Q69: 0 | R69: 0 | S69: 0 | T69: 0 | U69: 0 | V69: 0 | W69: 0 | X69: 0 | Y69: 0 | Z69: 0 | AA69: 0 | AB69: 0 | AC69: 0 | AD69: 0 | AE69: 0 | AF69: 0 | AG69: 0 | AH69: 0 | AI69: 0 | AJ69: 0 | AK69: 0 | AL69: 0 | AM69: 0 | AN69: 0 | AO69: 0 | AP69: 0 | AQ69: 0 | AR69: 0 | AS69: 0 | AT69: 0 | AU69: 0
A70: Energy crop feedstock | B70: crops | C70: Poplar | E70: ANNUAL | G70: UP | H70: ACT_BND | I70: 2010 | J70: MINBIOCRP41a | L70: 0 | M70: 0 | N70: 0 | O70: 0 | P70: 0 | Q70: 0 | R70: 0 | S70: 0 | T70: 0 | U70: 0 | V70: 0 | W70: 0 | X70: 0 | Y70: 0 | Z70: 0 | AA70: 0 | AB70: 0 | AC70: 0 | AD70: 0 | AE70: 0 | AF70: 0 | AG70: 0 | AH70: 0 | AI70: 0 | AJ70: 0 | AK70: 0 | AL70: 0 | AM70: 0 | AN70: 0 | AO70: 0 | AP70: 0 | AQ70: 0 | AR70: 0 | AS70: 0 | AT70: 0 | AU70: 0 | AW70: =BD70 -> 0 | AX70: =SUM(M70:O70,R70:AC70,AE70:AH70,AK70:AL70,AN70:AP70,AR70:AU70) -> 0 | BD70: =AX70-AU70 -> 0
A71: Energy crop feedstock | B71: crops | C71: Poplar | E71: ANNUAL | G71: UP | H71: ACT_BND | I71: 2020 | J71: MINBIOCRP41a | L71: 5.3754834 | M71: 0 | N71: 0 | O71: 0 | P71: 13.192975 | Q71: 0 | R71: 0.26601391 | S71: 0 | T71: 0 | U71: 0 | V71: 0 | W71: 40.506852 | X71: 0 | Y71: 2.7068861 | Z71: 3.2365045 | AA71: 0 | AB71: 0 | AC71: 0 | AD71: 0 | AE71: 11.693737 | AF71: 0 | AG71: 0 | AH71: 0 | AI71: 0.49997889 | AJ71: 3.2458679 | AK71: 0 | AL71: 0 | AM71: 0 | AN71: 0 | AO71: 2.927498 | AP71: 0 | AQ71: 7.5430068 | AR71: 0 | AS71: 0.062153325 | AT71: 0 | AU71: 0 | AW71: =BE71 -> 61.399645 | AY71: =SUM(M71:O71,R71:AC71,AE71:AH71,AK71:AL71,AN71:AP71,AR71:AU71) -> 61.399645 | BE71: =AY71-AU71 -> 61.399645
A72: Energy crop feedstock | B72: crops | C72: Poplar | E72: ANNUAL | G72: UP | H72: ACT_BND | I72: 2030 | J72: MINBIOCRP41a | L72: 5.6331515 | M72: 0 | N72: 0 | O72: 0 | P72: 13.6203 | Q72: 0 | R72: 0.28843478 | S72: 0 | T72: 0 | U72: 0 | V72: 0 | W72: 44.915056 | X72: 0 | Y72: 3.1079622 | Z72: 3.6874292 | AA72: 0 | AB72: 0 | AC72: 0 | AD72: 0 | AE72: 11.132323 | AF72: 0 | AG72: 0 | AH72: 0 | AI72: 0.51183673 | AJ72: 3.3946165 | AK72: 0 | AL72: 0 | AM72: 0 | AN72: 0 | AO72: 2.6070542 | AP72: 0 | AQ72: 7.579096 | AR72: 0 | AS72: 0.15673132 | AT72: 0 | AU72: 0 | AW72: =BF72 -> 65.89499 | AZ72: =SUM(M72:O72,R72:AC72,AE72:AH72,AK72:AL72,AN72:AP72,AR72:AU72) -> 65.89499 | BF72: =AZ72-AU72 -> 65.89499
A73: Energy crop feedstock | B73: crops | C73: Poplar | E73: ANNUAL | G73: UP | H73: ACT_BND | I73: 2040 | J73: MINBIOCRP41a | L73: 5.9278462 | M73: 0 | N73: 0 | O73: 0 | P73: 13.74655 | Q73: 0 | R73: 0.27068371 | S73: 0 | T73: 0 | U73: 0 | V73: 0 | W73: 49.491247 | X73: 0 | Y73: 3.1324594 | Z73: 4.0412118 | AA73: 0 | AB73: 0 | AC73: 0 | AD73: 0 | AE73: 10.992619 | AF73: 0 | AG73: 0 | AH73: 0 | AI73: 0.52828364 | AJ73: 3.6449491 | AK73: 0 | AL73: 0 | AM73: 0 | AN73: 0 | AO73: 3.706528 | AP73: 0 | AQ73: 7.1068232 | AR73: 0 | AS73: 0.1362292 | AT73: 0 | AU73: 0 | AW73: =BG73 -> 71.770978 | BA73: =SUM(M73:O73,R73:AC73,AE73:AH73,AK73:AL73,AN73:AP73,AR73:AU73) -> 71.770978 | BG73: =BA73-AU73 -> 71.770978
A74: Energy crop feedstock | B74: crops | C74: Poplar | E74: ANNUAL | G74: UP | H74: ACT_BND | I74: 2050 | J74: MINBIOCRP41a | L74: 6.2262106 | M74: 0 | N74: 0 | O74: 0 | P74: 13.830426 | Q74: 0 | R74: 0.25024901 | S74: 0 | T74: 0 | U74: 0 | V74: 0 | W74: 54.287838 | X74: 0 | Y74: 3.1468023 | Z74: 4.4111833 | AA74: 0 | AB74: 0 | AC74: 0 | AD74: 0 | AE74: 10.796766 | AF74: 0 | AG74: 0 | AH74: 0 | AI74: 0.54413765 | AJ74: 3.9036324 | AK74: 0 | AL74: 0 | AM74: 0 | AN74: 0 | AO74: 4.8913036 | AP74: 0 | AQ74: 6.5635262 | AR74: 0 | AS74: 0.11332479 | AT74: 0 | AU74: 0 | AW74: =BH74 -> 77.897467 | BB74: =SUM(M74:O74,R74:AC74,AE74:AH74,AK74:AL74,AN74:AP74,AR74:AU74) -> 77.897467 | BH74: =BB74-AU74 -> 77.897467
A75: Energy crop feedstock | B75: crops | C75: Poplar | F75: EUR10 | H75: ACT_COST | I75: 2005 | J75: MINBIOCRP41a | L75: 7.9149019 | M75: 0 | N75: 0 | O75: 0 | P75: 9.0822648 | Q75: 0 | R75: 13.012708 | S75: 0 | T75: 0 | U75: 0 | V75: 0 | W75: 16.746125 | X75: 0 | Y75: 13.157083 | Z75: 16.913946 | AA75: 0 | AB75: 0 | AC75: 0 | AD75: 0 | AE75: 18.258215 | AF75: 0 | AG75: 0 | AH75: 0 | AI75: 9.0822648 | AJ75: 9.0822648 | AK75: 0 | AL75: 0 | AM75: 0 | AN75: 0 | AO75: 11.43774 | AP75: 0 | AQ75: 9.0815769 | AR75: 0 | AS75: 10.229394 | AT75: 0 | AU75: 0
A76: Energy crop feedstock | B76: crops | C76: Poplar | F76: EUR10 | H76: ACT_COST | I76: 2020 | J76: MINBIOCRP41a | L76: 7.9149019 | M76: 0 | N76: 0 | O76: 0 | P76: 9.0822648 | Q76: 0 | R76: 13.012708 | S76: 0 | T76: 0 | U76: 0 | V76: 0 | W76: 16.746125 | X76: 0 | Y76: 13.157083 | Z76: 16.913946 | AA76: 0 | AB76: 0 | AC76: 0 | AD76: 0 | AE76: 18.258215 | AF76: 0 | AG76: 0 | AH76: 0 | AI76: 9.0822648 | AJ76: 9.0822648 | AK76: 0 | AL76: 0 | AM76: 0 | AN76: 0 | AO76: 11.43774 | AP76: 0 | AQ76: 9.0815769 | AR76: 0 | AS76: 10.229394 | AT76: 0 | AU76: 0
A77: Energy crop feedstock | B77: crops | C77: Poplar | F77: EUR10 | H77: ACT_COST | I77: 2030 | J77: MINBIOCRP41a | L77: 7.4611293 | M77: 0 | N77: 0 | O77: 0 | P77: 7.4611293 | Q77: 0 | R77: 12.259836 | S77: 0 | T77: 0 | U77: 0 | V77: 0 | W77: 15.299168 | X77: 0 | Y77: 11.481205 | Z77: 16.505633 | AA77: 8.0085993 | AB77: 0 | AC77: 0 | AD77: 0 | AE77: 18.237241 | AF77: 0 | AG77: 0 | AH77: 0 | AI77: 8.6518102 | AJ77: 8.6518102 | AK77: 0 | AL77: 0 | AM77: 0 | AN77: 0 | AO77: 10.946496 | AP77: 0 | AQ77: 7.4611293 | AR77: 0 | AS77: 8.9167479 | AT77: 0 | AU77: 0
A78: Energy crop feedstock | B78: crops | C78: Poplar | F78: EUR10 | H78: ACT_COST | I78: 2040 | J78: MINBIOCRP41a | L78: 8.6317674 | M78: 0 | N78: 0 | O78: 0 | P78: 8.6317674 | Q78: 0 | R78: 12.428041 | S78: 0 | T78: 0 | U78: 0 | V78: 0 | W78: 14.991299 | X78: 0 | Y78: 11.291708 | Z78: 15.956898 | AA78: 9.1833609 | AB78: 0 | AC78: 0 | AD78: 0 | AE78: 18.079945 | AF78: 0 | AG78: 0 | AH78: 0 | AI78: 9.8457664 | AJ78: 9.8457664 | AK78: 0 | AL78: 0 | AM78: 0 | AN78: 0 | AO78: 10.3867 | AP78: 0 | AQ78: 8.6317674 | AR78: 0 | AS78: 8.7824618 | AT78: 0 | AU78: 0
A79: Energy crop feedstock | B79: crops | C79: Poplar | F79: EUR10 | H79: ACT_COST | I79: 2050 | J79: MINBIOCRP41a | L79: 8.8792708 | M79: 0 | N79: 0 | O79: 0 | P79: 10.116588 | Q79: 0 | R79: 12.675415 | S79: 0 | T79: 0 | U79: 0 | V79: 0 | W79: 14.779531 | X79: 0 | Y79: 11.122624 | Z79: 15.536934 | AA79: 9.4349877 | AB79: 0 | AC79: 0 | AD79: 0 | AE79: 17.695673 | AF79: 0 | AG79: 0 | AH79: 8.9356879 | AI79: 10.116588 | AJ79: 10.116588 | AK79: 0 | AL79: 0 | AM79: 0 | AN79: 0 | AO79: 10.220744 | AP79: 0 | AQ79: 10.097181 | AR79: 0 | AS79: 8.6593463 | AT79: 0 | AU79: 0
E80: \I:
A81: All other | B81: waste | C81: agricultural biogas from manure etc. | E81: ANNUAL | G81: UP | H81: ACT_BND | I81: 2005 | J81: MINBIOGAS1 | L81: 1.811121 | M81: 4.7410588 | N81: 38.783816 | O81: 6.6545179 | P81: 1.6140905 | Q81: 4.4775205 | R81: 3.940475 | S81: 56.25013 | T81: 103.96687 | U81: 43.655093 | V81: 8.9301984 | W81: 89.558098 | X81: 0.9 | Y81: 259.81736 | Z81: 7.0574857 | AA81: 3.2519336 | AB81: 72.161923 | AC81: 18.077271 | AD81: 0 | AE81: 118.23984 | AF81: 10.943544 | AG81: 1.5219225 | AH81: 7.30399 | AI81: 0.2492399 | AJ81: 0.78644195 | AK81: 7.30399 | AL81: 49.264473 | AM81: 5.9239423 | AN81: 66.249669 | AO81: 21.712044 | AP81: 21.917103 | AQ81: 10.45654 | AR81: 17.602549 | AS81: 1.5467677 | AT81: 16.473736 | AU81: 159.99714
A82: All other | B82: waste | C82: agricultural biogas from manure etc. | E82: ANNUAL | G82: UP | H82: ACT_BND | I82: 2010 | J82: MINBIOGAS1 | L82: 1.811121 | M82: 4.7410588 | N82: 38.783816 | O82: 6.6545179 | P82: 1.6140905 | Q82: 4.4775205 | R82: 3.940475 | S82: 56.25013 | T82: 103.96687 | U82: 43.655093 | V82: 8.9301984 | W82: 89.558098 | X82: 0.9 | Y82: 259.81736 | Z82: 7.0574857 | AA82: 3.2519336 | AB82: 72.161923 | AC82: 18.077271 | AD82: 0 | AE82: 118.23984 | AF82: 10.943544 | AG82: 1.5219225 | AH82: 7.30399 | AI82: 0.2492399 | AJ82: 0.78644195 | AK82: 7.30399 | AL82: 49.264473 | AM82: 5.9239423 | AN82: 66.249669 | AO82: 21.712044 | AP82: 21.917103 | AQ82: 10.45654 | AR82: 17.602549 | AS82: 1.5467677 | AT82: 16.473736 | AU82: 159.99714 | AW82: =BD82 -> 1057.8259 | AX82: =SUM(M82:O82,R82:AC82,AE82:AH82,AK82:AL82,AN82:AP82,AR82:AU82) -> 1217.823 | BD82: =AX82-AU82 -> 1057.8259
A83: All other | B83: waste | C83: agricultural biogas from manure etc. | E83: ANNUAL | G83: UP | H83: ACT_BND | I83: 2020 | J83: MINBIOGAS1 | L83: 1.811121 | M83: 4.7367235 | N83: 38.514312 | O83: 5.5243009 | P83: 1.6140905 | Q83: 4.3005835 | R83: 4.0338295 | S83: 49.284196 | T83: 102.37584 | U83: 43.287338 | V83: 8.0637936 | W83: 99.773713 | X83: 0.9 | Y83: 258.69155 | Z83: 6.9688808 | AA83: 3.2519336 | AB83: 62.595228 | AC83: 18.208976 | AD83: 0 | AE83: 120.01805 | AF83: 12.67579 | AG83: 1.5219225 | AH83: 7.3974313 | AI83: 0.2492399 | AJ83: 0.78644195 | AK83: 0.40701636 | AL83: 48.73648 | AM83: 5.0970238 | AN83: 70.260775 | AO83: 21.599859 | AP83: 22.785921 | AQ83: 10.45654 | AR83: 17.190222 | AS83: 1.5272374 | AT83: 13.629927 | AU83: 157.13274 | AW83: =BE83 -> 1043.9613 | AY83: =SUM(M83:O83,R83:AC83,AE83:AH83,AK83:AL83,AN83:AP83,AR83:AU83) -> 1201.094 | BE83: =AY83-AU83 -> 1043.9613
A84: All other | B84: waste | C84: agricultural biogas from manure etc. | E84: ANNUAL | G84: UP | H84: ACT_BND | I84: 2030 | J84: MINBIOGAS1 | L84: 1.811121 | M84: 4.7361847 | N84: 38.565788 | O84: 5.9662889 | P84: 1.6140905 | Q84: 4.1602524 | R84: 4.1469402 | S84: 45.101369 | T84: 103.19564 | U84: 43.606722 | V84: 8.1705574 | W84: 102.62182 | X84: 2.1 | Y84: 258.61347 | Z84: 7.0604762 | AA84: 3.2519336 | AB84: 61.510783 | AC84: 18.358377 | AD84: 0 | AE84: 119.05227 | AF84: 14.289557 | AG84: 1.5219225 | AH84: 7.9394662 | AI84: 0.2492399 | AJ84: 0.78644195 | AK84: 0.40701636 | AL84: 48.871884 | AM84: 4.7372232 | AN84: 77.97531 | AO84: 22.142523 | AP84: 23.645664 | AQ84: 10.45654 | AR84: 16.958565 | AS84: 1.5385492 | AT84: 13.396298 | AU84: 158.79235 | AW84: =BF84 -> 1054.7454 | AZ84: =SUM(M84:O84,R84:AC84,AE84:AH84,AK84:AL84,AN84:AP84,AR84:AU84) -> 1213.5377 | BF84: =AZ84-AU84 -> 1054.7454
A85: All other | B85: waste | C85: agricultural biogas from manure etc. | E85: ANNUAL | G85: UP | H85: ACT_BND | I85: 2040 | J85: MINBIOGAS1 | L85: 1.811121 | M85: 4.7475445 | N85: 38.62 | O85: 5.8179772 | P85: 1.6140905 | Q85: 4.3091897 | R85: 4.3063617 | S85: 43.625092 | T85: 104.40631 | U85: 43.441795 | V85: 8.246653 | W85: 106.1511 | X85: 5.4 | Y85: 258.50615 | Z85: 7.357773 | AA85: 3.2519336 | AB85: 62.590939 | AC85: 18.354574 | AD85: 0 | AE85: 117.31775 | AF85: 15.590066 | AG85: 1.5219225 | AH85: 8.207887 | AI85: 0.2492399 | AJ85: 0.78644195 | AK85: 0.40701636 | AL85: 48.846861 | AM85: 4.8120324 | AN85: 86.169906 | AO85: 22.872104 | AP85: 22.381531 | AQ85: 10.45654 | AR85: 17.239409 | AS85: 1.5127046 | AT85: 12.900657 | AU85: 160.30126 | AW85: =BG85 -> 1069.792 | BA85: =SUM(M85:O85,R85:AC85,AE85:AH85,AK85:AL85,AN85:AP85,AR85:AU85) -> 1230.0933 | BG85: =BA85-AU85 -> 1069.792
A86: All other | B86: waste | C86: agricultural biogas from manure etc. | E86: ANNUAL | G86: UP | H86: ACT_BND | I86: 2050 | J86: MINBIOGAS1 | L86: 1.811121 | M86: 4.7589043 | N86: 38.674211 | O86: 5.6696655 | P86: 1.6140905 | Q86: 4.458127 | R86: 4.4657832 | S86: 42.148815 | T86: 105.61698 | U86: 43.276867 | V86: 8.3227486 | W86: 109.68038 | X86: 6.5 | Y86: 258.39883 | Z86: 7.6550699 | AA86: 3.2519336 | AB86: 63.671094 | AC86: 18.350772 | AD86: 0 | AE86: 115.58324 | AF86: 16.890576 | AG86: 1.5219225 | AH86: 8.4763079 | AI86: 0.2492399 | AJ86: 0.78644195 | AK86: 0.40701636 | AL86: 48.821838 | AM86: 4.9005629 | AN86: 94.364501 | AO86: 23.601686 | AP86: 21.117398 | AQ86: 10.45654 | AR86: 17.520252 | AS86: 1.48686 | AT86: 12.405015 | AU86: 161.81017 | AW86: =BH86 -> 1082.6387 | BB86: =SUM(M86:O86,R86:AC86,AE86:AH86,AK86:AL86,AN86:AP86,AR86:AU86) -> 1244.4488 | BH86: =BB86-AU86 -> 1082.6387
A87: All other | B87: waste | C87: agricultural biogas from manure etc. | F87: EUR10 | H87: ACT_COST | I87: 2005 | J87: MINBIOGAS1 | L87: 3.8799749 | M87: 6.0805789 | N87: 6.1771321 | O87: 3.4026473 | P87: 3.9434189 | Q87: 6.0805789 | R87: 4.2513436 | S87: 3.7313002 | T87: 5.8884459 | U87: 6.9958093 | V87: 3.7685308 | W87: 4.5576853 | X87: 6.1770045 | Y87: 6.3011425 | Z87: 4.272439 | AA87: 3.9682157 | AB87: 3.5608087 | AC87: 5.9817028 | AD87: 6.5133351 | AE87: 4.9931229 | AF87: 3.5813064 | AG87: 6.0319114 | AH87: 3.5579344 | AI87: 3.8823944 | AJ87: 3.8000748 | AK87: 3.4529255 | AL87: 6.1281818 | AM87: 6.5133351 | AN87: 3.5967 | AO87: 3.9016881 | AP87: 3.4882101 | AQ87: 4.3280779 | AR87: 6.5133351 | AS87: 4.174241 | AT87: 3.8299482 | AU87: 6.4487503
A88: All other | B88: waste | C88: agricultural biogas from manure etc. | F88: EUR10 | H88: ACT_COST | I88: 2010 | J88: MINBIOGAS1 | L88: 3.8799749 | M88: 6.0805789 | N88: 6.1771321 | O88: 3.4026473 | P88: 3.9434189 | Q88: 6.0805789 | R88: 4.2513436 | S88: 3.7313002 | T88: 5.8884459 | U88: 6.9958093 | V88: 3.7685308 | W88: 4.5576853 | X88: 6.1770045 | Y88: 6.3011425 | Z88: 4.272439 | AA88: 3.9682157 | AB88: 3.5608087 | AC88: 5.9817028 | AD88: 6.5133351 | AE88: 4.9931229 | AF88: 3.5813064 | AG88: 6.0319114 | AH88: 3.5579344 | AI88: 3.8823944 | AJ88: 3.8000748 | AK88: 3.4529255 | AL88: 6.1281818 | AM88: 6.5133351 | AN88: 3.5967 | AO88: 3.9016881 | AP88: 3.4882101 | AQ88: 4.3280779 | AR88: 6.5133351 | AS88: 4.174241 | AT88: 3.8299482 | AU88: 6.4487503
A89: All other | B89: waste | C89: agricultural biogas from manure etc. | F89: EUR10 | H89: ACT_COST | I89: 2020 | J89: MINBIOGAS1 | L89: 3.8799749 | M89: 6.0811134 | N89: 6.179801 | O89: 3.383699 | P89: 3.9434189 | Q89: 6.0811134 | R89: 4.2529294 | S89: 3.7401908 | T89: 5.888933 | U89: 6.9996032 | V89: 3.7792859 | W89: 4.5553473 | X89: 6.1761995 | Y89: 6.2996937 | Z89: 4.2552554 | AA89: 3.9682157 | AB89: 3.5549705 | AC89: 5.9825197 | AD89: 6.5190613 | AE89: 4.9991254 | AF89: 3.5871742 | AG89: 6.0319114 | AH89: 3.5603881 | AI89: 3.8823944 | AJ89: 3.8000748 | AK89: 3.4239943 | AL89: 6.1316987 | AM89: 6.5190613 | AN89: 3.5890494 | AO89: 3.90184 | AP89: 3.4921664 | AQ89: 4.3280779 | AR89: 6.5190613 | AS89: 4.1664043 | AT89: 3.8032608 | AU89: 6.4488991
A90: All other | B90: waste | C90: agricultural biogas from manure etc. | F90: EUR10 | H90: ACT_COST | I90: 2030 | J90: MINBIOGAS1 | L90: 3.8799749 | M90: 6.0814907 | N90: 6.1939204 | O90: 3.541849 | P90: 3.9434189 | Q90: 6.0814907 | R90: 4.3130014 | S90: 3.5592017 | T90: 5.9287209 | U90: 7.025756 | V90: 3.8020711 | W90: 4.6267807 | X90: 6.1643278 | Y90: 6.2947846 | Z90: 4.2896682 | AA90: 3.9682157 | AB90: 3.5203299 | AC90: 6.0018691 | AD90: 6.5073766 | AE90: 4.9752025 | AF90: 3.8220892 | AG90: 6.0319114 | AH90: 3.7164495 | AI90: 3.8823944 | AJ90: 3.8000748 | AK90: 3.4239943 | AL90: 6.1727177 | AM90: 6.5073766 | AN90: 3.8332973 | AO90: 3.956642 | AP90: 3.5683308 | AQ90: 4.3280779 | AR90: 6.5073766 | AS90: 4.1721618 | AT90: 3.7606501 | AU90: 6.4915604
A91: All other | B91: waste | C91: agricultural biogas from manure etc. | F91: EUR10 | H91: ACT_COST | I91: 2040 | J91: MINBIOGAS1 | L91: 3.8799749 | M91: 6.088499 | N91: 6.2033377 | O91: 3.4873476 | P91: 3.9434189 | Q91: 6.088499 | R91: 4.4006931 | S91: 3.4934558 | T91: 5.9817256 | U91: 7.0107173 | V91: 3.8196007 | W91: 4.6565419 | X91: 6.2948181 | Y91: 6.2916785 | Z91: 4.4117744 | AA91: 3.9682157 | AB91: 3.5592562 | AC91: 6.0067638 | AD91: 6.5387017 | AE91: 4.9168529 | AF91: 3.9492604 | AG91: 6.0319114 | AH91: 3.7961371 | AI91: 3.8823944 | AJ91: 3.8000748 | AK91: 3.4239943 | AL91: 6.2048378 | AM91: 6.5387017 | AN91: 3.8733456 | AO91: 4.0310891 | AP91: 2.9480404 | AQ91: 4.3280779 | AR91: 6.5387017 | AS91: 4.1405113 | AT91: 3.6856555 | AU91: 6.5532212
A92: All other | B92: waste | C92: agricultural biogas from manure etc. | F92: EUR10 | H92: ACT_COST | I92: 2050 | J92: MINBIOGAS1 | L92: 3.8799749 | M92: 6.0955372 | N92: 6.2128584 | O92: 3.4343054 | P92: 3.9434189 | Q92: 6.0955372 | R92: 4.4876052 | S92: 3.6545963 | T92: 6.0263469 | U92: 6.9957253 | V92: 3.8370035 | W92: 4.6791562 | X92: 6.4345283 | Y92: 6.288883 | Z92: 4.5166378 | AA92: 3.9682157 | AB92: 3.6003152 | AC92: 6.0117445 | AD92: 6.5725716 | AE92: 4.872964 | AF92: 3.9446586 | AG92: 6.0319114 | AH92: 3.8762632 | AI92: 3.8823944 | AJ92: 3.8000748 | AK92: 3.4239943 | AL92: 6.2207947 | AM92: 6.5725716 | AN92: 3.8814247 | AO92: 4.0935264 | AP92: 2.8666251 | AQ92: 4.3280779 | AR92: 6.5725716 | AS92: 4.1086978 | AT92: 3.6155518 | AU92: 6.5773137
E93: \I:
A94: All other | B94: agriculture residues | C94: Primary AGR residues | E94: ANNUAL | G94: UP | H94: ACT_BND | I94: 2005 | J94: MINBIOAGRW1 | L94: 1.1925516 | M94: 21.842206 | N94: 7.3584885 | O94: 27.292197 | P94: 2.303058 | Q94: 4.41372 | R94: 0.29145516 | S94: 36.763474 | T94: 202.26684 | U94: 29.037392 | V94: 3.3979435 | W94: 79.609177 | X94: 14.5 | Y94: 211.78669 | Z94: 14.02365 | AA94: 9.8780267 | AB94: 48.24234 | AC94: 0.2421171 | AD94: 0 | AE94: 61.673813 | AF94: 14.773808 | AG94: 0.37284078 | AH94: 6.9852589 | AI94: 0.082496339 | AJ94: 1.4983805 | AK94: 6.8864716 | AL94: 5.7287599 | AM94: 5.9239423 | AN94: 103.20006 | AO94: 5.8374553 | AP94: 57.010872 | AQ94: 19.873055 | AR94: 20.078427 | AS94: 0.7972136 | AT94: 13.357184 | AU94: 71.33441
A95: All other | B95: agriculture residues | C95: Primary AGR residues | E95: ANNUAL | G95: UP | H95: ACT_BND | I95: 2010 | J95: MINBIOAGRW1 | L95: 1.1925516 | M95: 21.842206 | N95: 7.3584885 | O95: 27.292197 | P95: 2.303058 | Q95: 4.41372 | R95: 0.29145516 | S95: 36.763474 | T95: 202.26684 | U95: 29.037392 | V95: 3.3979435 | W95: 79.609177 | X95: 14.5 | Y95: 211.78669 | Z95: 14.02365 | AA95: 9.8780267 | AB95: 48.24234 | AC95: 0.2421171 | AD95: 0 | AE95: 61.673813 | AF95: 14.773808 | AG95: 0.37284078 | AH95: 6.9852589 | AI95: 0.082496339 | AJ95: 1.4983805 | AK95: 6.8864716 | AL95: 5.7287599 | AM95: 5.9239423 | AN95: 103.20006 | AO95: 5.8374553 | AP95: 57.010872 | AQ95: 19.873055 | AR95: 20.078427 | AS95: 0.7972136 | AT95: 13.357184 | AU95: 71.33441 | AW95: =BD95 -> 1003.2342 | AX95: =SUM(M95:O95,R95:AC95,AE95:AH95,AK95:AL95,AN95:AP95,AR95:AU95) -> 1074.5686 | BD95: =AX95-AU95 -> 1003.2342
A96: All other | B96: agriculture residues | C96: Primary AGR residues | E96: ANNUAL | G96: UP | H96: ACT_BND | I96: 2020 | J96: MINBIOAGRW1 | L96: 1.3969916 | M96: 21.382958 | N96: 6.9043912 | O96: 31.185227 | P96: 2.7594912 | Q96: 3.801774 | R96: 0.39956197 | S96: 37.494252 | T96: 212.81223 | U96: 27.199974 | V96: 3.5939478 | W96: 91.252173 | X96: 17 | Y96: 225.17032 | Z96: 18.953503 | AA96: 9.6737683 | AB96: 50.073201 | AC96: 0.35320024 | AD96: 0 | AE96: 64.331788 | AF96: 14.300399 | AG96: 0.31976614 | AH96: 8.3748946 | AI96: 0.12978771 | AJ96: 1.4390826 | AK96: 0.010677524 | AL96: 5.3094214 | AM96: 5.0970238 | AN96: 102.69759 | AO96: 7.1572683 | AP96: 54.587606 | AQ96: 22.093579 | AR96: 17.391275 | AS96: 0.95625262 | AT96: 14.660988 | AU96: 64.125585 | AW96: =BE96 -> 1043.5466 | AY96: =SUM(M96:O96,R96:AC96,AE96:AH96,AK96:AL96,AN96:AP96,AR96:AU96) -> 1107.6722 | BE96: =AY96-AU96 -> 1043.5466
A97: All other | B97: agriculture residues | C97: Primary AGR residues | E97: ANNUAL | G97: UP | H97: ACT_BND | I97: 2030 | J97: MINBIOAGRW1 | L97: 1.5176603 | M97: 22.179123 | N97: 6.8539528 | O97: 30.071241 | P97: 2.7698172 | Q97: 3.5660899 | R97: 0.42488686 | S97: 37.570565 | T97: 206.44693 | U97: 25.865711 | V97: 4.5045046 | W97: 93.005312 | X97: 17.9 | Y97: 215.66115 | Z97: 20.468487 | AA97: 8.9855645 | AB97: 47.804117 | AC97: 0.31145447 | AD97: 0 | AE97: 63.283221 | AF97: 13.506607 | AG97: 0.33888858 | AH97: 7.9472167 | AI97: 0.13182531 | AJ97: 1.4941275 | AK97: 0.010934459 | AL97: 5.2781435 | AM97: 4.7372232 | AN97: 88.48217 | AO97: 8.2391296 | AP97: 57.431631 | AQ97: 23.425093 | AR97: 16.379706 | AS97: 0.86894867 | AT97: 13.601466 | AU97: 69.486622 | AW97: =BF97 -> 1013.4211 | AZ97: =SUM(M97:O97,R97:AC97,AE97:AH97,AK97:AL97,AN97:AP97,AR97:AU97) -> 1082.9077 | BF97: =AZ97-AU97 -> 1013.4211
A98: All other | B98: agriculture residues | C98: Primary AGR residues | E98: ANNUAL | G98: UP | H98: ACT_BND | I98: 2040 | J98: MINBIOAGRW1 | L98: 1.5981842 | M98: 22.75598 | N98: 7.0033617 | O98: 27.822213 | P98: 2.9256806 | Q98: 3.6597564 | R98: 0.43121175 | S98: 36.561606 | T98: 201.46017 | U98: 23.920727 | V98: 5.3121584 | W98: 91.128223 | X98: 17.9 | Y98: 203.15917 | Z98: 20.580122 | AA98: 7.9793797 | AB98: 47.249384 | AC98: 0.24773613 | AD98: 0 | AE98: 62.087031 | AF98: 15.638038 | AG98: 0.37751551 | AH98: 7.4184192 | AI98: 0.14032085 | AJ98: 1.6018539 | AK98: 0.011278253 | AL98: 5.7215059 | AM98: 4.8120324 | AN98: 79.819399 | AO98: 7.8771087 | AP98: 59.646774 | AQ98: 27.730291 | AR98: 16.726936 | AS98: 0.88144208 | AT98: 13.220358 | AU98: 67.1744 | AW98: =BG98 -> 982.93725 | BA98: =SUM(M98:O98,R98:AC98,AE98:AH98,AK98:AL98,AN98:AP98,AR98:AU98) -> 1050.1117 | BG98: =BA98-AU98 -> 982.93725
A99: All other | B99: agriculture residues | C99: Primary AGR residues | E99: ANNUAL | G99: UP | H99: ACT_BND | I99: 2050 | J99: MINBIOAGRW1 | L99: 1.6787082 | M99: 23.321222 | N99: 7.1486907 | O99: 25.572782 | P99: 3.0815439 | Q99: 3.7633137 | R99: 0.43768205 | S99: 35.538562 | T99: 195.06366 | U99: 22.004955 | V99: 6.1263815 | W99: 89.433213 | X99: 17.9 | Y99: 190.7943 | Z99: 20.842951 | AA99: 7.5014614 | AB99: 46.694637 | AC99: 0.18421414 | AD99: 0 | AE99: 60.81402 | AF99: 17.769269 | AG99: 0.41205231 | AH99: 6.8878317 | AI99: 0.14881639 | AJ99: 1.7095803 | AK99: 0.011622047 | AL99: 6.1621324 | AM99: 4.9005629 | AN99: 71.31981 | AO99: 7.4880508 | AP99: 61.827087 | AQ99: 32.03549 | AR99: 17.116947 | AS99: 0.89383206 | AT99: 12.838329 | AU99: 64.683531 | AW99: =BH99 -> 952.1057 | BB99: =SUM(M99:O99,R99:AC99,AE99:AH99,AK99:AL99,AN99:AP99,AR99:AU99) -> 1016.7892 | BH99: =BB99-AU99 -> 952.1057
A100: All other | B100: agriculture residues | C100: Primary AGR residues | F100: EUR10 | H100: ACT_COST | I100: 2005 | J100: MINBIOAGRW1 | L100: 2.6202709 | M100: 7.5441091 | N100: 4.6597193 | O100: 3.0424348 | P100: 2.9474279 | Q100: 7.5441091 | R100: 4.071179 | S100: 4.8518539 | T100: 4.6637277 | U100: 5.3819744 | V100: 3.092033 | W100: 3.7972787 | X100: 5.3991786 | Y100: 2.9951845 | Z100: 4.7834025 | AA100: 3.0712494 | AB100: 3.7990797 | AC100: 2.1313703 | AD100: 2.9286475 | AE100: 3.8168857 | AF100: 3.1629963 | AG100: 5.4509516 | AH100: 3.1800474 | AI100: 3.6401944 | AJ100: 3.2432786 | AK100: 2.2788134 | AL100: 4.4352368 | AM100: 5.1021149 | AN100: 3.1203801 | AO100: 3.5567744 | AP100: 3.0843403 | AQ100: 3.5955449 | AR100: 5.1021149 | AS100: 3.1184478 | AT100: 5.1816944 | AU100: 5.3858829
A101: All other | B101: agriculture residues | C101: Primary AGR residues | F101: EUR10 | H101: ACT_COST | I101: 2010 | J101: MINBIOAGRW1 | L101: 2.6202709 | M101: 7.5441091 | N101: 4.6597193 | O101: 3.0424348 | P101: 2.9474279 | Q101: 7.5441091 | R101: 4.071179 | S101: 4.8518539 | T101: 4.6637277 | U101: 5.3819744 | V101: 3.092033 | W101: 3.7972787 | X101: 5.3991786 | Y101: 2.9951845 | Z101: 4.7834025 | AA101: 3.0712494 | AB101: 3.7990797 | AC101: 2.1313703 | AD101: 2.9286475 | AE101: 3.8168857 | AF101: 3.1629963 | AG101: 5.4509516 | AH101: 3.1800474 | AI101: 3.6401944 | AJ101: 3.2432786 | AK101: 2.2788134 | AL101: 4.4352368 | AM101: 5.1021149 | AN101: 3.1203801 | AO101: 3.5567744 | AP101: 3.0843403 | AQ101: 3.5955449 | AR101: 5.1021149 | AS101: 3.1184478 | AT101: 5.1816944 | AU101: 5.3858829
...

Sheet shares
A1: COUNTRY SHARES
B3: EU27 shares | D3: AL | E3: AT | F3: BE | G3: BG | H3: BA | I3: CH | J3: CY | K3: CZ | L3: DE | M3: DK | N3: EE | O3: ES | P3: FI | Q3: FR | R3: EL | S3: HR | T3: HU | U3: IE | V3: IS | W3: IT | X3: LT | Y3: LU | Z3: LV | AA3: ME | AB3: MK | AC3: MT | AD3: NL | AE3: NO | AF3: PL | AG3: PT | AH3: RO | AI3: RS | AJ3: SE | AK3: SI | AL3: SK | AM3: UK
B4: waste | C4: 2005 | E4: =BIO!M263/BIO!$AX263 -> 0.0086618521 | F4: =BIO!N263/BIO!$AX263 -> 0.048321226 | G4: =BIO!O263/BIO!$AX263 -> 0.0059439492 | J4: =BIO!R263/BIO!$AX263 -> 0.0035968673 | K4: =BIO!S263/BIO!$AX263 -> 0.040220879 | L4: =BIO!T263/BIO!$AX263 -> 0.1455032 | M4: =BIO!U263/BIO!$AX263 -> 0.042110766 | N4: =BIO!V263/BIO!$AX263 -> 0.0072322955 | O4: =BIO!W263/BIO!$AX263 -> 0.076268726 | P4: =BIO!X263/BIO!$AX263 -> 0.0074794181 | Q4: =BIO!Y263/BIO!$AX263 -> 0.22068116 | ... U4: =BIO!AC263/BIO!$AX263 -> 0.013076126 | W4: =BIO!AE263/BIO!$AX263 -> 0.097807446 | X4: =BIO!AF263/BIO!$AX263 -> 0.0080623319 | Y4: =BIO!AG263/BIO!$AX263 -> 0.001597355 | Z4: =BIO!AH263/BIO!$AX263 -> 0.0053010564 | AC4: =BIO!AK263/BIO!$AX263 -> 0.0069966057 | AD4: =BIO!AL263/BIO!$AX263 -> 0.060141452 | AF4: =BIO!AN263/BIO!$AX263 -> 0.055780727 | AG4: =BIO!AO263/BIO!$AX263 -> 0.021613311 | AH4: =BIO!AP263/BIO!$AX263 -> 0.019060921 | AJ4: =BIO!AR263/BIO!$AX263 -> 0.026875106 | AK4: =BIO!AS263/BIO!$AX263 -> 0.001581099 | AL4: =BIO!AT263/BIO!$AX263 -> 0.01286112 | AO4: =SUM(D4:AM4) -> 1
B5: waste | C5: 2010 | E5: =BIO!M264/BIO!$AX264 -> 0.0086600694 | F5: =BIO!N264/BIO!$AX264 -> 0.048311281 | G5: =BIO!O264/BIO!$AX264 -> 0.0059427258 | J5: =BIO!R264/BIO!$AX264 -> 0.0035961271 | K5: =BIO!S264/BIO!$AX264 -> 0.040212601 | L5: =BIO!T264/BIO!$AX264 -> 0.14547325 | M5: =BIO!U264/BIO!$AX264 -> 0.042102099 | N5: =BIO!V264/BIO!$AX264 -> 0.007230807 | O5: =BIO!W264/BIO!$AX264 -> 0.076253029 | P5: =BIO!X264/BIO!$AX264 -> 0.0076836919 | Q5: =BIO!Y264/BIO!$AX264 -> 0.22063574 | ... U5: =BIO!AC264/BIO!$AX264 -> 0.013073435 | W5: =BIO!AE264/BIO!$AX264 -> 0.097787316 | X5: =BIO!AF264/BIO!$AX264 -> 0.0080606726 | Y5: =BIO!AG264/BIO!$AX264 -> 0.0015970263 | Z5: =BIO!AH264/BIO!$AX264 -> 0.0052999654 | AC5: =BIO!AK264/BIO!$AX264 -> 0.0069951657 | AD5: =BIO!AL264/BIO!$AX264 -> 0.060129074 | AF5: =BIO!AN264/BIO!$AX264 -> 0.055769247 | AG5: =BIO!AO264/BIO!$AX264 -> 0.021608863 | AH5: =BIO!AP264/BIO!$AX264 -> 0.019056998 | AJ5: =BIO!AR264/BIO!$AX264 -> 0.026869575 | AK5: =BIO!AS264/BIO!$AX264 -> 0.0015807736 | AL5: =BIO!AT264/BIO!$AX264 -> 0.012858473 | AO5: =SUM(D5:AM5) -> 1
B6: waste | C6: 2020 | E6: =BIO!M265/BIO!$AX265 -> 0.0092460567 | F6: =BIO!N265/BIO!$AX265 -> 0.050164919 | G6: =BIO!O265/BIO!$AX265 -> 0.0054211892 | J6: =BIO!R265/BIO!$AX265 -> 0.0037160135 | K6: =BIO!S265/BIO!$AX265 -> 0.035168908 | L6: =BIO!T265/BIO!$AX265 -> 0.14443228 | M6: =BIO!U265/BIO!$AX265 -> 0.042365838 | N6: =BIO!V265/BIO!$AX265 -> 0.0068880154 | O6: =BIO!W265/BIO!$AX265 -> 0.083247203 | P6: =BIO!X265/BIO!$AX265 -> 0.008625731 | Q6: =BIO!Y265/BIO!$AX265 -> 0.22033402 | ... U6: =BIO!AC265/BIO!$AX265 -> 0.013077468 | W6: =BIO!AE265/BIO!$AX265 -> 0.098509838 | X6: =BIO!AF265/BIO!$AX265 -> 0.0092190854 | Y6: =BIO!AG265/BIO!$AX265 -> 0.0010925845 | Z6: =BIO!AH265/BIO!$AX265 -> 0.0053592069 | AC6: =BIO!AK265/BIO!$AX265 -> 0.0025363186 | AD6: =BIO!AL265/BIO!$AX265 -> 0.061420588 | AF6: =BIO!AN265/BIO!$AX265 -> 0.0608528 | AG6: =BIO!AO265/BIO!$AX265 -> 0.021393382 | AH6: =BIO!AP265/BIO!$AX265 -> 0.020162291 | AJ6: =BIO!AR265/BIO!$AX265 -> 0.028146561 | AK6: =BIO!AS265/BIO!$AX265 -> 0.0016100538 | AL6: =BIO!AT265/BIO!$AX265 -> 0.011107017 | AO6: =SUM(D6:AM6) -> 1
B7: waste | C7: 2030 | E7: =BIO!M266/BIO!$AX266 -> 0.0099117852 | F7: =BIO!N266/BIO!$AX266 -> 0.053763409 | G7: =BIO!O266/BIO!$AX266 -> 0.0056164153 | J7: =BIO!R266/BIO!$AX266 -> 0.003765994 | K7: =BIO!S266/BIO!$AX266 -> 0.030749463 | L7: =BIO!T266/BIO!$AX266 -> 0.14304162 | M7: =BIO!U266/BIO!$AX266 -> 0.041862531 | N7: =BIO!V266/BIO!$AX266 -> 0.0068546363 | O7: =BIO!W266/BIO!$AX266 -> 0.084477097 | P7: =BIO!X266/BIO!$AX266 -> 0.01069104 | Q7: =BIO!Y266/BIO!$AX266 -> 0.21583473 | ... U7: =BIO!AC266/BIO!$AX266 -> 0.012696235 | W7: =BIO!AE266/BIO!$AX266 -> 0.095902924 | X7: =BIO!AF266/BIO!$AX266 -> 0.00982266 | Y7: =BIO!AG266/BIO!$AX266 -> 0.0010381561 | Z7: =BIO!AH266/BIO!$AX266 -> 0.0054638225 | AC7: =BIO!AK266/BIO!$AX266 -> 0.0028207423 | AD7: =BIO!AL266/BIO!$AX266 -> 0.062940526 | AF7: =BIO!AN266/BIO!$AX266 -> 0.065311909 | AG7: =BIO!AO266/BIO!$AX266 -> 0.022473912 | AH7: =BIO!AP266/BIO!$AX266 -> 0.020177277 | AJ7: =BIO!AR266/BIO!$AX266 -> 0.028813277 | AK7: =BIO!AS266/BIO!$AX266 -> 0.001617592 | AL7: =BIO!AT266/BIO!$AX266 -> 0.010949804 | AO7: =SUM(D7:AM7) -> 1
B8: waste | C8: 2040 | E8: =BIO!M267/BIO!$AX267 -> 0.010404599 | F8: =BIO!N267/BIO!$AX267 -> 0.057952204 | G8: =BIO!O267/BIO!$AX267 -> 0.005446744 | J8: =BIO!R267/BIO!$AX267 -> 0.0038849285 | K8: =BIO!S267/BIO!$AX267 -> 0.02847157 | L8: =BIO!T267/BIO!$AX267 -> 0.14158758 | M8: =BIO!U267/BIO!$AX267 -> 0.041155682 | N8: =BIO!V267/BIO!$AX267 -> 0.0067621746 | O8: =BIO!W267/BIO!$AX267 -> 0.084427274 | P8: =BIO!X267/BIO!$AX267 -> 0.01402933 | Q8: =BIO!Y267/BIO!$AX267 -> 0.21216173 | ... U8: =BIO!AC267/BIO!$AX267 -> 0.012227941 | W8: =BIO!AE267/BIO!$AX267 -> 0.092420019 | X8: =BIO!AF267/BIO!$AX267 -> 0.010165864 | Y8: =BIO!AG267/BIO!$AX267 -> 0.00099278442 | Z8: =BIO!AH267/BIO!$AX267 -> 0.0053647776 | AC8: =BIO!AK267/BIO!$AX267 -> 0.003022754 | AD8: =BIO!AL267/BIO!$AX267 -> 0.064348911 | AF8: =BIO!AN267/BIO!$AX267 -> 0.069047795 | AG8: =BIO!AO267/BIO!$AX267 -> 0.023046116 | AH8: =BIO!AP267/BIO!$AX267 -> 0.018835381 | AJ8: =BIO!AR267/BIO!$AX267 -> 0.029887861 | AK8: =BIO!AS267/BIO!$AX267 -> 0.0015877861 | AL8: =BIO!AT267/BIO!$AX267 -> 0.010365554 | AO8: =SUM(D8:AM8) -> 1
B9: waste | C9: 2050 | E9: =BIO!M268/BIO!$AX268 -> 0.010944807 | F9: =BIO!N268/BIO!$AX268 -> 0.062992268 | G9: =BIO!O268/BIO!$AX268 -> 0.0053004759 | J9: =BIO!R268/BIO!$AX268 -> 0.0040212655 | K9: =BIO!S268/BIO!$AX268 -> 0.026364693 | L9: =BIO!T268/BIO!$AX268 -> 0.13983084 | M9: =BIO!U268/BIO!$AX268 -> 0.040625242 | N9: =BIO!V268/BIO!$AX268 -> 0.0066862854 | O9: =BIO!W268/BIO!$AX268 -> 0.084277417 | P9: =BIO!X268/BIO!$AX268 -> 0.015526635 | Q9: =BIO!Y268/BIO!$AX268 -> 0.20919634 | ... U9: =BIO!AC268/BIO!$AX268 -> 0.011811119 | W9: =BIO!AE268/BIO!$AX268 -> 0.089284706 | X9: =BIO!AF268/BIO!$AX268 -> 0.010442364 | Y9: =BIO!AG268/BIO!$AX268 -> 0.00095009624 | Z9: =BIO!AH268/BIO!$AX268 -> 0.0052571445 | AC9: =BIO!AK268/BIO!$AX268 -> 0.0032391176 | AD9: =BIO!AL268/BIO!$AX268 -> 0.065991698 | AF9: =BIO!AN268/BIO!$AX268 -> 0.072408941 | AG9: =BIO!AO268/BIO!$AX268 -> 0.023672652 | AH9: =BIO!AP268/BIO!$AX268 -> 0.01760864 | AJ9: =BIO!AR268/BIO!$AX268 -> 0.030731635 | AK9: =BIO!AS268/BIO!$AX268 -> 0.0015618142 | AL9: =BIO!AT268/BIO!$AX268 -> 0.0098357944 | AO9: =SUM(D9:AM9) -> 1
B11: crops | C11: 2005 | E11: =BIO!M270/BIO!$AX270 -> 0.036699049 | F11: =BIO!N270/BIO!$AX270 -> 0.016083983 | G11: =BIO!O270/BIO!$AX270 -> 0.0044156993 | J11: =BIO!R270/BIO!$AX270 -> 0 | K11: =BIO!S270/BIO!$AX270 -> 0.026637044 | L11: =BIO!T270/BIO!$AX270 -> 0.18020792 | M11: =BIO!U270/BIO!$AX270 -> 0.0038078775 | N11: =BIO!V270/BIO!$AX270 -> 1.1717231e-05 | O11: =BIO!W270/BIO!$AX270 -> 0.023373865 | P11: =BIO!X270/BIO!$AX270 -> 0 | Q11: =BIO!Y270/BIO!$AX270 -> 0.57630275 | ... U11: =BIO!AC270/BIO!$AX270 -> 5.3330907e-05 | W11: =BIO!AE270/BIO!$AX270 -> 0.0087643066 | X11: =BIO!AF270/BIO!$AX270 -> 0.0054380847 | Y11: =BIO!AG270/BIO!$AX270 -> 0.00047484704 | Z11: =BIO!AH270/BIO!$AX270 -> 0.00094938501 | AC11: =BIO!AK270/BIO!$AX270 -> 0 | AD11: =BIO!AL270/BIO!$AX270 -> 0.0043160245 | AF11: =BIO!AN270/BIO!$AX270 -> 0.013164057 | AG11: =BIO!AO270/BIO!$AX270 -> 0.00011286815 | AH11: =BIO!AP270/BIO!$AX270 -> 0.0049883727 | AJ11: =BIO!AR270/BIO!$AX270 -> 0.021165484 | AK11: =BIO!AS270/BIO!$AX270 -> 4.1269163e-07 | AL11: =BIO!AT270/BIO!$AX270 -> 0.010449771 | AO11: =SUM(D11:AM11) -> 1
B12: crops | C12: 2010 | E12: =BIO!M271/BIO!$AX271 -> 0.036699049 | F12: =BIO!N271/BIO!$AX271 -> 0.016083983 | G12: =BIO!O271/BIO!$AX271 -> 0.0044156993 | J12: =BIO!R271/BIO!$AX271 -> 0 | K12: =BIO!S271/BIO!$AX271 -> 0.026637044 | L12: =BIO!T271/BIO!$AX271 -> 0.18020792 | M12: =BIO!U271/BIO!$AX271 -> 0.0038078775 | N12: =BIO!V271/BIO!$AX271 -> 1.1717231e-05 | O12: =BIO!W271/BIO!$AX271 -> 0.023373865 | P12: =BIO!X271/BIO!$AX271 -> 0 | Q12: =BIO!Y271/BIO!$AX271 -> 0.57630275 | ... U12: =BIO!AC271/BIO!$AX271 -> 5.3330907e-05 | W12: =BIO!AE271/BIO!$AX271 -> 0.0087643066 | X12: =BIO!AF271/BIO!$AX271 -> 0.0054380847 | Y12: =BIO!AG271/BIO!$AX271 -> 0.00047484704 | Z12: =BIO!AH271/BIO!$AX271 -> 0.00094938501 | AC12: =BIO!AK271/BIO!$AX271 -> 0 | AD12: =BIO!AL271/BIO!$AX271 -> 0.0043160245 | AF12: =BIO!AN271/BIO!$AX271 -> 0.013164057 | AG12: =BIO!AO271/BIO!$AX271 -> 0.00011286815 | AH12: =BIO!AP271/BIO!$AX271 -> 0.0049883727 | AJ12: =BIO!AR271/BIO!$AX271 -> 0.021165484 | AK12: =BIO!AS271/BIO!$AX271 -> 4.1269163e-07 | AL12: =BIO!AT271/BIO!$AX271 -> 0.010449771 | AO12: =SUM(D12:AM12) -> 1
B13: crops | C13: 2020 | E13: =BIO!M272/BIO!$AX272 -> 0.015093093 | F13: =BIO!N272/BIO!$AX272 -> 0.018722305 | G13: =BIO!O272/BIO!$AX272 -> 0.029293003 | J13: =BIO!R272/BIO!$AX272 -> 0.00028775482 | K13: =BIO!S272/BIO!$AX272 -> 0.019520509 | L13: =BIO!T272/BIO!$AX272 -> 0.062384518 | M13: =BIO!U272/BIO!$AX272 -> 0.0009679988 | N13: =BIO!V272/BIO!$AX272 -> 0.0029722907 | O13: =BIO!W272/BIO!$AX272 -> 0.16223287 | P13: =BIO!X272/BIO!$AX272 -> 0.0011431194 | Q13: =BIO!Y272/BIO!$AX272 -> 0.23227822 | ... U13: =BIO!AC272/BIO!$AX272 -> 0.0062459196 | W13: =BIO!AE272/BIO!$AX272 -> 0.091543447 | X13: =BIO!AF272/BIO!$AX272 -> 0.031324142 | Y13: =BIO!AG272/BIO!$AX272 -> 0.0001146011 | Z13: =BIO!AH272/BIO!$AX272 -> 0.0031264618 | AC13: =BIO!AK272/BIO!$AX272 -> 0 | AD13: =BIO!AL272/BIO!$AX272 -> 0.013728788 | AF13: =BIO!AN272/BIO!$AX272 -> 0.094796423 | AG13: =BIO!AO272/BIO!$AX272 -> 0.0073366433 | AH13: =BIO!AP272/BIO!$AX272 -> 0.12140906 | AJ13: =BIO!AR272/BIO!$AX272 -> 0.0079249541 | AK13: =BIO!AS272/BIO!$AX272 -> 0.00036055874 | AL13: =BIO!AT272/BIO!$AX272 -> 0.0067876148 | AO13: =SUM(D13:AM13) -> 1
B14: crops | C14: 2030 | E14: =BIO!M273/BIO!$AX273 -> 0.013736814 | F14: =BIO!N273/BIO!$AX273 -> 0.024621162 | G14: =BIO!O273/BIO!$AX273 -> 0.019003696 | J14: =BIO!R273/BIO!$AX273 -> 0.00025430145 | K14: =BIO!S273/BIO!$AX273 -> 0.02340162 | L14: =BIO!T273/BIO!$AX273 -> 0.069781839 | M14: =BIO!U273/BIO!$AX273 -> 0.0012826735 | N14: =BIO!V273/BIO!$AX273 -> 0.0034710301 | O14: =BIO!W273/BIO!$AX273 -> 0.15866862 | P14: =BIO!X273/BIO!$AX273 -> 0.001118036 | Q14: =BIO!Y273/BIO!$AX273 -> 0.22465844 | ... U14: =BIO!AC273/BIO!$AX273 -> 0.0047440421 | W14: =BIO!AE273/BIO!$AX273 -> 0.10726562 | X14: =BIO!AF273/BIO!$AX273 -> 0.033381476 | Y14: =BIO!AG273/BIO!$AX273 -> 9.5677841e-05 | Z14: =BIO!AH273/BIO!$AX273 -> 0.0038244777 | AC14: =BIO!AK273/BIO!$AX273 -> 0 | AD14: =BIO!AL273/BIO!$AX273 -> 0.017840284 | AF14: =BIO!AN273/BIO!$AX273 -> 0.10185227 | AG14: =BIO!AO273/BIO!$AX273 -> 0.0061464891 | AH14: =BIO!AP273/BIO!$AX273 -> 0.10031621 | AJ14: =BIO!AR273/BIO!$AX273 -> 0.0075191803 | AK14: =BIO!AS273/BIO!$AX273 -> 0.00081051283 | AL14: =BIO!AT273/BIO!$AX273 -> 0.0080229428 | AO14: =SUM(D14:AM14) -> 1
B15: crops | C15: 2040 | E15: =BIO!M274/BIO!$AX274 -> 0.012401895 | F15: =BIO!N274/BIO!$AX274 -> 0.022689723 | G15: =BIO!O274/BIO!$AX274 -> 0.022345279 | J15: =BIO!R274/BIO!$AX274 -> 0.00023138485 | K15: =BIO!S274/BIO!$AX274 -> 0.025556192 | L15: =BIO!T274/BIO!$AX274 -> 0.069094659 | M15: =BIO!U274/BIO!$AX274 -> 0.0015764405 | N15: =BIO!V274/BIO!$AX274 -> 0.0039798757 | O15: =BIO!W274/BIO!$AX274 -> 0.16745255 | P15: =BIO!X274/BIO!$AX274 -> 0.0015485647 | Q15: =BIO!Y274/BIO!$AX274 -> 0.20662553 | ... U15: =BIO!AC274/BIO!$AX274 -> 0.0033363279 | W15: =BIO!AE274/BIO!$AX274 -> 0.10503819 | X15: =BIO!AF274/BIO!$AX274 -> 0.031401887 | Y15: =BIO!AG274/BIO!$AX274 -> 0.00010174514 | Z15: =BIO!AH274/BIO!$AX274 -> 0.0033846433 | AC15: =BIO!AK274/BIO!$AX274 -> 0 | AD15: =BIO!AL274/BIO!$AX274 -> 0.01492053 | AF15: =BIO!AN274/BIO!$AX274 -> 0.11893979 | AG15: =BIO!AO274/BIO!$AX274 -> 0.0062403857 | AH15: =BIO!AP274/BIO!$AX274 -> 0.09731869 | AJ15: =BIO!AR274/BIO!$AX274 -> 0.0069860067 | AK15: =BIO!AS274/BIO!$AX274 -> 0.00067410146 | AL15: =BIO!AT274/BIO!$AX274 -> 0.0070403202 | AO15: =SUM(D15:AM15) -> 1
B16: crops | C16: 2050 | E16: =BIO!M275/BIO!$AX275 -> 0.011200518 | F16: =BIO!N275/BIO!$AX275 -> 0.020763591 | G16: =BIO!O275/BIO!$AX275 -> 0.0245258 | J16: =BIO!R275/BIO!$AX275 -> 0.00020939686 | K16: =BIO!S275/BIO!$AX275 -> 0.027933199 | L16: =BIO!T275/BIO!$AX275 -> 0.069120655 | M16: =BIO!U275/BIO!$AX275 -> 0.0017987917 | N16: =BIO!V275/BIO!$AX275 -> 0.0043543626 | O16: =BIO!W275/BIO!$AX275 -> 0.17624324 | P16: =BIO!X275/BIO!$AX275 -> 0.0018695402 | Q16: =BIO!Y275/BIO!$AX275 -> 0.19129297 | ... U16: =BIO!AC275/BIO!$AX275 -> 0.0019039643 | W16: =BIO!AE275/BIO!$AX275 -> 0.10436538 | X16: =BIO!AF275/BIO!$AX275 -> 0.029347195 | Y16: =BIO!AG275/BIO!$AX275 -> 0.0001087664 | Z16: =BIO!AH275/BIO!$AX275 -> 0.0029050247 | AC16: =BIO!AK275/BIO!$AX275 -> 0 | AD16: =BIO!AL275/BIO!$AX275 -> 0.012268305 | AF16: =BIO!AN275/BIO!$AX275 -> 0.13659703 | AG16: =BIO!AO275/BIO!$AX275 -> 0.0064096512 | AH16: =BIO!AP275/BIO!$AX275 -> 0.08917697 | AJ16: =BIO!AR275/BIO!$AX275 -> 0.0065079175 | AK16: =BIO!AS275/BIO!$AX275 -> 0.00053718911 | AL16: =BIO!AT275/BIO!$AX275 -> 0.0062137145 | AO16: =SUM(D16:AM16) -> 1
... B37: forest residues | C37: 2050 | E37: =BIO!M296/BIO!$AX296 -> 0.036342748 | F37: =BIO!N296/BIO!$AX296 -> 0.017918614 | G37: =BIO!O296/BIO!$AX296 -> 0.0076775494 | J37: =BIO!R296/BIO!$AX296 -> 0 | K37: =BIO!S296/BIO!$AX296 -> 0.0135593 | L37: =BIO!T296/BIO!$AX296 -> 0.086639335 | M37: =BIO!U296/BIO!$AX296 -> 0.0053684854 | N37: =BIO!V296/BIO!$AX296 -> 0.010735746 | O37: =BIO!W296/BIO!$AX296 -> 0.050722905 | P37: =BIO!X296/BIO!$AX296 -> 0.20033809 | Q37: =BIO!Y296/BIO!$AX296 -> 0.1178137 | ... U37: =BIO!AC296/BIO!$AX296 -> 0.0072413317 | W37: =BIO!AE296/BIO!$AX296 -> 0.030240948 | X37: =BIO!AF296/BIO!$AX296 -> 0.0083582921 | Y37: =BIO!AG296/BIO!$AX296 -> 0.0016515178 | Z37: =BIO!AH296/BIO!$AX296 -> 0.026777965 | AC37: =BIO!AK296/BIO!$AX296 -> 4.270983e-05 | AD37: =BIO!AL296/BIO!$AX296 -> 0.0053631163 | AF37: =BIO!AN296/BIO!$AX296 -> 0.051292834 | AG37: =BIO!AO296/BIO!$AX296 -> 0.018709812 | AH37: =BIO!AP296/BIO!$AX296 -> 0.05244294 | AJ37: =BIO!AR296/BIO!$AX296 -> 0.21858866 | AK37: =BIO!AS296/BIO!$AX296 -> 0.0014954026 | AL37: =BIO!AT296/BIO!$AX296 -> 0.006621559 | AO37: =SUM(D37:AM37) -> 1
B39: crops: subcategories | C39: share of all crops | D39: AL | E39: AT | F39: BE | G39: BG | H39: BA | I39: CH | J39: CY | K39: CZ | L39: DE | M39: DK | N39: EE | O39: ES | P39: FI | Q39: FR | R39: EL | S39: HR | T39: HU | U39: IE | V39: IS | W39: IT | X39: LT | Y39: LU | Z39: LV | AA39: ME | AB39: MK | AC39: MT | AD39: NL | AE39: NO | AF39: PL | AG39: PT | AH39: RO | AI39: RS | AJ39: SE | AK39: SI | AL39: SK | AM39: UK
B40: MINBIOCRP21 | C40: 2005 | D40: =IFERROR(BIO!L6/BIO!L270,0) -> 0 | E40: =IFERROR(BIO!M6/BIO!M270,0) -> 0.43348316 | F40: =IFERROR(BIO!N6/BIO!N270,0) -> 0.32686791 | G40: =IFERROR(BIO!O6/BIO!O270,0) -> 0 | H40: =IFERROR(BIO!P6/BIO!P270,0) -> 0 | I40: =IFERROR(BIO!Q6/BIO!Q270,0) -> 0 | J40: =IFERROR(BIO!R6/BIO!R270,0) -> 0 | K40: =IFERROR(BIO!S6/BIO!S270,0) -> 0.41672971 | ... AM40: =IFERROR(BIO!AU6/BIO!AU270,0) -> 0.15133094
B41: MINBIOCRP21 | C41: 2010 | D41: =IFERROR(BIO!L7/BIO!L271,0) -> 0 | E41: =IFERROR(BIO!M7/BIO!M271,0) -> 0.43348316 | F41: =IFERROR(BIO!N7/BIO!N271,0) -> 0.32686791 | G41: =IFERROR(BIO!O7/BIO!O271,0) -> 0 | H41: =IFERROR(BIO!P7/BIO!P271,0) -> 0 | I41: =IFERROR(BIO!Q7/BIO!Q271,0) -> 0 | J41: =IFERROR(BIO!R7/BIO!R271,0) -> 0 | K41: =IFERROR(BIO!S7/BIO!S271,0) -> 0.41672971 | ... AM41: =IFERROR(BIO!AU7/BIO!AU271,0) -> 0.15133094
B42: MINBIOCRP21 | C42: 2020 | D42: =IFERROR(BIO!L8/BIO!L272,0) -> 0 | E42: =IFERROR(BIO!M8/BIO!M272,0) -> 0.29783641 | F42: =IFERROR(BIO!N8/BIO!N272,0) -> 0.30300054 | G42: =IFERROR(BIO!O8/BIO!O272,0) -> 0.09564157 | H42: =IFERROR(BIO!P8/BIO!P272,0) -> 0 | I42: =IFERROR(BIO!Q8/BIO!Q272,0) -> 0 | J42: =IFERROR(BIO!R8/BIO!R272,0) -> 0 | K42: =IFERROR(BIO!S8/BIO!S272,0) -> 0.2449745 | ... AM42: =IFERROR(BIO!AU8/BIO!AU272,0) -> 0.16505882
B43: MINBIOCRP21 | C43: 2030 | D43: =IFERROR(BIO!L9/BIO!L273,0) -> 0 | E43: =IFERROR(BIO!M9/BIO!M273,0) -> 0.29685643 | F43: =IFERROR(BIO!N9/BIO!N273,0) -> 0.33322829 | G43: =IFERROR(BIO!O9/BIO!O273,0) -> 0.021225237 | H43: =IFERROR(BIO!P9/BIO!P273,0) -> 0 | I43: =IFERROR(BIO!Q9/BIO!Q273,0) -> 0 | J43: =IFERROR(BIO!R9/BIO!R273,0) -> 0 | K43: =IFERROR(BIO!S9/BIO!S273,0) -> 0.28480792 | ... AM43: =IFERROR(BIO!AU9/BIO!AU273,0) -> 0.34857668
B44: MINBIOCRP21 | C44: 2040 | D44: =IFERROR(BIO!L10/BIO!L274,0) -> 0 | E44: =IFERROR(BIO!M10/BIO!M274,0) -> 0.3085531 | F44: =IFERROR(BIO!N10/BIO!N274,0) -> 0.38273371 | G44: =IFERROR(BIO!O10/BIO!O274,0) -> 0.10147719 | H44: =IFERROR(BIO!P10/BIO!P274,0) -> 0 | I44: =IFERROR(BIO!Q10/BIO!Q274,0) -> 0 | J44: =IFERROR(BIO!R10/BIO!R274,0) -> 0 | K44: =IFERROR(BIO!S10/BIO!S274,0) -> 0.29966763 | ... AM44: =IFERROR(BIO!AU10/BIO!AU274,0) -> 0.33642971
B45: MINBIOCRP21 | C45: 2050 | D45: =IFERROR(BIO!L11/BIO!L275,0) -> 0 | E45: =IFERROR(BIO!M11/BIO!M275,0) -> 0.32334917 | F45: =IFERROR(BIO!N11/BIO!N275,0) -> 0.4429065 | G45: =IFERROR(BIO!O11/BIO!O275,0) -> 0.12026082 | H45: =IFERROR(BIO!P11/BIO!P275,0) -> 0 | I45: =IFERROR(BIO!Q11/BIO!Q275,0) -> 0 | J45: =IFERROR(BIO!R11/BIO!R275,0) -> 0 | K45: =IFERROR(BIO!S11/BIO!S275,0) -> 0.31102264 | ... AM45: =IFERROR(BIO!AU11/BIO!AU275,0) -> 0.31822922
B46: MINBIORPS1 | C46: 2005 | D46: =IFERROR(BIO!L19/BIO!L270,0) -> 0 | E46: =IFERROR(BIO!M19/BIO!M270,0) -> 0.46222577 | F46: =IFERROR(BIO!N19/BIO!N270,0) -> 0.32686791 | G46: =IFERROR(BIO!O19/BIO!O270,0) -> 0.22923341 | H46: =IFERROR(BIO!P19/BIO!P270,0) -> 0 | I46: =IFERROR(BIO!Q19/BIO!Q270,0) -> 0 | J46: =IFERROR(BIO!R19/BIO!R270,0) -> 0 | K46: =IFERROR(BIO!S19/BIO!S270,0) -> 0.42348745 | ... AM46: =IFERROR(BIO!AU19/BIO!AU270,0) -> 0.15133094
B47: MINBIORPS1 | C47: 2010 | D47: =IFERROR(BIO!L20/BIO!L271,0) -> 0 | E47: =IFERROR(BIO!M20/BIO!M271,0) -> 0.46222577 | F47: =IFERROR(BIO!N20/BIO!N271,0) -> 0.32686791 | G47: =IFERROR(BIO!O20/BIO!O271,0) -> 0.22923341 | H47: =IFERROR(BIO!P20/BIO!P271,0) -> 0 | I47: =IFERROR(BIO!Q20/BIO!Q271,0) -> 0 | J47: =IFERROR(BIO!R20/BIO!R271,0) -> 0 | K47: =IFERROR(BIO!S20/BIO!S271,0) -> 0.42348745 | ... AM47: =IFERROR(BIO!AU20/BIO!AU271,0) -> 0.15133094
B48: MINBIORPS1 | C48: 2020 | D48: =IFERROR(BIO!L21/BIO!L272,0) -> 0 | E48: =IFERROR(BIO!M21/BIO!M272,0) -> 0.3152325 | F48: =IFERROR(BIO!N21/BIO!N272,0) -> 0.30300054 | G48: =IFERROR(BIO!O21/BIO!O272,0) -> 0.15976485 | H48: =IFERROR(BIO!P21/BIO!P272,0) -> 0 | I48: =IFERROR(BIO!Q21/BIO!Q272,0) -> 0 | J48: =IFERROR(BIO!R21/BIO!R272,0) -> 0 | K48: =IFERROR(BIO!S21/BIO!S272,0) -> 0.25569891 | ... AM48: =IFERROR(BIO!AU21/BIO!AU272,0) -> 0.16505882
B49: MINBIORPS1 | C49: 2030 | D49: =IFERROR(BIO!L22/BIO!L273,0) -> 0 | E49: =IFERROR(BIO!M22/BIO!M273,0) -> 0.32632185 | F49: =IFERROR(BIO!N22/BIO!N273,0) -> 0.33322829 | G49: =IFERROR(BIO!O22/BIO!O273,0) -> 0.10435788 | H49: =IFERROR(BIO!P22/BIO!P273,0) -> 0 | I49: =IFERROR(BIO!Q22/BIO!Q273,0) -> 0 | J49: =IFERROR(BIO!R22/BIO!R273,0) -> 0 | K49: =IFERROR(BIO!S22/BIO!S273,0) -> 0.29443538 | ... AM49: =IFERROR(BIO!AU22/BIO!AU273,0) -> 0.34857668
B50: MINBIORPS1 | C50: 2040 | D50: =IFERROR(BIO!L23/BIO!L274,0) -> 0 | E50: =IFERROR(BIO!M23/BIO!M274,0) -> 0.34045115 | F50: =IFERROR(BIO!N23/BIO!N274,0) -> 0.38273371 | G50: =IFERROR(BIO!O23/BIO!O274,0) -> 0.16616284 | H50: =IFERROR(BIO!P23/BIO!P274,0) -> 0 | I50: =IFERROR(BIO!Q23/BIO!Q274,0) -> 0 | J50: =IFERROR(BIO!R23/BIO!R274,0) -> 0 | K50: =IFERROR(BIO!S23/BIO!S274,0) -> 0.30538172 | ... AM50: =IFERROR(BIO!AU23/BIO!AU274,0) -> 0.33642971
B51: MINBIORPS1 | C51: 2050 | D51: =IFERROR(BIO!L24/BIO!L275,0) -> 0 | E51: =IFERROR(BIO!M24/BIO!M275,0) -> 0.3589421 | F51: =IFERROR(BIO!N24/BIO!N275,0) -> 0.4429065 | G51: =IFERROR(BIO!O24/BIO!O275,0) -> 0.17584213 | H51: =IFERROR(BIO!P24/BIO!P275,0) -> 0 | I51: =IFERROR(BIO!Q24/BIO!Q275,0) -> 0 | J51: =IFERROR(BIO!R24/BIO!R275,0) -> 0 | K51: =IFERROR(BIO!S24/BIO!S275,0) -> 0.31381215 | ... AM51: =IFERROR(BIO!AU24/BIO!AU275,0) -> 0.31822922
B52: MINBIOCRP11 | C52: 2005 | D52: =IFERROR(BIO!L32/BIO!L270,0) -> 0 | E52: =IFERROR(BIO!M32/BIO!M270,0) -> 0.10429107 | F52: =IFERROR(BIO!N32/BIO!N270,0) -> 0.34626417 | G52: =IFERROR(BIO!O32/BIO!O270,0) -> 0.77076659 | H52: =IFERROR(BIO!P32/BIO!P270,0) -> 0 | I52: =IFERROR(BIO!Q32/BIO!Q270,0) -> 0 | J52: =IFERROR(BIO!R32/BIO!R270,0) -> 0 | K52: =IFERROR(BIO!S32/BIO!S270,0) -> 0.15978284 | ... AM52: =IFERROR(BIO!AU32/BIO!AU270,0) -> 0.69733811
B53: MINBIOCRP11 | C53: 2010 | D53: =IFERROR(BIO!L33/BIO!L271,0) -> 0 | E53: =IFERROR(BIO!M33/BIO!M271,0) -> 0.10429107 | F53: =IFERROR(BIO!N33/BIO!N271,0) -> 0.34626417 | G53: =IFERROR(BIO!O33/BIO!O271,0) -> 0.77076659 | H53: =IFERROR(BIO!P33/BIO!P271,0) -> 0 | I53: =IFERROR(BIO!Q33/BIO!Q271,0) -> 0 | J53: =IFERROR(BIO!R33/BIO!R271,0) -> 0 | K53: =IFERROR(BIO!S33/BIO!S271,0) -> 0.15978284 | ... AM53: =IFERROR(BIO!AU33/BIO!AU271,0) -> 0.69733811
B54: MINBIOCRP11 | C54: 2020 | D54: =IFERROR(BIO!L34/BIO!L272,0) -> 0 | E54: =IFERROR(BIO!M34/BIO!M272,0) -> 0.023145887 | F54: =IFERROR(BIO!N34/BIO!N272,0) -> 0.082608857 | G54: =IFERROR(BIO!O34/BIO!O272,0) -> 0.095468128 | H54: =IFERROR(BIO!P34/BIO!P272,0) -> 0 | I54: =IFERROR(BIO!Q34/BIO!Q272,0) -> 0 | J54: =IFERROR(BIO!R34/BIO!R272,0) -> 0 | K54: =IFERROR(BIO!S34/BIO!S272,0) -> 0.055457486 | ... AM54: =IFERROR(BIO!AU34/BIO!AU272,0) -> 0.16431284
B55: MINBIOCRP11 | C55: 2030 | D55: =IFERROR(BIO!L35/BIO!L273,0) -> 0 | E55: =IFERROR(BIO!M35/BIO!M273,0) -> 0.034800317 | F55: =IFERROR(BIO!N35/BIO!N273,0) -> 0.054112608 | G55: =IFERROR(BIO!O35/BIO!O273,0) -> 0.15125879 | H55: =IFERROR(BIO!P35/BIO!P273,0) -> 0 | I55: =IFERROR(BIO!Q35/BIO!Q273,0) -> 0 | J55: =IFERROR(BIO!R35/BIO!R273,0) -> 0 | K55: =IFERROR(BIO!S35/BIO!S273,0) -> 0.073256158 | ... AM55: =IFERROR(BIO!AU35/BIO!AU273,0) -> 0.10410254
B56: MINBIOCRP11 | C56: 2040 | D56: =IFERROR(BIO!L36/BIO!L274,0) -> 0 | E56: =IFERROR(BIO!M36/BIO!M274,0) -> 0.038056999 | F56: =IFERROR(BIO!N36/BIO!N274,0) -> 0.060222739 | G56: =IFERROR(BIO!O36/BIO!O274,0) -> 0.11816944 | H56: =IFERROR(BIO!P36/BIO!P274,0) -> 0 | I56: =IFERROR(BIO!Q36/BIO!Q274,0) -> 0 | J56: =IFERROR(BIO!R36/BIO!R274,0) -> 0 | K56: =IFERROR(BIO!S36/BIO!S274,0) -> 0.047320605 | ... AM56: =IFERROR(BIO!AU36/BIO!AU274,0) -> 0.10410528
B57: MINBIOCRP11 | C57: 2050 | D57: =IFERROR(BIO!L37/BIO!L275,0) -> 0 | E57: =IFERROR(BIO!M37/BIO!M275,0) -> 0.044144736 | F57: =IFERROR(BIO!N37/BIO!N275,0) -> 0.06812027 | G57: =IFERROR(BIO!O37/BIO!O275,0) -> 0.099913038 | H57: =IFERROR(BIO!P37/BIO!P275,0) -> 0 | I57: =IFERROR(BIO!Q37/BIO!Q275,0) -> 0 | J57: =IFERROR(BIO!R37/BIO!R275,0) -> 0 | K57: =IFERROR(BIO!S37/BIO!S275,0) -> 0.026853545 | ... AM57: =IFERROR(BIO!AU37/BIO!AU275,0) -> 0.10421
B58: MINBIOCRP31 | C58: 2005 | D58: =IFERROR(BIO!L45/BIO!L270,0) -> 0 | E58: =IFERROR(BIO!M45/BIO!M270,0) -> 0 | F58: =IFERROR(BIO!N45/BIO!N270,0) -> 0 | G58: =IFERROR(BIO!O45/BIO!O270,0) -> 0 | H58: =IFERROR(BIO!P45/BIO!P270,0) -> 0 | I58: =IFERROR(BIO!Q45/BIO!Q270,0) -> 0 | J58: =IFERROR(BIO!R45/BIO!R270,0) -> 0 | K58: =IFERROR(BIO!S45/BIO!S270,0) -> 0 | ... AM58: =IFERROR(BIO!AU45/BIO!AU270,0) -> 0
B59: MINBIOCRP31 | C59: 2010 | D59: =IFERROR(BIO!L46/BIO!L271,0) -> 0 | E59: =IFERROR(BIO!M46/BIO!M271,0) -> 0 | F59: =IFERROR(BIO!N46/BIO!N271,0) -> 0 | G59: =IFERROR(BIO!O46/BIO!O271,0) -> 0 | H59: =IFERROR(BIO!P46/BIO!P271,0) -> 0 | I59: =IFERROR(BIO!Q46/BIO!Q271,0) -> 0 | J59: =IFERROR(BIO!R46/BIO!R271,0) -> 0 | K59: =IFERROR(BIO!S46/BIO!S271,0) -> 0 | ... AM59: =IFERROR(BIO!AU46/BIO!AU271,0) -> 0
B60: MINBIOCRP31 | C60: 2020 | D60: =IFERROR(BIO!L47/BIO!L272,0) -> 0.8213368 | E60: =IFERROR(BIO!M47/BIO!M272,0) -> 0.31326822 | F60: =IFERROR(BIO!N47/BIO!N272,0) -> 0.24770809 | G60: =IFERROR(BIO!O47/BIO!O272,0) -> 0.57429563 | H60: =IFERROR(BIO!P47/BIO!P272,0) -> 0.8213368 | I60: =IFERROR(BIO!Q47/BIO!Q272,0) -> 0 | J60: =IFERROR(BIO!R47/BIO!R272,0) -> 0.69807067 | K60: =IFERROR(BIO!S47/BIO!S272,0) -> 0.37619662 | ... AM60: =IFERROR(BIO!AU47/BIO!AU272,0) -> 0.25480769
B61: MINBIOCRP31 | C61: 2030 | D61: =IFERROR(BIO!L48/BIO!L273,0) -> 0.8213368 | E61: =IFERROR(BIO!M48/BIO!M273,0) -> 0.29391736 | F61: =IFERROR(BIO!N48/BIO!N273,0) -> 0.22344547 | G61: =IFERROR(BIO!O48/BIO!O273,0) -> 0.65595683 | H61: =IFERROR(BIO!P48/BIO!P273,0) -> 0.8213368 | I61: =IFERROR(BIO!Q48/BIO!Q273,0) -> 0 | J61: =IFERROR(BIO!R48/BIO!R273,0) -> 0.69807067 | K61: =IFERROR(BIO!S48/BIO!S273,0) -> 0.28985387 | ... AM61: =IFERROR(BIO!AU48/BIO!AU273,0) -> 0.099535114
B62: MINBIOCRP31 | C62: 2040 | D62: =IFERROR(BIO!L49/BIO!L274,0) -> 0.8213368 | E62: =IFERROR(BIO!M49/BIO!M274,0) -> 0.26844776 | F62: =IFERROR(BIO!N49/BIO!N274,0) -> 0.13943431 | G62: =IFERROR(BIO!O49/BIO!O274,0) -> 0.54920605 | H62: =IFERROR(BIO!P49/BIO!P274,0) -> 0.8213368 | I62: =IFERROR(BIO!Q49/BIO!Q274,0) -> 0 | J62: =IFERROR(BIO!R49/BIO!R274,0) -> 0.69807067 | K62: =IFERROR(BIO!S49/BIO!S274,0) -> 0.27082294 | ... AM62: =IFERROR(BIO!AU49/BIO!AU274,0) -> 0.11149783
B63: MINBIOCRP31 | C63: 2050 | D63: =IFERROR(BIO!L50/BIO!L275,0) -> 0.8213368 | E63: =IFERROR(BIO!M50/BIO!M275,0) -> 0.23400855 | F63: =IFERROR(BIO!N50/BIO!N275,0) -> 0.036944868 | G63: =IFERROR(BIO!O50/BIO!O275,0) -> 0.53694371 | H63: =IFERROR(BIO!P50/BIO!P275,0) -> 0.8213368 | I63: =IFERROR(BIO!Q50/BIO!Q275,0) -> 0 | J63: =IFERROR(BIO!R50/BIO!R275,0) -> 0.69807067 | K63: =IFERROR(BIO!S50/BIO!S275,0) -> 0.25475936 | ... AM63: =IFERROR(BIO!AU50/BIO!AU275,0) -> 0.12930866
B64: MINBIOCRP41 | C64: 2005 | D64: =IFERROR(BIO!L57/BIO!L270,0) -> 0 | E64: =IFERROR(BIO!M57/BIO!M270,0) -> 0 | F64: =IFERROR(BIO!N57/BIO!N270,0) -> 0 | G64: =IFERROR(BIO!O57/BIO!O270,0) -> 0 | H64: =IFERROR(BIO!P57/BIO!P270,0) -> 0 | I64: =IFERROR(BIO!Q57/BIO!Q270,0) -> 0 | J64: =IFERROR(BIO!R57/BIO!R270,0) -> 0 | K64: =IFERROR(BIO!S57/BIO!S270,0) -> 0 | ... AM64: =IFERROR(BIO!AU57/BIO!AU270,0) -> 0
B65: MINBIOCRP41 | C65: 2010 | D65: =IFERROR(BIO!L58/BIO!L271,0) -> 0 | E65: =IFERROR(BIO!M58/BIO!M271,0) -> 0 | F65: =IFERROR(BIO!N58/BIO!N271,0) -> 0 | G65: =IFERROR(BIO!O58/BIO!O271,0) -> 0 | H65: =IFERROR(BIO!P58/BIO!P271,0) -> 0 | I65: =IFERROR(BIO!Q58/BIO!Q271,0) -> 0 | J65: =IFERROR(BIO!R58/BIO!R271,0) -> 0 | K65: =IFERROR(BIO!S58/BIO!S271,0) -> 0 | ... AM65: =IFERROR(BIO!AU58/BIO!AU271,0) -> 0
B66: MINBIOCRP41 | C66: 2020 | D66: =IFERROR(BIO!L59/BIO!L272,0) -> 0 | E66: =IFERROR(BIO!M59/BIO!M272,0) -> 0.050516979 | F66: =IFERROR(BIO!N59/BIO!N272,0) -> 0.063681976 | G66: =IFERROR(BIO!O59/BIO!O272,0) -> 0.074829826 | H66: =IFERROR(BIO!P59/BIO!P272,0) -> 0 | I66: =IFERROR(BIO!Q59/BIO!Q272,0) -> 0 | J66: =IFERROR(BIO!R59/BIO!R272,0) -> 0 | K66: =IFERROR(BIO!S59/BIO!S272,0) -> 0.067672491 | ... AM66: =IFERROR(BIO!AU59/BIO!AU272,0) -> 0.25076183
B67: MINBIOCRP41 | C67: 2030 | D67: =IFERROR(BIO!L60/BIO!L273,0) -> 0 | E67: =IFERROR(BIO!M60/BIO!M273,0) -> 0.048104042 | F67: =IFERROR(BIO!N60/BIO!N273,0) -> 0.055985339 | G67: =IFERROR(BIO!O60/BIO!O273,0) -> 0.067201274 | H67: =IFERROR(BIO!P60/BIO!P273,0) -> 0 | I67: =IFERROR(BIO!Q60/BIO!Q273,0) -> 0 | J67: =IFERROR(BIO!R60/BIO!R273,0) -> 0 | K67: =IFERROR(BIO!S60/BIO!S273,0) -> 0.057646671 | ... AM67: =IFERROR(BIO!AU60/BIO!AU273,0) -> 0.099208981
B68: MINBIOCRP41 | C68: 2040 | D68: =IFERROR(BIO!L61/BIO!L274,0) -> 0 | E68: =IFERROR(BIO!M61/BIO!M274,0) -> 0.044490991 | F68: =IFERROR(BIO!N61/BIO!N274,0) -> 0.03487553 | G68: =IFERROR(BIO!O61/BIO!O274,0) -> 0.064984477 | H68: =IFERROR(BIO!P61/BIO!P274,0) -> 0 | I68: =IFERROR(BIO!Q61/BIO!Q274,0) -> 0 | J68: =IFERROR(BIO!R61/BIO!R274,0) -> 0 | K68: =IFERROR(BIO!S61/BIO!S274,0) -> 0.07680711 | ... AM68: =IFERROR(BIO!AU61/BIO!AU274,0) -> 0.11153748
B69: MINBIOCRP41 | C69: 2050 | D69: =IFERROR(BIO!L62/BIO!L275,0) -> 0 | E69: =IFERROR(BIO!M62/BIO!M275,0) -> 0.03955544 | F69: =IFERROR(BIO!N62/BIO!N275,0) -> 0.0091218612 | G69: =IFERROR(BIO!O62/BIO!O275,0) -> 0.067040303 | H69: =IFERROR(BIO!P62/BIO!P275,0) -> 0 | I69: =IFERROR(BIO!Q62/BIO!Q275,0) -> 0 | J69: =IFERROR(BIO!R62/BIO!R275,0) -> 0 | K69: =IFERROR(BIO!S62/BIO!S275,0) -> 0.093552311 | ... AM69: =IFERROR(BIO!AU62/BIO!AU275,0) -> 0.13002291
B70: MINBIOCRP41a | C70: 2005 | D70: =IFERROR(BIO!L69/BIO!L270,0) -> 0 | E70: =IFERROR(BIO!M69/BIO!M270,0) -> 0 | F70: =IFERROR(BIO!N69/BIO!N270,0) -> 0 | G70: =IFERROR(BIO!O69/BIO!O270,0) -> 0 | H70: =IFERROR(BIO!P69/BIO!P270,0) -> 0 | I70: =IFERROR(BIO!Q69/BIO!Q270,0) -> 0 | J70: =IFERROR(BIO!R69/BIO!R270,0) -> 0 | K70: =IFERROR(BIO!S69/BIO!S270,0) -> 0 | ... AM70: =IFERROR(BIO!AU69/BIO!AU270,0) -> 0
B71: MINBIOCRP41a | C71: 2010 | D71: =IFERROR(BIO!L70/BIO!L271,0) -> 0 | E71: =IFERROR(BIO!M70/BIO!M271,0) -> 0 | F71: =IFERROR(BIO!N70/BIO!N271,0) -> 0 | G71: =IFERROR(BIO!O70/BIO!O271,0) -> 0 | H71: =IFERROR(BIO!P70/BIO!P271,0) -> 0 | I71: =IFERROR(BIO!Q70/BIO!Q271,0) -> 0 | J71: =IFERROR(BIO!R70/BIO!R271,0) -> 0 | K71: =IFERROR(BIO!S70/BIO!S271,0) -> 0 | ... AM71: =IFERROR(BIO!AU70/BIO!AU271,0) -> 0
B72: MINBIOCRP41a | C72: 2020 | D72: =IFERROR(BIO!L71/BIO!L272,0) -> 0.1786632 | E72: =IFERROR(BIO!M71/BIO!M272,0) -> 0 | F72: =IFERROR(BIO!N71/BIO!N272,0) -> 0 | G72: =IFERROR(BIO!O71/BIO!O272,0) -> 0 | H72: =IFERROR(BIO!P71/BIO!P272,0) -> 0.1786632 | I72: =IFERROR(BIO!Q71/BIO!Q272,0) -> 0 | J72: =IFERROR(BIO!R71/BIO!R272,0) -> 0.30192933 | K72: =IFERROR(BIO!S71/BIO!S272,0) -> 0 | ... AM72: =IFERROR(BIO!AU71/BIO!AU272,0) -> 0
B73: MINBIOCRP41a | C73: 2030 | D73: =IFERROR(BIO!L72/BIO!L273,0) -> 0.1786632 | E73: =IFERROR(BIO!M72/BIO!M273,0) -> 0 | F73: =IFERROR(BIO!N72/BIO!N273,0) -> 0 | G73: =IFERROR(BIO!O72/BIO!O273,0) -> 0 | H73: =IFERROR(BIO!P72/BIO!P273,0) -> 0.1786632 | I73: =IFERROR(BIO!Q72/BIO!Q273,0) -> 0 | J73: =IFERROR(BIO!R72/BIO!R273,0) -> 0.30192933 | K73: =IFERROR(BIO!S72/BIO!S273,0) -> 0 | ... AM73: =IFERROR(BIO!AU72/BIO!AU273,0) -> 0
B74: MINBIOCRP41a | C74: 2040 | D74: =IFERROR(BIO!L73/BIO!L274,0) -> 0.1786632 | E74: =IFERROR(BIO!M73/BIO!M274,0) -> 0 | F74: =IFERROR(BIO!N73/BIO!N274,0) -> 0 | G74: =IFERROR(BIO!O73/BIO!O274,0) -> 0 | H74: =IFERROR(BIO!P73/BIO!P274,0) -> 0.1786632 | I74: =IFERROR(BIO!Q73/BIO!Q274,0) -> 0 | J74: =IFERROR(BIO!R73/BIO!R274,0) -> 0.30192933 | K74: =IFERROR(BIO!S73/BIO!S274,0) -> 0 | ... AM74: =IFERROR(BIO!AU73/BIO!AU274,0) -> 0
B75: MINBIOCRP41a | C75: 2050 | D75: =IFERROR(BIO!L74/BIO!L275,0) -> 0.1786632 | E75: =IFERROR(BIO!M74/BIO!M275,0) -> 0 | F75: =IFERROR(BIO!N74/BIO!N275,0) -> 0 | G75: =IFERROR(BIO!O74/BIO!O275,0) -> 0 | H75: =IFERROR(BIO!P74/BIO!P275,0) -> 0.1786632 | I75: =IFERROR(BIO!Q74/BIO!Q275,0) -> 0 | J75: =IFERROR(BIO!R74/BIO!R275,0) -> 0.30192933 | K75: =IFERROR(BIO!S74/BIO!S275,0) -> 0 | ... AM75: =IFERROR(BIO!AU74/BIO!AU275,0) -> 0
C77: 2005 | D77: =SUMIFS(D$40:D$75,$C$40:$C$75,$C77) -> 0 | E77: =SUMIFS(E$40:E$75,$C$40:$C$75,$C77) -> 1 | F77: =SUMIFS(F$40:F$75,$C$40:$C$75,$C77) -> 1 | G77: =SUMIFS(G$40:G$75,$C$40:$C$75,$C77) -> 1 | H77: =SUMIFS(H$40:H$75,$C$40:$C$75,$C77) -> 0 | I77: =SUMIFS(I$40:I$75,$C$40:$C$75,$C77) -> 0 | J77: =SUMIFS(J$40:J$75,$C$40:$C$75,$C77) -> 0 | K77: =SUMIFS(K$40:K$75,$C$40:$C$75,$C77) -> 1 | ... AM77: =SUMIFS(AM$40:AM$75,$C$40:$C$75,$C77) -> 1
C78: 2010 | D78: =SUMIFS(D$40:D$75,$C$40:$C$75,$C78) -> 0 | E78: =SUMIFS(E$40:E$75,$C$40:$C$75,$C78) -> 1 | F78: =SUMIFS(F$40:F$75,$C$40:$C$75,$C78) -> 1 | G78: =SUMIFS(G$40:G$75,$C$40:$C$75,$C78) -> 1 | H78: =SUMIFS(H$40:H$75,$C$40:$C$75,$C78) -> 0 | I78: =SUMIFS(I$40:I$75,$C$40:$C$75,$C78) -> 0 | J78: =SUMIFS(J$40:J$75,$C$40:$C$75,$C78) -> 0 | K78: =SUMIFS(K$40:K$75,$C$40:$C$75,$C78) -> 1 | ... AM78: =SUMIFS(AM$40:AM$75,$C$40:$C$75,$C78) -> 1
C79: 2020 | D79: =SUMIFS(D$40:D$75,$C$40:$C$75,$C79) -> 1 | E79: =SUMIFS(E$40:E$75,$C$40:$C$75,$C79) -> 1 | F79: =SUMIFS(F$40:F$75,$C$40:$C$75,$C79) -> 1 | G79: =SUMIFS(G$40:G$75,$C$40:$C$75,$C79) -> 1 | H79: =SUMIFS(H$40:H$75,$C$40:$C$75,$C79) -> 1 | I79: =SUMIFS(I$40:I$75,$C$40:$C$75,$C79) -> 0 | J79: =SUMIFS(J$40:J$75,$C$40:$C$75,$C79) -> 1 | K79: =SUMIFS(K$40:K$75,$C$40:$C$75,$C79) -> 1 | ... AM79: =SUMIFS(AM$40:AM$75,$C$40:$C$75,$C79) -> 1
C80: 2030 | D80: =SUMIFS(D$40:D$75,$C$40:$C$75,$C80) -> 1 | E80: =SUMIFS(E$40:E$75,$C$40:$C$75,$C80) -> 1 | F80: =SUMIFS(F$40:F$75,$C$40:$C$75,$C80) -> 1 | G80: =SUMIFS(G$40:G$75,$C$40:$C$75,$C80) -> 1 | H80: =SUMIFS(H$40:H$75,$C$40:$C$75,$C80) -> 1 | I80: =SUMIFS(I$40:I$75,$C$40:$C$75,$C80) -> 0 | J80: =SUMIFS(J$40:J$75,$C$40:$C$75,$C80) -> 1 | K80: =SUMIFS(K$40:K$75,$C$40:$C$75,$C80) -> 1 | ... AM80: =SUMIFS(AM$40:AM$75,$C$40:$C$75,$C80) -> 1
C81: 2040 | D81: =SUMIFS(D$40:D$75,$C$40:$C$75,$C81) -> 1 | E81: =SUMIFS(E$40:E$75,$C$40:$C$75,$C81) -> 1 | F81: =SUMIFS(F$40:F$75,$C$40:$C$75,$C81) -> 1 | G81: =SUMIFS(G$40:G$75,$C$40:$C$75,$C81) -> 1 | H81: =SUMIFS(H$40:H$75,$C$40:$C$75,$C81) -> 1 | I81: =SUMIFS(I$40:I$75,$C$40:$C$75,$C81) -> 0 | J81: =SUMIFS(J$40:J$75,$C$40:$C$75,$C81) -> 1 | K81: =SUMIFS(K$40:K$75,$C$40:$C$75,$C81) -> 1 | ... AM81: =SUMIFS(AM$40:AM$75,$C$40:$C$75,$C81) -> 1
C82: 2050 | D82: =SUMIFS(D$40:D$75,$C$40:$C$75,$C82) -> 1 | E82: =SUMIFS(E$40:E$75,$C$40:$C$75,$C82) -> 1 | F82: =SUMIFS(F$40:F$75,$C$40:$C$75,$C82) -> 1 | G82: =SUMIFS(G$40:G$75,$C$40:$C$75,$C82) -> 1 | H82: =SUMIFS(H$40:H$75,$C$40:$C$75,$C82) -> 1 | I82: =SUMIFS(I$40:I$75,$C$40:$C$75,$C82) -> 0 | J82: =SUMIFS(J$40:J$75,$C$40:$C$75,$C82) -> 1 | K82: =SUMIFS(K$40:K$75,$C$40:$C$75,$C82) -> 1 | ... AM82: =SUMIFS(AM$40:AM$75,$C$40:$C$75,$C82) -> 1
B84: forestry residues: subcategories | C84: share of all forestry residues | D84: AL | E84: AT | F84: BE | G84: BG | H84: BA | I84: CH | J84: CY | K84: CZ | L84: DE | M84: DK | N84: EE | O84: ES | P84: FI | Q84: FR | R84: EL | S84: HR | T84: HU | U84: IE | V84: IS | W84: IT | X84: LT | Y84: LU | Z84: LV | AA84: ME | AB84: MK | AC84: MT | AD84: NL | AE84: NO | AF84: PL | AG84: PT | AH84: RO | AI84: RS | AJ84: SE | AK84: SI | AL84: SK | AM84: UK
B85: MINBIOFRSR1 | C85: 2005 | D85: =IFERROR(BIO!L133/BIO!L291,0) -> 0 | E85: =IFERROR(BIO!M133/BIO!M291,0) -> 0 | F85: =IFERROR(BIO!N133/BIO!N291,0) -> 0 | G85: =IFERROR(BIO!O133/BIO!O291,0) -> 0 | H85: =IFERROR(BIO!P133/BIO!P291,0) -> 0 | I85: =IFERROR(BIO!Q133/BIO!Q291,0) -> 0 | J85: =IFERROR(BIO!R133/BIO!R291,0) -> 0 | K85: =IFERROR(BIO!S133/BIO!S291,0) -> 0 | ... AM85: =IFERROR(BIO!AU133/BIO!AU291,0) -> 0
B86: MINBIOFRSR1 | C86: 2010 | D86: =IFERROR(BIO!L134/BIO!L292,0) -> 0 | E86: =IFERROR(BIO!M134/BIO!M292,0) -> 0 | F86: =IFERROR(BIO!N134/BIO!N292,0) -> 0 | G86: =IFERROR(BIO!O134/BIO!O292,0) -> 0 | H86: =IFERROR(BIO!P134/BIO!P292,0) -> 0 | I86: =IFERROR(BIO!Q134/BIO!Q292,0) -> 0 | J86: =IFERROR(BIO!R134/BIO!R292,0) -> 0 | K86: =IFERROR(BIO!S134/BIO!S292,0) -> 0 | ... AM86: =IFERROR(BIO!AU134/BIO!AU292,0) -> 0
B87: MINBIOFRSR1 | C87: 2020 | D87: =IFERROR(BIO!L135/BIO!L293,0) -> 0 | E87: =IFERROR(BIO!M135/BIO!M293,0) -> 0 | F87: =IFERROR(BIO!N135/BIO!N293,0) -> 0 | G87: =IFERROR(BIO!O135/BIO!O293,0) -> 0 | H87: =IFERROR(BIO!P135/BIO!P293,0) -> 0 | I87: =IFERROR(BIO!Q135/BIO!Q293,0) -> 0 | J87: =IFERROR(BIO!R135/BIO!R293,0) -> 0 | K87: =IFERROR(BIO!S135/BIO!S293,0) -> 0 | ... AM87: =IFERROR(BIO!AU135/BIO!AU293,0) -> 0
B88: MINBIOFRSR1 | C88: 2030 | D88: =IFERROR(BIO!L136/BIO!L294,0) -> 0 | E88: =IFERROR(BIO!M136/BIO!M294,0) -> 0 | F88: =IFERROR(BIO!N136/BIO!N294,0) -> 0 | G88: =IFERROR(BIO!O136/BIO!O294,0) -> 0 | H88: =IFERROR(BIO!P136/BIO!P294,0) -> 0 | I88: =IFERROR(BIO!Q136/BIO!Q294,0) -> 0 | J88: =IFERROR(BIO!R136/BIO!R294,0) -> 0 | K88: =IFERROR(BIO!S136/BIO!S294,0) -> 0 | ... AM88: =IFERROR(BIO!AU136/BIO!AU294,0) -> 0
B89: MINBIOFRSR1 | C89: 2040 | D89: =IFERROR(BIO!L137/BIO!L295,0) -> 0 | E89: =IFERROR(BIO!M137/BIO!M295,0) -> 0 | F89: =IFERROR(BIO!N137/BIO!N295,0) -> 0 | G89: =IFERROR(BIO!O137/BIO!O295,0) -> 0 | H89: =IFERROR(BIO!P137/BIO!P295,0) -> 0 | I89: =IFERROR(BIO!Q137/BIO!Q295,0) -> 0 | J89: =IFERROR(BIO!R137/BIO!R295,0) -> 0 | K89: =IFERROR(BIO!S137/BIO!S295,0) -> 0 | ... AM89: =IFERROR(BIO!AU137/BIO!AU295,0) -> 0
B90: MINBIOFRSR1 | C90: 2050 | D90: =IFERROR(BIO!L138/BIO!L296,0) -> 0 | E90: =IFERROR(BIO!M138/BIO!M296,0) -> 0 | F90: =IFERROR(BIO!N138/BIO!N296,0) -> 0 | G90: =IFERROR(BIO!O138/BIO!O296,0) -> 0 | H90: =IFERROR(BIO!P138/BIO!P296,0) -> 0 | I90: =IFERROR(BIO!Q138/BIO!Q296,0) -> 0 | J90: =IFERROR(BIO!R138/BIO!R296,0) -> 0 | K90: =IFERROR(BIO!S138/BIO!S296,0) -> 0 | ... AM90: =IFERROR(BIO!AU138/BIO!AU296,0) -> 0
B91: MINBIOWOOW1 | C91: 2005 | D91: =IFERROR(BIO!L146/BIO!L291,0) -> 0.11777204 | E91: =IFERROR(BIO!M146/BIO!M291,0) -> 0.2786951 | F91: =IFERROR(BIO!N146/BIO!N291,0) -> 0.57007837 | G91: =IFERROR(BIO!O146/BIO!O291,0) -> 0.049753532 | H91: =IFERROR(BIO!P146/BIO!P291,0) -> 0.15347567 | I91: =IFERROR(BIO!Q146/BIO!Q291,0) -> 0.30346221 | J91: =IFERROR(BIO!R146/BIO!R291,0) -> 0 | K91: =IFERROR(BIO!S146/BIO!S291,0) -> 0.02038404 | ... AM91: =IFERROR(BIO!AU146/BIO!AU291,0) -> 0.020485114
B92: MINBIOWOOW1 | C92: 2010 | D92: =IFERROR(BIO!L147/BIO!L292,0) -> 0.12371587 | E92: =IFERROR(BIO!M147/BIO!M292,0) -> 0.29645211 | F92: =IFERROR(BIO!N147/BIO!N292,0) -> 0.56523814 | G92: =IFERROR(BIO!O147/BIO!O292,0) -> 0.048101817 | H92: =IFERROR(BIO!P147/BIO!P292,0) -> 0.16111134 | I92: =IFERROR(BIO!Q147/BIO!Q292,0) -> 0.31466322 | J92: =IFERROR(BIO!R147/BIO!R292,0) -> 0 | K92: =IFERROR(BIO!S147/BIO!S292,0) -> 0.01897744 | ... AM92: =IFERROR(BIO!AU147/BIO!AU292,0) -> 0.019886934
B93: MINBIOWOOW1 | C93: 2020 | D93: =IFERROR(BIO!L148/BIO!L293,0) -> 0.20787969 | E93: =IFERROR(BIO!M148/BIO!M293,0) -> 0.37485367 | F93: =IFERROR(BIO!N148/BIO!N293,0) -> 0.42647673 | G93: =IFERROR(BIO!O148/BIO!O293,0) -> 0.071954937 | H93: =IFERROR(BIO!P148/BIO!P293,0) -> 0.25578048 | I93: =IFERROR(BIO!Q148/BIO!Q293,0) -> 0.36003808 | J93: =IFERROR(BIO!R148/BIO!R293,0) -> 0 | K93: =IFERROR(BIO!S148/BIO!S293,0) -> 0.02445732 | ... AM93: =IFERROR(BIO!AU148/BIO!AU293,0) -> 0.029213309
B94: MINBIOWOOW1 | C94: 2030 | D94: =IFERROR(BIO!L149/BIO!L294,0) -> 0.23086301 | E94: =IFERROR(BIO!M149/BIO!M294,0) -> 0.4052349 | F94: =IFERROR(BIO!N149/BIO!N294,0) -> 0.47166454 | G94: =IFERROR(BIO!O149/BIO!O294,0) -> 0.064911566 | H94: =IFERROR(BIO!P149/BIO!P294,0) -> 0.2802953 | I94: =IFERROR(BIO!Q149/BIO!Q294,0) -> 0.37322476 | J94: =IFERROR(BIO!R149/BIO!R294,0) -> 0 | K94: =IFERROR(BIO!S149/BIO!S294,0) -> 0.021581927 | ... AM94: =IFERROR(BIO!AU149/BIO!AU294,0) -> 0.028622893
B95: MINBIOWOOW1 | C95: 2040 | D95: =IFERROR(BIO!L150/BIO!L295,0) -> 0.2849847 | E95: =IFERROR(BIO!M150/BIO!M295,0) -> 0.46154436 | F95: =IFERROR(BIO!N150/BIO!N295,0) -> 0.46175592 | G95: =IFERROR(BIO!O150/BIO!O295,0) -> 0.077953166 | H95: =IFERROR(BIO!P150/BIO!P295,0) -> 0.33419315 | I95: =IFERROR(BIO!Q150/BIO!Q295,0) -> 0.41777671 | J95: =IFERROR(BIO!R150/BIO!R295,0) -> 0 | K95: =IFERROR(BIO!S150/BIO!S295,0) -> 0.022581597 | ... AM95: =IFERROR(BIO!AU150/BIO!AU295,0) -> 0.027375066
B96: MINBIOWOOW1 | C96: 2050 | D96: =IFERROR(BIO!L151/BIO!L296,0) -> 0.30096695 | E96: =IFERROR(BIO!M151/BIO!M296,0) -> 0.48330807 | F96: =IFERROR(BIO!N151/BIO!N296,0) -> 0.45262492 | G96: =IFERROR(BIO!O151/BIO!O296,0) -> 0.07123951 | H96: =IFERROR(BIO!P151/BIO!P296,0) -> 0.35100337 | I96: =IFERROR(BIO!Q151/BIO!Q296,0) -> 0.43733949 | J96: =IFERROR(BIO!R151/BIO!R296,0) -> 0 | K96: =IFERROR(BIO!S151/BIO!S296,0) -> 0.014982406 | ... AM96: =IFERROR(BIO!AU151/BIO!AU296,0) -> 0.026070225
B97: MINBIOWOOW1a | C97: 2005 | D97: =IFERROR(BIO!L159/BIO!L291,0) -> 0.13886554 | E97: =IFERROR(BIO!M159/BIO!M291,0) -> 0.36687782 | F97: =IFERROR(BIO!N159/BIO!N291,0) -> 0.03646966 | G97: =IFERROR(BIO!O159/BIO!O291,0) -> 0.11640449 | H97: =IFERROR(BIO!P159/BIO!P291,0) -> 0.18177006 | I97: =IFERROR(BIO!Q159/BIO!Q291,0) -> 0.48803064 | J97: =IFERROR(BIO!R159/BIO!R291,0) -> 0 | K97: =IFERROR(BIO!S159/BIO!S291,0) -> 0.097445653 | ... AM97: =IFERROR(BIO!AU159/BIO!AU291,0) -> 0.15347045
B98: MINBIOWOOW1a | C98: 2010 | D98: =IFERROR(BIO!L160/BIO!L292,0) -> 0.13939817 | E98: =IFERROR(BIO!M160/BIO!M292,0) -> 0.36075941 | F98: =IFERROR(BIO!N160/BIO!N292,0) -> 0.038648762 | G98: =IFERROR(BIO!O160/BIO!O292,0) -> 0.11412392 | H98: =IFERROR(BIO!P160/BIO!P292,0) -> 0.18146225 | I98: =IFERROR(BIO!Q160/BIO!Q292,0) -> 0.48167252 | J98: =IFERROR(BIO!R160/BIO!R292,0) -> 0 | K98: =IFERROR(BIO!S160/BIO!S292,0) -> 0.0948872 | ... AM98: =IFERROR(BIO!AU160/BIO!AU292,0) -> 0.15100587
B99: MINBIOWOOW1a | C99: 2020 | D99: =IFERROR(BIO!L161/BIO!L293,0) -> 0.20787969 | E99: =IFERROR(BIO!M161/BIO!M293,0) -> 0.40637882 | F99: =IFERROR(BIO!N161/BIO!N293,0) -> 0.032457521 | G99: =IFERROR(BIO!O161/BIO!O293,0) -> 0.17988734 | H99: =IFERROR(BIO!P161/BIO!P293,0) -> 0.25356593 | I99: =IFERROR(BIO!Q161/BIO!Q293,0) -> 0.49268368 | J99: =IFERROR(BIO!R161/BIO!R293,0) -> 0 | K99: =IFERROR(BIO!S161/BIO!S293,0) -> 0.14103721 | ... AM99: =IFERROR(BIO!AU161/BIO!AU293,0) -> 0.22680151
B100: MINBIOWOOW1a | C100: 2030 | D100: =IFERROR(BIO!L162/BIO!L294,0) -> 0.2014393 | E100: =IFERROR(BIO!M162/BIO!M294,0) -> 0.38383485 | F100: =IFERROR(BIO!N162/BIO!N294,0) -> 0.040014862 | G100: =IFERROR(BIO!O162/BIO!O294,0) -> 0.17058156 | H100: =IFERROR(BIO!P162/BIO!P294,0) -> 0.2440948 | I100: =IFERROR(BIO!Q162/BIO!Q294,0) -> 0.45699465 | J100: =IFERROR(BIO!R162/BIO!R294,0) -> 0 | K100: =IFERROR(BIO!S162/BIO!S294,0) -> 0.13668554 | ... AM100: =IFERROR(BIO!AU162/BIO!AU294,0) -> 0.21597274
B101: MINBIOWOOW1a | C101: 2040 | D101: =IFERROR(BIO!L163/BIO!L295,0) -> 0.24157644 | E101: =IFERROR(BIO!M163/BIO!M295,0) -> 0.40052508 | F101: =IFERROR(BIO!N163/BIO!N295,0) -> 0.043154759 | G101: =IFERROR(BIO!O163/BIO!O295,0) -> 0.21187271 | H101: =IFERROR(BIO!P163/BIO!P295,0) -> 0.28348225 | I101: =IFERROR(BIO!Q163/BIO!Q295,0) -> 0.49849003 | J101: =IFERROR(BIO!R163/BIO!R295,0) -> 0 | K101: =IFERROR(BIO!S163/BIO!S295,0) -> 0.17613646 | ... AM101: =IFERROR(BIO!AU163/BIO!AU295,0) -> 0.20847166
B102: MINBIOWOOW1a | C102: 2050 | D102: =IFERROR(BIO!L164/BIO!L296,0) -> 0.23857136 | E102: =IFERROR(BIO!M164/BIO!M296,0) -> 0.38742044 | F102: =IFERROR(BIO!N164/BIO!N296,0) -> 0.047093922 | G102: =IFERROR(BIO!O164/BIO!O296,0) -> 0.20557687 | H102: =IFERROR(BIO!P164/BIO!P296,0) -> 0.27951756 | I102: =IFERROR(BIO!Q164/BIO!Q296,0) -> 0.48978065 | J102: =IFERROR(BIO!R164/BIO!R296,0) -> 0 | K102: =IFERROR(BIO!S164/BIO!S296,0) -> 0.16711145 | ... AM102: =IFERROR(BIO!AU164/BIO!AU296,0) -> 0.20164521
B103: MINBIOFRSR1a | C103: 2005 | D103: =IFERROR(BIO!L172/BIO!L291,0) -> 0.74336242 | E103: =IFERROR(BIO!M172/BIO!M291,0) -> 0.35442708 | F103: =IFERROR(BIO!N172/BIO!N291,0) -> 0.39345197 | G103: =IFERROR(BIO!O172/BIO!O291,0) -> 0.83384198 | H103: =IFERROR(BIO!P172/BIO!P291,0) -> 0.66475427 | I103: =IFERROR(BIO!Q172/BIO!Q291,0) -> 0.20850715 | J103: =IFERROR(BIO!R172/BIO!R291,0) -> 0 | K103: =IFERROR(BIO!S172/BIO!S291,0) -> 0.88217031 | ... AM103: =IFERROR(BIO!AU172/BIO!AU291,0) -> 0.82604444
B104: MINBIOFRSR1a | C104: 2010 | D104: =IFERROR(BIO!L173/BIO!L292,0) -> 0.73688596 | E104: =IFERROR(BIO!M173/BIO!M292,0) -> 0.34278848 | F104: =IFERROR(BIO!N173/BIO!N292,0) -> 0.39611309 | G104: =IFERROR(BIO!O173/BIO!O292,0) -> 0.83777426 | H104: =IFERROR(BIO!P173/BIO!P292,0) -> 0.65742641 | I104: =IFERROR(BIO!Q173/BIO!Q292,0) -> 0.20366426 | J104: =IFERROR(BIO!R173/BIO!R292,0) -> 0 | K104: =IFERROR(BIO!S173/BIO!S292,0) -> 0.88613536 | ... AM104: =IFERROR(BIO!AU173/BIO!AU292,0) -> 0.82910719
B105: MINBIOFRSR1a | C105: 2020 | D105: =IFERROR(BIO!L174/BIO!L293,0) -> 0.58424061 | E105: =IFERROR(BIO!M174/BIO!M293,0) -> 0.21876751 | F105: =IFERROR(BIO!N174/BIO!N293,0) -> 0.54106574 | G105: =IFERROR(BIO!O174/BIO!O293,0) -> 0.74815772 | H105: =IFERROR(BIO!P174/BIO!P293,0) -> 0.49065359 | I105: =IFERROR(BIO!Q174/BIO!Q293,0) -> 0.14727824 | J105: =IFERROR(BIO!R174/BIO!R293,0) -> 0 | K105: =IFERROR(BIO!S174/BIO!S293,0) -> 0.83450547 | ... AM105: =IFERROR(BIO!AU174/BIO!AU293,0) -> 0.74398518
B106: MINBIOFRSR1a | C106: 2030 | D106: =IFERROR(BIO!L175/BIO!L294,0) -> 0.56769769 | E106: =IFERROR(BIO!M175/BIO!M294,0) -> 0.21093025 | F106: =IFERROR(BIO!N175/BIO!N294,0) -> 0.4883206 | G106: =IFERROR(BIO!O175/BIO!O294,0) -> 0.76450688 | H106: =IFERROR(BIO!P175/BIO!P294,0) -> 0.47560991 | I106: =IFERROR(BIO!Q175/BIO!Q294,0) -> 0.16978059 | J106: =IFERROR(BIO!R175/BIO!R294,0) -> 0 | K106: =IFERROR(BIO!S175/BIO!S294,0) -> 0.84173254 | ... AM106: =IFERROR(BIO!AU175/BIO!AU294,0) -> 0.75540437
B107: MINBIOFRSR1a | C107: 2040 | D107: =IFERROR(BIO!L176/BIO!L295,0) -> 0.47343886 | E107: =IFERROR(BIO!M176/BIO!M295,0) -> 0.13793056 | F107: =IFERROR(BIO!N176/BIO!N295,0) -> 0.49508932 | G107: =IFERROR(BIO!O176/BIO!O295,0) -> 0.71017413 | H107: =IFERROR(BIO!P176/BIO!P295,0) -> 0.38232459 | I107: =IFERROR(BIO!Q176/BIO!Q295,0) -> 0.083733259 | J107: =IFERROR(BIO!R176/BIO!R295,0) -> 0 | K107: =IFERROR(BIO!S176/BIO!S295,0) -> 0.80128194 | ... AM107: =IFERROR(BIO!AU176/BIO!AU295,0) -> 0.76415328
B108: MINBIOFRSR1a | C108: 2050 | D108: =IFERROR(BIO!L177/BIO!L296,0) -> 0.46046169 | E108: =IFERROR(BIO!M177/BIO!M296,0) -> 0.12927149 | F108: =IFERROR(BIO!N177/BIO!N296,0) -> 0.50028116 | G108: =IFERROR(BIO!O177/BIO!O296,0) -> 0.72318362 | H108: =IFERROR(BIO!P177/BIO!P296,0) -> 0.36947906 | I108: =IFERROR(BIO!Q177/BIO!Q296,0) -> 0.072879861 | J108: =IFERROR(BIO!R177/BIO!R296,0) -> 0 | K108: =IFERROR(BIO!S177/BIO!S296,0) -> 0.81790614 | ... AM108: =IFERROR(BIO!AU177/BIO!AU296,0) -> 0.77228456
C110: 2005 | D110: =SUMIFS(D$85:D$108,$C$85:$C$108,$C110) -> 1 | E110: =SUMIFS(E$85:E$108,$C$85:$C$108,$C110) -> 1 | F110: =SUMIFS(F$85:F$108,$C$85:$C$108,$C110) -> 1 | G110: =SUMIFS(G$85:G$108,$C$85:$C$108,$C110) -> 1 | H110: =SUMIFS(H$85:H$108,$C$85:$C$108,$C110) -> 1 | I110: =SUMIFS(I$85:I$108,$C$85:$C$108,$C110) -> 1 | J110: =SUMIFS(J$85:J$108,$C$85:$C$108,$C110) -> 0 | K110: =SUMIFS(K$85:K$108,$C$85:$C$108,$C110) -> 1 | ... AM110: =SUMIFS(AM$85:AM$108,$C$85:$C$108,$C110) -> 1
C111: 2010 | D111: =SUMIFS(D$85:D$108,$C$85:$C$108,$C111) -> 1 | E111: =SUMIFS(E$85:E$108,$C$85:$C$108,$C111) -> 1 | F111: =SUMIFS(F$85:F$108,$C$85:$C$108,$C111) -> 1 | G111: =SUMIFS(G$85:G$108,$C$85:$C$108,$C111) -> 1 | H111: =SUMIFS(H$85:H$108,$C$85:$C$108,$C111) -> 1 | I111: =SUMIFS(I$85:I$108,$C$85:$C$108,$C111) -> 1 | J111: =SUMIFS(J$85:J$108,$C$85:$C$108,$C111) -> 0 | K111: =SUMIFS(K$85:K$108,$C$85:$C$108,$C111) -> 1 | ... AM111: =SUMIFS(AM$85:AM$108,$C$85:$C$108,$C111) -> 1
C112: 2020 | D112: =SUMIFS(D$85:D$108,$C$85:$C$108,$C112) -> 1 | E112: =SUMIFS(E$85:E$108,$C$85:$C$108,$C112) -> 1 | F112: =SUMIFS(F$85:F$108,$C$85:$C$108,$C112) -> 1 | G112: =SUMIFS(G$85:G$108,$C$85:$C$108,$C112) -> 1 | H112: =SUMIFS(H$85:H$108,$C$85:$C$108,$C112) -> 1 | I112: =SUMIFS(I$85:I$108,$C$85:$C$108,$C112) -> 1 | J112: =SUMIFS(J$85:J$108,$C$85:$C$108,$C112) -> 0 | K112: =SUMIFS(K$85:K$108,$C$85:$C$108,$C112) -> 1 | ... AM112: =SUMIFS(AM$85:AM$108,$C$85:$C$108,$C112) -> 1
C113: 2030 | D113: =SUMIFS(D$85:D$108,$C$85:$C$108,$C113) -> 1 | E113: =SUMIFS(E$85:E$108,$C$85:$C$108,$C113) -> 1 | F113: =SUMIFS(F$85:F$108,$C$85:$C$108,$C113) -> 1 | G113: =SUMIFS(G$85:G$108,$C$85:$C$108,$C113) -> 1 | H113: =SUMIFS(H$85:H$108,$C$85:$C$108,$C113) -> 1 | I113: =SUMIFS(I$85:I$108,$C$85:$C$108,$C113) -> 1 | J113: =SUMIFS(J$85:J$108,$C$85:$C$108,$C113) -> 0 | K113: =SUMIFS(K$85:K$108,$C$85:$C$108,$C113) -> 1 | ... AM113: =SUMIFS(AM$85:AM$108,$C$85:$C$108,$C113) -> 1
C114: 2040 | D114: =SUMIFS(D$85:D$108,$C$85:$C$108,$C114) -> 1 | E114: =SUMIFS(E$85:E$108,$C$85:$C$108,$C114) -> 1 | F114: =SUMIFS(F$85:F$108,$C$85:$C$108,$C114) -> 1 | G114: =SUMIFS(G$85:G$108,$C$85:$C$108,$C114) -> 1 | H114: =SUMIFS(H$85:H$108,$C$85:$C$108,$C114) -> 1 | I114: =SUMIFS(I$85:I$108,$C$85:$C$108,$C114) -> 1 | J114: =SUMIFS(J$85:J$108,$C$85:$C$108,$C114) -> 0 | K114: =SUMIFS(K$85:K$108,$C$85:$C$108,$C114) -> 1 | ... AM114: =SUMIFS(AM$85:AM$108,$C$85:$C$108,$C114) -> 1
C115: 2050 | D115: =SUMIFS(D$85:D$108,$C$85:$C$108,$C115) -> 1 | E115: =SUMIFS(E$85:E$108,$C$85:$C$108,$C115) -> 1 | F115: =SUMIFS(F$85:F$108,$C$85:$C$108,$C115) -> 1 | G115: =SUMIFS(G$85:G$108,$C$85:$C$108,$C115) -> 1 | H115: =SUMIFS(H$85:H$108,$C$85:$C$108,$C115) -> 1 | I115: =SUMIFS(I$85:I$108,$C$85:$C$108,$C115) -> 1 | J115: =SUMIFS(J$85:J$108,$C$85:$C$108,$C115) -> 0 | K115: =SUMIFS(K$85:K$108,$C$85:$C$108,$C115) -> 1 | ... AM115: =SUMIFS(AM$85:AM$108,$C$85:$C$108,$C115) -> 1
B118: waste: subcategories | C118: share of all waste | D118: AL | E118: AT | F118: BE | G118: BG | H118: BA | I118: CH | J118: CY | K118: CZ | L118: DE | M118: DK | N118: EE | O118: ES | P118: FI | Q118: FR | R118: EL | S118: HR | T118: HU | U118: IE | V118: IS | W118: IT | X118: LT | Y118: LU | Z118: LV | AA118: ME | AB118: MK | AC118: MT | AD118: NL | AE118: NO | AF118: PL | AG118: PT | AH118: RO | AI118: RS | AJ118: SE | AK118: SI | AL118: SK | AM118: UK
B119: MINBIOGAS1 | C119: 2005 | D119: =IFERROR(BIO!L81/BIO!L263,0) -> 0.62860962 | E119: =IFERROR(BIO!M81/BIO!M263,0) -> 0.37558297 | F119: =IFERROR(BIO!N81/BIO!N263,0) -> 0.55074923 | G119: =IFERROR(BIO!O81/BIO!O263,0) -> 0.76821507 | H119: =IFERROR(BIO!P81/BIO!P263,0) -> 1 | I119: =IFERROR(BIO!Q81/BIO!Q263,0) -> 0.19921208 | J119: =IFERROR(BIO!R81/BIO!R263,0) -> 0.75173621 | K119: =IFERROR(BIO!S81/BIO!S263,0) -> 0.95965092 | ... AM119: =IFERROR(BIO!AU81/BIO!AU263,0) -> 0.93255773
B120: MINBIOGAS1 | C120: 2010 | D120: =IFERROR(BIO!L82/BIO!L264,0) -> 0.62860962 | E120: =IFERROR(BIO!M82/BIO!M264,0) -> 0.37558297 | F120: =IFERROR(BIO!N82/BIO!N264,0) -> 0.55074923 | G120: =IFERROR(BIO!O82/BIO!O264,0) -> 0.76821507 | H120: =IFERROR(BIO!P82/BIO!P264,0) -> 1 | I120: =IFERROR(BIO!Q82/BIO!Q264,0) -> 0.19921208 | J120: =IFERROR(BIO!R82/BIO!R264,0) -> 0.75173621 | K120: =IFERROR(BIO!S82/BIO!S264,0) -> 0.95965092 | ... AM120: =IFERROR(BIO!AU82/BIO!AU264,0) -> 0.93255773
B121: MINBIOGAS1 | C121: 2020 | D121: =IFERROR(BIO!L83/BIO!L265,0) -> 0.59408378 | E121: =IFERROR(BIO!M83/BIO!M265,0) -> 0.34522912 | F121: =IFERROR(BIO!N83/BIO!N265,0) -> 0.51737802 | G121: =IFERROR(BIO!O83/BIO!O265,0) -> 0.68670261 | H121: =IFERROR(BIO!P83/BIO!P265,0) -> 1 | I121: =IFERROR(BIO!Q83/BIO!Q265,0) -> 0.1687484 | J121: =IFERROR(BIO!R83/BIO!R265,0) -> 0.73151998 | K121: =IFERROR(BIO!S83/BIO!S265,0) -> 0.94435381 | ... AM121: =IFERROR(BIO!AU83/BIO!AU265,0) -> 0.92024105
B122: MINBIOGAS1 | C122: 2030 | D122: =IFERROR(BIO!L84/BIO!L266,0) -> 0.56838086 | E122: =IFERROR(BIO!M84/BIO!M266,0) -> 0.3022804 | F122: =IFERROR(BIO!N84/BIO!N266,0) -> 0.45378345 | G122: =IFERROR(BIO!O84/BIO!O266,0) -> 0.67201397 | H122: =IFERROR(BIO!P84/BIO!P266,0) -> 1 | I122: =IFERROR(BIO!Q84/BIO!Q266,0) -> 0.14101433 | J122: =IFERROR(BIO!R84/BIO!R266,0) -> 0.69659664 | K122: =IFERROR(BIO!S84/BIO!S266,0) -> 0.92786635 | ... AM122: =IFERROR(BIO!AU84/BIO!AU266,0) -> 0.90561876
B123: MINBIOGAS1 | C123: 2040 | D123: =IFERROR(BIO!L85/BIO!L267,0) -> 0.54247037 | E123: =IFERROR(BIO!M85/BIO!M267,0) -> 0.27240354 | F123: =IFERROR(BIO!N85/BIO!N267,0) -> 0.39784267 | G123: =IFERROR(BIO!O85/BIO!O267,0) -> 0.63768192 | H123: =IFERROR(BIO!P85/BIO!P267,0) -> 1 | I123: =IFERROR(BIO!Q85/BIO!Q267,0) -> 0.12626833 | J123: =IFERROR(BIO!R85/BIO!R267,0) -> 0.66175393 | K123: =IFERROR(BIO!S85/BIO!S267,0) -> 0.91473226 | ... AM123: =IFERROR(BIO!AU85/BIO!AU267,0) -> 0.88937949
B124: MINBIOGAS1 | C124: 2050 | D124: =IFERROR(BIO!L86/BIO!L268,0) -> 0.64359157 | E124: =IFERROR(BIO!M86/BIO!M268,0) -> 0.24460602 | F124: =IFERROR(BIO!N86/BIO!N268,0) -> 0.34538421 | G124: =IFERROR(BIO!O86/BIO!O268,0) -> 0.6017427 | H124: =IFERROR(BIO!P86/BIO!P268,0) -> 1 | I124: =IFERROR(BIO!Q86/BIO!Q268,0) -> 0.11552422 | J124: =IFERROR(BIO!R86/BIO!R268,0) -> 0.62474552 | K124: =IFERROR(BIO!S86/BIO!S268,0) -> 0.89935449 | ... AM124: =IFERROR(BIO!AU86/BIO!AU268,0) -> 0.87073994
B125: MINBIOMUN1 | C125: 2005 | D125: =IFERROR(BIO!L185/BIO!L263,0) -> 0.3705521 | E125: =IFERROR(BIO!M185/BIO!M263,0) -> 0.43561331 | F125: =IFERROR(BIO!N185/BIO!N263,0) -> 0.33541468 | G125: =IFERROR(BIO!O185/BIO!O263,0) -> 0.23177406 | H125: =IFERROR(BIO!P185/BIO!P263,0) -> 0 | I125: =IFERROR(BIO!Q185/BIO!Q263,0) -> 0.76490189 | J125: =IFERROR(BIO!R185/BIO!R263,0) -> 0.24806437 | K125: =IFERROR(BIO!S185/BIO!S263,0) -> 0.036060804 | ... AM125: =IFERROR(BIO!AU185/BIO!AU263,0) -> 0.067001574
B126: MINBIOMUN1 | C126: 2010 | D126: =IFERROR(BIO!L186/BIO!L264,0) -> 0.3705521 | E126: =IFERROR(BIO!M186/BIO!M264,0) -> 0.43561331 | F126: =IFERROR(BIO!N186/BIO!N264,0) -> 0.33541468 | G126: =IFERROR(BIO!O186/BIO!O264,0) -> 0.23177406 | H126: =IFERROR(BIO!P186/BIO!P264,0) -> 0 | I126: =IFERROR(BIO!Q186/BIO!Q264,0) -> 0.76490189 | J126: =IFERROR(BIO!R186/BIO!R264,0) -> 0.24806437 | K126: =IFERROR(BIO!S186/BIO!S264,0) -> 0.036060804 | ... AM126: =IFERROR(BIO!AU186/BIO!AU264,0) -> 0.067001574
B127: MINBIOMUN1 | C127: 2020 | D127: =IFERROR(BIO!L187/BIO!L265,0) -> 0.40483447 | E127: =IFERROR(BIO!M187/BIO!M265,0) -> 0.44919956 | F127: =IFERROR(BIO!N187/BIO!N265,0) -> 0.35887291 | G127: =IFERROR(BIO!O187/BIO!O265,0) -> 0.31328271 | H127: =IFERROR(BIO!P187/BIO!P265,0) -> 0 | I127: =IFERROR(BIO!Q187/BIO!Q265,0) -> 0.79219327 | J127: =IFERROR(BIO!R187/BIO!R265,0) -> 0.26826432 | K127: =IFERROR(BIO!S187/BIO!S265,0) -> 0.049718779 | ... AM127: =IFERROR(BIO!AU187/BIO!AU265,0) -> 0.079234848
B128: MINBIOMUN1 | C128: 2030 | D128: =IFERROR(BIO!L188/BIO!L266,0) -> 0.43038064 | E128: =IFERROR(BIO!M188/BIO!M266,0) -> 0.49289925 | F128: =IFERROR(BIO!N188/BIO!N266,0) -> 0.40784218 | G128: =IFERROR(BIO!O188/BIO!O266,0) -> 0.32796786 | H128: =IFERROR(BIO!P188/BIO!P266,0) -> 0 | I128: =IFERROR(BIO!Q188/BIO!Q266,0) -> 0.81423981 | J128: =IFERROR(BIO!R188/BIO!R266,0) -> 0.30311109 | K128: =IFERROR(BIO!S188/BIO!S266,0) -> 0.063096424 | ... AM128: =IFERROR(BIO!AU188/BIO!AU266,0) -> 0.093641944
...

Sheet BioImport
A1: reference
B2: ~UC_SETS: R_S: AT,BE,BG,CH,CY,CZ,DE,DK,EE,ES,FI,FR,EL,HU,IE,IT,IS,LT,LU,LV,MT,NL,NO,PL,PT,RO,SE,SI,SK,HR,UK
H3: ~UC_T
B4: UC_N | C4: Pset_PN | D4: Pset_CI | E4: Cset_CN | F4: Attribute | G4: Year | H4: LimType | I4: UC_COMPRD | J4: UC_FLO | K4: UC_ACT | L4: UC_RHST~2005 | M4: UC_RHST~2010 | N4: UC_RHST~2020 | O4: UC_RHST~2030 | P4: UC_RHST~2040 | Q4: UC_RHST~2050 | R4: UC_RHST~0 | S4: UC_Desc
B5: AU_EU-IMP_ETH | C5: IMPBIOETH* | G5: 2020,2030,2040,2050 | H5: UP | K5: 1 | L5: 6573.7052 | M5: 6573.7052 | N5: 6573.7052 | O5: 22788.845 | P5: 22788.845 | Q5: 22788.845 | R5: 15 | S5: AU_EU-IMP_ETH
B6: AU_EU-IMP_EMHV | C6: IMPBIOEMHV* | G6: 2020,2030,2040,2050 | H6: UP | K6: 1 | L6: 7012.987 | M6: 7012.987 | N6: 7012.987 | O6: 12181.818 | P6: 12181.818 | Q6: 12181.818 | R6: 15 | S6: AU_EU-IMP_EMHV
B7: AU_EU-IMP_WOO | C7: IMPBIOWOO | G7: 2020,2030,2040,2050 | H7: UP | K7: 1 | L7: 283 | M7: 283 | N7: 283 | O7: 517 | P7: 517 | Q7: 517 | R7: 15 | S7: AU_EU-IMP_WOO
B9: ~TFM_INS
B10: TimeSlice | C10: Curr | D10: LimType | E10: Attribute | F10: Year | G10: Pset_PN | H10: AllRegions | K10: EUR/GJ | L10: MJ/kg | M10: EUR/GJ
C11: EUR10 | E11: ACT_COST | F11: 2005,2020 | G11: IMPBIOETH* | H11: 0.88260727 | K11: 35.163636 | L11: 26.8 | M11: =H11/L11*1000 -> 32.933107
C12: EUR10 | E12: ACT_COST | F12: 2030,2040,2050 | G12: IMPBIOETH* | H12: 0.67010857 | K12: 92.551515 | L12: 26.8 | M12: =H12/L12*1000 -> 25.004051
C13: EUR10 | E13: ACT_COST | F13: 2005,2020 | G13: IMPBIOEMHV* | H13: =0.531813333333333*1.2 -> 0.638176 | K13: 13.813333 | L13: 37.4 | M13: =H13/L13*1000 -> 17.063529
C14: EUR10 | E14: ACT_COST | F14: 2030,2040,2050 | G14: IMPBIOEMHV* | H14: =0.472146268656716*1.22 -> 0.57601845 | K14: 21.302222 | L14: 37.4 | M14: =H14/L14*1000 -> 15.401563
C15: EUR10 | E15: ACT_COST | F15: 2005,2020 | G15: IMPBIOWOO | H15: 7.0939929 | K15: 7.0939929
C16: EUR10 | E16: ACT_COST | F16: 2030,2040,2050 | G16: IMPBIOWOO | H16: 7.0123791 | K16: 12.810601
B19: Nordic export limits within EU
B21: ~TFM_INS
B22: Attribute | C22: LimType | D22: Year | E22: FI | F22: SE | G22: Pset_PN | H22: Pset_Set | J22: =J23/1000/1000 -> 4.604523
B23: ACT_BND | C23: UP | D23: 2025 | E23: 15 | F23: 40 | G23: TB_BIOWOO-G26 | J23: =J25*J24 -> 4604523 | K23: GJ
B24: ACT_BND | C24: UP | D24: 2035 | E24: 10 | F24: 40 | G24: TB_BIOWOO-G26 | J24: 42 | K24: GJ/toe
B25: ACT_BND | C25: UP | D25: 0 | E25: 5 | F25: 40 | G25: TB_BIOWOO-G26 | J25: =J26*J27 -> 109631.5 | K25: toe
J26: 0.3215 | K26: toe/t
J27: =J28*1000 -> 341000 | K27: t
J28: 341 | K28: kt
B30: ~TFM_INS
B31: TimeSlice | C31: Curr | D31: LimType | E31: Attribute | F31: Year | G31: Pset_PN | H31: AllRegions | I31: AT | J31: BE | K31: BG | L31: HR | M31: CY | N31: CZ | O31: DK | P31: EE | Q31: FI | R31: FR | S31: DE | T31: EL | U31: HU | V31: IE | W31: IT | X31: LV | Y31: LT | Z31: LU | AA31: MT | AB31: NL | AC31: PL | AD31: PT | AE31: RO | AF31: SK | AG31: SI | AH31: ES | AI31: SE | AJ31: UK | AL31: EU31 | AM31: EU27
B32: ANNUAL | D32: UP | E32: ACT_BND | F32: 2010 | G32: =BioImport!$C$7 -> IMPBIOWOO | H32: 0 | I32: 0 | J32: 9.5 | K32: 0 | L32: 5 | M32: 0 | N32: 0 | O32: 30 | P32: 0 | Q32: 0 | R32: 0 | S32: 0 | T32: 0 | U32: 0 | V32: 1 | W32: 30 | X32: 0 | Y32: 0 | Z32: 0 | AA32: 0 | AB32: 3 | AC32: 0 | AD32: 0 | AE32: 0 | AF32: 0 | AG32: 1 | AH32: 0 | AI32: 4 | AJ32: 73 | AL32: =SUM(I32:AJ32) -> 156.5 | AM32: =AL32-AJ32 -> 83.5
B33: ANNUAL | D33: UP | E33: ACT_BND | F33: 2015 | G33: =BioImport!$C$7 -> IMPBIOWOO | H33: 0 | I33: 0 | J33: 9.5 | K33: 0 | L33: 5 | M33: 0 | N33: 0 | O33: 30 | P33: 0 | Q33: 0 | R33: 0 | S33: 0 | T33: 0 | U33: 0 | V33: 1 | W33: 30 | X33: 0 | Y33: 0 | Z33: 0 | AA33: 0 | AB33: 3 | AC33: 0 | AD33: 0 | AE33: 0 | AF33: 0 | AG33: 1 | AH33: 0 | AI33: 4 | AJ33: 73 | AL33: =SUM(I33:AJ33) -> 156.5 | AM33: =AL33-AJ33 -> 83.5
B34: ANNUAL | D34: UP | E34: ACT_BND | F34: 2020 | G34: =BioImport!$C$7 -> IMPBIOWOO | H34: 0 | I34: 0 | J34: 10 | K34: 0 | L34: 5 | M34: 0 | N34: 0 | O34: 32 | P34: 0 | Q34: 0 | R34: 0 | S34: 0 | T34: 0 | U34: 0 | V34: 1 | W34: 32 | X34: 0 | Y34: 0 | Z34: 0 | AA34: 0 | AB34: 3 | AC34: 0 | AD34: 0 | AE34: 0 | AF34: 0 | AG34: 1 | AH34: 0 | AI34: 4 | AJ34: 76 | AL34: =SUM(I34:AJ34) -> 164 | AM34: =AL34-AJ34 -> 88
B35: ANNUAL | D35: UP | E35: ACT_BND | F35: 2025 | G35: =BioImport!$C$7 -> IMPBIOWOO | H35: 0 | I35: 0 | J35: 11 | K35: 0 | L35: 5 | M35: 0 | N35: 0 | O35: 34 | P35: 0 | Q35: 0 | R35: 0 | S35: 0 | T35: 0 | U35: 0 | V35: 1 | W35: 34 | X35: 0 | Y35: 0 | Z35: 0 | AA35: 0 | AB35: 4 | AC35: 0 | AD35: 0 | AE35: 0 | AF35: 0 | AG35: 1 | AH35: 0 | AI35: 4 | AJ35: 79 | AL35: =SUM(I35:AJ35) -> 173 | AM35: =AL35-AJ35 -> 94
B36: ANNUAL | D36: UP | E36: ACT_BND | F36: 2030 | G36: =BioImport!$C$7 -> IMPBIOWOO | H36: 0 | I36: 0 | J36: 12 | K36: 0 | L36: 5 | M36: 0 | N36: 0 | O36: 36 | P36: 0 | Q36: 0 | R36: 0 | S36: 0 | T36: 1 | U36: 0 | V36: 1 | W36: 36 | X36: 0 | Y36: 0 | Z36: 0 | AA36: 0 | AB36: 4 | AC36: 0 | AD36: 0 | AE36: 0 | AF36: 0 | AG36: 1 | AH36: 0 | AI36: 4 | AJ36: 83 | AL36: =SUM(I36:AJ36) -> 183 | AM36: =AL36-AJ36 -> 100
B37: ANNUAL | D37: UP | E37: ACT_BND | F37: 0 | G37: IMPBIOWOO | H37: 5
B39: ~TFM_MIG
B40: Attribute | C40: Year | D40: Attribute2 | E40: AllRegions | F40: Pset_PN | G40: Cset_CN2 | H40: Timeslice2 | I40: SourceScen
B41: ACT_COST | C41: 2015 | D41: FLO_DELIV | E41: *-1 | F41: MINBIOCRP11 | G41: BIOWOO | H41: ANNUAL | I41: biopot_biom16_forestbau
B42: ACT_COST | C42: 2030 | D42: FLO_DELIV | E42: *-1 | F42: MINBIOCRP11 | G42: BIOWOO | H42: ANNUAL | I42: biopot_biom16_forestbau
B43: ACT_COST | C43: 2040 | D43: FLO_DELIV | E43: *-1 | F43: MINBIOCRP11 | G43: BIOWOO | H43: ANNUAL | I43: biopot_biom16_forestbau
B44: ACT_COST | C44: 2015 | D44: FLO_DELIV | E44: *-1 | F44: MINBIORPS1 | G44: BIOWOO | H44: ANNUAL | I44: biopot_biom16_forestbau
B45: ACT_COST | C45: 2030 | D45: FLO_DELIV | E45: *-1 | F45: MINBIORPS1 | G45: BIOWOO | H45: ANNUAL | I45: biopot_biom16_forestbau
B46: ACT_COST | C46: 2040 | D46: FLO_DELIV | E46: *-1 | F46: MINBIORPS1 | G46: BIOWOO | H46: ANNUAL | I46: biopot_biom16_forestbau
B47: ACT_COST | C47: 2015 | D47: FLO_COST | E47: 7.77 | F47: MINBIOCRP11 | G47: BIOWOO | H47: ANNUAL | I47: biopot_biom16_forestbau
B48: ACT_COST | C48: 2030 | D48: FLO_COST | E48: =E47*1.15 -> 8.9355 | F48: MINBIOCRP11 | G48: BIOWOO | H48: ANNUAL | I48: biopot_biom16_forestbau
B49: ACT_COST | C49: 2040 | D49: FLO_COST | E49: =E48*1.12 -> 10.00776 | F49: MINBIOCRP11 | G49: BIOWOO | H49: ANNUAL | I49: biopot_biom16_forestbau
B50: ACT_COST | C50: 2015 | D50: FLO_COST | E50: =E47*1.15 -> 8.9355 | F50: MINBIORPS1 | G50: BIOWOO | H50: ANNUAL | I50: biopot_biom16_forestbau
B51: ACT_COST | C51: 2030 | D51: FLO_COST | E51: =E50*1.15 -> 10.275825 | F51: MINBIORPS1 | G51: BIOWOO | H51: ANNUAL | I51: biopot_biom16_forestbau
B52: ACT_COST | C52: 2040 | D52: FLO_COST | E52: =E51*1.12 -> 11.508924 | F52: MINBIORPS1 | G52: BIOWOO | H52: ANNUAL | I52: biopot_biom16_forestbau
