Workbook
Name BE: #REF!
Name bel: #REF!
Name dsg: #REF!
Name Scenario: #REF!
Name Summer: #REF!
Name Summer1: #REF!
Name ToeTJ: #REF!
Name TSeg: #REF!
Name TSEG1: #REF!
Name TSEG2: #REF!
Name TSEG3: #REF!
Name TSEG4: #REF!
Name TSEG5: #REF!
Name Winter: #REF!

Sheet ETS2CO2bound
A1: EU ESR until 2010-2020, with UK, EU-wide cap
B3: ~UC_SETS: R_E: AT,BE,BG,CY,CZ,DE,DK,EE,ES,FI,FR,EL,HR,HU,IE,IT,IS,LT,LU,LV,MT,NL,NO,PL,PT,RO,SE,SI,SK,UK
E5: ~UC_T: UP
B6: UC_N | C6: Pset_PN | D6: Cset_CN | E6: Year | F6: UC_FLO | G6: UC_COMNET | H6: UC_RHSTS | I6: UC_COMPRD | K6: compare to the sum of regions incl UK
B7: CO2TargetESR2020 | D7: RSDCO2N,COMCO2N,AGRCO2N,SE_TRACO2N,NETSCO2 | E7: 2010 | G7: 1 | H7: =SUM(M58:AQ58) -> 2411921.7 | K7: =SUM(M58:AQ58) -> 2411921.7 | L7: =K7-H7 -> 0
D8: RSDCO2N,COMCO2N,AGRCO2N,SE_TRACO2N,NETSCO2 | E8: 2015 | K8: =SUM(M59:AQ59) -> 1776815.2 | L8: =K8-H8 -> 1776815.2
D9: RSDCO2N,COMCO2N,AGRCO2N,SE_TRACO2N,NETSCO2 | E9: 2020 | H9: =SUM(M60:AQ60) -> 1765609.8 | K9: =SUM(M60:AQ60) -> 1765609.8 | L9: =K9-H9 -> 0
D10: RSDCO2N,COMCO2N,AGRCO2N,SE_TRACO2N,NETSCO2 | E10: 0 | H10: 1
C11: =C29 -> TRAHFO00,TRALFO00,BLD_RFNBO_NAV | D11: SE_TRACO2N | E11: 2010 | F11: -1
C12: =C30 -> TRAHFO00,TRALFO00,BLD_RFNBO_NAV | D12: SE_TRACO2N | E12: 2020 | F12: -1
C13: =C31 -> TRAHFO00,TRALFO00,BLD_RFNBO_NAV | D13: SE_TRACO2N | E13: 0 | F13: 1
C14: =C32 -> BLDJET,BLD_RFNBO_JET | D14: SE_TRACO2N | E14: 2010 | F14: -1
C15: =C33 -> BLDJET,BLD_RFNBO_JET | D15: SE_TRACO2N | E15: 2020 | F15: -1
C16: =C34 -> BLDJET,BLD_RFNBO_JET | D16: SE_TRACO2N | E16: 0 | F16: 1
A20: EU ESR 2021-2026, EU ETS2 2027- without UK, CH, EU-wide cap
B22: ~UC_SETS: R_E: AT,BE,BG,CY,CZ,DE,DK,EE,ES,FI,FR,EL,HR,HU,IE,IS,IT,LT,LU,LV,MT,NL,NO,PL,PT,RO,SE,SI,SK
E24: ~UC_T: UP | K24: relax
B25: UC_N | C25: Pset_PN | D25: Cset_CN | E25: Year | F25: UC_FLO | G25: UC_COMNET | H25: UC_RHSTS | I25: UC_COMPRD | K25: 1.1
B26: CO2TargetETS2upper | D26: RSDCO2N,COMCO2N,AGRCO2N,SE_TRACO2N,NETSCO2 | E26: 2030 | G26: 1 | H26: ='Cap trajectories'!M15*1000*K25 -> 814092.32 | K26: Estimated cap for 2030 with 10% relaxation
D27: RSDCO2N,COMCO2N,AGRCO2N,SE_TRACO2N,NETSCO2 | E27: 2060 | H27: =H26 -> 814092.32
D28: RSDCO2N,COMCO2N,AGRCO2N,SE_TRACO2N,NETSCO2 | E28: 0 | H28: 5
C29: TRAHFO00,TRALFO00,BLD_RFNBO_NAV | D29: SE_TRACO2N | E29: 2021 | F29: -1
C30: TRAHFO00,TRALFO00,BLD_RFNBO_NAV | D30: SE_TRACO2N | E30: 2060 | F30: -1
C31: TRAHFO00,TRALFO00,BLD_RFNBO_NAV | D31: SE_TRACO2N | E31: 0 | F31: 1 | K31: DIFFERENCES
C32: BLDJET,BLD_RFNBO_JET | D32: SE_TRACO2N | E32: 2021 | F32: -1 | K32: ETS2 applies only to CO2 from RSD, COM, AGR, TRA, small industry
C33: BLDJET,BLD_RFNBO_JET | D33: SE_TRACO2N | E33: 2060 | F33: -1 | K33: ESR includes all GHGs, and additionally the agriculture (NFR 3) and waste sectors (NFR 5)
C34: BLDJET,BLD_RFNBO_JET | D34: SE_TRACO2N | E34: 0 | F34: 1
B37: **UC_SETS: R_E: AT,BE,BG,CY,CZ,DE,DK,EE,ES,FI,FR,EL,HR,HU,IE,IS,IT,LT,LU,LV,MT,NL,NO,PL,PT,RO,SE,SI,SK
E39: **UC_T: LO
B40: UC_N | C40: Pset_PN | D40: Cset_CN | E40: Year | F40: UC_FLO | G40: UC_COMNET | H40: UC_RHSTS | I40: UC_COMPRD
B41: CO2TargetETS2lower | D41: RSDCO2N,COMCO2N,AGRCO2N,SE_TRACO2N,NETSCO2 | E41: 2025 | G41: 1 | H41: =H26 -> 814092.32 | K41: 0.95
D42: RSDCO2N,COMCO2N,AGRCO2N,SE_TRACO2N,NETSCO2 | E42: 2030 | H42: =H26*K41 -> 773387.7
D43: RSDCO2N,COMCO2N,AGRCO2N,SE_TRACO2N,NETSCO2 | E43: 0 | H43: 1
C44: =C29 -> TRAHFO00,TRALFO00,BLD_RFNBO_NAV | D44: SE_TRACO2N | E44: 2021 | F44: -1
C45: =C30 -> TRAHFO00,TRALFO00,BLD_RFNBO_NAV | D45: SE_TRACO2N | E45: 2060 | F45: -1
C46: =C31 -> TRAHFO00,TRALFO00,BLD_RFNBO_NAV | D46: SE_TRACO2N | E46: 0 | F46: 1
C47: =C32 -> BLDJET,BLD_RFNBO_JET | D47: SE_TRACO2N | E47: 2021 | F47: -1
C48: =C33 -> BLDJET,BLD_RFNBO_JET | D48: SE_TRACO2N | E48: 2060 | F48: -1
C49: =C34 -> BLDJET,BLD_RFNBO_JET | D49: SE_TRACO2N | E49: 0 | F49: 1
A52: Effort sharing regulation 2010-2027 country-specific caps
B54: ~UC_Sets: R_E: AllRegions
B55: ~UC_Sets: T_E:
I56: ~UC_T: UC_RHSRT~UP
B57: UC_N | C57: UC_Desc | D57: Pset_Set | E57: Pset_PN | F57: Cset_CN | G57: Attribute | H57: Year | I57: UC_FLO | J57: UC_COMNET | K57: UC_FLO~0 | L57: UC_RHSRT~UP~0 | M57: AT | N57: BE | O57: BG | P57: CH | Q57: CY | R57: CZ | S57: DE | T57: DK | U57: EE | V57: EL | W57: ES | X57: FI | Y57: FR | Z57: HR | AA57: HU | AB57: IE | AC57: IS | AD57: IT | AE57: LT | AF57: LU | AG57: LV | AH57: MT | AI57: NL | AJ57: NO | AK57: PL | AL57: PT | AM57: RO | AN57: SE | AO57: SI | AP57: SK | AQ57: UK | AS57: EU + NO + IS
B58: CO2TargetESR | C58: EffortSharingRegulation | F58: RSDCO2N,COMCO2N,AGRCO2N,SE_TRACO2N,NETSCO2 | H58: 2010 | J58: 1 | K58: 1 | L58: 5 | M58: =M88 -> 44100.675 | N58: =N88 -> 71591.339 | O58: =O88 -> 12756.898 | P58: =P88 -> 38619.556 | Q58: =Q88 -> 3631.2156 | R58: =R88 -> 43272.66 | S58: =S88 -> 426179.16 | T58: =T88 -> 24831.291 | ... AP58: =AP88 -> 21363.488 | AQ58: 444289.03 | AS58: =SUM(M58:AP58)-P58 -> 1929013.1
F59: RSDCO2N,COMCO2N,AGRCO2N,SE_TRACO2N,NETSCO2 | H59: 2015 | K59: 1 | M59: =M89 -> 41236.493 | N59: =N89 -> 64473.114 | O59: =O89 -> 13471.281 | P59: =P89 -> 33144.021 | Q59: =Q89 -> 3056.6836 | R59: =R89 -> 39476.344 | S59: =S89 -> 413336.27 | T59: =T89 -> 21630.519 | ... AP59: =AP89 -> 18594.655 | AS59: =SUM(M59:AP59)-P59 -> 1743671.2
F60: RSDCO2N,COMCO2N,AGRCO2N,SE_TRACO2N,NETSCO2 | H60: 2021 | K60: 1 | M60: =M91 -> 42086.084 | N60: =N91 -> 62206.726 | O60: =O91 -> 15981.65 | P60: =P91 -> 30338.963 | Q60: =Q91 -> 3048.9991 | R60: =R91 -> 43425.933 | S60: =S91 -> 392933.65 | T60: =T91 -> 20833.082 | ... AP60: =AP91 -> 19450.011 | AS60: =SUM(M60:AP60)-P60 -> 1735270.9
E61: =C44 -> TRAHFO00,TRALFO00,BLD_RFNBO_NAV | F61: SE_TRACO2N | H61: 2022 | I61: -1 | K61: 1
E62: =C45 -> TRAHFO00,TRALFO00,BLD_RFNBO_NAV | F62: SE_TRACO2N | H62: 2060 | I62: -1 | K62: 1
E63: =C48 -> BLDJET,BLD_RFNBO_JET | F63: SE_TRACO2N | H63: 2010 | I63: -1 | K63: 1
E64: =C49 -> BLDJET,BLD_RFNBO_JET | F64: SE_TRACO2N | H64: 2060 | I64: -1 | K64: 1
F67: RSDCO2N,COMCO2N,AGRCO2N,SE_TRACO2N,NETSCO2 | H67: 2030 | K67: 1 | M67: =M75 -> 23892.897 | N67: =N75 -> 38000.119 | O67: =O75 -> 14723.306 | Q67: =Q75 -> 1992.2977 | R67: =R75 -> 33236.56 | S67: =S75 -> 202188.29 | T67: =T75 -> 7287.4353 | U67: =U75 -> 2474.3476 | V67: =V75 -> 34182.009 | W67: =W75 -> 116240.67 | X67: =X75 -> 13162.264 | ... AP67: =AP75 -> 16885.045
M70: AT | N70: BE | O70: BG | P70: CH | Q70: CY | R70: CZ | S70: DE | T70: DK | U70: EE | V70: EL | W70: ES | X70: FI | Y70: FR | Z70: HR | AA70: HU | AB70: IE | AC70: IS | AD70: IT | AE70: LT | AF70: LU | AG70: LV | AH70: MT | AI70: NL | AJ70: NO | AK70: PL | AL70: PT | AM70: RO | AN70: SE | AO70: SI | AP70: SK | AQ70: UK | AR70: EU29
K71: ESR sector GHG emissions | L71: 2005 | M71: =M$80 -> 60373.551 | N71: =N$80 -> 89061.86 | O71: =O$80 -> 26291.759 | P71: =P$80 -> 47495.421 | Q71: =Q$80 -> 4723.6898 | R71: =R$80 -> 63220.555 | S71: =S$80 -> 509773.98 | T71: =T$80 -> 41439.049 | ... AP71: =AP$80 -> 27413.693 | AR71: =SUM(M71:AP71)-P71 -> 2640195.7
K72: ESR target | L72: 2030 | M72: =(M71*M73)+M71 -> 31394.247 | N72: =(N71*N73)+N71 -> 47202.786 | O72: =(O71*O73)+O71 -> 23662.583 | P72: =(P71*P73)+P71 -> 47495.421 | Q72: =(Q71*Q73)+Q71 -> 3212.109 | R72: =(R71*R73)+R71 -> 46783.211 | S72: =(S71*S73)+S71 -> 254886.99 | T72: =(T71*T73)+T71 -> 20719.524 | ... AP72: =(AP71*AP73)+AP71 -> 21190.785 | AR72: =SUM(M72:AP72)-P72 -> 1575334.5
K73: Required reduction 2005 vs. 2030 | M73: -0.48 | N73: -0.47 | O73: -0.1 | Q73: -0.32 | R73: -0.26 | S73: -0.5 | T73: -0.5 | U73: -0.24 | V73: -0.227 | W73: -0.377 | X73: -0.5 | Y73: -0.475 | Z73: -0.167 | AA73: -0.187 | AB73: -0.42 | AC73: -0.29 | AD73: -0.437 | AE73: -0.21 | AF73: -0.5 | AG73: -0.17 | AH73: -0.19 | AI73: -0.48 | AJ73: -0.4 | AK73: -0.177 | AL73: -0.287 | AM73: -0.127 | AN73: -0.5 | AO73: -0.27 | AP73: -0.227
K74: assumed amount of non-modelled GHGs remaining | L74: 2030 | M74: =M$107 -> 7501.3501 | N74: =N$107 -> 9202.6667 | O74: =O$107 -> 8939.2771 | P74: =P$107 -> 6463.8665 | Q74: =Q$107 -> 1219.8113 | R74: =R$107 -> 13546.65 | S74: =S$107 -> 52698.694 | T74: =T$107 -> 13432.089 | ... AP74: =AP$107 -> 4305.7403 | AR74: =SUM(M74:AP74)-P74 -> 464946.83 | AS74: share of modelled esr emissions by 2030
K75: ESR target for the model | L75: 2030 | M75: =M72-M74 -> 23892.897 | N75: =N72-N74 -> 38000.119 | O75: =O72-O74 -> 14723.306 | P75: =P72-P74 -> 41031.554 | Q75: =Q72-Q74 -> 1992.2977 | R75: =R72-R74 -> 33236.56 | S75: =S72-S74 -> 202188.29 | T75: =T72-T74 -> 7287.4353 | ... AP75: =AP72-AP74 -> 16885.045 | AR75: =SUM(M75:AP75)-P75 -> 1110387.7 | AS75: =AR75/AR72 -> 0.70485834
J78: ESR GHG DATA from UNFCCC country GHG inventories (kt CO2eq) extracted from 2023 submissions
J79: Data includes GHGs for NFRs | L79: all ESR sectors | M79: AT | N79: BE | O79: BG | P79: CH | Q79: CY | R79: CZ | S79: DE | T79: DK | U79: EE | V79: EL | W79: ES | X79: FI | Y79: FR | Z79: HR | AA79: HU | AB79: IE | AC79: IS | AD79: IT | AE79: LT | AF79: LU | AG79: LV | AH79: MT | AI79: NL | AJ79: NO | AK79: PL | AL79: PT | AM79: RO | AN79: SE | AO79: SI | AP79: SK
J80: 1A2, 1A3, 1A4, 1A5, 3, 5 | L80: 2005 | M80: =SUMIFS('esr2023'!E:E,'esr2023'!$C:$C,$L80,'esr2023'!$B:$B,$L$79,'esr2023'!$D:$D,"ghg") -> 60373.551 | N80: =SUMIFS('esr2023'!F:F,'esr2023'!$C:$C,$L80,'esr2023'!$B:$B,$L$79,'esr2023'!$D:$D,"ghg") -> 89061.86 | O80: =SUMIFS('esr2023'!G:G,'esr2023'!$C:$C,$L80,'esr2023'!$B:$B,$L$79,'esr2023'!$D:$D,"ghg") -> 26291.759 | P80: =SUMIFS('esr2023'!H:H,'esr2023'!$C:$C,$L80,'esr2023'!$B:$B,$L$79,'esr2023'!$D:$D,"ghg") -> 47495.421 | Q80: =SUMIFS('esr2023'!I:I,'esr2023'!$C:$C,$L80,'esr2023'!$B:$B,$L$79,'esr2023'!$D:$D,"ghg") -> 4723.6898 | R80: =SUMIFS('esr2023'!J:J,'esr2023'!$C:$C,$L80,'esr2023'!$B:$B,$L$79,'esr2023'!$D:$D,"ghg") -> 63220.555 | S80: =SUMIFS('esr2023'!K:K,'esr2023'!$C:$C,$L80,'esr2023'!$B:$B,$L$79,'esr2023'!$D:$D,"ghg") -> 509773.98 | T80: =SUMIFS('esr2023'!L:L,'esr2023'!$C:$C,$L80,'esr2023'!$B:$B,$L$79,'esr2023'!$D:$D,"ghg") -> 41439.049 | U80: =SUMIFS('esr2023'!M:M,'esr2023'!$C:$C,$L80,'esr2023'!$B:$B,$L$79,'esr2023'!$D:$D,"ghg") -> 5757.1649 | V80: =SUMIFS('esr2023'!N:N,'esr2023'!$C:$C,$L80,'esr2023'!$B:$B,$L$79,'esr2023'!$D:$D,"ghg") -> 61494.97 | W80: =SUMIFS('esr2023'!O:O,'esr2023'!$C:$C,$L80,'esr2023'!$B:$B,$L$79,'esr2023'!$D:$D,"ghg") -> 262713.49 | X80: =SUMIFS('esr2023'!P:P,'esr2023'!$C:$C,$L80,'esr2023'!$B:$B,$L$79,'esr2023'!$D:$D,"ghg") -> 40571.673 | Y80: =SUMIFS('esr2023'!Q:Q,'esr2023'!$C:$C,$L80,'esr2023'!$B:$B,$L$79,'esr2023'!$D:$D,"ghg") -> 413888.01 | Z80: =SUMIFS('esr2023'!R:R,'esr2023'!$C:$C,$L80,'esr2023'!$B:$B,$L$79,'esr2023'!$D:$D,"ghg") -> 18567.385 | AA80: =SUMIFS('esr2023'!S:S,'esr2023'!$C:$C,$L80,'esr2023'!$B:$B,$L$79,'esr2023'!$D:$D,"ghg") -> 45547.843 | AB80: =SUMIFS('esr2023'!T:T,'esr2023'!$C:$C,$L80,'esr2023'!$B:$B,$L$79,'esr2023'!$D:$D,"ghg") -> 51645.177 | AC80: =SUMIFS('esr2023'!U:U,'esr2023'!$C:$C,$L80,'esr2023'!$B:$B,$L$79,'esr2023'!$D:$D,"ghg") -> 2959.3806 | AD80: =SUMIFS('esr2023'!V:V,'esr2023'!$C:$C,$L80,'esr2023'!$B:$B,$L$79,'esr2023'!$D:$D,"ghg") -> 373626.9 | AE80: =SUMIFS('esr2023'!W:W,'esr2023'!$C:$C,$L80,'esr2023'!$B:$B,$L$79,'esr2023'!$D:$D,"ghg") -> 12868.074 | AF80: =SUMIFS('esr2023'!X:X,'esr2023'!$C:$C,$L80,'esr2023'!$B:$B,$L$79,'esr2023'!$D:$D,"ghg") -> 10997.6 | AG80: =SUMIFS('esr2023'!Y:Y,'esr2023'!$C:$C,$L80,'esr2023'!$B:$B,$L$79,'esr2023'!$D:$D,"ghg") -> 8431.9211 | AH80: =SUMIFS('esr2023'!Z:Z,'esr2023'!$C:$C,$L80,'esr2023'!$B:$B,$L$79,'esr2023'!$D:$D,"ghg") -> 973.45883 | AI80: =SUMIFS('esr2023'!AA:AA,'esr2023'!$C:$C,$L80,'esr2023'!$B:$B,$L$79,'esr2023'!$D:$D,"ghg") -> 129491.89 | AJ80: =SUMIFS('esr2023'!AB:AB,'esr2023'!$C:$C,$L80,'esr2023'!$B:$B,$L$79,'esr2023'!$D:$D,"ghg") -> 25736.541 | AK80: =SUMIFS('esr2023'!AC:AC,'esr2023'!$C:$C,$L80,'esr2023'!$B:$B,$L$79,'esr2023'!$D:$D,"ghg") -> 172347.74 | AL80: =SUMIFS('esr2023'!AD:AD,'esr2023'!$C:$C,$L80,'esr2023'!$B:$B,$L$79,'esr2023'!$D:$D,"ghg") -> 51582.353 | AM80: =SUMIFS('esr2023'!AE:AE,'esr2023'!$C:$C,$L80,'esr2023'!$B:$B,$L$79,'esr2023'!$D:$D,"ghg") -> 70266.491 | AN80: =SUMIFS('esr2023'!AF:AF,'esr2023'!$C:$C,$L80,'esr2023'!$B:$B,$L$79,'esr2023'!$D:$D,"ghg") -> 46202.44 | AO80: =SUMIFS('esr2023'!AG:AG,'esr2023'!$C:$C,$L80,'esr2023'!$B:$B,$L$79,'esr2023'!$D:$D,"ghg") -> 12227.063 | AP80: =SUMIFS('esr2023'!AH:AH,'esr2023'!$C:$C,$L80,'esr2023'!$B:$B,$L$79,'esr2023'!$D:$D,"ghg") -> 27413.693 | AR80: =SUM(M80:AP80)-P80 -> 2640195.7
J81: (excludes domestic aviation) | L81: 2010 | M81: =SUMIFS('esr2023'!E:E,'esr2023'!$C:$C,$L81,'esr2023'!$B:$B,$L$79,'esr2023'!$D:$D,"ghg") -> 54445.991 | N81: =SUMIFS('esr2023'!F:F,'esr2023'!$C:$C,$L81,'esr2023'!$B:$B,$L$79,'esr2023'!$D:$D,"ghg") -> 84991.626 | O81: =SUMIFS('esr2023'!G:G,'esr2023'!$C:$C,$L81,'esr2023'!$B:$B,$L$79,'esr2023'!$D:$D,"ghg") -> 22204.252 | P81: =SUMIFS('esr2023'!H:H,'esr2023'!$C:$C,$L81,'esr2023'!$B:$B,$L$79,'esr2023'!$D:$D,"ghg") -> 46623.707 | Q81: =SUMIFS('esr2023'!I:I,'esr2023'!$C:$C,$L81,'esr2023'!$B:$B,$L$79,'esr2023'!$D:$D,"ghg") -> 4757.1772 | R81: =SUMIFS('esr2023'!J:J,'esr2023'!$C:$C,$L81,'esr2023'!$B:$B,$L$79,'esr2023'!$D:$D,"ghg") -> 56647.764 | S81: =SUMIFS('esr2023'!K:K,'esr2023'!$C:$C,$L81,'esr2023'!$B:$B,$L$79,'esr2023'!$D:$D,"ghg") -> 500678.4 | T81: =SUMIFS('esr2023'!L:L,'esr2023'!$C:$C,$L81,'esr2023'!$B:$B,$L$79,'esr2023'!$D:$D,"ghg") -> 38636.702 | U81: =SUMIFS('esr2023'!M:M,'esr2023'!$C:$C,$L81,'esr2023'!$B:$B,$L$79,'esr2023'!$D:$D,"ghg") -> 5529.861 | V81: =SUMIFS('esr2023'!N:N,'esr2023'!$C:$C,$L81,'esr2023'!$B:$B,$L$79,'esr2023'!$D:$D,"ghg") -> 53572.557 | W81: =SUMIFS('esr2023'!O:O,'esr2023'!$C:$C,$L81,'esr2023'!$B:$B,$L$79,'esr2023'!$D:$D,"ghg") -> 234597.81 | X81: =SUMIFS('esr2023'!P:P,'esr2023'!$C:$C,$L81,'esr2023'!$B:$B,$L$79,'esr2023'!$D:$D,"ghg") -> 38164.621 | Y81: =SUMIFS('esr2023'!Q:Q,'esr2023'!$C:$C,$L81,'esr2023'!$B:$B,$L$79,'esr2023'!$D:$D,"ghg") -> 387400.86 | Z81: =SUMIFS('esr2023'!R:R,'esr2023'!$C:$C,$L81,'esr2023'!$B:$B,$L$79,'esr2023'!$D:$D,"ghg") -> 17999.848 | AA81: =SUMIFS('esr2023'!S:S,'esr2023'!$C:$C,$L81,'esr2023'!$B:$B,$L$79,'esr2023'!$D:$D,"ghg") -> 39925.134 | AB81: =SUMIFS('esr2023'!T:T,'esr2023'!$C:$C,$L81,'esr2023'!$B:$B,$L$79,'esr2023'!$D:$D,"ghg") -> 46937.305 | AC81: =SUMIFS('esr2023'!U:U,'esr2023'!$C:$C,$L81,'esr2023'!$B:$B,$L$79,'esr2023'!$D:$D,"ghg") -> 2782.5469 | AD81: =SUMIFS('esr2023'!V:V,'esr2023'!$C:$C,$L81,'esr2023'!$B:$B,$L$79,'esr2023'!$D:$D,"ghg") -> 334403.95 | AE81: =SUMIFS('esr2023'!W:W,'esr2023'!$C:$C,$L81,'esr2023'!$B:$B,$L$79,'esr2023'!$D:$D,"ghg") -> 12877.958 | AF81: =SUMIFS('esr2023'!X:X,'esr2023'!$C:$C,$L81,'esr2023'!$B:$B,$L$79,'esr2023'!$D:$D,"ghg") -> 10239.329 | AG81: =SUMIFS('esr2023'!Y:Y,'esr2023'!$C:$C,$L81,'esr2023'!$B:$B,$L$79,'esr2023'!$D:$D,"ghg") -> 8739.3015 | AH81: =SUMIFS('esr2023'!Z:Z,'esr2023'!$C:$C,$L81,'esr2023'!$B:$B,$L$79,'esr2023'!$D:$D,"ghg") -> 950.14129 | AI81: =SUMIFS('esr2023'!AA:AA,'esr2023'!$C:$C,$L81,'esr2023'!$B:$B,$L$79,'esr2023'!$D:$D,"ghg") -> 134181.24 | AJ81: =SUMIFS('esr2023'!AB:AB,'esr2023'!$C:$C,$L81,'esr2023'!$B:$B,$L$79,'esr2023'!$D:$D,"ghg") -> 26763.678 | AK81: =SUMIFS('esr2023'!AC:AC,'esr2023'!$C:$C,$L81,'esr2023'!$B:$B,$L$79,'esr2023'!$D:$D,"ghg") -> 186551.9 | AL81: =SUMIFS('esr2023'!AD:AD,'esr2023'!$C:$C,$L81,'esr2023'!$B:$B,$L$79,'esr2023'!$D:$D,"ghg") -> 46566.804 | AM81: =SUMIFS('esr2023'!AE:AE,'esr2023'!$C:$C,$L81,'esr2023'!$B:$B,$L$79,'esr2023'!$D:$D,"ghg") -> 64306.874 | AN81: =SUMIFS('esr2023'!AF:AF,'esr2023'!$C:$C,$L81,'esr2023'!$B:$B,$L$79,'esr2023'!$D:$D,"ghg") -> 41876.095 | AO81: =SUMIFS('esr2023'!AG:AG,'esr2023'!$C:$C,$L81,'esr2023'!$B:$B,$L$79,'esr2023'!$D:$D,"ghg") -> 11899.352 | AP81: =SUMIFS('esr2023'!AH:AH,'esr2023'!$C:$C,$L81,'esr2023'!$B:$B,$L$79,'esr2023'!$D:$D,"ghg") -> 26186.107 | AR81: =SUM(M81:AP81)-P81 -> 2494815.2
L82: 2015 | M82: =SUMIFS('esr2023'!E:E,'esr2023'!$C:$C,$L82,'esr2023'!$B:$B,$L$79,'esr2023'!$D:$D,"ghg") -> 51076.201 | N82: =SUMIFS('esr2023'!F:F,'esr2023'!$C:$C,$L82,'esr2023'!$B:$B,$L$79,'esr2023'!$D:$D,"ghg") -> 76944.018 | O82: =SUMIFS('esr2023'!G:G,'esr2023'!$C:$C,$L82,'esr2023'!$B:$B,$L$79,'esr2023'!$D:$D,"ghg") -> 23445.914 | P82: =SUMIFS('esr2023'!H:H,'esr2023'!$C:$C,$L82,'esr2023'!$B:$B,$L$79,'esr2023'!$D:$D,"ghg") -> 40884.998 | Q82: =SUMIFS('esr2023'!I:I,'esr2023'!$C:$C,$L82,'esr2023'!$B:$B,$L$79,'esr2023'!$D:$D,"ghg") -> 4150.1015 | R82: =SUMIFS('esr2023'!J:J,'esr2023'!$C:$C,$L82,'esr2023'!$B:$B,$L$79,'esr2023'!$D:$D,"ghg") -> 54536.258 | S82: =SUMIFS('esr2023'!K:K,'esr2023'!$C:$C,$L82,'esr2023'!$B:$B,$L$79,'esr2023'!$D:$D,"ghg") -> 486776.95 | T82: =SUMIFS('esr2023'!L:L,'esr2023'!$C:$C,$L82,'esr2023'!$B:$B,$L$79,'esr2023'!$D:$D,"ghg") -> 35286.203 | U82: =SUMIFS('esr2023'!M:M,'esr2023'!$C:$C,$L82,'esr2023'!$B:$B,$L$79,'esr2023'!$D:$D,"ghg") -> 5594.9403 | V82: =SUMIFS('esr2023'!N:N,'esr2023'!$C:$C,$L82,'esr2023'!$B:$B,$L$79,'esr2023'!$D:$D,"ghg") -> 41860.401 | W82: =SUMIFS('esr2023'!O:O,'esr2023'!$C:$C,$L82,'esr2023'!$B:$B,$L$79,'esr2023'!$D:$D,"ghg") -> 211748.64 | X82: =SUMIFS('esr2023'!P:P,'esr2023'!$C:$C,$L82,'esr2023'!$B:$B,$L$79,'esr2023'!$D:$D,"ghg") -> 31296.798 | Y82: =SUMIFS('esr2023'!Q:Q,'esr2023'!$C:$C,$L82,'esr2023'!$B:$B,$L$79,'esr2023'!$D:$D,"ghg") -> 356223.13 | Z82: =SUMIFS('esr2023'!R:R,'esr2023'!$C:$C,$L82,'esr2023'!$B:$B,$L$79,'esr2023'!$D:$D,"ghg") -> 16167.598 | AA82: =SUMIFS('esr2023'!S:S,'esr2023'!$C:$C,$L82,'esr2023'!$B:$B,$L$79,'esr2023'!$D:$D,"ghg") -> 39435.264 | AB82: =SUMIFS('esr2023'!T:T,'esr2023'!$C:$C,$L82,'esr2023'!$B:$B,$L$79,'esr2023'!$D:$D,"ghg") -> 46550.212 | AC82: =SUMIFS('esr2023'!U:U,'esr2023'!$C:$C,$L82,'esr2023'!$B:$B,$L$79,'esr2023'!$D:$D,"ghg") -> 2609.5927 | AD82: =SUMIFS('esr2023'!V:V,'esr2023'!$C:$C,$L82,'esr2023'!$B:$B,$L$79,'esr2023'!$D:$D,"ghg") -> 295511.61 | AE82: =SUMIFS('esr2023'!W:W,'esr2023'!$C:$C,$L82,'esr2023'!$B:$B,$L$79,'esr2023'!$D:$D,"ghg") -> 13271.054 | AF82: =SUMIFS('esr2023'!X:X,'esr2023'!$C:$C,$L82,'esr2023'!$B:$B,$L$79,'esr2023'!$D:$D,"ghg") -> 9184.4874 | AG82: =SUMIFS('esr2023'!Y:Y,'esr2023'!$C:$C,$L82,'esr2023'!$B:$B,$L$79,'esr2023'!$D:$D,"ghg") -> 8074.8491 | AH82: =SUMIFS('esr2023'!Z:Z,'esr2023'!$C:$C,$L82,'esr2023'!$B:$B,$L$79,'esr2023'!$D:$D,"ghg") -> 1044.4537 | AI82: =SUMIFS('esr2023'!AA:AA,'esr2023'!$C:$C,$L82,'esr2023'!$B:$B,$L$79,'esr2023'!$D:$D,"ghg") -> 113072.59 | AJ82: =SUMIFS('esr2023'!AB:AB,'esr2023'!$C:$C,$L82,'esr2023'!$B:$B,$L$79,'esr2023'!$D:$D,"ghg") -> 25655.613 | AK82: =SUMIFS('esr2023'!AC:AC,'esr2023'!$C:$C,$L82,'esr2023'!$B:$B,$L$79,'esr2023'!$D:$D,"ghg") -> 168297.5 | AL82: =SUMIFS('esr2023'!AD:AD,'esr2023'!$C:$C,$L82,'esr2023'!$B:$B,$L$79,'esr2023'!$D:$D,"ghg") -> 40796.17 | AM82: =SUMIFS('esr2023'!AE:AE,'esr2023'!$C:$C,$L82,'esr2023'!$B:$B,$L$79,'esr2023'!$D:$D,"ghg") -> 65083.963 | AN82: =SUMIFS('esr2023'!AF:AF,'esr2023'!$C:$C,$L82,'esr2023'!$B:$B,$L$79,'esr2023'!$D:$D,"ghg") -> 36301.74 | AO82: =SUMIFS('esr2023'!AG:AG,'esr2023'!$C:$C,$L82,'esr2023'!$B:$B,$L$79,'esr2023'!$D:$D,"ghg") -> 10835.998 | AP82: =SUMIFS('esr2023'!AH:AH,'esr2023'!$C:$C,$L82,'esr2023'!$B:$B,$L$79,'esr2023'!$D:$D,"ghg") -> 23486.459 | AR82: =SUM(M82:AP82)-P82 -> 2294318.7
L83: 2019 | M83: =SUMIFS('esr2023'!E:E,'esr2023'!$C:$C,$L83,'esr2023'!$B:$B,$L$79,'esr2023'!$D:$D,"ghg") -> 52883.971 | N83: =SUMIFS('esr2023'!F:F,'esr2023'!$C:$C,$L83,'esr2023'!$B:$B,$L$79,'esr2023'!$D:$D,"ghg") -> 74834.289 | O83: =SUMIFS('esr2023'!G:G,'esr2023'!$C:$C,$L83,'esr2023'!$B:$B,$L$79,'esr2023'!$D:$D,"ghg") -> 24802.719 | P83: =SUMIFS('esr2023'!H:H,'esr2023'!$C:$C,$L83,'esr2023'!$B:$B,$L$79,'esr2023'!$D:$D,"ghg") -> 38470.218 | Q83: =SUMIFS('esr2023'!I:I,'esr2023'!$C:$C,$L83,'esr2023'!$B:$B,$L$79,'esr2023'!$D:$D,"ghg") -> 4425.7 | R83: =SUMIFS('esr2023'!J:J,'esr2023'!$C:$C,$L83,'esr2023'!$B:$B,$L$79,'esr2023'!$D:$D,"ghg") -> 55346.622 | S83: =SUMIFS('esr2023'!K:K,'esr2023'!$C:$C,$L83,'esr2023'!$B:$B,$L$79,'esr2023'!$D:$D,"ghg") -> 476600.52 | T83: =SUMIFS('esr2023'!L:L,'esr2023'!$C:$C,$L83,'esr2023'!$B:$B,$L$79,'esr2023'!$D:$D,"ghg") -> 35567.764 | U83: =SUMIFS('esr2023'!M:M,'esr2023'!$C:$C,$L83,'esr2023'!$B:$B,$L$79,'esr2023'!$D:$D,"ghg") -> 5746.9174 | V83: =SUMIFS('esr2023'!N:N,'esr2023'!$C:$C,$L83,'esr2023'!$B:$B,$L$79,'esr2023'!$D:$D,"ghg") -> 41609.633 | W83: =SUMIFS('esr2023'!O:O,'esr2023'!$C:$C,$L83,'esr2023'!$B:$B,$L$79,'esr2023'!$D:$D,"ghg") -> 222194.32 | X83: =SUMIFS('esr2023'!P:P,'esr2023'!$C:$C,$L83,'esr2023'!$B:$B,$L$79,'esr2023'!$D:$D,"ghg") -> 30868.486 | Y83: =SUMIFS('esr2023'!Q:Q,'esr2023'!$C:$C,$L83,'esr2023'!$B:$B,$L$79,'esr2023'!$D:$D,"ghg") -> 340940.01 | Z83: =SUMIFS('esr2023'!R:R,'esr2023'!$C:$C,$L83,'esr2023'!$B:$B,$L$79,'esr2023'!$D:$D,"ghg") -> 16823.179 | AA83: =SUMIFS('esr2023'!S:S,'esr2023'!$C:$C,$L83,'esr2023'!$B:$B,$L$79,'esr2023'!$D:$D,"ghg") -> 42807.413 | AB83: =SUMIFS('esr2023'!T:T,'esr2023'!$C:$C,$L83,'esr2023'!$B:$B,$L$79,'esr2023'!$D:$D,"ghg") -> 48568.414 | AC83: =SUMIFS('esr2023'!U:U,'esr2023'!$C:$C,$L83,'esr2023'!$B:$B,$L$79,'esr2023'!$D:$D,"ghg") -> 2516.4988 | AD83: =SUMIFS('esr2023'!V:V,'esr2023'!$C:$C,$L83,'esr2023'!$B:$B,$L$79,'esr2023'!$D:$D,"ghg") -> 287202.37 | AE83: =SUMIFS('esr2023'!W:W,'esr2023'!$C:$C,$L83,'esr2023'!$B:$B,$L$79,'esr2023'!$D:$D,"ghg") -> 14330.248 | AF83: =SUMIFS('esr2023'!X:X,'esr2023'!$C:$C,$L83,'esr2023'!$B:$B,$L$79,'esr2023'!$D:$D,"ghg") -> 9822.7489 | AG83: =SUMIFS('esr2023'!Y:Y,'esr2023'!$C:$C,$L83,'esr2023'!$B:$B,$L$79,'esr2023'!$D:$D,"ghg") -> 8315.3964 | AH83: =SUMIFS('esr2023'!Z:Z,'esr2023'!$C:$C,$L83,'esr2023'!$B:$B,$L$79,'esr2023'!$D:$D,"ghg") -> 1182.6823 | AI83: =SUMIFS('esr2023'!AA:AA,'esr2023'!$C:$C,$L83,'esr2023'!$B:$B,$L$79,'esr2023'!$D:$D,"ghg") -> 112934.19 | AJ83: =SUMIFS('esr2023'!AB:AB,'esr2023'!$C:$C,$L83,'esr2023'!$B:$B,$L$79,'esr2023'!$D:$D,"ghg") -> 23764.185 | AK83: =SUMIFS('esr2023'!AC:AC,'esr2023'!$C:$C,$L83,'esr2023'!$B:$B,$L$79,'esr2023'!$D:$D,"ghg") -> 186987.27 | AL83: =SUMIFS('esr2023'!AD:AD,'esr2023'!$C:$C,$L83,'esr2023'!$B:$B,$L$79,'esr2023'!$D:$D,"ghg") -> 42131.434 | AM83: =SUMIFS('esr2023'!AE:AE,'esr2023'!$C:$C,$L83,'esr2023'!$B:$B,$L$79,'esr2023'!$D:$D,"ghg") -> 70414.069 | AN83: =SUMIFS('esr2023'!AF:AF,'esr2023'!$C:$C,$L83,'esr2023'!$B:$B,$L$79,'esr2023'!$D:$D,"ghg") -> 33570.703 | AO83: =SUMIFS('esr2023'!AG:AG,'esr2023'!$C:$C,$L83,'esr2023'!$B:$B,$L$79,'esr2023'!$D:$D,"ghg") -> 11009.906 | AP83: =SUMIFS('esr2023'!AH:AH,'esr2023'!$C:$C,$L83,'esr2023'!$B:$B,$L$79,'esr2023'!$D:$D,"ghg") -> 23714.355 | AR83: =SUM(M83:AP83)-P83 -> 2301916
L84: 2021 | M84: =SUMIFS('esr2023'!E:E,'esr2023'!$C:$C,$L84,'esr2023'!$B:$B,$L$79,'esr2023'!$D:$D,"ghg") -> 51363.843 | N84: =SUMIFS('esr2023'!F:F,'esr2023'!$C:$C,$L84,'esr2023'!$B:$B,$L$79,'esr2023'!$D:$D,"ghg") -> 73911.444 | O84: =SUMIFS('esr2023'!G:G,'esr2023'!$C:$C,$L84,'esr2023'!$B:$B,$L$79,'esr2023'!$D:$D,"ghg") -> 25518.378 | P84: =SUMIFS('esr2023'!H:H,'esr2023'!$C:$C,$L84,'esr2023'!$B:$B,$L$79,'esr2023'!$D:$D,"ghg") -> 37678.829 | Q84: =SUMIFS('esr2023'!I:I,'esr2023'!$C:$C,$L84,'esr2023'!$B:$B,$L$79,'esr2023'!$D:$D,"ghg") -> 4304.2969 | R84: =SUMIFS('esr2023'!J:J,'esr2023'!$C:$C,$L84,'esr2023'!$B:$B,$L$79,'esr2023'!$D:$D,"ghg") -> 58527.473 | S84: =SUMIFS('esr2023'!K:K,'esr2023'!$C:$C,$L84,'esr2023'!$B:$B,$L$79,'esr2023'!$D:$D,"ghg") -> 458159.32 | T84: =SUMIFS('esr2023'!L:L,'esr2023'!$C:$C,$L84,'esr2023'!$B:$B,$L$79,'esr2023'!$D:$D,"ghg") -> 34680.666 | U84: =SUMIFS('esr2023'!M:M,'esr2023'!$C:$C,$L84,'esr2023'!$B:$B,$L$79,'esr2023'!$D:$D,"ghg") -> 5295.8219 | V84: =SUMIFS('esr2023'!N:N,'esr2023'!$C:$C,$L84,'esr2023'!$B:$B,$L$79,'esr2023'!$D:$D,"ghg") -> 41238.684 | W84: =SUMIFS('esr2023'!O:O,'esr2023'!$C:$C,$L84,'esr2023'!$B:$B,$L$79,'esr2023'!$D:$D,"ghg") -> 217573.24 | X84: =SUMIFS('esr2023'!P:P,'esr2023'!$C:$C,$L84,'esr2023'!$B:$B,$L$79,'esr2023'!$D:$D,"ghg") -> 28888.668 | Y84: =SUMIFS('esr2023'!Q:Q,'esr2023'!$C:$C,$L84,'esr2023'!$B:$B,$L$79,'esr2023'!$D:$D,"ghg") -> 331618.8 | Z84: =SUMIFS('esr2023'!R:R,'esr2023'!$C:$C,$L84,'esr2023'!$B:$B,$L$79,'esr2023'!$D:$D,"ghg") -> 16622.542 | AA84: =SUMIFS('esr2023'!S:S,'esr2023'!$C:$C,$L84,'esr2023'!$B:$B,$L$79,'esr2023'!$D:$D,"ghg") -> 43605.907 | AB84: =SUMIFS('esr2023'!T:T,'esr2023'!$C:$C,$L84,'esr2023'!$B:$B,$L$79,'esr2023'!$D:$D,"ghg") -> 48575.936 | AC84: =SUMIFS('esr2023'!U:U,'esr2023'!$C:$C,$L84,'esr2023'!$B:$B,$L$79,'esr2023'!$D:$D,"ghg") -> 2451.8817 | AD84: =SUMIFS('esr2023'!V:V,'esr2023'!$C:$C,$L84,'esr2023'!$B:$B,$L$79,'esr2023'!$D:$D,"ghg") -> 291900.05 | AE84: =SUMIFS('esr2023'!W:W,'esr2023'!$C:$C,$L84,'esr2023'!$B:$B,$L$79,'esr2023'!$D:$D,"ghg") -> 14221.048 | AF84: =SUMIFS('esr2023'!X:X,'esr2023'!$C:$C,$L84,'esr2023'!$B:$B,$L$79,'esr2023'!$D:$D,"ghg") -> 8568.2823 | AG84: =SUMIFS('esr2023'!Y:Y,'esr2023'!$C:$C,$L84,'esr2023'!$B:$B,$L$79,'esr2023'!$D:$D,"ghg") -> 8305.5732 | AH84: =SUMIFS('esr2023'!Z:Z,'esr2023'!$C:$C,$L84,'esr2023'!$B:$B,$L$79,'esr2023'!$D:$D,"ghg") -> 1125.1396 | AI84: =SUMIFS('esr2023'!AA:AA,'esr2023'!$C:$C,$L84,'esr2023'!$B:$B,$L$79,'esr2023'!$D:$D,"ghg") -> 109927.19 | AJ84: =SUMIFS('esr2023'!AB:AB,'esr2023'!$C:$C,$L84,'esr2023'!$B:$B,$L$79,'esr2023'!$D:$D,"ghg") -> 23697.107 | AK84: =SUMIFS('esr2023'!AC:AC,'esr2023'!$C:$C,$L84,'esr2023'!$B:$B,$L$79,'esr2023'!$D:$D,"ghg") -> 191534.31 | AL84: =SUMIFS('esr2023'!AD:AD,'esr2023'!$C:$C,$L84,'esr2023'!$B:$B,$L$79,'esr2023'!$D:$D,"ghg") -> 39655.93 | AM84: =SUMIFS('esr2023'!AE:AE,'esr2023'!$C:$C,$L84,'esr2023'!$B:$B,$L$79,'esr2023'!$D:$D,"ghg") -> 74141.282 | AN84: =SUMIFS('esr2023'!AF:AF,'esr2023'!$C:$C,$L84,'esr2023'!$B:$B,$L$79,'esr2023'!$D:$D,"ghg") -> 31639.286 | AO84: =SUMIFS('esr2023'!AG:AG,'esr2023'!$C:$C,$L84,'esr2023'!$B:$B,$L$79,'esr2023'!$D:$D,"ghg") -> 10436.651 | AP84: =SUMIFS('esr2023'!AH:AH,'esr2023'!$C:$C,$L84,'esr2023'!$B:$B,$L$79,'esr2023'!$D:$D,"ghg") -> 24249.672 | AR84: =SUM(M84:AP84)-P84 -> 2271738.4
J86: Data includes CO2 only for NFRs | L86: modelled ESR sectors
J87: 1A2, 1A3, 1A4, 1A5, 2 | L87: 2005 | M87: =SUMIFS('esr2023'!E:E,'esr2023'!$C:$C,$L87,'esr2023'!$B:$B,$L$86,'esr2023'!$D:$D,"co2") -> 49301.413 | N87: =SUMIFS('esr2023'!F:F,'esr2023'!$C:$C,$L87,'esr2023'!$B:$B,$L$86,'esr2023'!$D:$D,"co2") -> 75169.026 | O87: =SUMIFS('esr2023'!G:G,'esr2023'!$C:$C,$L87,'esr2023'!$B:$B,$L$86,'esr2023'!$D:$D,"co2") -> 16885.893 | P87: =SUMIFS('esr2023'!H:H,'esr2023'!$C:$C,$L87,'esr2023'!$B:$B,$L$86,'esr2023'!$D:$D,"co2") -> 39368 | Q87: =SUMIFS('esr2023'!I:I,'esr2023'!$C:$C,$L87,'esr2023'!$B:$B,$L$86,'esr2023'!$D:$D,"co2") -> 3608.0974 | R87: =SUMIFS('esr2023'!J:J,'esr2023'!$C:$C,$L87,'esr2023'!$B:$B,$L$86,'esr2023'!$D:$D,"co2") -> 49828.214 | S87: =SUMIFS('esr2023'!K:K,'esr2023'!$C:$C,$L87,'esr2023'!$B:$B,$L$86,'esr2023'!$D:$D,"co2") -> 428273.81 | T87: =SUMIFS('esr2023'!L:L,'esr2023'!$C:$C,$L87,'esr2023'!$B:$B,$L$86,'esr2023'!$D:$D,"co2") -> 27130.491 | U87: =SUMIFS('esr2023'!M:M,'esr2023'!$C:$C,$L87,'esr2023'!$B:$B,$L$86,'esr2023'!$D:$D,"co2") -> 3896.5928 | V87: =SUMIFS('esr2023'!N:N,'esr2023'!$C:$C,$L87,'esr2023'!$B:$B,$L$86,'esr2023'!$D:$D,"co2") -> 45748.244 | W87: =SUMIFS('esr2023'!O:O,'esr2023'!$C:$C,$L87,'esr2023'!$B:$B,$L$86,'esr2023'!$D:$D,"co2") -> 207541.07 | X87: =SUMIFS('esr2023'!P:P,'esr2023'!$C:$C,$L87,'esr2023'!$B:$B,$L$86,'esr2023'!$D:$D,"co2") -> 30537.082 | Y87: =SUMIFS('esr2023'!Q:Q,'esr2023'!$C:$C,$L87,'esr2023'!$B:$B,$L$86,'esr2023'!$D:$D,"co2") -> 308879.46 | Z87: =SUMIFS('esr2023'!R:R,'esr2023'!$C:$C,$L87,'esr2023'!$B:$B,$L$86,'esr2023'!$D:$D,"co2") -> 13052.179 | AA87: =SUMIFS('esr2023'!S:S,'esr2023'!$C:$C,$L87,'esr2023'!$B:$B,$L$86,'esr2023'!$D:$D,"co2") -> 34069.619 | AB87: =SUMIFS('esr2023'!T:T,'esr2023'!$C:$C,$L87,'esr2023'!$B:$B,$L$86,'esr2023'!$D:$D,"co2") -> 29172.137 | AC87: =SUMIFS('esr2023'!U:U,'esr2023'!$C:$C,$L87,'esr2023'!$B:$B,$L$86,'esr2023'!$D:$D,"co2") -> 1963.6939 | AD87: =SUMIFS('esr2023'!V:V,'esr2023'!$C:$C,$L87,'esr2023'!$B:$B,$L$86,'esr2023'!$D:$D,"co2") -> 308224.88 | AE87: =SUMIFS('esr2023'!W:W,'esr2023'!$C:$C,$L87,'esr2023'!$B:$B,$L$86,'esr2023'!$D:$D,"co2") -> 6766.9124 | AF87: =SUMIFS('esr2023'!X:X,'esr2023'!$C:$C,$L87,'esr2023'!$B:$B,$L$86,'esr2023'!$D:$D,"co2") -> 10184.54 | AG87: =SUMIFS('esr2023'!Y:Y,'esr2023'!$C:$C,$L87,'esr2023'!$B:$B,$L$86,'esr2023'!$D:$D,"co2") -> 5488.0821 | AH87: =SUMIFS('esr2023'!Z:Z,'esr2023'!$C:$C,$L87,'esr2023'!$B:$B,$L$86,'esr2023'!$D:$D,"co2") -> 677.33547 | AI87: =SUMIFS('esr2023'!AA:AA,'esr2023'!$C:$C,$L87,'esr2023'!$B:$B,$L$86,'esr2023'!$D:$D,"co2") -> 102188.58 | AJ87: =SUMIFS('esr2023'!AB:AB,'esr2023'!$C:$C,$L87,'esr2023'!$B:$B,$L$86,'esr2023'!$D:$D,"co2") -> 18377.136 | AK87: =SUMIFS('esr2023'!AC:AC,'esr2023'!$C:$C,$L87,'esr2023'!$B:$B,$L$86,'esr2023'!$D:$D,"co2") -> 124178.82 | AL87: =SUMIFS('esr2023'!AD:AD,'esr2023'!$C:$C,$L87,'esr2023'!$B:$B,$L$86,'esr2023'!$D:$D,"co2") -> 36502.021 | AM87: =SUMIFS('esr2023'!AE:AE,'esr2023'!$C:$C,$L87,'esr2023'!$B:$B,$L$86,'esr2023'!$D:$D,"co2") -> 40963.288 | AN87: =SUMIFS('esr2023'!AF:AF,'esr2023'!$C:$C,$L87,'esr2023'!$B:$B,$L$86,'esr2023'!$D:$D,"co2") -> 35809.494 | AO87: =SUMIFS('esr2023'!AG:AG,'esr2023'!$C:$C,$L87,'esr2023'!$B:$B,$L$86,'esr2023'!$D:$D,"co2") -> 9237.6158 | AP87: =SUMIFS('esr2023'!AH:AH,'esr2023'!$C:$C,$L87,'esr2023'!$B:$B,$L$86,'esr2023'!$D:$D,"co2") -> 22565.974 | AR87: =SUM(M87:AP87)-P87 -> 2046221.7
L88: 2010 | M88: =SUMIFS('esr2023'!E:E,'esr2023'!$C:$C,$L88,'esr2023'!$B:$B,$L$86,'esr2023'!$D:$D,"co2") -> 44100.675 | N88: =SUMIFS('esr2023'!F:F,'esr2023'!$C:$C,$L88,'esr2023'!$B:$B,$L$86,'esr2023'!$D:$D,"co2") -> 71591.339 | O88: =SUMIFS('esr2023'!G:G,'esr2023'!$C:$C,$L88,'esr2023'!$B:$B,$L$86,'esr2023'!$D:$D,"co2") -> 12756.898 | P88: =SUMIFS('esr2023'!H:H,'esr2023'!$C:$C,$L88,'esr2023'!$B:$B,$L$86,'esr2023'!$D:$D,"co2") -> 38619.556 | Q88: =SUMIFS('esr2023'!I:I,'esr2023'!$C:$C,$L88,'esr2023'!$B:$B,$L$86,'esr2023'!$D:$D,"co2") -> 3631.2156 | R88: =SUMIFS('esr2023'!J:J,'esr2023'!$C:$C,$L88,'esr2023'!$B:$B,$L$86,'esr2023'!$D:$D,"co2") -> 43272.66 | S88: =SUMIFS('esr2023'!K:K,'esr2023'!$C:$C,$L88,'esr2023'!$B:$B,$L$86,'esr2023'!$D:$D,"co2") -> 426179.16 | T88: =SUMIFS('esr2023'!L:L,'esr2023'!$C:$C,$L88,'esr2023'!$B:$B,$L$86,'esr2023'!$D:$D,"co2") -> 24831.291 | U88: =SUMIFS('esr2023'!M:M,'esr2023'!$C:$C,$L88,'esr2023'!$B:$B,$L$86,'esr2023'!$D:$D,"co2") -> 3617.1553 | V88: =SUMIFS('esr2023'!N:N,'esr2023'!$C:$C,$L88,'esr2023'!$B:$B,$L$86,'esr2023'!$D:$D,"co2") -> 38213.099 | W88: =SUMIFS('esr2023'!O:O,'esr2023'!$C:$C,$L88,'esr2023'!$B:$B,$L$86,'esr2023'!$D:$D,"co2") -> 181099.88 | X88: =SUMIFS('esr2023'!P:P,'esr2023'!$C:$C,$L88,'esr2023'!$B:$B,$L$86,'esr2023'!$D:$D,"co2") -> 28324.803 | Y88: =SUMIFS('esr2023'!Q:Q,'esr2023'!$C:$C,$L88,'esr2023'!$B:$B,$L$86,'esr2023'!$D:$D,"co2") -> 285576.45 | Z88: =SUMIFS('esr2023'!R:R,'esr2023'!$C:$C,$L88,'esr2023'!$B:$B,$L$86,'esr2023'!$D:$D,"co2") -> 12356.375 | AA88: =SUMIFS('esr2023'!S:S,'esr2023'!$C:$C,$L88,'esr2023'!$B:$B,$L$86,'esr2023'!$D:$D,"co2") -> 28876.258 | AB88: =SUMIFS('esr2023'!T:T,'esr2023'!$C:$C,$L88,'esr2023'!$B:$B,$L$86,'esr2023'!$D:$D,"co2") -> 26501.719 | AC88: =SUMIFS('esr2023'!U:U,'esr2023'!$C:$C,$L88,'esr2023'!$B:$B,$L$86,'esr2023'!$D:$D,"co2") -> 1774.6339 | AD88: =SUMIFS('esr2023'!V:V,'esr2023'!$C:$C,$L88,'esr2023'!$B:$B,$L$86,'esr2023'!$D:$D,"co2") -> 272101.2 | AE88: =SUMIFS('esr2023'!W:W,'esr2023'!$C:$C,$L88,'esr2023'!$B:$B,$L$86,'esr2023'!$D:$D,"co2") -> 6947.9175 | AF88: =SUMIFS('esr2023'!X:X,'esr2023'!$C:$C,$L88,'esr2023'!$B:$B,$L$86,'esr2023'!$D:$D,"co2") -> 9395.1201 | AG88: =SUMIFS('esr2023'!Y:Y,'esr2023'!$C:$C,$L88,'esr2023'!$B:$B,$L$86,'esr2023'!$D:$D,"co2") -> 5763.1799 | AH88: =SUMIFS('esr2023'!Z:Z,'esr2023'!$C:$C,$L88,'esr2023'!$B:$B,$L$86,'esr2023'!$D:$D,"co2") -> 733.96503 | AI88: =SUMIFS('esr2023'!AA:AA,'esr2023'!$C:$C,$L88,'esr2023'!$B:$B,$L$86,'esr2023'!$D:$D,"co2") -> 107728.82 | AJ88: =SUMIFS('esr2023'!AB:AB,'esr2023'!$C:$C,$L88,'esr2023'!$B:$B,$L$86,'esr2023'!$D:$D,"co2") -> 19538.283 | AK88: =SUMIFS('esr2023'!AC:AC,'esr2023'!$C:$C,$L88,'esr2023'!$B:$B,$L$86,'esr2023'!$D:$D,"co2") -> 140469.93 | AL88: =SUMIFS('esr2023'!AD:AD,'esr2023'!$C:$C,$L88,'esr2023'!$B:$B,$L$86,'esr2023'!$D:$D,"co2") -> 32506.832 | AM88: =SUMIFS('esr2023'!AE:AE,'esr2023'!$C:$C,$L88,'esr2023'!$B:$B,$L$86,'esr2023'!$D:$D,"co2") -> 37998.403 | AN88: =SUMIFS('esr2023'!AF:AF,'esr2023'!$C:$C,$L88,'esr2023'!$B:$B,$L$86,'esr2023'!$D:$D,"co2") -> 32528.838 | AO88: =SUMIFS('esr2023'!AG:AG,'esr2023'!$C:$C,$L88,'esr2023'!$B:$B,$L$86,'esr2023'!$D:$D,"co2") -> 9233.5056 | AP88: =SUMIFS('esr2023'!AH:AH,'esr2023'!$C:$C,$L88,'esr2023'!$B:$B,$L$86,'esr2023'!$D:$D,"co2") -> 21363.488 | AR88: =SUM(M88:AP88)-P88 -> 1929013.1
L89: 2015 | M89: =SUMIFS('esr2023'!E:E,'esr2023'!$C:$C,$L89,'esr2023'!$B:$B,$L$86,'esr2023'!$D:$D,"co2") -> 41236.493 | N89: =SUMIFS('esr2023'!F:F,'esr2023'!$C:$C,$L89,'esr2023'!$B:$B,$L$86,'esr2023'!$D:$D,"co2") -> 64473.114 | O89: =SUMIFS('esr2023'!G:G,'esr2023'!$C:$C,$L89,'esr2023'!$B:$B,$L$86,'esr2023'!$D:$D,"co2") -> 13471.281 | P89: =SUMIFS('esr2023'!H:H,'esr2023'!$C:$C,$L89,'esr2023'!$B:$B,$L$86,'esr2023'!$D:$D,"co2") -> 33144.021 | Q89: =SUMIFS('esr2023'!I:I,'esr2023'!$C:$C,$L89,'esr2023'!$B:$B,$L$86,'esr2023'!$D:$D,"co2") -> 3056.6836 | R89: =SUMIFS('esr2023'!J:J,'esr2023'!$C:$C,$L89,'esr2023'!$B:$B,$L$86,'esr2023'!$D:$D,"co2") -> 39476.344 | S89: =SUMIFS('esr2023'!K:K,'esr2023'!$C:$C,$L89,'esr2023'!$B:$B,$L$86,'esr2023'!$D:$D,"co2") -> 413336.27 | T89: =SUMIFS('esr2023'!L:L,'esr2023'!$C:$C,$L89,'esr2023'!$B:$B,$L$86,'esr2023'!$D:$D,"co2") -> 21630.519 | U89: =SUMIFS('esr2023'!M:M,'esr2023'!$C:$C,$L89,'esr2023'!$B:$B,$L$86,'esr2023'!$D:$D,"co2") -> 3708.7068 | V89: =SUMIFS('esr2023'!N:N,'esr2023'!$C:$C,$L89,'esr2023'!$B:$B,$L$86,'esr2023'!$D:$D,"co2") -> 28050.605 | W89: =SUMIFS('esr2023'!O:O,'esr2023'!$C:$C,$L89,'esr2023'!$B:$B,$L$86,'esr2023'!$D:$D,"co2") -> 158998.3 | X89: =SUMIFS('esr2023'!P:P,'esr2023'!$C:$C,$L89,'esr2023'!$B:$B,$L$86,'esr2023'!$D:$D,"co2") -> 22069.233 | Y89: =SUMIFS('esr2023'!Q:Q,'esr2023'!$C:$C,$L89,'esr2023'!$B:$B,$L$86,'esr2023'!$D:$D,"co2") -> 259874.12 | Z89: =SUMIFS('esr2023'!R:R,'esr2023'!$C:$C,$L89,'esr2023'!$B:$B,$L$86,'esr2023'!$D:$D,"co2") -> 10799.498 | AA89: =SUMIFS('esr2023'!S:S,'esr2023'!$C:$C,$L89,'esr2023'!$B:$B,$L$86,'esr2023'!$D:$D,"co2") -> 27868.807 | AB89: =SUMIFS('esr2023'!T:T,'esr2023'!$C:$C,$L89,'esr2023'!$B:$B,$L$86,'esr2023'!$D:$D,"co2") -> 24486.831 | AC89: =SUMIFS('esr2023'!U:U,'esr2023'!$C:$C,$L89,'esr2023'!$B:$B,$L$86,'esr2023'!$D:$D,"co2") -> 1635.9161 | AD89: =SUMIFS('esr2023'!V:V,'esr2023'!$C:$C,$L89,'esr2023'!$B:$B,$L$86,'esr2023'!$D:$D,"co2") -> 236112.83 | AE89: =SUMIFS('esr2023'!W:W,'esr2023'!$C:$C,$L89,'esr2023'!$B:$B,$L$86,'esr2023'!$D:$D,"co2") -> 7290.1728 | AF89: =SUMIFS('esr2023'!X:X,'esr2023'!$C:$C,$L89,'esr2023'!$B:$B,$L$86,'esr2023'!$D:$D,"co2") -> 8329.3595 | AG89: =SUMIFS('esr2023'!Y:Y,'esr2023'!$C:$C,$L89,'esr2023'!$B:$B,$L$86,'esr2023'!$D:$D,"co2") -> 4965.909 | AH89: =SUMIFS('esr2023'!Z:Z,'esr2023'!$C:$C,$L89,'esr2023'!$B:$B,$L$86,'esr2023'!$D:$D,"co2") -> 803.55837 | AI89: =SUMIFS('esr2023'!AA:AA,'esr2023'!$C:$C,$L89,'esr2023'!$B:$B,$L$86,'esr2023'!$D:$D,"co2") -> 87709.891 | AJ89: =SUMIFS('esr2023'!AB:AB,'esr2023'!$C:$C,$L89,'esr2023'!$B:$B,$L$86,'esr2023'!$D:$D,"co2") -> 18541.406 | AK89: =SUMIFS('esr2023'!AC:AC,'esr2023'!$C:$C,$L89,'esr2023'!$B:$B,$L$86,'esr2023'!$D:$D,"co2") -> 125638.16 | AL89: =SUMIFS('esr2023'!AD:AD,'esr2023'!$C:$C,$L89,'esr2023'!$B:$B,$L$86,'esr2023'!$D:$D,"co2") -> 27682.724 | AM89: =SUMIFS('esr2023'!AE:AE,'esr2023'!$C:$C,$L89,'esr2023'!$B:$B,$L$86,'esr2023'!$D:$D,"co2") -> 38049.16 | AN89: =SUMIFS('esr2023'!AF:AF,'esr2023'!$C:$C,$L89,'esr2023'!$B:$B,$L$86,'esr2023'!$D:$D,"co2") -> 27579.947 | AO89: =SUMIFS('esr2023'!AG:AG,'esr2023'!$C:$C,$L89,'esr2023'!$B:$B,$L$86,'esr2023'!$D:$D,"co2") -> 8200.7106 | AP89: =SUMIFS('esr2023'!AH:AH,'esr2023'!$C:$C,$L89,'esr2023'!$B:$B,$L$86,'esr2023'!$D:$D,"co2") -> 18594.655 | AR89: =SUM(M89:AP89)-P89 -> 1743671.2
L90: 2019 | M90: =SUMIFS('esr2023'!E:E,'esr2023'!$C:$C,$L90,'esr2023'!$B:$B,$L$86,'esr2023'!$D:$D,"co2") -> 43525.629 | N90: =SUMIFS('esr2023'!F:F,'esr2023'!$C:$C,$L90,'esr2023'!$B:$B,$L$86,'esr2023'!$D:$D,"co2") -> 62881.092 | O90: =SUMIFS('esr2023'!G:G,'esr2023'!$C:$C,$L90,'esr2023'!$B:$B,$L$86,'esr2023'!$D:$D,"co2") -> 15231.596 | P90: =SUMIFS('esr2023'!H:H,'esr2023'!$C:$C,$L90,'esr2023'!$B:$B,$L$86,'esr2023'!$D:$D,"co2") -> 31076.312 | Q90: =SUMIFS('esr2023'!I:I,'esr2023'!$C:$C,$L90,'esr2023'!$B:$B,$L$86,'esr2023'!$D:$D,"co2") -> 3240.3112 | R90: =SUMIFS('esr2023'!J:J,'esr2023'!$C:$C,$L90,'esr2023'!$B:$B,$L$86,'esr2023'!$D:$D,"co2") -> 40309.658 | S90: =SUMIFS('esr2023'!K:K,'esr2023'!$C:$C,$L90,'esr2023'!$B:$B,$L$86,'esr2023'!$D:$D,"co2") -> 408324.31 | T90: =SUMIFS('esr2023'!L:L,'esr2023'!$C:$C,$L90,'esr2023'!$B:$B,$L$86,'esr2023'!$D:$D,"co2") -> 21796.057 | U90: =SUMIFS('esr2023'!M:M,'esr2023'!$C:$C,$L90,'esr2023'!$B:$B,$L$86,'esr2023'!$D:$D,"co2") -> 3800.0385 | V90: =SUMIFS('esr2023'!N:N,'esr2023'!$C:$C,$L90,'esr2023'!$B:$B,$L$86,'esr2023'!$D:$D,"co2") -> 27478.708 | W90: =SUMIFS('esr2023'!O:O,'esr2023'!$C:$C,$L90,'esr2023'!$B:$B,$L$86,'esr2023'!$D:$D,"co2") -> 170193.53 | X90: =SUMIFS('esr2023'!P:P,'esr2023'!$C:$C,$L90,'esr2023'!$B:$B,$L$86,'esr2023'!$D:$D,"co2") -> 21901.006 | Y90: =SUMIFS('esr2023'!Q:Q,'esr2023'!$C:$C,$L90,'esr2023'!$B:$B,$L$86,'esr2023'!$D:$D,"co2") -> 247226.7 | Z90: =SUMIFS('esr2023'!R:R,'esr2023'!$C:$C,$L90,'esr2023'!$B:$B,$L$86,'esr2023'!$D:$D,"co2") -> 11564.845 | AA90: =SUMIFS('esr2023'!S:S,'esr2023'!$C:$C,$L90,'esr2023'!$B:$B,$L$86,'esr2023'!$D:$D,"co2") -> 31224.973 | AB90: =SUMIFS('esr2023'!T:T,'esr2023'!$C:$C,$L90,'esr2023'!$B:$B,$L$86,'esr2023'!$D:$D,"co2") -> 25412.062 | AC90: =SUMIFS('esr2023'!U:U,'esr2023'!$C:$C,$L90,'esr2023'!$B:$B,$L$86,'esr2023'!$D:$D,"co2") -> 1631.4798 | AD90: =SUMIFS('esr2023'!V:V,'esr2023'!$C:$C,$L90,'esr2023'!$B:$B,$L$86,'esr2023'!$D:$D,"co2") -> 228506.32 | AE90: =SUMIFS('esr2023'!W:W,'esr2023'!$C:$C,$L90,'esr2023'!$B:$B,$L$86,'esr2023'!$D:$D,"co2") -> 8782.8298 | AF90: =SUMIFS('esr2023'!X:X,'esr2023'!$C:$C,$L90,'esr2023'!$B:$B,$L$86,'esr2023'!$D:$D,"co2") -> 8944.4445 | AG90: =SUMIFS('esr2023'!Y:Y,'esr2023'!$C:$C,$L90,'esr2023'!$B:$B,$L$86,'esr2023'!$D:$D,"co2") -> 5190.9697 | AH90: =SUMIFS('esr2023'!Z:Z,'esr2023'!$C:$C,$L90,'esr2023'!$B:$B,$L$86,'esr2023'!$D:$D,"co2") -> 904.05039 | AI90: =SUMIFS('esr2023'!AA:AA,'esr2023'!$C:$C,$L90,'esr2023'!$B:$B,$L$86,'esr2023'!$D:$D,"co2") -> 88532.547 | AJ90: =SUMIFS('esr2023'!AB:AB,'esr2023'!$C:$C,$L90,'esr2023'!$B:$B,$L$86,'esr2023'!$D:$D,"co2") -> 17024.678 | AK90: =SUMIFS('esr2023'!AC:AC,'esr2023'!$C:$C,$L90,'esr2023'!$B:$B,$L$86,'esr2023'!$D:$D,"co2") -> 142928.54 | AL90: =SUMIFS('esr2023'!AD:AD,'esr2023'!$C:$C,$L90,'esr2023'!$B:$B,$L$86,'esr2023'!$D:$D,"co2") -> 28939.902 | AM90: =SUMIFS('esr2023'!AE:AE,'esr2023'!$C:$C,$L90,'esr2023'!$B:$B,$L$86,'esr2023'!$D:$D,"co2") -> 42880.225 | AN90: =SUMIFS('esr2023'!AF:AF,'esr2023'!$C:$C,$L90,'esr2023'!$B:$B,$L$86,'esr2023'!$D:$D,"co2") -> 25233.628 | AO90: =SUMIFS('esr2023'!AG:AG,'esr2023'!$C:$C,$L90,'esr2023'!$B:$B,$L$86,'esr2023'!$D:$D,"co2") -> 8471.2312 | AP90: =SUMIFS('esr2023'!AH:AH,'esr2023'!$C:$C,$L90,'esr2023'!$B:$B,$L$86,'esr2023'!$D:$D,"co2") -> 18870.901 | AR90: =SUM(M90:AP90)-P90 -> 1760952.3
L91: 2021 | M91: =SUMIFS('esr2023'!E:E,'esr2023'!$C:$C,$L91,'esr2023'!$B:$B,$L$86,'esr2023'!$D:$D,"co2") -> 42086.084 | N91: =SUMIFS('esr2023'!F:F,'esr2023'!$C:$C,$L91,'esr2023'!$B:$B,$L$86,'esr2023'!$D:$D,"co2") -> 62206.726 | O91: =SUMIFS('esr2023'!G:G,'esr2023'!$C:$C,$L91,'esr2023'!$B:$B,$L$86,'esr2023'!$D:$D,"co2") -> 15981.65 | P91: =SUMIFS('esr2023'!H:H,'esr2023'!$C:$C,$L91,'esr2023'!$B:$B,$L$86,'esr2023'!$D:$D,"co2") -> 30338.963 | Q91: =SUMIFS('esr2023'!I:I,'esr2023'!$C:$C,$L91,'esr2023'!$B:$B,$L$86,'esr2023'!$D:$D,"co2") -> 3048.9991 | R91: =SUMIFS('esr2023'!J:J,'esr2023'!$C:$C,$L91,'esr2023'!$B:$B,$L$86,'esr2023'!$D:$D,"co2") -> 43425.933 | S91: =SUMIFS('esr2023'!K:K,'esr2023'!$C:$C,$L91,'esr2023'!$B:$B,$L$86,'esr2023'!$D:$D,"co2") -> 392933.65 | T91: =SUMIFS('esr2023'!L:L,'esr2023'!$C:$C,$L91,'esr2023'!$B:$B,$L$86,'esr2023'!$D:$D,"co2") -> 20833.082 | U91: =SUMIFS('esr2023'!M:M,'esr2023'!$C:$C,$L91,'esr2023'!$B:$B,$L$86,'esr2023'!$D:$D,"co2") -> 3337.22 | V91: =SUMIFS('esr2023'!N:N,'esr2023'!$C:$C,$L91,'esr2023'!$B:$B,$L$86,'esr2023'!$D:$D,"co2") -> 26704.505 | W91: =SUMIFS('esr2023'!O:O,'esr2023'!$C:$C,$L91,'esr2023'!$B:$B,$L$86,'esr2023'!$D:$D,"co2") -> 165534.52 | X91: =SUMIFS('esr2023'!P:P,'esr2023'!$C:$C,$L91,'esr2023'!$B:$B,$L$86,'esr2023'!$D:$D,"co2") -> 20244.47 | Y91: =SUMIFS('esr2023'!Q:Q,'esr2023'!$C:$C,$L91,'esr2023'!$B:$B,$L$86,'esr2023'!$D:$D,"co2") -> 241540.78 | Z91: =SUMIFS('esr2023'!R:R,'esr2023'!$C:$C,$L91,'esr2023'!$B:$B,$L$86,'esr2023'!$D:$D,"co2") -> 11449.325 | AA91: =SUMIFS('esr2023'!S:S,'esr2023'!$C:$C,$L91,'esr2023'!$B:$B,$L$86,'esr2023'!$D:$D,"co2") -> 31853.441 | AB91: =SUMIFS('esr2023'!T:T,'esr2023'!$C:$C,$L91,'esr2023'!$B:$B,$L$86,'esr2023'!$D:$D,"co2") -> 24294.092 | AC91: =SUMIFS('esr2023'!U:U,'esr2023'!$C:$C,$L91,'esr2023'!$B:$B,$L$86,'esr2023'!$D:$D,"co2") -> 1543.4452 | AD91: =SUMIFS('esr2023'!V:V,'esr2023'!$C:$C,$L91,'esr2023'!$B:$B,$L$86,'esr2023'!$D:$D,"co2") -> 231934.18 | AE91: =SUMIFS('esr2023'!W:W,'esr2023'!$C:$C,$L91,'esr2023'!$B:$B,$L$86,'esr2023'!$D:$D,"co2") -> 8696.3747 | AF91: =SUMIFS('esr2023'!X:X,'esr2023'!$C:$C,$L91,'esr2023'!$B:$B,$L$86,'esr2023'!$D:$D,"co2") -> 7693.8298 | AG91: =SUMIFS('esr2023'!Y:Y,'esr2023'!$C:$C,$L91,'esr2023'!$B:$B,$L$86,'esr2023'!$D:$D,"co2") -> 5158.1292 | AH91: =SUMIFS('esr2023'!Z:Z,'esr2023'!$C:$C,$L91,'esr2023'!$B:$B,$L$86,'esr2023'!$D:$D,"co2") -> 829.75606 | AI91: =SUMIFS('esr2023'!AA:AA,'esr2023'!$C:$C,$L91,'esr2023'!$B:$B,$L$86,'esr2023'!$D:$D,"co2") -> 86206.176 | AJ91: =SUMIFS('esr2023'!AB:AB,'esr2023'!$C:$C,$L91,'esr2023'!$B:$B,$L$86,'esr2023'!$D:$D,"co2") -> 16986.381 | AK91: =SUMIFS('esr2023'!AC:AC,'esr2023'!$C:$C,$L91,'esr2023'!$B:$B,$L$86,'esr2023'!$D:$D,"co2") -> 146639.92 | AL91: =SUMIFS('esr2023'!AD:AD,'esr2023'!$C:$C,$L91,'esr2023'!$B:$B,$L$86,'esr2023'!$D:$D,"co2") -> 26661.405 | AM91: =SUMIFS('esr2023'!AE:AE,'esr2023'!$C:$C,$L91,'esr2023'!$B:$B,$L$86,'esr2023'!$D:$D,"co2") -> 46582.52 | AN91: =SUMIFS('esr2023'!AF:AF,'esr2023'!$C:$C,$L91,'esr2023'!$B:$B,$L$86,'esr2023'!$D:$D,"co2") -> 23478.134 | AO91: =SUMIFS('esr2023'!AG:AG,'esr2023'!$C:$C,$L91,'esr2023'!$B:$B,$L$86,'esr2023'!$D:$D,"co2") -> 7936.1174 | AP91: =SUMIFS('esr2023'!AH:AH,'esr2023'!$C:$C,$L91,'esr2023'!$B:$B,$L$86,'esr2023'!$D:$D,"co2") -> 19450.011 | AR91: =SUM(M91:AP91)-P91 -> 1735270.9
L93: % of ESR sectoral GHG emissions modelled
L94: 2005 | M94: =M87/M80 -> 0.81660615 | N94: =N87/N80 -> 0.84400917 | O94: =O87/O80 -> 0.64225044 | P94: =P87/P80 -> 0.82887991 | Q94: =Q87/Q80 -> 0.76383031 | R94: =R87/R80 -> 0.78816476 | S94: =S87/S80 -> 0.8401249 | T94: =T87/T80 -> 0.65470835 | ... AP94: =AP87/AP80 -> 0.82316429 | AR94: =AR87/AR80 -> 0.77502653
L95: 2010 | M95: =M88/M81 -> 0.80998939 | N95: =N88/N81 -> 0.84233404 | O95: =O88/O81 -> 0.57452501 | P95: =P88/P81 -> 0.82832444 | Q95: =Q88/Q81 -> 0.76331307 | R95: =R88/R81 -> 0.76388999 | S95: =S88/S81 -> 0.85120341 | T95: =T88/T81 -> 0.64268661 | ... AP95: =AP88/AP81 -> 0.81583291 | AR95: =AR88/AR81 -> 0.77320882
L96: 2015 | M96: =M89/M82 -> 0.8073524 | N96: =N89/N82 -> 0.83792236 | O96: =O89/O82 -> 0.5745684 | P96: =P89/P82 -> 0.8106646 | Q96: =Q89/Q82 -> 0.73653226 | R96: =R89/R82 -> 0.72385501 | S96: =S89/S82 -> 0.84912869 | T96: =T89/T82 -> 0.61300217 | ... AP96: =AP89/AP82 -> 0.79171809 | AR96: =AR89/AR82 -> 0.7599952
L97: 2020 | M97: =M90/M83 -> 0.82304009 | N97: =N90/N83 -> 0.84027112 | O97: =O90/O83 -> 0.6141099 | P97: =P90/P83 -> 0.80780182 | Q97: =Q90/Q83 -> 0.7321579 | R97: =R90/R83 -> 0.72831289 | S97: =S90/S83 -> 0.85674332 | T97: =T90/T83 -> 0.61280368 | ... AP97: =AP90/AP83 -> 0.79575853 | AR97: =AR90/AR83 -> 0.76499414
L98: 2021 | M98: =M91/M84 -> 0.8193718 | N98: =N91/N84 -> 0.84163862 | O98: =O91/O84 -> 0.62627999 | P98: =P91/P84 -> 0.80519921 | Q98: =Q91/Q84 -> 0.70836169 | R98: =R91/R84 -> 0.74197518 | S98: =S91/S84 -> 0.85763541 | T98: =T91/T84 -> 0.60071172 | ... AP98: =AP91/AP84 -> 0.80207318 | AR98: =AR91/AR84 -> 0.76385152
J100: Data includes GHGs for NFRs | L100: nonmodelled ESR sectors
J101: 3, 5 | L101: 2005 | M101: =SUMIFS('esr2023'!E:E,'esr2023'!$C:$C,$L101,'esr2023'!$B:$B,$L$100,'esr2023'!$D:$D,"ghg") -> 10222.305 | N101: =SUMIFS('esr2023'!F:F,'esr2023'!$C:$C,$L101,'esr2023'!$B:$B,$L$100,'esr2023'!$D:$D,"ghg") -> 13105.339 | O101: =SUMIFS('esr2023'!G:G,'esr2023'!$C:$C,$L101,'esr2023'!$B:$B,$L$100,'esr2023'!$D:$D,"ghg") -> 8865.1708 | P101: =SUMIFS('esr2023'!H:H,'esr2023'!$C:$C,$L101,'esr2023'!$B:$B,$L$100,'esr2023'!$D:$D,"ghg") -> 7763.1031 | Q101: =SUMIFS('esr2023'!I:I,'esr2023'!$C:$C,$L101,'esr2023'!$B:$B,$L$100,'esr2023'!$D:$D,"ghg") -> 1082.6534 | R101: =SUMIFS('esr2023'!J:J,'esr2023'!$C:$C,$L101,'esr2023'!$B:$B,$L$100,'esr2023'!$D:$D,"ghg") -> 12177.129 | S101: =SUMIFS('esr2023'!K:K,'esr2023'!$C:$C,$L101,'esr2023'!$B:$B,$L$100,'esr2023'!$D:$D,"ghg") -> 78076.931 | T101: =SUMIFS('esr2023'!L:L,'esr2023'!$C:$C,$L101,'esr2023'!$B:$B,$L$100,'esr2023'!$D:$D,"ghg") -> 13728.868 | U101: =SUMIFS('esr2023'!M:M,'esr2023'!$C:$C,$L101,'esr2023'!$B:$B,$L$100,'esr2023'!$D:$D,"ghg") -> 1780.3527 | V101: =SUMIFS('esr2023'!N:N,'esr2023'!$C:$C,$L101,'esr2023'!$B:$B,$L$100,'esr2023'!$D:$D,"ghg") -> 14593.739 | W101: =SUMIFS('esr2023'!O:O,'esr2023'!$C:$C,$L101,'esr2023'!$B:$B,$L$100,'esr2023'!$D:$D,"ghg") -> 51318.012 | X101: =SUMIFS('esr2023'!P:P,'esr2023'!$C:$C,$L101,'esr2023'!$B:$B,$L$100,'esr2023'!$D:$D,"ghg") -> 9431.3466 | Y101: =SUMIFS('esr2023'!Q:Q,'esr2023'!$C:$C,$L101,'esr2023'!$B:$B,$L$100,'esr2023'!$D:$D,"ghg") -> 96993.577 | Z101: =SUMIFS('esr2023'!R:R,'esr2023'!$C:$C,$L101,'esr2023'!$B:$B,$L$100,'esr2023'!$D:$D,"ghg") -> 4856.6414 | AA101: =SUMIFS('esr2023'!S:S,'esr2023'!$C:$C,$L101,'esr2023'!$B:$B,$L$100,'esr2023'!$D:$D,"ghg") -> 10738.909 | AB101: =SUMIFS('esr2023'!T:T,'esr2023'!$C:$C,$L101,'esr2023'!$B:$B,$L$100,'esr2023'!$D:$D,"ghg") -> 21929.846 | AC101: =SUMIFS('esr2023'!U:U,'esr2023'!$C:$C,$L101,'esr2023'!$B:$B,$L$100,'esr2023'!$D:$D,"ghg") -> 950.53741 | AD101: =SUMIFS('esr2023'!V:V,'esr2023'!$C:$C,$L101,'esr2023'!$B:$B,$L$100,'esr2023'!$D:$D,"ghg") -> 58686.659 | AE101: =SUMIFS('esr2023'!W:W,'esr2023'!$C:$C,$L101,'esr2023'!$B:$B,$L$100,'esr2023'!$D:$D,"ghg") -> 5762.7864 | AF101: =SUMIFS('esr2023'!X:X,'esr2023'!$C:$C,$L101,'esr2023'!$B:$B,$L$100,'esr2023'!$D:$D,"ghg") -> 748.18787 | AG101: =SUMIFS('esr2023'!Y:Y,'esr2023'!$C:$C,$L101,'esr2023'!$B:$B,$L$100,'esr2023'!$D:$D,"ghg") -> 2477.3475 | AH101: =SUMIFS('esr2023'!Z:Z,'esr2023'!$C:$C,$L101,'esr2023'!$B:$B,$L$100,'esr2023'!$D:$D,"ghg") -> 288.19897 | AI101: =SUMIFS('esr2023'!AA:AA,'esr2023'!$C:$C,$L101,'esr2023'!$B:$B,$L$100,'esr2023'!$D:$D,"ghg") -> 25888.09 | AJ101: =SUMIFS('esr2023'!AB:AB,'esr2023'!$C:$C,$L101,'esr2023'!$B:$B,$L$100,'esr2023'!$D:$D,"ghg") -> 6701.7058 | AK101: =SUMIFS('esr2023'!AC:AC,'esr2023'!$C:$C,$L101,'esr2023'!$B:$B,$L$100,'esr2023'!$D:$D,"ghg") -> 42659.595 | AL101: =SUMIFS('esr2023'!AD:AD,'esr2023'!$C:$C,$L101,'esr2023'!$B:$B,$L$100,'esr2023'!$D:$D,"ghg") -> 14155.749 | AM101: =SUMIFS('esr2023'!AE:AE,'esr2023'!$C:$C,$L101,'esr2023'!$B:$B,$L$100,'esr2023'!$D:$D,"ghg") -> 27776.227 | AN101: =SUMIFS('esr2023'!AF:AF,'esr2023'!$C:$C,$L101,'esr2023'!$B:$B,$L$100,'esr2023'!$D:$D,"ghg") -> 9904.0606 | AO101: =SUMIFS('esr2023'!AG:AG,'esr2023'!$C:$C,$L101,'esr2023'!$B:$B,$L$100,'esr2023'!$D:$D,"ghg") -> 2648.0294 | AP101: =SUMIFS('esr2023'!AH:AH,'esr2023'!$C:$C,$L101,'esr2023'!$B:$B,$L$100,'esr2023'!$D:$D,"ghg") -> 4338.9394 | AR101: =SUM(M101:AP101)-P101 -> 551886.93
L102: 2010 | M102: =SUMIFS('esr2023'!E:E,'esr2023'!$C:$C,$L102,'esr2023'!$B:$B,$L$100,'esr2023'!$D:$D,"ghg") -> 9477.524 | N102: =SUMIFS('esr2023'!F:F,'esr2023'!$C:$C,$L102,'esr2023'!$B:$B,$L$100,'esr2023'!$D:$D,"ghg") -> 12359.73 | O102: =SUMIFS('esr2023'!G:G,'esr2023'!$C:$C,$L102,'esr2023'!$B:$B,$L$100,'esr2023'!$D:$D,"ghg") -> 8923.315 | P102: =SUMIFS('esr2023'!H:H,'esr2023'!$C:$C,$L102,'esr2023'!$B:$B,$L$100,'esr2023'!$D:$D,"ghg") -> 7667.1672 | Q102: =SUMIFS('esr2023'!I:I,'esr2023'!$C:$C,$L102,'esr2023'!$B:$B,$L$100,'esr2023'!$D:$D,"ghg") -> 1098.3528 | R102: =SUMIFS('esr2023'!J:J,'esr2023'!$C:$C,$L102,'esr2023'!$B:$B,$L$100,'esr2023'!$D:$D,"ghg") -> 12069.169 | S102: =SUMIFS('esr2023'!K:K,'esr2023'!$C:$C,$L102,'esr2023'!$B:$B,$L$100,'esr2023'!$D:$D,"ghg") -> 70208.879 | T102: =SUMIFS('esr2023'!L:L,'esr2023'!$C:$C,$L102,'esr2023'!$B:$B,$L$100,'esr2023'!$D:$D,"ghg") -> 13262.485 | U102: =SUMIFS('esr2023'!M:M,'esr2023'!$C:$C,$L102,'esr2023'!$B:$B,$L$100,'esr2023'!$D:$D,"ghg") -> 1838.2079 | V102: =SUMIFS('esr2023'!N:N,'esr2023'!$C:$C,$L102,'esr2023'!$B:$B,$L$100,'esr2023'!$D:$D,"ghg") -> 14464.966 | W102: =SUMIFS('esr2023'!O:O,'esr2023'!$C:$C,$L102,'esr2023'!$B:$B,$L$100,'esr2023'!$D:$D,"ghg") -> 49948.403 | X102: =SUMIFS('esr2023'!P:P,'esr2023'!$C:$C,$L102,'esr2023'!$B:$B,$L$100,'esr2023'!$D:$D,"ghg") -> 9258.409 | Y102: =SUMIFS('esr2023'!Q:Q,'esr2023'!$C:$C,$L102,'esr2023'!$B:$B,$L$100,'esr2023'!$D:$D,"ghg") -> 94954.277 | Z102: =SUMIFS('esr2023'!R:R,'esr2023'!$C:$C,$L102,'esr2023'!$B:$B,$L$100,'esr2023'!$D:$D,"ghg") -> 4997.8042 | AA102: =SUMIFS('esr2023'!S:S,'esr2023'!$C:$C,$L102,'esr2023'!$B:$B,$L$100,'esr2023'!$D:$D,"ghg") -> 10152.049 | AB102: =SUMIFS('esr2023'!T:T,'esr2023'!$C:$C,$L102,'esr2023'!$B:$B,$L$100,'esr2023'!$D:$D,"ghg") -> 19992.189 | AC102: =SUMIFS('esr2023'!U:U,'esr2023'!$C:$C,$L102,'esr2023'!$B:$B,$L$100,'esr2023'!$D:$D,"ghg") -> 980.85758 | AD102: =SUMIFS('esr2023'!V:V,'esr2023'!$C:$C,$L102,'esr2023'!$B:$B,$L$100,'esr2023'!$D:$D,"ghg") -> 54601.64 | AE102: =SUMIFS('esr2023'!W:W,'esr2023'!$C:$C,$L102,'esr2023'!$B:$B,$L$100,'esr2023'!$D:$D,"ghg") -> 5601.8793 | AF102: =SUMIFS('esr2023'!X:X,'esr2023'!$C:$C,$L102,'esr2023'!$B:$B,$L$100,'esr2023'!$D:$D,"ghg") -> 772.51643 | AG102: =SUMIFS('esr2023'!Y:Y,'esr2023'!$C:$C,$L102,'esr2023'!$B:$B,$L$100,'esr2023'!$D:$D,"ghg") -> 2583.6017 | AH102: =SUMIFS('esr2023'!Z:Z,'esr2023'!$C:$C,$L102,'esr2023'!$B:$B,$L$100,'esr2023'!$D:$D,"ghg") -> 208.86494 | AI102: =SUMIFS('esr2023'!AA:AA,'esr2023'!$C:$C,$L102,'esr2023'!$B:$B,$L$100,'esr2023'!$D:$D,"ghg") -> 23927.346 | AJ102: =SUMIFS('esr2023'!AB:AB,'esr2023'!$C:$C,$L102,'esr2023'!$B:$B,$L$100,'esr2023'!$D:$D,"ghg") -> 6520.082 | AK102: =SUMIFS('esr2023'!AC:AC,'esr2023'!$C:$C,$L102,'esr2023'!$B:$B,$L$100,'esr2023'!$D:$D,"ghg") -> 39935.29 | AL102: =SUMIFS('esr2023'!AD:AD,'esr2023'!$C:$C,$L102,'esr2023'!$B:$B,$L$100,'esr2023'!$D:$D,"ghg") -> 13292.406 | AM102: =SUMIFS('esr2023'!AE:AE,'esr2023'!$C:$C,$L102,'esr2023'!$B:$B,$L$100,'esr2023'!$D:$D,"ghg") -> 24480.493 | AN102: =SUMIFS('esr2023'!AF:AF,'esr2023'!$C:$C,$L102,'esr2023'!$B:$B,$L$100,'esr2023'!$D:$D,"ghg") -> 8871.0215 | AO102: =SUMIFS('esr2023'!AG:AG,'esr2023'!$C:$C,$L102,'esr2023'!$B:$B,$L$100,'esr2023'!$D:$D,"ghg") -> 2357.4204 | AP102: =SUMIFS('esr2023'!AH:AH,'esr2023'!$C:$C,$L102,'esr2023'!$B:$B,$L$100,'esr2023'!$D:$D,"ghg") -> 4324.8176 | AR102: =SUM(M102:AP102)-P102 -> 521464
L103: 2015 | M103: =SUMIFS('esr2023'!E:E,'esr2023'!$C:$C,$L103,'esr2023'!$B:$B,$L$100,'esr2023'!$D:$D,"ghg") -> 9020.738 | N103: =SUMIFS('esr2023'!F:F,'esr2023'!$C:$C,$L103,'esr2023'!$B:$B,$L$100,'esr2023'!$D:$D,"ghg") -> 11417.668 | O103: =SUMIFS('esr2023'!G:G,'esr2023'!$C:$C,$L103,'esr2023'!$B:$B,$L$100,'esr2023'!$D:$D,"ghg") -> 9443.1458 | P103: =SUMIFS('esr2023'!H:H,'esr2023'!$C:$C,$L103,'esr2023'!$B:$B,$L$100,'esr2023'!$D:$D,"ghg") -> 7451.189 | Q103: =SUMIFS('esr2023'!I:I,'esr2023'!$C:$C,$L103,'esr2023'!$B:$B,$L$100,'esr2023'!$D:$D,"ghg") -> 1066.3265 | R103: =SUMIFS('esr2023'!J:J,'esr2023'!$C:$C,$L103,'esr2023'!$B:$B,$L$100,'esr2023'!$D:$D,"ghg") -> 13676.577 | S103: =SUMIFS('esr2023'!K:K,'esr2023'!$C:$C,$L103,'esr2023'!$B:$B,$L$100,'esr2023'!$D:$D,"ghg") -> 69142.367 | T103: =SUMIFS('esr2023'!L:L,'esr2023'!$C:$C,$L103,'esr2023'!$B:$B,$L$100,'esr2023'!$D:$D,"ghg") -> 13201.702 | U103: =SUMIFS('esr2023'!M:M,'esr2023'!$C:$C,$L103,'esr2023'!$B:$B,$L$100,'esr2023'!$D:$D,"ghg") -> 1827.4691 | V103: =SUMIFS('esr2023'!N:N,'esr2023'!$C:$C,$L103,'esr2023'!$B:$B,$L$100,'esr2023'!$D:$D,"ghg") -> 13078.893 | W103: =SUMIFS('esr2023'!O:O,'esr2023'!$C:$C,$L103,'esr2023'!$B:$B,$L$100,'esr2023'!$D:$D,"ghg") -> 49466.143 | X103: =SUMIFS('esr2023'!P:P,'esr2023'!$C:$C,$L103,'esr2023'!$B:$B,$L$100,'esr2023'!$D:$D,"ghg") -> 8703.2349 | Y103: =SUMIFS('esr2023'!Q:Q,'esr2023'!$C:$C,$L103,'esr2023'!$B:$B,$L$100,'esr2023'!$D:$D,"ghg") -> 90605.533 | Z103: =SUMIFS('esr2023'!R:R,'esr2023'!$C:$C,$L103,'esr2023'!$B:$B,$L$100,'esr2023'!$D:$D,"ghg") -> 4765.0329 | AA103: =SUMIFS('esr2023'!S:S,'esr2023'!$C:$C,$L103,'esr2023'!$B:$B,$L$100,'esr2023'!$D:$D,"ghg") -> 10598.248 | AB103: =SUMIFS('esr2023'!T:T,'esr2023'!$C:$C,$L103,'esr2023'!$B:$B,$L$100,'esr2023'!$D:$D,"ghg") -> 21662.396 | AC103: =SUMIFS('esr2023'!U:U,'esr2023'!$C:$C,$L103,'esr2023'!$B:$B,$L$100,'esr2023'!$D:$D,"ghg") -> 948.71421 | AD103: =SUMIFS('esr2023'!V:V,'esr2023'!$C:$C,$L103,'esr2023'!$B:$B,$L$100,'esr2023'!$D:$D,"ghg") -> 52441.732 | AE103: =SUMIFS('esr2023'!W:W,'esr2023'!$C:$C,$L103,'esr2023'!$B:$B,$L$100,'esr2023'!$D:$D,"ghg") -> 5687.4203 | AF103: =SUMIFS('esr2023'!X:X,'esr2023'!$C:$C,$L103,'esr2023'!$B:$B,$L$100,'esr2023'!$D:$D,"ghg") -> 774.42856 | AG103: =SUMIFS('esr2023'!Y:Y,'esr2023'!$C:$C,$L103,'esr2023'!$B:$B,$L$100,'esr2023'!$D:$D,"ghg") -> 2768.1982 | AH103: =SUMIFS('esr2023'!Z:Z,'esr2023'!$C:$C,$L103,'esr2023'!$B:$B,$L$100,'esr2023'!$D:$D,"ghg") -> 234.42981 | AI103: =SUMIFS('esr2023'!AA:AA,'esr2023'!$C:$C,$L103,'esr2023'!$B:$B,$L$100,'esr2023'!$D:$D,"ghg") -> 23417.108 | AJ103: =SUMIFS('esr2023'!AB:AB,'esr2023'!$C:$C,$L103,'esr2023'!$B:$B,$L$100,'esr2023'!$D:$D,"ghg") -> 6514.7122 | AK103: =SUMIFS('esr2023'!AC:AC,'esr2023'!$C:$C,$L103,'esr2023'!$B:$B,$L$100,'esr2023'!$D:$D,"ghg") -> 37313.711 | AL103: =SUMIFS('esr2023'!AD:AD,'esr2023'!$C:$C,$L103,'esr2023'!$B:$B,$L$100,'esr2023'!$D:$D,"ghg") -> 12400.928 | AM103: =SUMIFS('esr2023'!AE:AE,'esr2023'!$C:$C,$L103,'esr2023'!$B:$B,$L$100,'esr2023'!$D:$D,"ghg") -> 25399.391 | AN103: =SUMIFS('esr2023'!AF:AF,'esr2023'!$C:$C,$L103,'esr2023'!$B:$B,$L$100,'esr2023'!$D:$D,"ghg") -> 8261.194 | AO103: =SUMIFS('esr2023'!AG:AG,'esr2023'!$C:$C,$L103,'esr2023'!$B:$B,$L$100,'esr2023'!$D:$D,"ghg") -> 2341.9903 | AP103: =SUMIFS('esr2023'!AH:AH,'esr2023'!$C:$C,$L103,'esr2023'!$B:$B,$L$100,'esr2023'!$D:$D,"ghg") -> 4419.2491 | AR103: =SUM(M103:AP103)-P103 -> 510598.68
L104: 2019 | M104: =SUMIFS('esr2023'!E:E,'esr2023'!$C:$C,$L104,'esr2023'!$B:$B,$L$100,'esr2023'!$D:$D,"ghg") -> 8536.6285 | N104: =SUMIFS('esr2023'!F:F,'esr2023'!$C:$C,$L104,'esr2023'!$B:$B,$L$100,'esr2023'!$D:$D,"ghg") -> 10985.233 | O104: =SUMIFS('esr2023'!G:G,'esr2023'!$C:$C,$L104,'esr2023'!$B:$B,$L$100,'esr2023'!$D:$D,"ghg") -> 9001.5906 | P104: =SUMIFS('esr2023'!H:H,'esr2023'!$C:$C,$L104,'esr2023'!$B:$B,$L$100,'esr2023'!$D:$D,"ghg") -> 7094.7673 | Q104: =SUMIFS('esr2023'!I:I,'esr2023'!$C:$C,$L104,'esr2023'!$B:$B,$L$100,'esr2023'!$D:$D,"ghg") -> 1151.8805 | R104: =SUMIFS('esr2023'!J:J,'esr2023'!$C:$C,$L104,'esr2023'!$B:$B,$L$100,'esr2023'!$D:$D,"ghg") -> 13602.711 | S104: =SUMIFS('esr2023'!K:K,'esr2023'!$C:$C,$L104,'esr2023'!$B:$B,$L$100,'esr2023'!$D:$D,"ghg") -> 63901.6 | T104: =SUMIFS('esr2023'!L:L,'esr2023'!$C:$C,$L104,'esr2023'!$B:$B,$L$100,'esr2023'!$D:$D,"ghg") -> 13340.976 | U104: =SUMIFS('esr2023'!M:M,'esr2023'!$C:$C,$L104,'esr2023'!$B:$B,$L$100,'esr2023'!$D:$D,"ghg") -> 1888.063 | V104: =SUMIFS('esr2023'!N:N,'esr2023'!$C:$C,$L104,'esr2023'!$B:$B,$L$100,'esr2023'!$D:$D,"ghg") -> 13480.855 | W104: =SUMIFS('esr2023'!O:O,'esr2023'!$C:$C,$L104,'esr2023'!$B:$B,$L$100,'esr2023'!$D:$D,"ghg") -> 48629.411 | X104: =SUMIFS('esr2023'!P:P,'esr2023'!$C:$C,$L104,'esr2023'!$B:$B,$L$100,'esr2023'!$D:$D,"ghg") -> 8423.6859 | Y104: =SUMIFS('esr2023'!Q:Q,'esr2023'!$C:$C,$L104,'esr2023'!$B:$B,$L$100,'esr2023'!$D:$D,"ghg") -> 88468.65 | Z104: =SUMIFS('esr2023'!R:R,'esr2023'!$C:$C,$L104,'esr2023'!$B:$B,$L$100,'esr2023'!$D:$D,"ghg") -> 4706.8632 | AA104: =SUMIFS('esr2023'!S:S,'esr2023'!$C:$C,$L104,'esr2023'!$B:$B,$L$100,'esr2023'!$D:$D,"ghg") -> 10777.362 | AB104: =SUMIFS('esr2023'!T:T,'esr2023'!$C:$C,$L104,'esr2023'!$B:$B,$L$100,'esr2023'!$D:$D,"ghg") -> 22765.449 | AC104: =SUMIFS('esr2023'!U:U,'esr2023'!$C:$C,$L104,'esr2023'!$B:$B,$L$100,'esr2023'!$D:$D,"ghg") -> 862.57666 | AD104: =SUMIFS('esr2023'!V:V,'esr2023'!$C:$C,$L104,'esr2023'!$B:$B,$L$100,'esr2023'!$D:$D,"ghg") -> 51847.289 | AE104: =SUMIFS('esr2023'!W:W,'esr2023'!$C:$C,$L104,'esr2023'!$B:$B,$L$100,'esr2023'!$D:$D,"ghg") -> 5245.3296 | AF104: =SUMIFS('esr2023'!X:X,'esr2023'!$C:$C,$L104,'esr2023'!$B:$B,$L$100,'esr2023'!$D:$D,"ghg") -> 783.84624 | AG104: =SUMIFS('esr2023'!Y:Y,'esr2023'!$C:$C,$L104,'esr2023'!$B:$B,$L$100,'esr2023'!$D:$D,"ghg") -> 2774.1144 | AH104: =SUMIFS('esr2023'!Z:Z,'esr2023'!$C:$C,$L104,'esr2023'!$B:$B,$L$100,'esr2023'!$D:$D,"ghg") -> 270.76657 | AI104: =SUMIFS('esr2023'!AA:AA,'esr2023'!$C:$C,$L104,'esr2023'!$B:$B,$L$100,'esr2023'!$D:$D,"ghg") -> 22252.343 | AJ104: =SUMIFS('esr2023'!AB:AB,'esr2023'!$C:$C,$L104,'esr2023'!$B:$B,$L$100,'esr2023'!$D:$D,"ghg") -> 6203.3967 | AK104: =SUMIFS('esr2023'!AC:AC,'esr2023'!$C:$C,$L104,'esr2023'!$B:$B,$L$100,'esr2023'!$D:$D,"ghg") -> 37777.279 | AL104: =SUMIFS('esr2023'!AD:AD,'esr2023'!$C:$C,$L104,'esr2023'!$B:$B,$L$100,'esr2023'!$D:$D,"ghg") -> 12471.042 | AM104: =SUMIFS('esr2023'!AE:AE,'esr2023'!$C:$C,$L104,'esr2023'!$B:$B,$L$100,'esr2023'!$D:$D,"ghg") -> 25798.124 | AN104: =SUMIFS('esr2023'!AF:AF,'esr2023'!$C:$C,$L104,'esr2023'!$B:$B,$L$100,'esr2023'!$D:$D,"ghg") -> 7845.4542 | AO104: =SUMIFS('esr2023'!AG:AG,'esr2023'!$C:$C,$L104,'esr2023'!$B:$B,$L$100,'esr2023'!$D:$D,"ghg") -> 2281.8926 | AP104: =SUMIFS('esr2023'!AH:AH,'esr2023'!$C:$C,$L104,'esr2023'!$B:$B,$L$100,'esr2023'!$D:$D,"ghg") -> 4406.6002 | AR104: =SUM(M104:AP104)-P104 -> 500481.01
L105: 2021 | M105: =SUMIFS('esr2023'!E:E,'esr2023'!$C:$C,$L105,'esr2023'!$B:$B,$L$100,'esr2023'!$D:$D,"ghg") -> 8431.7392 | N105: =SUMIFS('esr2023'!F:F,'esr2023'!$C:$C,$L105,'esr2023'!$B:$B,$L$100,'esr2023'!$D:$D,"ghg") -> 10665.012 | O105: =SUMIFS('esr2023'!G:G,'esr2023'!$C:$C,$L105,'esr2023'!$B:$B,$L$100,'esr2023'!$D:$D,"ghg") -> 8939.2771 | P105: =SUMIFS('esr2023'!H:H,'esr2023'!$C:$C,$L105,'esr2023'!$B:$B,$L$100,'esr2023'!$D:$D,"ghg") -> 7039.854 | Q105: =SUMIFS('esr2023'!I:I,'esr2023'!$C:$C,$L105,'esr2023'!$B:$B,$L$100,'esr2023'!$D:$D,"ghg") -> 1219.8113 | R105: =SUMIFS('esr2023'!J:J,'esr2023'!$C:$C,$L105,'esr2023'!$B:$B,$L$100,'esr2023'!$D:$D,"ghg") -> 13546.65 | S105: =SUMIFS('esr2023'!K:K,'esr2023'!$C:$C,$L105,'esr2023'!$B:$B,$L$100,'esr2023'!$D:$D,"ghg") -> 60826.937 | T105: =SUMIFS('esr2023'!L:L,'esr2023'!$C:$C,$L105,'esr2023'!$B:$B,$L$100,'esr2023'!$D:$D,"ghg") -> 13432.089 | U105: =SUMIFS('esr2023'!M:M,'esr2023'!$C:$C,$L105,'esr2023'!$B:$B,$L$100,'esr2023'!$D:$D,"ghg") -> 1901.0977 | V105: =SUMIFS('esr2023'!N:N,'esr2023'!$C:$C,$L105,'esr2023'!$B:$B,$L$100,'esr2023'!$D:$D,"ghg") -> 13898.18 | W105: =SUMIFS('esr2023'!O:O,'esr2023'!$C:$C,$L105,'esr2023'!$B:$B,$L$100,'esr2023'!$D:$D,"ghg") -> 48672.831 | X105: =SUMIFS('esr2023'!P:P,'esr2023'!$C:$C,$L105,'esr2023'!$B:$B,$L$100,'esr2023'!$D:$D,"ghg") -> 8121.142 | Y105: =SUMIFS('esr2023'!Q:Q,'esr2023'!$C:$C,$L105,'esr2023'!$B:$B,$L$100,'esr2023'!$D:$D,"ghg") -> 84980.847 | Z105: =SUMIFS('esr2023'!R:R,'esr2023'!$C:$C,$L105,'esr2023'!$B:$B,$L$100,'esr2023'!$D:$D,"ghg") -> 4578.1817 | AA105: =SUMIFS('esr2023'!S:S,'esr2023'!$C:$C,$L105,'esr2023'!$B:$B,$L$100,'esr2023'!$D:$D,"ghg") -> 10935.349 | AB105: =SUMIFS('esr2023'!T:T,'esr2023'!$C:$C,$L105,'esr2023'!$B:$B,$L$100,'esr2023'!$D:$D,"ghg") -> 23896.889 | AC105: =SUMIFS('esr2023'!U:U,'esr2023'!$C:$C,$L105,'esr2023'!$B:$B,$L$100,'esr2023'!$D:$D,"ghg") -> 888.54974 | AD105: =SUMIFS('esr2023'!V:V,'esr2023'!$C:$C,$L105,'esr2023'!$B:$B,$L$100,'esr2023'!$D:$D,"ghg") -> 52907.188 | AE105: =SUMIFS('esr2023'!W:W,'esr2023'!$C:$C,$L105,'esr2023'!$B:$B,$L$100,'esr2023'!$D:$D,"ghg") -> 5221.3708 | AF105: =SUMIFS('esr2023'!X:X,'esr2023'!$C:$C,$L105,'esr2023'!$B:$B,$L$100,'esr2023'!$D:$D,"ghg") -> 785.60422 | AG105: =SUMIFS('esr2023'!Y:Y,'esr2023'!$C:$C,$L105,'esr2023'!$B:$B,$L$100,'esr2023'!$D:$D,"ghg") -> 2817.9501 | AH105: =SUMIFS('esr2023'!Z:Z,'esr2023'!$C:$C,$L105,'esr2023'!$B:$B,$L$100,'esr2023'!$D:$D,"ghg") -> 288.6506 | AI105: =SUMIFS('esr2023'!AA:AA,'esr2023'!$C:$C,$L105,'esr2023'!$B:$B,$L$100,'esr2023'!$D:$D,"ghg") -> 21484.939 | AJ105: =SUMIFS('esr2023'!AB:AB,'esr2023'!$C:$C,$L105,'esr2023'!$B:$B,$L$100,'esr2023'!$D:$D,"ghg") -> 6146.2539 | AK105: =SUMIFS('esr2023'!AC:AC,'esr2023'!$C:$C,$L105,'esr2023'!$B:$B,$L$100,'esr2023'!$D:$D,"ghg") -> 38709.984 | AL105: =SUMIFS('esr2023'!AD:AD,'esr2023'!$C:$C,$L105,'esr2023'!$B:$B,$L$100,'esr2023'!$D:$D,"ghg") -> 12266.077 | AM105: =SUMIFS('esr2023'!AE:AE,'esr2023'!$C:$C,$L105,'esr2023'!$B:$B,$L$100,'esr2023'!$D:$D,"ghg") -> 25698.378 | AN105: =SUMIFS('esr2023'!AF:AF,'esr2023'!$C:$C,$L105,'esr2023'!$B:$B,$L$100,'esr2023'!$D:$D,"ghg") -> 7665.7593 | AO105: =SUMIFS('esr2023'!AG:AG,'esr2023'!$C:$C,$L105,'esr2023'!$B:$B,$L$100,'esr2023'!$D:$D,"ghg") -> 2242.2409 | AP105: =SUMIFS('esr2023'!AH:AH,'esr2023'!$C:$C,$L105,'esr2023'!$B:$B,$L$100,'esr2023'!$D:$D,"ghg") -> 4315.2684 | AR105: =SUM(M105:AP105)-P105 -> 495484.25
L106: 10y reduction factor | M106: =(M105-M102)/M102 -> -0.11034367 | N106: =(N105-N102)/N102 -> -0.13711611 | O106: =(O105-O102)/O102 -> 0.0017888018 | P106: =(P105-P102)/P102 -> -0.08181811 | Q106: =(Q105-Q102)/Q102 -> 0.11058245 | R106: =(R105-R102)/R102 -> 0.12241779 | S106: =(S105-S102)/S102 -> -0.13362899 | T106: =(T105-T102)/T102 -> 0.012788265 | ... AP106: =(AP105-AP102)/AP102 -> -0.0022080018
L107: estimate for 2030 | M107: =IF(M106<0,M105*M106+M105,M105) -> 7501.3501 | N107: =IF(N106<0,N105*N106+N105,N105) -> 9202.6667 | O107: =IF(O106<0,O105*O106+O105,O105) -> 8939.2771 | P107: =IF(P106<0,P105*P106+P105,P105) -> 6463.8665 | Q107: =IF(Q106<0,Q105*Q106+Q105,Q105) -> 1219.8113 | R107: =IF(R106<0,R105*R106+R105,R105) -> 13546.65 | S107: =IF(S106<0,S105*S106+S105,S105) -> 52698.694 | T107: =IF(T106<0,T105*T106+T105,T105) -> 13432.089 | ... AP107: =IF(AP106<0,AP105*AP106+AP105,AP105) -> 4305.7403 | AR107: =SUM(M107:AP107)-P107 -> 464946.83
J110: Old data | K110: CO2 | L110: 2010 | M110: 71015.153 | N110: 100557.27 | O110: 24735.199 | Q110: 4657.6549 | R110: 74977.134 | S110: 572467.91 | T110: 34305.082 | U110: 5611.4003 | V110: 51284.835 | W110: 231223.06 | X110: 22860 | Y110: 402329.17 | Z110: 18907.069 | AA110: 49711.703 | AB110: 38576.675 | AD110: 375672.27 | AE110: 12001.697 | AF110: 16259.646 | AG110: 8871.5165 | AH110: 1188.3237 | AI110: 154319.29 | AK110: 243492.4 | AL110: 43745.269 | AM110: 62669.393 | AN110: 42192.834 | AO110: 13680.59 | AP110: 33008.174 | AQ110: 444289.03
L111: 2020 | M111: 35507.577 | N111: 50278.636 | O111: 12367.599 | Q111: 2328.8275 | R111: 37488.567 | S111: 286233.96 | T111: 17152.541 | U111: 2805.7001 | V111: 25642.417 | W111: 115611.53 | X111: 18800 | Y111: 201164.59 | Z111: 9453.5343 | AA111: 24855.852 | AB111: 19288.337 | AD111: 187836.13 | AE111: 6000.8483 | AF111: 8129.8232 | AG111: 4435.7582 | AH111: 594.16185 | AI111: 77159.644 | AK111: 121746.2 | AL111: 21872.634 | AM111: 31334.696 | AN111: 21096.417 | AO111: 6840.2948 | AP111: 16504.087 | AQ111: 222144.52
L112: 2021 | AC112: =2876.15 -> 2876.15 | AJ112: =25164.459 -> 25164.459
L113: 2025 | M113: 31534.839 | N113: 43279.818 | O113: 10824.704 | Q113: 2079.8376 | R113: 35345.336 | S113: 245941.16 | T113: 13657.38 | U113: 2777.1364 | V113: 23920.106 | W113: 113569.42 | X113: 15210 | Y113: 170164.2 | Z113: 8980.1588 | AA113: 27836.447 | AB113: 14218.466 | AC113: =2583.522 -> 2583.522 | AD113: 173338.44 | AE113: 6152.3231 | AF113: 5402.7868 | AG113: 4658.7688 | AH113: 570.03531 | AI113: 59753.823 | AJ113: =21693.677 -> 21693.677 | AK113: 109074.8 | AL113: 21526.497 | AM113: 35314.474 | AN113: 17785.198 | AO113: 6720.014 | AP113: 13059.957
L114: 2027 | M114: =(M$115-M$113)/($L$72-$L$113)*($L$114-$L$113)+M$113 -> 30109.775 | N114: =(N$115-N$113)/($L$72-$L$113)*($L$114-$L$113)+N$113 -> 40397.325 | O114: =(O$115-O$113)/($L$72-$L$113)*($L$114-$L$113)+O$113 -> 10409.623 | Q114: =(Q$115-Q$113)/($L$72-$L$113)*($L$114-$L$113)+Q$113 -> 2003.2554 | R114: =(R$115-R$113)/($L$72-$L$113)*($L$114-$L$113)+R$113 -> 33156.829 | S114: =(S$115-S$113)/($L$72-$L$113)*($L$114-$L$113)+S$113 -> 230593.79 | T114: =(T$115-T$113)/($L$72-$L$113)*($L$114-$L$113)+T$113 -> 12289.311 | U114: =(U$115-U$113)/($L$72-$L$113)*($L$114-$L$113)+U$113 -> 2830.6531 | V114: =(V$115-V$113)/($L$72-$L$113)*($L$114-$L$113)+V$113 -> 21858.433 | W114: =(W$115-W$113)/($L$72-$L$113)*($L$114-$L$113)+W$113 -> 105117.53 | X114: =(X$115-X$113)/($L$72-$L$113)*($L$114-$L$113)+X$113 -> 13726 | ... AB114: =(AB$115-AB$113)/($L$72-$L$113)*($L$114-$L$113)+AB$113 -> 12376.853 | AC114: =2437.208 -> 2437.208 | AD114: =(AD$115-AD$113)/($L$72-$L$113)*($L$114-$L$113)+AD$113 -> 160232.62 | AE114: =(AE$115-AE$113)/($L$72-$L$113)*($L$114-$L$113)+AE$113 -> 5752.41 | AF114: =(AF$115-AF$113)/($L$72-$L$113)*($L$114-$L$113)+AF$113 -> 4813.935 | AG114: =(AG$115-AG$113)/($L$72-$L$113)*($L$114-$L$113)+AG$113 -> 4443.8339 | AH114: =(AH$115-AH$113)/($L$72-$L$113)*($L$114-$L$113)+AH$113 -> 561.53198 | AI114: =(AI$115-AI$113)/($L$72-$L$113)*($L$114-$L$113)+AI$113 -> 55379.333 | AJ114: =19958.287 -> 19958.287 | AK114: =(AK$115-AK$113)/($L$72-$L$113)*($L$114-$L$113)+AK$113 -> 99082.62 | AL114: =(AL$115-AL$113)/($L$72-$L$113)*($L$114-$L$113)+AL$113 -> 19925.106 | AM114: =(AM$115-AM$113)/($L$72-$L$113)*($L$114-$L$113)+AM$113 -> 35049.383 | AN114: =(AN$115-AN$113)/($L$72-$L$113)*($L$114-$L$113)+AN$113 -> 16324.901 | AO114: =(AO$115-AO$113)/($L$72-$L$113)*($L$114-$L$113)+AO$113 -> 6251.8214 | AP114: =(AP$115-AP$113)/($L$72-$L$113)*($L$114-$L$113)+AP$113 -> 12621.013 | AQ114: 202495.18
L115: 2030 | M115: 27972.178 | N115: 36073.584 | O115: 9787.0013 | Q115: 1888.3821 | R115: 29874.068 | S115: 207572.73 | T115: 10237.207 | U115: 2910.9283 | V115: 18765.925 | W115: 92439.708 | X115: 11500 | Y115: 138260.82 | Z115: 8115.7479 | AA115: 23210.549 | AB115: 9614.4335 | AC115: =2217.736 -> 2217.736 | AD115: 140573.91 | AE115: 5152.5404 | AF115: 3930.6571 | AG115: 4121.4315 | AH115: 548.77697 | AI115: 48817.597 | AJ115: =17355.2 -> 17355.2 | AK115: 84094.346 | AL115: 17523.021 | AM115: 34651.748 | AN115: 14134.456 | AO115: 5549.5325 | AP115: 11962.597 | AQ115: 194956.35
K117: compare to inv data | L117: 2010 | M117: =M110-M88 -> 26914.478 | N117: =N110-N88 -> 28965.933 | O117: =O110-O88 -> 11978.301 | P117: =P110-P88 -> -38619.556 | Q117: =Q110-Q88 -> 1026.4394 | R117: =R110-R88 -> 31704.474 | S117: =S110-S88 -> 146288.75 | T117: =T110-T88 -> 9473.7908 | ... AQ117: =AQ110-AQ88 -> 444289.03
L118: 2020 | M118: =M111-M90 -> -8018.0522 | N118: =N111-N90 -> -12602.456 | O118: =O111-O90 -> -2863.996 | P118: =P111-P90 -> -31076.312 | Q118: =Q111-Q90 -> -911.48373 | R118: =R111-R90 -> -2821.0914 | S118: =S111-S90 -> -122090.36 | T118: =T111-T90 -> -4643.5158 | ... AQ118: =AQ111-AQ90 -> 222144.52
L119: 2021 | AC119: =AC112-AC91 -> 1332.7048 | AJ119: =AJ112-AJ91 -> 8178.078
L120: 2030 | M120: =M115-M75 -> 4079.2812 | N120: =N115-N75 -> -1926.5347 | O120: =O115-O75 -> -4936.3043 | P120: =P115-P75 -> -41031.554 | Q120: =Q115-Q75 -> -103.91564 | R120: =R115-R75 -> -3362.4927 | S120: =S115-S75 -> 5384.4344 | T120: =T115-T75 -> 2949.7721 | ... AQ120: =AQ115-AQ75 -> 194956.35
K130: Estimates of the emissions of non-modelled ESR sectors
K131: in ktCO2eq | M131: AT | N131: BE | O131: BG | P131: CH | Q131: CY | R131: CZ | S131: DE | T131: DK | U131: EE | V131: EL | W131: ES | X131: FI | Y131: FR | Z131: HR | AA131: HU | AB131: IE | AC131: IS | AD131: IT | AE131: LT | AF131: LU | AG131: LV | AH131: MT | AI131: NL | AJ131: NO | AK131: PL | AL131: PT | AM131: RO | AN131: SE | AO131: SI | AP131: SK | AQ131: UK
K132: Waste 5 | L132: 2020 | X132: 1920 | AC132: =0.3*1000 -> 300 | AJ132: =2*1000 -> 2000
L133: 2025 | X133: 1500 | AC133: =AVERAGE(AC132,AC134) -> 300 | AJ133: =AVERAGE(AJ132,AJ134) -> 1750
L134: 2030 | X134: 1240 | AC134: =0.3*1000 -> 300 | AJ134: =1.5*1000 -> 1500
...

Sheet ETS2CO2price
C1: Harmonised trajectory for the carbon price/value (EUR2020/tCO2)
C2: updated 08/2025 | E2: conversion EUR23->EUR20 | F2: 1.1941
C3: WEM-trajectory
C5: ~TFM_INS
C6: Attribute | D6: Year | E6: Other_indexes | F6: AllRegions | G6: UK | H6: Pset_PN | I6: Pset_Set | J6: Cset_CN | K6: Curr | N6: Values used in NEGEM
A7: Residential, commercial, agri, small industry | C7: COM_TAXPRD | D7: 2026 | F7: 0 | J7: RSDCO2N,COMCO2N,AGRCO2N,NETSCO2 | K7: EUR20
C8: COM_TAXPRD | D8: 2027 | F8: =0.03/F2 -> 0.025123524 | J8: RSDCO2N,COMCO2N,AGRCO2N,NETSCO2 | K8: EUR20
C9: COM_TAXPRD | D9: 2028 | F9: =0.05/F2 -> 0.04187254 | J9: =J8 -> RSDCO2N,COMCO2N,AGRCO2N,NETSCO2 | K9: =K8 -> EUR20
C10: COM_TAXPRD | D10: 2030 | F10: =0.06/F2 -> 0.050247048 | J10: RSDCO2N,COMCO2N,AGRCO2N,NETSCO2 | K10: EUR20 | N10: 0.06 | O10: EUR15
C11: COM_TAXPRD | D11: 2035 | F11: =0.1/F2 -> 0.08374508 | J11: RSDCO2N,COMCO2N,AGRCO2N,NETSCO2 | K11: EUR20 | N11: 0.073 | O11: EUR15
C12: COM_TAXPRD | D12: 2040 | F12: =0.105/F2 -> 0.087932334 | J12: RSDCO2N,COMCO2N,AGRCO2N,NETSCO2 | K12: EUR20 | N12: 0.082 | O12: EUR15
C13: COM_TAXPRD | D13: 2045 | F13: =0.16/F2 -> 0.13399213 | J13: RSDCO2N,COMCO2N,AGRCO2N,NETSCO2 | K13: EUR20 | N13: 0.124 | O13: EUR15
C14: COM_TAXPRD | D14: 2050 | F14: =0.19/F2 -> 0.15911565 | J14: RSDCO2N,COMCO2N,AGRCO2N,NETSCO2 | K14: EUR20 | N14: 0.153 | O14: EUR15
C15: COM_TAXPRD | D15: 2055 | F15: =0.22/F2 -> 0.18423918 | J15: RSDCO2N,COMCO2N,AGRCO2N,NETSCO2 | K15: EUR20 | N15: 0.153 | O15: EUR15
C16: COM_TAXPRD | D16: 0 | F16: 5 | J16: RSDCO2N,COMCO2N,AGRCO2N,NETSCO2 | K16: EUR20
A17: Transport excl. maritime, aviation | C17: COM_TAXPRD | D17: 2026 | F17: 0 | H17: BLDDSL,BLDDSL_RAI,BLDGSLE85,BLDGSLSP95,BLDGSLSP95E10,TRAGAS00,TRAGASH2C01,TRALPG00,BLD_RFNBO_DSL,BLD_RFNBO_RAI,BLD_RFNBO_GSL,BLD_RFNBO_GAS,-BLDJET,-TRAHFO00,-TRALFO00,-BLD_RFNBO_JET,-BLD_RFNBO_NAV | J17: SE_TRACO2N | K17: =K7 -> EUR20
C18: COM_TAXPRD | D18: 2027 | F18: =F8 -> 0.025123524 | H18: =H17 -> BLDDSL,BLDDSL_RAI,BLDGSLE85,BLDGSLSP95,BLDGSLSP95E10,TRAGAS00,TRAGASH2C01,TRALPG00,BLD_RFNBO_DSL,BLD_RFNBO_RAI,BLD_RFNBO_GSL,BLD_RFNBO_GAS,-BLDJET,-TRAHFO00,-TRALFO00,-BLD_RFNBO_JET,-BLD_RFNBO_NAV | J18: SE_TRACO2N | K18: =K8 -> EUR20
C19: COM_TAXPRD | D19: 2030 | F19: =F10 -> 0.050247048 | H19: =H18 -> BLDDSL,BLDDSL_RAI,BLDGSLE85,BLDGSLSP95,BLDGSLSP95E10,TRAGAS00,TRAGASH2C01,TRALPG00,BLD_RFNBO_DSL,BLD_RFNBO_RAI,BLD_RFNBO_GSL,BLD_RFNBO_GAS,-BLDJET,-TRAHFO00,-TRALFO00,-BLD_RFNBO_JET,-BLD_RFNBO_NAV | J19: SE_TRACO2N | K19: =K10 -> EUR20
C20: COM_TAXPRD | D20: 2035 | F20: =F11 -> 0.08374508 | H20: =H19 -> BLDDSL,BLDDSL_RAI,BLDGSLE85,BLDGSLSP95,BLDGSLSP95E10,TRAGAS00,TRAGASH2C01,TRALPG00,BLD_RFNBO_DSL,BLD_RFNBO_RAI,BLD_RFNBO_GSL,BLD_RFNBO_GAS,-BLDJET,-TRAHFO00,-TRALFO00,-BLD_RFNBO_JET,-BLD_RFNBO_NAV | J20: SE_TRACO2N | K20: =K11 -> EUR20
C21: COM_TAXPRD | D21: 2040 | F21: =F12 -> 0.087932334 | H21: =H20 -> BLDDSL,BLDDSL_RAI,BLDGSLE85,BLDGSLSP95,BLDGSLSP95E10,TRAGAS00,TRAGASH2C01,TRALPG00,BLD_RFNBO_DSL,BLD_RFNBO_RAI,BLD_RFNBO_GSL,BLD_RFNBO_GAS,-BLDJET,-TRAHFO00,-TRALFO00,-BLD_RFNBO_JET,-BLD_RFNBO_NAV | J21: SE_TRACO2N | K21: =K12 -> EUR20
C22: COM_TAXPRD | D22: 2045 | F22: =F13 -> 0.13399213 | H22: =H21 -> BLDDSL,BLDDSL_RAI,BLDGSLE85,BLDGSLSP95,BLDGSLSP95E10,TRAGAS00,TRAGASH2C01,TRALPG00,BLD_RFNBO_DSL,BLD_RFNBO_RAI,BLD_RFNBO_GSL,BLD_RFNBO_GAS,-BLDJET,-TRAHFO00,-TRALFO00,-BLD_RFNBO_JET,-BLD_RFNBO_NAV | J22: SE_TRACO2N | K22: =K13 -> EUR20
C23: COM_TAXPRD | D23: 2050 | F23: =F14 -> 0.15911565 | H23: =H22 -> BLDDSL,BLDDSL_RAI,BLDGSLE85,BLDGSLSP95,BLDGSLSP95E10,TRAGAS00,TRAGASH2C01,TRALPG00,BLD_RFNBO_DSL,BLD_RFNBO_RAI,BLD_RFNBO_GSL,BLD_RFNBO_GAS,-BLDJET,-TRAHFO00,-TRALFO00,-BLD_RFNBO_JET,-BLD_RFNBO_NAV | J23: SE_TRACO2N | K23: =K14 -> EUR20
C24: COM_TAXPRD | D24: 2055 | F24: =F15 -> 0.18423918 | H24: =H23 -> BLDDSL,BLDDSL_RAI,BLDGSLE85,BLDGSLSP95,BLDGSLSP95E10,TRAGAS00,TRAGASH2C01,TRALPG00,BLD_RFNBO_DSL,BLD_RFNBO_RAI,BLD_RFNBO_GSL,BLD_RFNBO_GAS,-BLDJET,-TRAHFO00,-TRALFO00,-BLD_RFNBO_JET,-BLD_RFNBO_NAV | J24: SE_TRACO2N | K24: =K15 -> EUR20
C25: COM_TAXPRD | D25: 0 | F25: =F16 -> 5 | H25: =H24 -> BLDDSL,BLDDSL_RAI,BLDGSLE85,BLDGSLSP95,BLDGSLSP95E10,TRAGAS00,TRAGASH2C01,TRALPG00,BLD_RFNBO_DSL,BLD_RFNBO_RAI,BLD_RFNBO_GSL,BLD_RFNBO_GAS,-BLDJET,-TRAHFO00,-TRALFO00,-BLD_RFNBO_JET,-BLD_RFNBO_NAV | J25: SE_TRACO2N | K25: =K16 -> EUR20
C29: WAM-trajectory
C31: DeActTFM_INS
C32: Attribute | D32: Year | E32: Other_indexes | F32: AllRegions | G32: UK | H32: Pset_PN | I32: Pset_Set | J32: Cset_CN | K32: Curr
A33: Residential, commercial, agri, small industry | C33: COM_TAXPRD | D33: 2026 | F33: =F7 -> 0 | J33: RSDCO2N,COMCO2N,AGRCO2N,NETSCO2 | K33: EUR20
C34: COM_TAXPRD | D34: 2027 | F34: =F8 -> 0.025123524 | J34: RSDCO2N,COMCO2N,AGRCO2N,NETSCO2 | K34: EUR20
C35: COM_TAXPRD | D35: 2030 | F35: =F10 -> 0.050247048 | J35: RSDCO2N,COMCO2N,AGRCO2N,NETSCO2 | K35: EUR20
C36: COM_TAXPRD | D36: 2035 | F36: =120/1000 -> 0.12 | J36: RSDCO2N,COMCO2N,AGRCO2N,NETSCO2 | K36: EUR20
C37: COM_TAXPRD | D37: 2040 | F37: =250/1000 -> 0.25 | J37: RSDCO2N,COMCO2N,AGRCO2N,NETSCO2 | K37: EUR20
C38: COM_TAXPRD | D38: 2045 | F38: =360/1000 -> 0.36 | J38: RSDCO2N,COMCO2N,AGRCO2N,NETSCO2 | K38: EUR20
C39: COM_TAXPRD | D39: 2050 | F39: =410/1000 -> 0.41 | J39: RSDCO2N,COMCO2N,AGRCO2N,NETSCO2 | K39: EUR20
C40: COM_TAXPRD | D40: 2060 | F40: =F39 -> 0.41 | J40: RSDCO2N,COMCO2N,AGRCO2N,NETSCO2 | K40: EUR20
C41: COM_TAXPRD | D41: 0 | F41: 5 | J41: RSDCO2N,COMCO2N,AGRCO2N,NETSCO2 | K41: EUR20
A42: Transport excl. maritime, aviation | C42: COM_TAXPRD | D42: 2026 | F42: 0 | H42: =H17 -> BLDDSL,BLDDSL_RAI,BLDGSLE85,BLDGSLSP95,BLDGSLSP95E10,TRAGAS00,TRAGASH2C01,TRALPG00,BLD_RFNBO_DSL,BLD_RFNBO_RAI,BLD_RFNBO_GSL,BLD_RFNBO_GAS,-BLDJET,-TRAHFO00,-TRALFO00,-BLD_RFNBO_JET,-BLD_RFNBO_NAV | J42: SE_TRACO2N | K42: EUR20
C43: COM_TAXPRD | D43: 2027 | F43: =F34 -> 0.025123524 | H43: =H42 -> BLDDSL,BLDDSL_RAI,BLDGSLE85,BLDGSLSP95,BLDGSLSP95E10,TRAGAS00,TRAGASH2C01,TRALPG00,BLD_RFNBO_DSL,BLD_RFNBO_RAI,BLD_RFNBO_GSL,BLD_RFNBO_GAS,-BLDJET,-TRAHFO00,-TRALFO00,-BLD_RFNBO_JET,-BLD_RFNBO_NAV | J43: SE_TRACO2N | K43: EUR20
C44: COM_TAXPRD | D44: 2030 | F44: =F35 -> 0.050247048 | H44: =H43 -> BLDDSL,BLDDSL_RAI,BLDGSLE85,BLDGSLSP95,BLDGSLSP95E10,TRAGAS00,TRAGASH2C01,TRALPG00,BLD_RFNBO_DSL,BLD_RFNBO_RAI,BLD_RFNBO_GSL,BLD_RFNBO_GAS,-BLDJET,-TRAHFO00,-TRALFO00,-BLD_RFNBO_JET,-BLD_RFNBO_NAV | J44: SE_TRACO2N | K44: EUR20
C45: COM_TAXPRD | D45: 2035 | F45: =F36 -> 0.12 | H45: =H44 -> BLDDSL,BLDDSL_RAI,BLDGSLE85,BLDGSLSP95,BLDGSLSP95E10,TRAGAS00,TRAGASH2C01,TRALPG00,BLD_RFNBO_DSL,BLD_RFNBO_RAI,BLD_RFNBO_GSL,BLD_RFNBO_GAS,-BLDJET,-TRAHFO00,-TRALFO00,-BLD_RFNBO_JET,-BLD_RFNBO_NAV | J45: SE_TRACO2N | K45: EUR20
C46: COM_TAXPRD | D46: 2040 | F46: =F37 -> 0.25 | H46: =H45 -> BLDDSL,BLDDSL_RAI,BLDGSLE85,BLDGSLSP95,BLDGSLSP95E10,TRAGAS00,TRAGASH2C01,TRALPG00,BLD_RFNBO_DSL,BLD_RFNBO_RAI,BLD_RFNBO_GSL,BLD_RFNBO_GAS,-BLDJET,-TRAHFO00,-TRALFO00,-BLD_RFNBO_JET,-BLD_RFNBO_NAV | J46: SE_TRACO2N | K46: EUR20
C47: COM_TAXPRD | D47: 2045 | F47: =F38 -> 0.36 | H47: =H46 -> BLDDSL,BLDDSL_RAI,BLDGSLE85,BLDGSLSP95,BLDGSLSP95E10,TRAGAS00,TRAGASH2C01,TRALPG00,BLD_RFNBO_DSL,BLD_RFNBO_RAI,BLD_RFNBO_GSL,BLD_RFNBO_GAS,-BLDJET,-TRAHFO00,-TRALFO00,-BLD_RFNBO_JET,-BLD_RFNBO_NAV | J47: SE_TRACO2N | K47: EUR20
C48: COM_TAXPRD | D48: 2050 | F48: =F39 -> 0.41 | H48: =H47 -> BLDDSL,BLDDSL_RAI,BLDGSLE85,BLDGSLSP95,BLDGSLSP95E10,TRAGAS00,TRAGASH2C01,TRALPG00,BLD_RFNBO_DSL,BLD_RFNBO_RAI,BLD_RFNBO_GSL,BLD_RFNBO_GAS,-BLDJET,-TRAHFO00,-TRALFO00,-BLD_RFNBO_JET,-BLD_RFNBO_NAV | J48: SE_TRACO2N | K48: EUR20
C49: COM_TAXPRD | D49: 2060 | F49: =F40 -> 0.41 | H49: =H48 -> BLDDSL,BLDDSL_RAI,BLDGSLE85,BLDGSLSP95,BLDGSLSP95E10,TRAGAS00,TRAGASH2C01,TRALPG00,BLD_RFNBO_DSL,BLD_RFNBO_RAI,BLD_RFNBO_GSL,BLD_RFNBO_GAS,-BLDJET,-TRAHFO00,-TRALFO00,-BLD_RFNBO_JET,-BLD_RFNBO_NAV | J49: SE_TRACO2N | K49: EUR20
C50: COM_TAXPRD | D50: 0 | F50: 5 | H50: =H49 -> BLDDSL,BLDDSL_RAI,BLDGSLE85,BLDGSLSP95,BLDGSLSP95E10,TRAGAS00,TRAGASH2C01,TRALPG00,BLD_RFNBO_DSL,BLD_RFNBO_RAI,BLD_RFNBO_GSL,BLD_RFNBO_GAS,-BLDJET,-TRAHFO00,-TRALFO00,-BLD_RFNBO_JET,-BLD_RFNBO_NAV | J50: SE_TRACO2N | K50: EUR20
C54: The indicative post_x0002_2030 “WAM” trajectory is a modelling driver to reach the EU 2050 climate neutrality in the FF55 package analysis. It is
C55: acknowledged that national analyses projecting economy-wide GHG emissions compatible with the EU 2050 climate
C56: neutrality objective may provide a different carbon value trajectory
C59: In between WEM/WAM
C61: deactTFM_INS
C62: Attribute | D62: Year | E62: Other_indexes | F62: AllRegions | G62: Pset_PN | H62: Pset_Set | I62: Cset_CN | J62: Curr
A63: Residential, commercial, agri, small industry | C63: COM_TAXPRD | D63: 2026 | F63: 0 | I63: RSDCO2N,COMCO2N,AGRCO2N,NETSCO2 | J63: EUR20
C64: COM_TAXPRD | D64: 2027 | F64: 0.025123524 | I64: RSDCO2N,COMCO2N,AGRCO2N,NETSCO2 | J64: EUR20
C65: COM_TAXPRD | D65: 2030 | F65: 0.050247048 | I65: RSDCO2N,COMCO2N,AGRCO2N,NETSCO2 | J65: EUR20
C66: COM_TAXPRD | D66: 2035 | F66: 0.1 | I66: RSDCO2N,COMCO2N,AGRCO2N,NETSCO2 | J66: EUR20
C67: COM_TAXPRD | D67: 2040 | F67: 0.15 | I67: RSDCO2N,COMCO2N,AGRCO2N,NETSCO2 | J67: EUR20
C68: COM_TAXPRD | D68: 2045 | F68: 0.21 | I68: RSDCO2N,COMCO2N,AGRCO2N,NETSCO2 | J68: EUR20
C69: COM_TAXPRD | D69: 2050 | F69: 0.3 | I69: RSDCO2N,COMCO2N,AGRCO2N,NETSCO2 | J69: EUR20
C70: COM_TAXPRD | D70: 2060 | F70: 0.41 | I70: RSDCO2N,COMCO2N,AGRCO2N,NETSCO2 | J70: EUR20
C71: COM_TAXPRD | D71: 0 | F71: 5 | I71: RSDCO2N,COMCO2N,AGRCO2N,NETSCO2 | J71: EUR20
A72: Transport excl. maritime, aviation | C72: COM_TAXPRD | D72: 2026 | F72: 0 | G72: BLDDSL,BLDDSL_RAI,BLDGSLE85,BLDGSLSP95,BLDGSLSP95E10,TRAGAS00,TRAGASH2C01,TRALPG00,BLD_RFNBO_DSL,BLD_RFNBO_RAI,BLD_RFNBO_GSL,BLD_RFNBO_GAS,-BLDJET,-TRAHFO00,-TRALFO00,-BLD_RFNBO_JET,-BLD_RFNBO_NAV | I72: SE_TRACO2N | J72: EUR20
C73: COM_TAXPRD | D73: 2027 | F73: 0.025123524 | G73: BLDDSL,BLDDSL_RAI,BLDGSLE85,BLDGSLSP95,BLDGSLSP95E10,TRAGAS00,TRAGASH2C01,TRALPG00,BLD_RFNBO_DSL,BLD_RFNBO_RAI,BLD_RFNBO_GSL,BLD_RFNBO_GAS,-BLDJET,-TRAHFO00,-TRALFO00,-BLD_RFNBO_JET,-BLD_RFNBO_NAV | I73: SE_TRACO2N | J73: EUR20
C74: COM_TAXPRD | D74: 2030 | F74: 0.050247048 | G74: BLDDSL,BLDDSL_RAI,BLDGSLE85,BLDGSLSP95,BLDGSLSP95E10,TRAGAS00,TRAGASH2C01,TRALPG00,BLD_RFNBO_DSL,BLD_RFNBO_RAI,BLD_RFNBO_GSL,BLD_RFNBO_GAS,-BLDJET,-TRAHFO00,-TRALFO00,-BLD_RFNBO_JET,-BLD_RFNBO_NAV | I74: SE_TRACO2N | J74: EUR20
C75: COM_TAXPRD | D75: 2035 | F75: 0.1 | G75: BLDDSL,BLDDSL_RAI,BLDGSLE85,BLDGSLSP95,BLDGSLSP95E10,TRAGAS00,TRAGASH2C01,TRALPG00,BLD_RFNBO_DSL,BLD_RFNBO_RAI,BLD_RFNBO_GSL,BLD_RFNBO_GAS,-BLDJET,-TRAHFO00,-TRALFO00,-BLD_RFNBO_JET,-BLD_RFNBO_NAV | I75: SE_TRACO2N | J75: EUR20
C76: COM_TAXPRD | D76: 2040 | F76: 0.15 | G76: BLDDSL,BLDDSL_RAI,BLDGSLE85,BLDGSLSP95,BLDGSLSP95E10,TRAGAS00,TRAGASH2C01,TRALPG00,BLD_RFNBO_DSL,BLD_RFNBO_RAI,BLD_RFNBO_GSL,BLD_RFNBO_GAS,-BLDJET,-TRAHFO00,-TRALFO00,-BLD_RFNBO_JET,-BLD_RFNBO_NAV | I76: SE_TRACO2N | J76: EUR20
C77: COM_TAXPRD | D77: 2045 | F77: 0.21 | G77: BLDDSL,BLDDSL_RAI,BLDGSLE85,BLDGSLSP95,BLDGSLSP95E10,TRAGAS00,TRAGASH2C01,TRALPG00,BLD_RFNBO_DSL,BLD_RFNBO_RAI,BLD_RFNBO_GSL,BLD_RFNBO_GAS,-BLDJET,-TRAHFO00,-TRALFO00,-BLD_RFNBO_JET,-BLD_RFNBO_NAV | I77: SE_TRACO2N | J77: EUR20
C78: COM_TAXPRD | D78: 2050 | F78: 0.3 | G78: BLDDSL,BLDDSL_RAI,BLDGSLE85,BLDGSLSP95,BLDGSLSP95E10,TRAGAS00,TRAGASH2C01,TRALPG00,BLD_RFNBO_DSL,BLD_RFNBO_RAI,BLD_RFNBO_GSL,BLD_RFNBO_GAS,-BLDJET,-TRAHFO00,-TRALFO00,-BLD_RFNBO_JET,-BLD_RFNBO_NAV | I78: SE_TRACO2N | J78: EUR20
C79: COM_TAXPRD | D79: 2060 | F79: 0.41 | G79: BLDDSL,BLDDSL_RAI,BLDGSLE85,BLDGSLSP95,BLDGSLSP95E10,TRAGAS00,TRAGASH2C01,TRALPG00,BLD_RFNBO_DSL,BLD_RFNBO_RAI,BLD_RFNBO_GSL,BLD_RFNBO_GAS,-BLDJET,-TRAHFO00,-TRALFO00,-BLD_RFNBO_JET,-BLD_RFNBO_NAV | I79: SE_TRACO2N | J79: EUR20
C80: COM_TAXPRD | D80: 0 | F80: 5 | G80: BLDDSL,BLDDSL_RAI,BLDGSLE85,BLDGSLSP95,BLDGSLSP95E10,TRAGAS00,TRAGASH2C01,TRALPG00,BLD_RFNBO_DSL,BLD_RFNBO_RAI,BLD_RFNBO_GSL,BLD_RFNBO_GAS,-BLDJET,-TRAHFO00,-TRALFO00,-BLD_RFNBO_JET,-BLD_RFNBO_NAV | I80: SE_TRACO2N | J80: EUR20

Sheet Cap trajectories
A1: https://www.umweltbundesamt.de/sites/default/files/medien/11850/publikationen/factsheet_cap_msr_2023_en_v2.pdf | F1: 1954.5455 | N1: =-O10/N10 -> 1835.2222 | P1: https://climate.ec.europa.eu/eu-action/eu-emissions-trading-system-eu-ets/ets2-buildings-road-transport-and-additional-sectors_en
A2: https://climate.ec.europa.eu/news-your-voice/news/emissions-trading-system-buildings-road-transport-and-small-industry-ets2-cap-adopted-2027-2024-12-03_en | C2: Sum of ETS1 and ETS2 | D2: ETS1 Total Cap (new) | E2: Cap according to previous directive (without UK) | F2: LFR | G2: Annual cap reduction through LRFs (stationary) | H2: Rebasing the cap | I2: Cap stationary installations (new) | J2: Cap maritime transport | K2: Maritime cap reduction | M2: ETS2 Total Cap | N2: LFR | O2: Annual cap reduction through LFRs
A3: https://climate.ec.europa.eu/eu-action/eu-emissions-trading-system-eu-ets/about-eu-ets_en#our-climate-ambition-for-2030 | B3: 2018 | F3: 0.0174
B4: 2019 | F4: 0.0174
B5: 2020 | E5: =1615 -> 1615 | F5: 0.0174 | G5: =-$F$1*F5 -> -34.009091 | H5: 34
B6: 2021 | E6: =1572 -> 1572 | F6: 0.022 | G6: =-$F$1*F6 -> -43 | H6: 43
B7: 2022 | E7: =1529 -> 1529 | F7: 0.022 | G7: =-$F$1*F7 -> -43
B8: 2023 | E8: =1486 -> 1486 | F8: 0.022 | G8: =-$F$1*F8 -> -43
B9: 2024 | D9: =I9+J9 -> 1386.9545 | E9: 1443 | F9: 0.043 | G9: =-$F$1*F9 -> -84.045455 | H9: -90 | I9: =E8+G9+H9 -> 1311.9545 | J9: 75 | K9: =-$J$9*F9 -> -3.225
B10: 2025 | D10: =I10+J10 -> 1299.6841 | E10: 1400 | F10: 0.043 | G10: =-$F$1*F10 -> -84.045455 | I10: =I9+G10+H10 -> 1227.9091 | J10: =J9+K9 -> 71.775 | K10: =-$J$9*F10 -> -3.225 | M10: =1223481445/1000/1000 -> 1223.4814 | N10: 0.051 | O10: =-(M10-M12)/2 -> -93.596331 | P10: 1057014.6 | Q10: TRA | R10: AGR | S10: NETS | T10: others
B11: 2026 | D11: =I11+J11 -> 1185.4136 | E11: 1357 | F11: 0.043 | G11: =-$F$1*F11 -> -84.045455 | H11: -27 | I11: =I10+G11+H11 -> 1116.8636 | J11: =J10+K10 -> 68.55 | K11: =-$J$9*F11 -> -3.225 | M11: =M10+O11 -> 1129.8851 | N11: 0.051 | O11: =O10 -> -93.596331 | S11: 180000
B12: 2027 | D12: =I12+J12 -> 1098.1432 | E12: 1314 | F12: 0.043 | G12: =-$F$1*F12 -> -84.045455 | I12: =I11+G12+H12 -> 1032.8182 | J12: =J11+K11 -> 65.325 | K12: =-$J$9*F12 -> -3.225 | M12: =1036288784/1000/1000 -> 1036.2888 | N12: =N11 -> 0.051 | O12: =-N12*$N$1 -> -93.596331
B13: 2028 | D13: =I13+J13 -> 1008.9182 | E13: 1271 | F13: 0.044 | G13: =-$F$1*F13 -> -86 | I13: =I12+G13+H13 -> 946.81818 | J13: =J12+K12 -> 62.1 | K13: =-$J$9*F13 -> -3.3 | M13: =M12+O13 -> 937.55383 | N13: 0.0538 | O13: =-N13*$N$1 -> -98.734953
B14: 2029 | D14: =I14+J14 -> 919.61818 | E14: 1228 | F14: 0.044 | G14: =-$F$1*F14 -> -86 | I14: =I13+G14+H14 -> 860.81818 | J14: =J13+K13 -> 58.8 | K14: =-$J$9*F14 -> -3.3 | M14: =M13+O14 -> 838.81888 | N14: =N13 -> 0.0538 | O14: =-N14*$N$1 -> -98.734953
B15: 2030 | D15: =I15+J15 -> 830.31818 | E15: 1184 | F15: 0.044 | G15: =-$F$1*F15 -> -86 | I15: =I14+G15+H15 -> 774.81818 | J15: =J14+K14 -> 55.5 | K15: =-$J$9*F15 -> -3.3 | M15: =M14+O15 -> 740.08393 | N15: =N14 -> 0.0538 | O15: =-N15*$N$1 -> -98.734953 | P15: 1004163.8 | Q15: 500000 | R15: 16000 | S15: 100000 | T15: =P15-Q15-R15-S15 -> 388163.83
B16: 2031 | D16: =I16+J16 -> 741.01818 | F16: =F15 -> 0.044 | G16: =-$F$1*F16 -> -86 | I16: =I15+G16+H16 -> 688.81818 | J16: =J15+K15 -> 52.2 | K16: =-$J$9*F16 -> -3.3 | M16: =M15+O16 -> 641.34897 | N16: =N15 -> 0.0538 | O16: =-N16*$N$1 -> -98.734953 | P16: 1004163.8 | R16: =(R$20-R$15)/5+R15 -> 15800 | S16: =(S$20-S$15)/5+S15 -> 96000 | T16: =P16-Q16-R16-S16 -> 892363.83
B17: 2032 | D17: =I17+J17 -> 651.71818 | F17: =F16 -> 0.044 | G17: =-$F$1*F17 -> -86 | I17: =I16+G17+H17 -> 602.81818 | J17: =J16+K16 -> 48.9 | K17: =-$J$9*F17 -> -3.3 | M17: =M16+O17 -> 542.61402 | N17: =N16 -> 0.0538 | O17: =-N17*$N$1 -> -98.734953 | P17: 1004163.8 | R17: =(R$20-R$15)/5+R16 -> 15600 | S17: =(S$20-S$15)/5+S16 -> 92000 | T17: =P17-Q17-R17-S17 -> 896563.83
B18: 2033 | D18: =I18+J18 -> 562.41818 | F18: =F17 -> 0.044 | G18: =-$F$1*F18 -> -86 | I18: =I17+G18+H18 -> 516.81818 | J18: =J17+K17 -> 45.6 | K18: =-$J$9*F18 -> -3.3 | M18: =M17+O18 -> 443.87907 | N18: =N17 -> 0.0538 | O18: =-N18*$N$1 -> -98.734953 | P18: 1004163.8 | R18: =(R$20-R$15)/5+R17 -> 15400 | S18: =(S$20-S$15)/5+S17 -> 88000 | T18: =P18-Q18-R18-S18 -> 900763.83
B19: 2034 | D19: =I19+J19 -> 473.11818 | F19: =F18 -> 0.044 | G19: =-$F$1*F19 -> -86 | I19: =I18+G19+H19 -> 430.81818 | J19: =J18+K18 -> 42.3 | K19: =-$J$9*F19 -> -3.3 | M19: =M18+O19 -> 345.14412 | N19: =N18 -> 0.0538 | O19: =-N19*$N$1 -> -98.734953 | P19: 1004163.8 | R19: =(R$20-R$15)/5+R18 -> 15200 | S19: =(S$20-S$15)/5+S18 -> 84000 | T19: =P19-Q19-R19-S19 -> 904963.83
A20: ETS1 and 2 prices converge in 2035 | B20: 2035 | C20: =D20+M20 -> 630.22735 | D20: =I20+J20 -> 383.81818 | F20: =F19 -> 0.044 | G20: =-$F$1*F20 -> -86 | I20: =I19+G20+H20 -> 344.81818 | J20: =J19+K19 -> 39 | K20: =-$J$9*F20 -> -3.3 | M20: =M19+O20 -> 246.40916 | N20: =N19 -> 0.0538 | O20: =-N20*$N$1 -> -98.734953 | P20: 1004163.8 | R20: 15000 | S20: 80000 | T20: =P20-Q20-R20-S20 -> 909163.83
B21: 2036 | C21: =D21+M21 -> 442.19239 | D21: =I21+J21 -> 294.51818 | F21: =F20 -> 0.044 | G21: =-$F$1*F21 -> -86 | I21: =I20+G21+H21 -> 258.81818 | J21: =J20+K20 -> 35.7 | K21: =-$J$9*F21 -> -3.3 | M21: =M20+O21 -> 147.67421 | N21: =N20 -> 0.0538 | O21: =-N21*$N$1 -> -98.734953 | P21: 1004163.8 | R21: =(R$25-R$20)/5+R20 -> 14700 | S21: =(S$25-S$20)/5+S20 -> 76000 | T21: =P21-Q21-R21-S21 -> 913463.83
B22: 2037 | C22: =D22+M22 -> 254.15744 | D22: =I22+J22 -> 205.21818 | F22: =F21 -> 0.044 | G22: =-$F$1*F22 -> -86 | I22: =I21+G22+H22 -> 172.81818 | J22: =J21+K21 -> 32.4 | K22: =-$J$9*F22 -> -3.3 | M22: =M21+O22 -> 48.939258 | N22: =N21 -> 0.0538 | O22: =-N22*$N$1 -> -98.734953 | P22: 1004163.8 | R22: =(R$25-R$20)/5+R21 -> 14400 | S22: =(S$25-S$20)/5+S21 -> 72000 | T22: =P22-Q22-R22-S22 -> 917763.83
A23: With these assumptions | B23: 2038 | C23: =D23+M23 -> 66.122488 | D23: =I23+J23 -> 115.91818 | F23: =F22 -> 0.044 | G23: =-$F$1*F23 -> -86 | I23: =I22+G23+H23 -> 86.818182 | J23: =J22+K22 -> 29.1 | K23: =-$J$9*F23 -> -3.3 | M23: =M22+O23 -> -49.795694 | N23: =N22 -> 0.0538 | O23: =-N23*$N$1 -> -98.734953 | P23: 1004163.8 | R23: =(R$25-R$20)/5+R22 -> 14100 | S23: =(S$25-S$20)/5+S22 -> 68000 | T23: =P23-Q23-R23-S23 -> 922063.83
A24: the emission cap becomes negative before 2040 | B24: 2039 | C24: =D24+M24 -> -121.91246 | D24: =I24+J24 -> 26.618182 | F24: =F23 -> 0.044 | G24: =-$F$1*F24 -> -86 | I24: =I23+G24+H24 -> 0.81818182 | J24: =J23+K23 -> 25.8 | K24: =-$J$9*F24 -> -3.3 | M24: =M23+O24 -> -148.53065 | N24: =N23 -> 0.0538 | O24: =-N24*$N$1 -> -98.734953 | P24: 1004163.8 | R24: =(R$25-R$20)/5+R23 -> 13800 | S24: =(S$25-S$20)/5+S23 -> 64000 | T24: =P24-Q24-R24-S24 -> 926363.83
A25: We cannot really implement an emission cap that far | B25: 2040 | C25: =D25+M25 -> -309.94742 | D25: =I25+J25 -> -62.681818 | F25: =F24 -> 0.044 | G25: =-$F$1*F25 -> -86 | I25: =I24+G25+H25 -> -85.181818 | J25: =J24+K24 -> 22.5 | K25: =-$J$9*F25 -> -3.3 | M25: =M24+O25 -> -247.2656 | N25: =N24 -> 0.0538 | O25: =-N25*$N$1 -> -98.734953 | P25: 1004163.8 | R25: 13500 | S25: 60000 | T25: =P25-Q25-R25-S25 -> 930663.83
A26: We have the price mechanism in place | B26: 2041 | C26: =D26+M26 -> -497.98237 | D26: =I26+J26 -> -151.98182 | F26: =F25 -> 0.044 | G26: =-$F$1*F26 -> -86 | I26: =I25+G26+H26 -> -171.18182 | J26: =J25+K25 -> 19.2 | K26: =-$J$9*F26 -> -3.3 | M26: =M25+O26 -> -346.00055 | N26: =N25 -> 0.0538 | O26: =-N26*$N$1 -> -98.734953 | P26: 1004163.8 | R26: =(R$30-R$25)/5+R25 -> 13400 | S26: =(S$30-S$25)/5+S25 -> 59000 | T26: =P26-Q26-R26-S26 -> 931763.83
A27: we can first try to set emission cap to 2030 | B27: 2042 | C27: =D27+M27 -> -686.01732 | D27: =I27+J27 -> -241.28182 | F27: =F26 -> 0.044 | G27: =-$F$1*F27 -> -86 | I27: =I26+G27+H27 -> -257.18182 | J27: =J26+K26 -> 15.9 | K27: =-$J$9*F27 -> -3.3 | M27: =M26+O27 -> -444.7355 | N27: =N26 -> 0.0538 | O27: =-N27*$N$1 -> -98.734953 | P27: 1004163.8 | R27: =(R$30-R$25)/5+R26 -> 13300 | S27: =(S$30-S$25)/5+S26 -> 58000 | T27: =P27-Q27-R27-S27 -> 932863.83
B28: 2043 | C28: =D28+M28 -> -874.05228 | D28: =I28+J28 -> -330.58182 | F28: =F27 -> 0.044 | G28: =-$F$1*F28 -> -86 | I28: =I27+G28+H28 -> -343.18182 | J28: =J27+K27 -> 12.6 | K28: =-$J$9*F28 -> -3.3 | M28: =M27+O28 -> -543.47046 | N28: =N27 -> 0.0538 | O28: =-N28*$N$1 -> -98.734953 | P28: 1004163.8 | R28: =(R$30-R$25)/5+R27 -> 13200 | S28: =(S$30-S$25)/5+S27 -> 57000 | T28: =P28-Q28-R28-S28 -> 933963.83
B29: 2044 | C29: =D29+M29 -> -1062.0872 | D29: =I29+J29 -> -419.88182 | F29: =F28 -> 0.044 | G29: =-$F$1*F29 -> -86 | I29: =I28+G29+H29 -> -429.18182 | J29: =J28+K28 -> 9.3 | K29: =-$J$9*F29 -> -3.3 | M29: =M28+O29 -> -642.20541 | N29: =N28 -> 0.0538 | O29: =-N29*$N$1 -> -98.734953 | P29: 1004163.8 | R29: =(R$30-R$25)/5+R28 -> 13100 | S29: =(S$30-S$25)/5+S28 -> 56000 | T29: =P29-Q29-R29-S29 -> 935063.83
B30: 2045 | C30: =D30+M30 -> -1250.1222 | D30: =I30+J30 -> -509.18182 | F30: =F29 -> 0.044 | G30: =-$F$1*F30 -> -86 | I30: =I29+G30+H30 -> -515.18182 | J30: =J29+K29 -> 6 | K30: =-$J$9*F30 -> -3.3 | M30: =M29+O30 -> -740.94036 | N30: =N29 -> 0.0538 | O30: =-N30*$N$1 -> -98.734953 | P30: 1004163.8 | R30: 13000 | S30: 55000 | T30: =P30-Q30-R30-S30 -> 936163.83
B31: 2046 | C31: =D31+M31 -> -598.48182 | D31: =I31+J31 -> -598.48182 | F31: =F30 -> 0.044 | G31: =-$F$1*F31 -> -86 | I31: =I30+G31+H31 -> -601.18182 | J31: =J30+K30 -> 2.7 | K31: =-$J$9*F31 -> -3.3 | N31: =N30 -> 0.0538 | P31: 1004163.8 | R31: =(R$35-R$30)/5+R30 -> 12700 | S31: =(S$35-S$30)/5+S30 -> 54000 | T31: =P31-Q31-R31-S31 -> 937463.83
B32: 2047 | F32: =F31 -> 0.044 | G32: =-$F$1*F32 -> -86 | N32: =N31 -> 0.0538 | P32: 1004163.8 | R32: =(R$35-R$30)/5+R31 -> 12400 | S32: =(S$35-S$30)/5+S31 -> 53000 | T32: =P32-Q32-R32-S32 -> 938763.83
B33: 2048 | F33: =F32 -> 0.044 | G33: =-$F$1*F33 -> -86 | N33: =N32 -> 0.0538 | P33: 1004163.8 | R33: =(R$35-R$30)/5+R32 -> 12100 | S33: =(S$35-S$30)/5+S32 -> 52000 | T33: =P33-Q33-R33-S33 -> 940063.83
B34: 2049 | F34: =F33 -> 0.044 | G34: =-$F$1*F34 -> -86 | N34: =N33 -> 0.0538 | P34: 1004163.8 | R34: =(R$35-R$30)/5+R33 -> 11800 | S34: =(S$35-S$30)/5+S33 -> 51000 | T34: =P34-Q34-R34-S34 -> 941363.83
B35: 2050 | F35: =F34 -> 0.044 | G35: =-$F$1*F35 -> -86 | N35: =N34 -> 0.0538 | P35: 1004163.8 | R35: 11500 | S35: 50000 | T35: =P35-Q35-R35-S35 -> 942663.83
B36: 2051 | F36: =F35 -> 0.044 | G36: =-$F$1*F36 -> -86 | N36: =N35 -> 0.0538
B37: 2052 | F37: =F36 -> 0.044 | G37: =-$F$1*F37 -> -86 | N37: =N36 -> 0.0538
B38: 2053 | F38: =F37 -> 0.044 | G38: =-$F$1*F38 -> -86 | N38: =N37 -> 0.0538
B39: 2054 | F39: =F38 -> 0.044 | G39: =-$F$1*F39 -> -86 | N39: =N38 -> 0.0538
B40: 2055 | F40: =F39 -> 0.044 | G40: =-$F$1*F40 -> -86 | N40: =N39 -> 0.0538
B41: 2056 | F41: =F40 -> 0.044 | G41: =-$F$1*F41 -> -86 | N41: =N40 -> 0.0538
B42: 2057 | F42: =F41 -> 0.044 | G42: =-$F$1*F42 -> -86 | N42: =N41 -> 0.0538
B43: 2058 | F43: =F42 -> 0.044 | G43: =-$F$1*F43 -> -86 | N43: =N42 -> 0.0538
B44: 2059 | F44: =F43 -> 0.044 | G44: =-$F$1*F44 -> -86 | N44: =N43 -> 0.0538
B45: 2060 | F45: =F44 -> 0.044 | G45: =-$F$1*F45 -> -86 | N45: =N44 -> 0.0538

Sheet esr2023
A1: Country-specific emissions from sectors regulated under Effort Sharing Regulation (ESR) | L1: source: UNFCCC, national CRF-tables from 2023 submission
A2: nfr_code | B2: nfr_category | C2: period | D2: emission | E2: AT | F2: BE | G2: BG | H2: CH | I2: CY | J2: CZ | K2: DE | L2: DK | M2: EE | N2: EL | O2: ES | P2: FI | Q2: FR | R2: HR | S2: HU | T2: IE | U2: IS | V2: IT | W2: LT | X2: LU | Y2: LV | Z2: MT | AA2: NL | AB2: NO | AC2: PL | AD2: PT | AE2: RO | AF2: SE | AG2: SI | AH2: SK
A3: 1A2 | B3: manufacturing and construction | C3: 2005 | D3: co2 | E3: 11210.77 | F3: 18765.899 | G3: 7045.4144 | H3: 6000.1132 | I3: 908.28368 | J3: 18715.291 | K3: 112500.13 | L3: 5615.2854 | M3: 1031.1009 | N3: 10134.373 | O3: 68319.412 | P3: 11186.178 | Q3: 67022.669 | R3: 3724.0224 | S3: 4564.972 | T3: 5411.4128 | U3: 287.03489 | V3: 90785.927 | W3: 1468.6653 | X3: 1357.685 | Y3: 1143.5875 | Z3: 27.7609 | AA3: 28673.868 | AB3: 3201.2666 | AC3: 33669.648 | AD3: 10406.65 | AE3: 17387.024 | AF3: 9913.133 | AG3: 2432.7456 | AH3: 8530.1712
A4: 1A2 | B4: manufacturing and construction | C4: 2010 | D4: co2 | E4: 11039.268 | F4: 15752.003 | G4: 3128.4849 | H4: 5820.3791 | I4: 696.57832 | J4: 12021.164 | K4: 123316.96 | L4: 4548.0704 | M4: 788.16452 | N4: 6813.2422 | O4: 48780.971 | P4: 9890.891 | Q4: 58156.801 | R4: 3015.7996 | S4: 3343.7316 | T4: 4176.8384 | U4: 132.83086 | V4: 68899.428 | W4: 1273.6604 | X4: 1257.2431 | Y4: 1073.7097 | Z4: 30.7538 | AA4: 28348.437 | AB4: 3319.2843 | AC4: 29402.607 | AD4: 9030.9547 | AE4: 14958.162 | AF4: 8459.0328 | AG4: 1910.1106 | AH4: 7612.5109
A5: 1A2 | B5: manufacturing and construction | C5: 2015 | D5: co2 | E5: 10066.037 | F5: 13601.027 | G5: 2819.7098 | H5: 4939.6188 | I5: 600.15824 | J5: 9770.6661 | K5: 125161.59 | L5: 3909.9611 | M5: 653.27812 | N5: 5166.2808 | O5: 41127.242 | P5: 6594.9574 | Q5: 50544.263 | R5: 2222.7049 | S5: 4114.9848 | T5: 4289.0236 | U5: 111.54866 | V5: 54552.43 | W5: 1167.4249 | X5: 1132.8741 | Y5: 640.33502 | Z5: 59.7014 | AA5: 25414.113 | AB5: 2870.5025 | AC5: 27703.778 | AD5: 7681.7595 | AE5: 12979.525 | AF5: 6887.024 | AG5: 1584.3376 | AH5: 6713.2272
A6: 1A2 | B6: manufacturing and construction | C6: 2019 | D6: co2 | E6: 10687.497 | F6: 13757.108 | G6: 4144.7757 | H6: 4664.3678 | I6: 559.8812 | J6: 9673.4924 | K6: 121411.41 | L6: 3865.3886 | M6: 711.73633 | N6: 4568.5001 | O6: 45648.958 | P6: 6415.0236 | Q6: 48143.575 | R6: 2421.1092 | S6: 5102.4258 | T6: 4604.1388 | U6: 67.411306 | V6: 48972.331 | W6: 1277.6707 | X6: 1218.8898 | Y6: 625.85299 | Z6: 47.1169 | AA6: 26826.925 | AB6: 2871.6025 | AC6: 30876.566 | AD6: 7676.64 | AE6: 13285.769 | AF6: 6714.2124 | AG6: 1724.9512 | AH6: 6278.5491
A7: 1A2 | B7: manufacturing and construction | C7: 2021 | D7: co2 | E7: 10791.715 | F7: 13841.213 | G7: 4526.9116 | H7: 4553.8686 | I7: 522.07011 | J7: 12770.409 | K7: 124987.07 | L7: 3841.4293 | M7: 393.76103 | N7: 4779.7906 | O7: 45392.126 | P7: 6248.5201 | Q7: 46852.479 | R7: 2418.0554 | S7: 5160.2044 | T7: 4603.5374 | U7: 73.092722 | V7: 52790.841 | W7: 1256.5682 | X7: 1170.7087 | Y7: 604.43721 | Z7: 54.256068 | AA7: 27715.638 | AB7: 2806.4473 | AC7: 29829.41 | AD7: 7165.5326 | AE7: 14439.109 | AF7: 6170.3863 | AG7: 1709.6852 | AH7: 6983.4361
A8: 1A2 | B8: manufacturing and construction | C8: 2005 | D8: ghg | E8: 11361.375 | F8: 18932.735 | G8: 7080.9271 | H8: 6038.6832 | I8: 911.90385 | J8: 18842.922 | K8: 113411.35 | L8: 5695.1067 | M8: 1036.6403 | N8: 10228.094 | O8: 69884.339 | P8: 11349.848 | Q8: 67707.448 | R8: 3738.8895 | S8: 4585.48 | T8: 5441.004 | U8: 298.43638 | V8: 92297.892 | W8: 1489.1234 | X8: 1373.4924 | Y8: 1168.498 | Z8: 27.841896 | AA8: 28774.71 | AB8: 3248.6739 | AC8: 33872.335 | AD8: 10612.917 | AE8: 17462.906 | AF8: 10042.182 | AG8: 2461.1035 | AH8: 8576.3822
A9: 1A2 | B9: manufacturing and construction | C9: 2010 | D9: ghg | E9: 11188.458 | F9: 15956.984 | G9: 3156.8398 | H9: 5860.0855 | I9: 699.92058 | J9: 12112.491 | K9: 124357.93 | L9: 4618.5999 | M9: 792.99728 | N9: 6891.8964 | O9: 49845.088 | P9: 10029.705 | Q9: 58669.965 | R9: 3029.7243 | S9: 3361.7574 | T9: 4198.7829 | U9: 138.32381 | V9: 70057.554 | W9: 1287.7835 | X9: 1270.1062 | Y9: 1107.0342 | Z9: 30.838032 | AA9: 28453.774 | AB9: 3369.1768 | AC9: 29615.727 | AD9: 9228.5784 | AE9: 15029.909 | AF9: 8601.2185 | AG9: 1932.3035 | AH9: 7664.1834
A10: 1A2 | B10: manufacturing and construction | C10: 2015 | D10: ghg | E10: 10203.683 | F10: 13839.838 | G10: 2857.0207 | H10: 4976.0807 | I10: 603.57747 | J10: 9869.8514 | K10: 126220.25 | L10: 3968.7463 | M10: 658.4329 | N10: 5242.5359 | O10: 42193.862 | P10: 6742.0462 | Q10: 51122.431 | R10: 2231.7607 | S10: 4139.3748 | T10: 4309.6296 | U10: 117.08849 | V10: 55579.189 | W10: 1182.2653 | X10: 1144.719 | Y10: 687.38949 | Z10: 59.881994 | AA10: 25517.634 | AB10: 2916.1112 | AC10: 27954.155 | AD10: 7836.3949 | AE10: 13044.102 | AF10: 7019.7615 | AG10: 1604.6914 | AH10: 6768.9927
A11: 1A2 | B11: manufacturing and construction | C11: 2019 | D11: ghg | E11: 10817.816 | F11: 13894.027 | G11: 4194.8993 | H11: 4702.1748 | I11: 566.08827 | J11: 9780.4198 | K11: 122454.9 | L11: 3942.7876 | M11: 717.90551 | N11: 4615.86 | O11: 46924.812 | P11: 6576.5296 | Q11: 48746.362 | R11: 2431.8295 | S11: 5145.7818 | T11: 4624.7925 | U11: 71.622222 | V11: 49957.988 | W11: 1296.1108 | X11: 1237.3157 | Y11: 674.09403 | Z11: 47.244026 | AA11: 26933.847 | AB11: 2917.2478 | AC11: 31186.789 | AD11: 7833.4929 | AE11: 13344.463 | AF11: 6851.419 | AG11: 1747.2447 | AH11: 6327.4906
A12: 1A2 | B12: manufacturing and construction | C12: 2021 | D12: ghg | E12: 10923.187 | F12: 13994.971 | G12: 4573.3307 | H12: 4593.9091 | I12: 530.62289 | J12: 12892.674 | K12: 126071.77 | L12: 3919.9702 | M12: 398.81916 | N12: 4825.4358 | O12: 46696.838 | P12: 6408.6057 | Q12: 47444.318 | R12: 2430.3557 | S12: 5210.7796 | T12: 4624.4737 | U12: 76.640332 | V12: 53863.41 | W12: 1275.0044 | X12: 1193.9013 | Y12: 655.60003 | Z12: 54.411881 | AA12: 27830.43 | AB12: 2853.1677 | AC12: 30106.351 | AD12: 7335.2541 | AE12: 14511.482 | AF12: 6300.6508 | AG12: 1732.555 | AH12: 7032.3162
A13: 1A2 | B13: manufacturing and construction | C13: 2005 | D13: nonco2 | E13: 150.60578 | F13: 166.83599 | G13: 35.512779 | H13: 38.570085 | I13: 3.6201684 | J13: 127.63124 | K13: 911.21749 | L13: 79.821267 | M13: 5.5393499 | N13: 93.72065 | O13: 1564.9275 | P13: 163.67004 | Q13: 684.77943 | R13: 14.867092 | S13: 20.507932 | T13: 29.591276 | U13: 11.401488 | V13: 1511.9644 | W13: 20.458096 | X13: 15.807387 | Y13: 24.910487 | Z13: 0.080996 | AA13: 100.84149 | AB13: 47.407326 | AC13: 202.68709 | AD13: 206.26718 | AE13: 75.881992 | AF13: 129.04937 | AG13: 28.357838 | AH13: 46.21109
A14: 1A2 | B14: manufacturing and construction | C14: 2010 | D14: nonco2 | E14: 149.19004 | F14: 204.98056 | G14: 28.354908 | H14: 39.706391 | I14: 3.3422619 | J14: 91.327356 | K14: 1040.973 | L14: 70.529454 | M14: 4.832753 | N14: 78.654238 | O14: 1064.1174 | P14: 138.81406 | Q14: 513.16428 | R14: 13.924682 | S14: 18.025837 | T14: 21.944443 | U14: 5.4929502 | V14: 1158.1264 | W14: 14.123085 | X14: 12.863171 | Y14: 33.324497 | Z14: 0.084232 | AA14: 105.33677 | AB14: 49.892459 | AC14: 213.11971 | AD14: 197.6237 | AE14: 71.747088 | AF14: 142.18569 | AG14: 22.192983 | AH14: 51.672568
... A152: total (3,5) | B152: nonmodelled ESR sectors | C152: 2021 | D152: nonco2 | E152: 8280.3986 | F152: 10210.14 | G152: 8875.0019 | H152: 6985.1244 | I152: 1219.5125 | J152: 13128.026 | K152: 58238.926 | L152: 13131.34 | M152: 1871.878 | N152: 13861.365 | O152: 48279.205 | P152: 7919.7262 | Q152: 81325.047 | R152: 4475.3321 | S152: 10674.411 | T152: 23163.184 | U152: 872.74525 | V152: 52360.155 | W152: 5103.7352 | X152: 771.98929 | Y152: 2734.5826 | Z152: 288.21223 | AA152: 21401.774 | AB152: 5852.012 | AC152: 37023.302 | AD152: 12198.132 | AE152: 25532.771 | AF152: 7415.4719 | AG152: 2198.5802 | AH152: 4244.0001
