Workbook

Sheet Final Coeffs_ELC
A2: ~TFM_INS | O2: ETRI2014 data
A3: TimeSlice | B3: LimType | C3: Attribute | D3: Year | E3: Other_Indexes | F3: PSET_CI | G3: Pset_PN | H3: Pset_PD | I3: Cset_CN | J3: AllRegions | R3: Percentage | S3: Residual perecentage
C4: \I: FLO_EMIS | E4: ELCOIL | F4: ELCOIL | G4: EU*,PU*,CO* | H4: *seq*,*CCS* | I4: ELCCO2N | J4: 9.0405204 | L4: ELCCO2N is residual | O4: CCGT Advanced + CCS post combustion | P4: EUCCGASCCSpos20 | R4: 86 | S4: 14
C5: \I: FLO_EMIS | E5: ELCRFG | F5: ELCRFG | G5: EU*,PU*,CO* | H5: *seq*,*CCS* | I5: ELCCO2N | J5: 6.732 | O5: FB lignite + CCS post combustion | P5: EUPCCOLCCSpos20 | R5: 87 | S5: 13
C6: FLO_EMIS | E6: ELCDST | F6: ELCDST | G6: EU*,PU*,CO* | H6: *seq*,*CCS* | I6: ELCCO2N | J6: 8.8683982 | O6: SC PC + CCS post combustion | P6: EUPCCOHCCSpos20 | R6: 87 | S6: 13
C7: \I: FLO_EMIS | E7: ELCHFO | F7: ELCHFO | G7: EU*,PU*,CO* | H7: *seq*,*CCS* | I7: ELCCO2N | J7: 9.288 | O7: IGCC lignite + CCS pre combustion | P7: EUIGCOLCCSpre20 | R7: 89 | S7: 11
C8: FLO_EMIS | E8: ELCGAS | F8: ELCGAS | G8: EU*,PU*,CO* | H8: *seq*,*CCS* | I8: ELCCO2N | J8: 7.854 | O8: SC PC + CCS Oxyfuel | P8: EUPCCOHCCSoxy20 | R8: 90 | S8: 10
C9: \I: FLO_EMIS | E9: ELCDGS | F9: ELCDGS | G9: EU*,PU*,CO* | H9: *seq*,*CCS* | I9: ELCCO2N | J9: 12.984 | O9: IGCC + CCS pre combustion | P9: EUIGCOHCCSpre20 | R9: 88 | S9: 12
C10: FLO_EMIS | E10: ELCWOO | F10: ELCWOO | G10: EU*,PU*,CO* | H10: *seq*,*CCS* | I10: ELCCO2N | J10: -98.56
C11: \I: FLO_EMIS | E11: ELCBGS | F11: ELCBGS | G11: EU*,PU*,CO* | H11: *seq*,*CCS* | I11: ELCCO2N | J11: -84.304
C12: \I: FLO_EMIS | E12: ELCMUN | F12: ELCMUN | G12: EU*,PU*,CO* | H12: *seq*,*CCS* | I12: ELCCO2N | J12: 10.302
C13: \I: FLO_EMIS | E13: ELCSLU | F13: ELCSLU | G13: EU*,PU*,CO* | H13: *seq*,*CCS* | I13: ELCCO2N | J13: 10.302
C14: FLO_EMIS | E14: ELCOIL | F14: ELCOIL | G14: EU*,PU*,H*,CO* | H14: -*seq*,-*CCS* | I14: ELCCO2N | J14: 75.33767
C15: \I: FLO_EMIS | E15: ELCRFG | F15: ELCRFG | G15: EU*,PU*,H*,CO* | H15: -*seq*,-*CCS* | I15: ELCCO2N | J15: 56.1
C16: FLO_EMIS | E16: ELCDST | F16: ELCDST | G16: EU*,PU*,H*,CO* | H16: -*seq*,-*CCS* | I16: ELCCO2N | J16: 73.903318
C17: FLO_EMIS | E17: ELCHFO | F17: ELCHFO | G17: EU*,PU*,H*,CO* | H17: -*seq*,-*CCS* | I17: ELCCO2N | J17: 77.4
C18: FLO_EMIS | E18: ELCGAS | F18: ELCGAS | G18: EU*,PU*,H*,CO* | H18: -*seq*,-*CCS* | I18: ELCCO2N | J18: 56.1
C19: FLO_EMIS | E19: ELCDGS | F19: ELCDGS | G19: EU*,PU*,H*,CO* | H19: -*seq*,-*CCS* | I19: ELCCO2N | J19: 108.2
C20: FLO_EMIS | E20: ELCWOO | F20: ELCWOO | G20: EU*,PU*,H*,CO* | H20: -*seq*,-*CCS* | I20: ELCCO2N | J20: 0
C21: FLO_EMIS | E21: ELCBGS | F21: ELCBGS | G21: EU*,PU*,H*,CO* | H21: -*seq*,-*CCS* | I21: ELCCO2N | J21: 0
... C23: FLO_EMIS | E23: ELCSLU | F23: ELCSLU | G23: EU*,PU*,H*,CO* | H23: -*seq*,-*CCS* | I23: ELCCO2N | J23: 85.85
C24: FLO_EMIS | E24: ELCBFG | F24: ELCBFG | G24: EUSTIISGASCS101 | I24: ELCCO2N | J24: 34.32
C25: FLO_EMIS | E25: ELCBFT | F25: ELCBFT | G25: EUSTIISGASCS101 | I25: ELCCO2N | J25: 107.28
C26: FLO_EMIS | E26: ELCCOG | F26: ELCCOG | G26: EUSTIISGASCS101 | I26: ELCCO2N | J26: 5.4
C27: FLO_EMIS | E27: ELCIIS | F27: ELCIIS | G27: EUSTIISGASCS101 | I27: ELCCO2N | J27: 23.4
C28: FLO_EMIS | E28: ELCCOP | F28: ELCCOP | G28: EUSTIISGASCS101 | I28: ELCCO2N | J28: 14.64
C29: FLO_EMIS | E29: ELCBFG | F29: ELCBFG | G29: EUSTIISGAS101 | I29: ELCCO2N | J29: 286
C30: FLO_EMIS | E30: ELCBFT | F30: ELCBFT | G30: EUSTIISGAS101 | I30: ELCCO2N | J30: 894
C31: FLO_EMIS | E31: ELCCOG | F31: ELCCOG | G31: EUSTIISGAS101 | I31: ELCCO2N | J31: 45
C32: FLO_EMIS | E32: ELCIIS | F32: ELCIIS | G32: EUSTIISGAS101 | I32: ELCCO2N | J32: 195
C33: FLO_EMIS | E33: ELCCOP | F33: ELCCOP | G33: EUSTIISGAS101 | I33: ELCCO2N | J33: 122 | M33: these were before:
C34: \I: FLO_EMIS | E34: ELCOIL | F34: ELCOIL | G34: EU*,PU*,CO* | H34: *seq*,*CCS* | I34: SNKFCO2 | J34: 66.29715 | M34: ELCSCO2N
C35: \I: FLO_EMIS | E35: ELCRFG | F35: ELCRFG | G35: EU*,PU*,CO* | H35: *seq*,*CCS* | I35: SNKFCO2 | J35: 49.368 | M35: ELCSCO2N
C36: FLO_EMIS | E36: ELCDST | F36: ELCDST | G36: EU*,PU*,CO* | H36: *seq*,*CCS* | I36: SNKFCO2 | J36: 65.03492 | M36: ELCSCO2N
C37: \I: FLO_EMIS | E37: ELCHFO | F37: ELCHFO | G37: EU*,PU*,CO* | H37: *seq*,*CCS* | I37: SNKFCO2 | J37: 68.112 | M37: ELCSCO2N
C38: FLO_EMIS | E38: ELCGAS | F38: ELCGAS | G38: EU*,PU*,CO* | H38: *seq*,*CCS* | I38: SNKFCO2 | J38: 48.246 | M38: ELCSCO2N
C39: \I: FLO_EMIS | E39: ELCDGS | F39: ELCDGS | G39: EU*,PU*,CO* | H39: *seq*,*CCS* | I39: SNKFCO2 | J39: 95.216 | M39: ELCSCO2N
C40: FLO_EMIS | E40: ELCWOO | F40: ELCWOO | G40: EU*,PU*,CO* | H40: *seq*,*CCS* | I40: ELCSCO2N | J40: 98.56 | M40: ELCSCO2N
C41: \I: FLO_EMIS | E41: ELCBGS | F41: ELCBGS | G41: EU*,PU*,CO* | H41: *seq*,*CCS* | I41: ELCSCO2N | J41: 84.304 | M41: ELCSCO2N
C42: \I: FLO_EMIS | E42: ELCMUN | F42: ELCMUN | G42: EU*,PU*,CO* | H42: *seq*,*CCS* | I42: SNKFCO2 | J42: 75.548 | M42: ELCSCO2N
C43: \I: FLO_EMIS | E43: ELCSLU | F43: ELCSLU | G43: EU*,PU*,CO* | H43: *seq*,*CCS* | I43: SNKFCO2 | J43: 75.548 | M43: ELCSCO2N
C44: FLO_EMIS | E44: ELCBFG | F44: ELCBFG | G44: EUSTIISGASCS101 | I44: SNKFCO2 | J44: 251.68 | M44: ELCSCO2N
C45: FLO_EMIS | E45: ELCBFT | F45: ELCBFT | G45: EUSTIISGASCS101 | I45: SNKFCO2 | J45: 786.72 | M45: ELCSCO2N
C46: FLO_EMIS | E46: ELCCOG | F46: ELCCOG | G46: EUSTIISGASCS101 | I46: SNKFCO2 | J46: 39.6 | M46: ELCSCO2N
C47: FLO_EMIS | E47: ELCIIS | F47: ELCIIS | G47: EUSTIISGASCS101 | I47: SNKFCO2 | J47: 171.6 | M47: ELCSCO2N
C48: FLO_EMIS | E48: ELCCOP | F48: ELCCOP | G48: EUSTIISGASCS101 | I48: SNKFCO2 | J48: 107.36 | M48: ELCSCO2N
C49: \I: FLO_EMIS | E49: ELCOIL | F49: ELCOIL | G49: EU*,PU*,CO* | H49: *seq*,*CCS* | I49: FOSCO2 | J49: 9.0405204
C50: \I: FLO_EMIS | E50: ELCRFG | F50: ELCRFG | G50: EU*,PU*,CO* | H50: *seq*,*CCS* | I50: FOSCO2 | J50: 6.732
C51: FLO_EMIS | E51: ELCDST | F51: ELCDST | G51: EU*,PU*,CO* | H51: *seq*,*CCS* | I51: FOSCO2 | J51: 8.8683982
C52: \I: FLO_EMIS | E52: ELCHFO | F52: ELCHFO | G52: EU*,PU*,CO* | H52: *seq*,*CCS* | I52: FOSCO2 | J52: 9.288
C53: FLO_EMIS | E53: ELCGAS | F53: ELCGAS | G53: EU*,PU*,CO* | H53: *seq*,*CCS* | I53: FOSCO2 | J53: 7.854
C54: \I: FLO_EMIS | E54: ELCDGS | F54: ELCDGS | G54: EU*,PU*,CO* | H54: *seq*,*CCS* | I54: FOSCO2 | J54: 12.984
C55: \I: FLO_EMIS | E55: ELCBGS | F55: ELCBGS | G55: EU*,PU*,CO* | H55: *seq*,*CCS* | I55: FOSCO2 | J55: 0
C56: \I: FLO_EMIS | E56: ELCMUN | F56: ELCMUN | G56: EU*,PU*,CO* | H56: *seq*,*CCS* | I56: FOSCO2 | J56: 10.302
C57: \I: FLO_EMIS | E57: ELCSLU | F57: ELCSLU | G57: EU*,PU*,CO* | H57: *seq*,*CCS* | I57: FOSCO2 | J57: 10.302
C58: FLO_EMIS | E58: ELCOIL | F58: ELCOIL | G58: EU*,PU*,H*,CO* | H58: -*seq*,-*CCS* | I58: FOSCO2 | J58: 75.33767
C59: \I: FLO_EMIS | E59: ELCRFG | F59: ELCRFG | G59: EU*,PU*,H*,CO* | H59: -*seq*,-*CCS* | I59: FOSCO2 | J59: 56.1
C60: FLO_EMIS | E60: ELCDST | F60: ELCDST | G60: EU*,PU*,H*,CO* | H60: -*seq*,-*CCS* | I60: FOSCO2 | J60: 73.903318
... C65: FLO_EMIS | E65: ELCSLU | F65: ELCSLU | G65: EU*,PU*,H*,CO* | H65: -*seq*,-*CCS* | I65: FOSCO2 | J65: 85.85
C66: FLO_EMIS | E66: ELCBFG | F66: ELCBFG | G66: EUSTIISGASCS101 | I66: FOSCO2 | J66: 34.32
C67: FLO_EMIS | E67: ELCBFT | F67: ELCBFT | G67: EUSTIISGASCS101 | I67: FOSCO2 | J67: 107.28
C68: FLO_EMIS | E68: ELCCOG | F68: ELCCOG | G68: EUSTIISGASCS101 | I68: FOSCO2 | J68: 5.4
C69: FLO_EMIS | E69: ELCIIS | F69: ELCIIS | G69: EUSTIISGASCS101 | I69: FOSCO2 | J69: 23.4
C70: FLO_EMIS | E70: ELCCOP | F70: ELCCOP | G70: EUSTIISGASCS101 | I70: FOSCO2 | J70: 14.64
C71: FLO_EMIS | E71: ELCBFG | F71: ELCBFG | G71: EUSTIISGAS101 | I71: FOSCO2 | J71: 286
C72: FLO_EMIS | E72: ELCBFT | F72: ELCBFT | G72: EUSTIISGAS101 | I72: FOSCO2 | J72: 894
C73: FLO_EMIS | E73: ELCCOG | F73: ELCCOG | G73: EUSTIISGAS101 | I73: FOSCO2 | J73: 45
C74: FLO_EMIS | E74: ELCIIS | F74: ELCIIS | G74: EUSTIISGAS101 | I74: FOSCO2 | J74: 195
C75: FLO_EMIS | E75: ELCCOP | F75: ELCCOP | G75: EUSTIISGAS101 | I75: FOSCO2 | J75: 122
A78: ~TFM_INS
A79: TimeSlice | B79: LimType | C79: Attribute | D79: Year | E79: Other_Indexes | F79: Pset_PN | G79: PSET_CI | H79: Pset_PD | I79: Cset_CN | J79: AllRegions | K79: AT | L79: BE | M79: BG | N79: CH | O79: CY | P79: CZ | Q79: DE | R79: DK | S79: EE | T79: ES | U79: FI | V79: FR | W79: EL | X79: HU | Y79: IE | Z79: IS | AA79: IT | AB79: LT | AC79: LU | AD79: LV | AE79: MT | AF79: NL | AG79: NO | AH79: PL | AI79: PT | AJ79: RO | AK79: SE | AL79: SI | AM79: SK | AN79: UK | AO79: AL | AP79: BA | AQ79: HR | AR79: KS | AS79: ME | AT79: MK | AU79: RS
C80: FLO_EMIS | E80: ELCCOH | F80: EU*,PU*,H*,CO* | G80: ELCCOH | H80: -*seq*,-*CCS* | I80: FOSCO2 | J80: 96.1 | K80: 95 | L80: 98.3 | M80: 98.3 | N80: 98.3 | O80: 98.3 | P80: 95 | Q80: 98.3 | R80: 98.3 | S80: 98.3 | T80: 98.3 | U80: 98.3 | V80: 98.3 | W80: 98.3 | X80: 95 | Y80: 98.3 | Z80: 98.3 | AA80: 98.3 | AB80: 98.3 | AC80: 98.3 | AD80: 98.3 | AE80: 98.3 | AF80: 98.3 | AG80: 98.3 | AH80: 95 | AI80: 98.3 | AJ80: 98.3 | AK80: 98.3 | AL80: 98.3 | AM80: 95 | AN80: 98.3 | AO80: 98.3 | AP80: 98.3 | AQ80: 98.3 | AR80: 98.3 | AS80: 98.3 | AT80: 98.3 | AU80: 98.3
C81: FLO_EMIS | E81: ELCCOL | F81: EU*,PU*,H*,CO* | G81: ELCCOL | H81: -*seq*,-*CCS* | I81: FOSCO2 | J81: 107.46667 | K81: 110.6 | L81: 101.2 | M81: 101.2 | N81: 101.2 | O81: 101.2 | P81: 110.6 | Q81: 101.2 | R81: 101.2 | S81: 101.2 | T81: 101.2 | U81: 101.2 | V81: 101.2 | W81: 101.2 | X81: 110.6 | Y81: 101.2 | Z81: 101.2 | AA81: 101.2 | AB81: 101.2 | AC81: 101.2 | AD81: 101.2 | AE81: 101.2 | AF81: 101.2 | AG81: 101.2 | AH81: 110.6 | AI81: 101.2 | AJ81: 101.2 | AK81: 101.2 | AL81: 101.2 | AM81: 110.6 | AN81: 101.2 | AO81: 101.2 | AP81: 101.2 | AQ81: 101.2 | AR81: 101.2 | AS81: 101.2 | AT81: 101.2 | AU81: 101.2
C82: FLO_EMIS | E82: ELCCOH | F82: EU*,PU*,H*,CO* | G82: ELCCOH | H82: *seq*,*CCS* | I82: FOSCO2 | J82: 11.796 | K82: 11.796 | L82: 11.796 | M82: 11.796 | N82: 11.796 | O82: 11.796 | P82: 11.796 | Q82: 11.796 | R82: 11.796 | S82: 11.796 | T82: 11.796 | U82: 11.796 | V82: 11.796 | W82: 11.796 | X82: 11.796 | Y82: 11.796 | Z82: 11.796 | AA82: 11.796 | AB82: 11.796 | AC82: 11.796 | AD82: 11.796 | AE82: 11.796 | AF82: 11.796 | AG82: 11.796 | AH82: 11.796 | AI82: 11.796 | AJ82: 11.796 | AK82: 11.796 | AL82: 11.796 | AM82: 11.796 | AN82: 11.796 | AO82: 11.796 | AP82: 11.796 | AQ82: 11.796 | AR82: 11.796 | AS82: 11.796 | AT82: 11.796 | AU82: 11.796
C83: FLO_EMIS | E83: ELCCOL | F83: EU*,PU*,H*,CO* | G83: ELCCOL | H83: *seq*,*CCS* | I83: FOSCO2 | J83: 12.144 | K83: 12.144 | L83: 12.144 | M83: 12.144 | N83: 12.144 | O83: 12.144 | P83: 12.144 | Q83: 12.144 | R83: 12.144 | S83: 12.144 | T83: 12.144 | U83: 12.144 | V83: 12.144 | W83: 12.144 | X83: 12.144 | Y83: 12.144 | Z83: 12.144 | AA83: 12.144 | AB83: 12.144 | AC83: 12.144 | AD83: 12.144 | AE83: 12.144 | AF83: 12.144 | AG83: 12.144 | AH83: 12.144 | AI83: 12.144 | AJ83: 12.144 | AK83: 12.144 | AL83: 12.144 | AM83: 12.144 | AN83: 12.144 | AO83: 12.144 | AP83: 12.144 | AQ83: 12.144 | AR83: 12.144 | AS83: 12.144 | AT83: 12.144 | AU83: 12.144
C84: FLO_EMIS | E84: ELCCOL | F84: EUPCCOLCCSpos20 | I84: FOSCO2 | J84: 13.970667 | K84: 14.378 | L84: 13.156 | M84: 13.156 | N84: 13.156 | O84: 13.156 | P84: 14.378 | Q84: 13.156 | R84: 13.156 | S84: 13.156 | T84: 13.156 | U84: 13.156 | V84: 13.156 | W84: 13.156 | X84: 14.378 | Y84: 13.156 | Z84: 13.156 | AA84: 13.156 | AB84: 13.156 | AC84: 13.156 | AD84: 13.156 | AE84: 13.156 | AF84: 13.156 | AG84: 13.156 | AH84: 14.378 | AI84: 13.156 | AJ84: 13.156 | AK84: 13.156 | AL84: 13.156 | AM84: 14.378 | AN84: 13.156 | AO84: 13.156 | AP84: 13.156 | AQ84: 13.156 | AR84: 13.156 | AS84: 13.156 | AT84: 13.156 | AU84: 13.156
C85: FLO_EMIS | E85: ELCCOH | F85: EUPCCOHCCSpos20 | I85: FOSCO2 | J85: 12.493 | K85: 12.35 | L85: 12.779 | M85: 12.779 | N85: 12.779 | O85: 12.779 | P85: 12.35 | Q85: 12.779 | R85: 12.779 | S85: 12.779 | T85: 12.779 | U85: 12.779 | V85: 12.779 | W85: 12.779 | X85: 12.35 | Y85: 12.779 | Z85: 12.779 | AA85: 12.779 | AB85: 12.779 | AC85: 12.779 | AD85: 12.779 | AE85: 12.779 | AF85: 12.779 | AG85: 12.779 | AH85: 12.35 | AI85: 12.779 | AJ85: 12.779 | AK85: 12.779 | AL85: 12.779 | AM85: 12.35 | AN85: 12.779 | AO85: 12.779 | AP85: 12.779 | AQ85: 12.779 | AR85: 12.779 | AS85: 12.779 | AT85: 12.779 | AU85: 12.779
C86: FLO_EMIS | E86: ELCCOL | F86: EUIGCOLCCSpre20 | I86: FOSCO2 | J86: 11.821333 | K86: 12.166 | L86: 11.132 | M86: 11.132 | N86: 11.132 | O86: 11.132 | P86: 12.166 | Q86: 11.132 | R86: 11.132 | S86: 11.132 | T86: 11.132 | U86: 11.132 | V86: 11.132 | W86: 11.132 | X86: 12.166 | Y86: 11.132 | Z86: 11.132 | AA86: 11.132 | AB86: 11.132 | AC86: 11.132 | AD86: 11.132 | AE86: 11.132 | AF86: 11.132 | AG86: 11.132 | AH86: 12.166 | AI86: 11.132 | AJ86: 11.132 | AK86: 11.132 | AL86: 11.132 | AM86: 12.166 | AN86: 11.132 | AO86: 11.132 | AP86: 11.132 | AQ86: 11.132 | AR86: 11.132 | AS86: 11.132 | AT86: 11.132 | AU86: 11.132
C87: FLO_EMIS | E87: ELCCOH | F87: EUPCCOHCCSoxy20 | I87: FOSCO2 | J87: 9.61 | K87: 9.5 | L87: 9.83 | M87: 9.83 | N87: 9.83 | O87: 9.83 | P87: 9.5 | Q87: 9.83 | R87: 9.83 | S87: 9.83 | T87: 9.83 | U87: 9.83 | V87: 9.83 | W87: 9.83 | X87: 9.5 | Y87: 9.83 | Z87: 9.83 | AA87: 9.83 | AB87: 9.83 | AC87: 9.83 | AD87: 9.83 | AE87: 9.83 | AF87: 9.83 | AG87: 9.83 | AH87: 9.5 | AI87: 9.83 | AJ87: 9.83 | AK87: 9.83 | AL87: 9.83 | AM87: 9.5 | AN87: 9.83 | AO87: 9.83 | AP87: 9.83 | AQ87: 9.83 | AR87: 9.83 | AS87: 9.83 | AT87: 9.83 | AU87: 9.83
C88: FLO_EMIS | E88: ELCCOH | F88: EUIGCOHCCSpre20 | I88: FOSCO2 | J88: 11.532 | K88: 11.4 | L88: 11.796 | M88: 11.796 | N88: 11.796 | O88: 11.796 | P88: 11.4 | Q88: 11.796 | R88: 11.796 | S88: 11.796 | T88: 11.796 | U88: 11.796 | V88: 11.796 | W88: 11.796 | X88: 11.4 | Y88: 11.796 | Z88: 11.796 | AA88: 11.796 | AB88: 11.796 | AC88: 11.796 | AD88: 11.796 | AE88: 11.796 | AF88: 11.796 | AG88: 11.796 | AH88: 11.4 | AI88: 11.796 | AJ88: 11.796 | AK88: 11.796 | AL88: 11.796 | AM88: 11.4 | AN88: 11.796 | AO88: 11.796 | AP88: 11.796 | AQ88: 11.796 | AR88: 11.796 | AS88: 11.796 | AT88: 11.796 | AU88: 11.796
C89: FLO_EMIS | E89: ELCCOH | F89: EU*,PU*,H*,CO* | G89: =E89 -> ELCCOH | H89: -*seq*,-*CCS* | I89: ELCCO2N | J89: =AVERAGE(AH89,AL89,AM89) -> 96.1 | K89: ='ETS Emissions'!C89 -> 95 | L89: ='ETS Emissions'!D89 -> 98.3 | M89: ='ETS Emissions'!E89 -> 98.3 | N89: ='ETS Emissions'!F89 -> 98.3 | O89: ='ETS Emissions'!G89 -> 98.3 | P89: ='ETS Emissions'!H89 -> 95 | Q89: ='ETS Emissions'!I89 -> 98.3 | R89: ='ETS Emissions'!J89 -> 98.3 | ... AU89: ='ETS Emissions'!AM89 -> 98.3
C90: FLO_EMIS | E90: ELCCOL | F90: EU*,PU*,H*,CO* | G90: =E90 -> ELCCOL | H90: -*seq*,-*CCS* | I90: ELCCO2N | J90: =AVERAGE(AH90,AL90,AM90) -> 107.46667 | K90: ='ETS Emissions'!C90 -> 110.6 | L90: ='ETS Emissions'!D90 -> 101.2 | M90: ='ETS Emissions'!E90 -> 101.2 | N90: ='ETS Emissions'!F90 -> 101.2 | O90: ='ETS Emissions'!G90 -> 101.2 | P90: ='ETS Emissions'!H90 -> 110.6 | Q90: ='ETS Emissions'!I90 -> 101.2 | R90: ='ETS Emissions'!J90 -> 101.2 | ... AU90: ='ETS Emissions'!AM90 -> 101.2
C91: FLO_EMIS | E91: ELCCOH | F91: EU*,PU*,H*,CO* | G91: =E91 -> ELCCOH | H91: *seq*,*CCS* | I91: ELCCO2N | J91: =AVERAGE(AH91,AL91,AM91) -> 11.796 | K91: 11.796 | L91: 11.796 | M91: 11.796 | N91: 11.796 | O91: 11.796 | P91: 11.796 | Q91: 11.796 | R91: 11.796 | S91: 11.796 | T91: 11.796 | U91: 11.796 | V91: 11.796 | W91: 11.796 | X91: 11.796 | Y91: 11.796 | Z91: 11.796 | AA91: 11.796 | AB91: 11.796 | AC91: 11.796 | AD91: 11.796 | AE91: 11.796 | AF91: 11.796 | AG91: 11.796 | AH91: 11.796 | AI91: 11.796 | AJ91: 11.796 | AK91: 11.796 | AL91: 11.796 | AM91: 11.796 | AN91: 11.796 | AO91: 11.796 | AP91: 11.796 | AQ91: 11.796 | AR91: 11.796 | AS91: 11.796 | AT91: 11.796 | AU91: 11.796
C92: FLO_EMIS | E92: ELCCOL | F92: EU*,PU*,H*,CO* | G92: =E92 -> ELCCOL | H92: *seq*,*CCS* | I92: ELCCO2N | J92: =AVERAGE(AH92,AL92,AM92) -> 12.144 | K92: 12.144 | L92: 12.144 | M92: 12.144 | N92: 12.144 | O92: 12.144 | P92: 12.144 | Q92: 12.144 | R92: 12.144 | S92: 12.144 | T92: 12.144 | U92: 12.144 | V92: 12.144 | W92: 12.144 | X92: 12.144 | Y92: 12.144 | Z92: 12.144 | AA92: 12.144 | AB92: 12.144 | AC92: 12.144 | AD92: 12.144 | AE92: 12.144 | AF92: 12.144 | AG92: 12.144 | AH92: 12.144 | AI92: 12.144 | AJ92: 12.144 | AK92: 12.144 | AL92: 12.144 | AM92: 12.144 | AN92: 12.144 | AO92: 12.144 | AP92: 12.144 | AQ92: 12.144 | AR92: 12.144 | AS92: 12.144 | AT92: 12.144 | AU92: 12.144
C93: FLO_EMIS | E93: ELCCOH | F93: EU*,PU*,H*,CO* | G93: =E93 -> ELCCOH | H93: *seq*,*CCS* | I93: SNKFCO2 | J93: =AVERAGE(AH93,AL93,AM93) -> 84.304 | K93: =K89-K91 -> 83.204 | L93: =L89-L91 -> 86.504 | M93: =M89-M91 -> 86.504 | N93: =N89-N91 -> 86.504 | O93: =O89-O91 -> 86.504 | P93: =P89-P91 -> 83.204 | Q93: =Q89-Q91 -> 86.504 | R93: =R89-R91 -> 86.504 | ... AU93: =AU89-AU91 -> 86.504
C94: FLO_EMIS | E94: ELCCOL | F94: EU*,PU*,H*,CO* | G94: =E94 -> ELCCOL | H94: *seq*,*CCS* | I94: SNKFCO2 | J94: =AVERAGE(AH94,AL94,AM94) -> 95.322667 | K94: =K90-K92 -> 98.456 | L94: =L90-L92 -> 89.056 | M94: =M90-M92 -> 89.056 | N94: =N90-N92 -> 89.056 | O94: =O90-O92 -> 89.056 | P94: =P90-P92 -> 98.456 | Q94: =Q90-Q92 -> 89.056 | R94: =R90-R92 -> 89.056 | ... AU94: =AU90-AU92 -> 89.056
C95: FLO_EMIS | E95: ELCCOL | F95: EUPCCOLCCSpos20 | I95: ELCCO2N | J95: =AVERAGE(AH95,AL95,AM95) -> 13.970667 | K95: =0.13*K90 -> 14.378 | L95: =0.13*L90 -> 13.156 | M95: =0.13*M90 -> 13.156 | N95: =0.13*N90 -> 13.156 | O95: =0.13*O90 -> 13.156 | P95: =0.13*P90 -> 14.378 | Q95: =0.13*Q90 -> 13.156 | R95: =0.13*R90 -> 13.156 | ... AU95: =0.13*AU90 -> 13.156
C96: FLO_EMIS | E96: ELCCOH | F96: EUPCCOHCCSpos20 | I96: ELCCO2N | J96: =AVERAGE(AH96,AL96,AM96) -> 12.493 | K96: =0.13*K89 -> 12.35 | L96: =0.13*L89 -> 12.779 | M96: =0.13*M89 -> 12.779 | N96: =0.13*N89 -> 12.779 | O96: =0.13*O89 -> 12.779 | P96: =0.13*P89 -> 12.35 | Q96: =0.13*Q89 -> 12.779 | R96: =0.13*R89 -> 12.779 | ... AU96: =0.13*AU89 -> 12.779
C97: FLO_EMIS | E97: ELCCOL | F97: EUIGCOLCCSpre20 | I97: ELCCO2N | J97: =AVERAGE(AH97,AL97,AM97) -> 11.821333 | K97: =0.11*K90 -> 12.166 | L97: =0.11*L90 -> 11.132 | M97: =0.11*M90 -> 11.132 | N97: =0.11*N90 -> 11.132 | O97: =0.11*O90 -> 11.132 | P97: =0.11*P90 -> 12.166 | Q97: =0.11*Q90 -> 11.132 | R97: =0.11*R90 -> 11.132 | ... AU97: =0.11*AU90 -> 11.132
C98: FLO_EMIS | E98: ELCCOH | F98: EUPCCOHCCSoxy20 | I98: ELCCO2N | J98: =AVERAGE(AH98,AL98,AM98) -> 9.61 | K98: =0.1*K89 -> 9.5 | L98: =0.1*L89 -> 9.83 | M98: =0.1*M89 -> 9.83 | N98: =0.1*N89 -> 9.83 | O98: =0.1*O89 -> 9.83 | P98: =0.1*P89 -> 9.5 | Q98: =0.1*Q89 -> 9.83 | R98: =0.1*R89 -> 9.83 | ... AU98: =0.1*AU89 -> 9.83
C99: FLO_EMIS | E99: ELCCOH | F99: EUIGCOHCCSpre20 | I99: ELCCO2N | J99: =AVERAGE(AH99,AL99,AM99) -> 11.532 | K99: =0.12*K89 -> 11.4 | L99: =0.12*L89 -> 11.796 | M99: =0.12*M89 -> 11.796 | N99: =0.12*N89 -> 11.796 | O99: =0.12*O89 -> 11.796 | P99: =0.12*P89 -> 11.4 | Q99: =0.12*Q89 -> 11.796 | R99: =0.12*R89 -> 11.796 | ... AU99: =0.12*AU89 -> 11.796
C100: FLO_EMIS | E100: ELCCOL | F100: EUPCCOLCCSpos20 | I100: SNKFCO2 | J100: =AVERAGE(AH100,AL100,AM100) -> 93.496 | K100: =0.87*K90 -> 96.222 | L100: =0.87*L90 -> 88.044 | M100: =0.87*M90 -> 88.044 | N100: =0.87*N90 -> 88.044 | O100: =0.87*O90 -> 88.044 | P100: =0.87*P90 -> 96.222 | Q100: =0.87*Q90 -> 88.044 | R100: =0.87*R90 -> 88.044 | ... AU100: =0.87*AU90 -> 88.044
C101: FLO_EMIS | E101: ELCCOH | F101: EUPCCOHCCSpos20 | I101: SNKFCO2 | J101: =AVERAGE(AH101,AL101,AM101) -> 83.607 | K101: =0.87*K89 -> 82.65 | L101: =0.87*L89 -> 85.521 | M101: =0.87*M89 -> 85.521 | N101: =0.87*N89 -> 85.521 | O101: =0.87*O89 -> 85.521 | P101: =0.87*P89 -> 82.65 | Q101: =0.87*Q89 -> 85.521 | R101: =0.87*R89 -> 85.521 | ... AU101: =0.87*AU89 -> 85.521
C102: FLO_EMIS | E102: ELCCOL | F102: EUIGCOLCCSpre20 | I102: SNKFCO2 | J102: =AVERAGE(AH102,AL102,AM102) -> 95.645333 | K102: =0.89*K90 -> 98.434 | L102: =0.89*L90 -> 90.068 | M102: =0.89*M90 -> 90.068 | N102: =0.89*N90 -> 90.068 | O102: =0.89*O90 -> 90.068 | P102: =0.89*P90 -> 98.434 | Q102: =0.89*Q90 -> 90.068 | R102: =0.89*R90 -> 90.068 | ... AU102: =0.89*AU90 -> 90.068
C103: FLO_EMIS | E103: ELCCOH | F103: EUPCCOHCCSoxy20 | I103: SNKFCO2 | J103: =AVERAGE(AH103,AL103,AM103) -> 86.49 | K103: =0.9*K89 -> 85.5 | L103: =0.9*L89 -> 88.47 | M103: =0.9*M89 -> 88.47 | N103: =0.9*N89 -> 88.47 | O103: =0.9*O89 -> 88.47 | P103: =0.9*P89 -> 85.5 | Q103: =0.9*Q89 -> 88.47 | R103: =0.9*R89 -> 88.47 | ... AU103: =0.9*AU89 -> 88.47
C104: FLO_EMIS | E104: ELCCOH | F104: EUIGCOHCCSpre20 | I104: SNKFCO2 | J104: =AVERAGE(AH104,AL104,AM104) -> 84.568 | K104: =0.88*K89 -> 83.6 | L104: =0.88*L89 -> 86.504 | M104: =0.88*M89 -> 86.504 | N104: =0.88*N89 -> 86.504 | O104: =0.88*O89 -> 86.504 | P104: =0.88*P89 -> 83.6 | Q104: =0.88*Q89 -> 86.504 | R104: =0.88*R89 -> 86.504 | ... AU104: =0.88*AU89 -> 86.504
J106: CHECK | K106: =K95+K100 -> 110.6
K107: =K96+K101 -> 95
K108: =K97+K102 -> 110.6
K109: =K98+K103 -> 95
...

Sheet Final Coeffs_SUP
A2: ~TFM_INS | J2: Key
A3: TimeSlice | B3: LimType | C3: Attribute | D3: Year | E3: Other_Indexes | F3: Pset_PN | G3: Cset_CN | H3: AllRegions | J3: SCOAH2GC01 | L3: H2 Production-Coal Gasification, big size, centralized | N3: OLD H2 Chain
C4: FLO_EMIS | E4: COAHAR | F4: SCOAH2GC01 | G4: SUPCO2N | H4: 96.1 | J4: SCOAH2GC02 | L4: H2 Production-Coal Gasification, medium size, centralized | N4: FLO_EMIS | P4: COAHAR | Q4: SCOAH2G101 | R4: SUPCO2N | S4: 183.306
C5: FLO_EMIS | E5: COAHAR | F5: SCOAH2GC01 | G5: FOSCO2 | H5: 96.1 | J5: SCOAH2GCC01 | L5: H2 Production-Coal Gasification + Carbon Capture, big size, centralized | N5: FLO_EMIS | P5: COAHAR | Q5: SCOAH2G101 | R5: ETSCO2 | S5: =S4 -> 183.306
C6: FLO_EMIS | E6: COAHAR | F6: SCOAH2GC01 | G6: ETSCO2 | H6: 96.1 | J6: SCOAH2GCC02 | L6: H2 Production-Coal Gasification + Carbon Capture, medium size, centralized | N6: FLO_EMIS | P6: COAHAR | Q6: SCOAH2G110 | R6: SUPCO2N | S6: 5.639
C7: FLO_EMIS | E7: COAHAR | F7: SCOAH2GC02 | G7: SUPCO2N | H7: 96.1 | J7: SBIOH2GD01 | L7: H2 Production-Biomass Gasification, small size, decentralized | N7: FLO_EMIS | P7: COAHAR | Q7: SCOAH2G110 | R7: SUPSCO2N | S7: 177.667
C8: FLO_EMIS | E8: COAHAR | F8: SCOAH2GC02 | G8: FOSCO2 | H8: 96.1 | J8: SBIOH2GC01 | L8: H2 Production-Biomass Gasification, medium size, centralized | N8: FLO_EMIS | P8: COAHAR | Q8: SCOAH2G110 | R8: ETSCO2 | S8: =S6+S7 -> 183.306
C9: FLO_EMIS | E9: COAHAR | F9: SCOAH2GC02 | G9: ETSCO2 | H9: 96.1 | J9: SBIOH2GCC01 | L9: H2 Production-Biomass Gasification + Carbon Capture, medium size, centralized | N9: FLO_EMIS | P9: COAHAR | Q9: SCOAH2G210 | R9: SUPCO2N | S9: 1.83306
C10: FLO_EMIS | E10: COAHAR | F10: SCOAH2GCC01 | G10: SUPCO2N | H10: 9.61 | J10: SGASH2KC01 | L10: H2 Production-Kvaerner Process, centralized | N10: FLO_EMIS | P10: COAHAR | Q10: SCOAH2G210 | R10: SUPSCO2N | S10: 181.47294
C11: FLO_EMIS | E11: COAHAR | F11: SCOAH2GCC01 | G11: FOSCO2 | H11: 9.61 | J11: SBIOH2RC01 | L11: H2 Production-Biomass Steam Reforming, centralized | N11: FLO_EMIS | P11: COAHAR | Q11: SCOAH2G210 | R11: ETSCO2 | S11: =S9+S10 -> 183.306
C12: FLO_EMIS | E12: COAHAR | F12: SCOAH2GCC01 | G12: SNKFCO2 | H12: 86.49 | J12: SGASH2RC01 | L12: H2 Production-Methane Steam Reforming, large size, centralized | N12: FLO_EMIS | P12: GASNAT | Q12: SGASH2101 | R12: SUPCO2N | S12: 84.15
C13: FLO_EMIS | E13: COAHAR | F13: SCOAH2GCC01 | G13: ETSCO2 | H13: 96.1 | J13: SGASH2RC02 | L13: H2 Production-Methane Steam Reforming, small size, centralized | N13: FLO_EMIS | P13: GASNAT | Q13: SGASH2101 | R13: ETSCO2 | S13: =S12 -> 84.15
C14: FLO_EMIS | E14: COAHAR | F14: SCOAH2GCC02 | G14: SUPCO2N | H14: 4.805 | J14: SGASH2RCC01 | L14: H2 Production-Methane Steam Reforming + Carbon Capture, large size, centralized | N14: FLO_EMIS | P14: GASNAT | Q14: SGASH2G2101 | R14: SUPCO2N | S14: 75.735
C15: FLO_EMIS | E15: COAHAR | F15: SCOAH2GCC02 | G15: FOSCO2 | H15: 4.805 | J15: SGASH2RCC02 | L15: H2 Production-Methane Steam Reforming + Carbon Capture, small size, centralized | N15: FLO_EMIS | P15: GASNAT | Q15: SGASH2G2101 | R15: ETSCO2 | S15: =S14 -> 75.735
C16: FLO_EMIS | E16: COAHAR | F16: SCOAH2GCC02 | G16: SNKFCO2 | H16: 91.295 | J16: SGASSH2RC01 | L16: H2 Production-Solar Steam Reforming of Methane, centralized | N16: FLO_EMIS | P16: GASNAT | Q16: SGASH2G301 | R16: SUPCO2N | S16: 0.021317
C17: FLO_EMIS | E17: COAHAR | F17: SCOAH2GCC02 | G17: ETSCO2 | H17: 96.1 | J17: SGASH2RD01 | L17: H2 Production-Methane Steam Reforming, medium size, decentralized | N17: FLO_EMIS | P17: GASNAT | Q17: SGASH2G301 | R17: ETSCO2 | S17: =S16 -> 0.021317
C18: FLO_EMIS | E18: BIOWOOH2 | F18: SBIOH2GCC01 | G18: SUPCO2N | H18: -98.56 | J18: SGASH2RD02 | L18: H2 Production-Methane Steam Reforming, small size, decentralized | N18: FLO_EMIS | P18: OILHFO | Q18: SHFOH2G101 | R18: SUPCO2N | S18: 100.62
C19: FLO_EMIS | E19: BIOWOOH2 | F19: SBIOH2GCC01 | G19: SUPSCO2N | H19: 98.56 | J19: SETHRH2D01 | L19: H2 Production-Ethanol Steam Reforming, decentralized | N19: FLO_EMIS | P19: OILHFO | Q19: SHFOH2G101 | R19: ETSCO2 | S19: =S18 -> 100.62
C20: FLO_EMIS | E20: BIOWOOH2 | F20: SBIOH2GCC01 | G20: ETSCO2 | H20: 0 | J20: SGASSH2RD01 | L20: H2 Production-Solar Steam Reforming of Methane, decentralized | N20: FLO_EMIS | P20: GASNAT | Q20: SSOLH2G130 | R20: SUPCO2N | S20: 84.15
C21: FLO_EMIS | E21: GASNAT | F21: SGASH2KC01 | G21: SUPCO2N | H21: 56.1 | J21: SHFOH2POC01 | L21: H2 Production-Central PO of Heavy Oil (CPO3) | N21: FLO_EMIS | P21: GASNAT | Q21: SSOLH2G130 | R21: ETSCO2 | S21: =S20 -> 84.15
C22: FLO_EMIS | E22: GASNAT | F22: SGASH2KC01 | G22: FOSCO2 | H22: 56.1
C23: FLO_EMIS | E23: GASNAT | F23: SGASH2KC01 | G23: ETSCO2 | H23: 56.1
C24: FLO_EMIS | E24: GASNAT | F24: SGASH2RC01 | G24: SUPCO2N | H24: 56.1
C25: FLO_EMIS | E25: GASNAT | F25: SGASH2RC01 | G25: FOSCO2 | H25: 56.1
C26: FLO_EMIS | E26: GASNAT | F26: SGASH2RC01 | G26: ETSCO2 | H26: 56.1
C27: FLO_EMIS | E27: GASNAT | F27: SGASH2RC02 | G27: SUPCO2N | H27: 56.1
C28: FLO_EMIS | E28: GASNAT | F28: SGASH2RC02 | G28: FOSCO2 | H28: 56.1
C29: FLO_EMIS | E29: GASNAT | F29: SGASH2RC02 | G29: ETSCO2 | H29: 56.1
C30: FLO_EMIS | E30: GASNAT | F30: SGASH2RCC01 | G30: SUPCO2N | H30: 2.805
C31: FLO_EMIS | E31: GASNAT | F31: SGASH2RCC01 | G31: FOSCO2 | H31: 2.805
C32: FLO_EMIS | E32: GASNAT | F32: SGASH2RCC01 | G32: SNKFCO2 | H32: 53.295
C33: FLO_EMIS | E33: GASNAT | F33: SGASH2RCC01 | G33: ETSCO2 | H33: 56.1
... C44: FLO_EMIS | E44: GASNAT | F44: SGASH2RD02 | G44: SUPCO2N | H44: 56.1
C45: FLO_EMIS | E45: GASNAT | F45: SGASH2RD02 | G45: FOSCO2 | H45: 56.1 | L45: FUEL1 | M45: FUEL2 | N45: ETSCO2N | O45: SUPCO2N | P45: SUPSCO2N | Q45: Reference
C46: FLO_EMIS | E46: GASNAT | F46: SGASH2RD02 | G46: ETSCO2 | H46: 56.1 | L46: COAHAR | N46: =O46 -> 183.306 | O46: 183.306 | P46: 0 | Q46: Cascade-Mints D1.1 Fuel cell technologies and H2 production/distribution options. DLR. September 2005.
C47: FLO_EMIS | E47: GASNAT | F47: SGASSH2RD01 | G47: SUPCO2N | H47: 56.1 | L47: COAHAR | N47: =O47 -> 5.639 | O47: =O46-P47 -> 5.639 | P47: 177.667 | Q47: Cascade-Mints D1.1 Fuel cell technologies and H2 production/distribution options. DLR. September 2005.
C48: FLO_EMIS | E48: GASNAT | F48: SGASSH2RD01 | G48: FOSCO2 | H48: 56.1 | L48: COAHAR | N48: =O48 -> 1.83306 | O48: =O46-P48 -> 1.83306 | P48: =O46*0.99 -> 181.47294 | Q48: No data, assumed same EF as SMR small but 99% capture rate
C49: FLO_EMIS | E49: GASNAT | F49: SGASSH2RD01 | G49: ETSCO2 | H49: 56.1 | L49: BIOWOO | M49: ELCHIG | N49: =O49 -> 0 | O49: 0 | P49: 0 | Q49: Cascade-Mints D1.1 Fuel cell technologies and H2 production/distribution options. DLR. September 2005.
C50: FLO_EMIS | E50: OILHFO | F50: SHFOH2POC01 | G50: SUPCO2N | H50: 75.33767 | L50: BIOWOO | N50: =O50 -> 0 | O50: 0 | P50: 0 | Q50: Cascade-Mints D1.1 Fuel cell technologies and H2 production/distribution options. DLR. September 2005.
C51: FLO_EMIS | E51: OILHFO | F51: SHFOH2POC01 | G51: FOSCO2 | H51: 75.33767 | L51: ELCHIG | M51: SUPHTH | N51: =O51 -> 0 | O51: 0 | P51: 0 | Q51: Cascade-Mints D1.1 Fuel cell technologies and H2 production/distribution options. DLR. September 2005.
C52: FLO_EMIS | E52: OILHFO | F52: SHFOH2POC01 | G52: ETSCO2 | H52: 75.33767 | L52: ELCHIG | N52: =O52 -> 0 | O52: 0 | P52: 0 | Q52: Cascade-Mints D1.1 Fuel cell technologies and H2 production/distribution options. DLR. September 2005.
C53: FLO_EMIS | E53: COAHAR | F53: SCOADME110 | G53: SUPCO2N | H53: 60.347533 | L53: ELCHIG | N53: =O53 -> 0 | O53: 0 | P53: 0 | Q53: Cascade-Mints D1.1 Fuel cell technologies and H2 production/distribution options. DLR. September 2005.
C54: FLO_EMIS | E54: COAHAR | F54: SCOADME110 | G54: FOSCO2 | H54: 60.347533 | L54: ELCHIG | N54: =O54 -> 0 | O54: 0 | P54: 0 | Q54: Cascade-Mints D1.1 Fuel cell technologies and H2 production/distribution options. DLR. September 2005.
C55: FLO_EMIS | E55: COAHAR | F55: SCOADME110 | G55: ETSCO2 | H55: 60.347533 | L55: GASNAT | N55: =O55 -> 84.15 | O55: 84.15 | P55: 0 | Q55: Cascade-Mints D1.1 Fuel cell technologies and H2 production/distribution options. DLR. September 2005.
C56: FLO_EMIS | E56: COAHAR | F56: SCOADST110 | G56: SUPCO2N | H56: 64.91795 | L56: GASNAT | N56: =O56 -> 75.735 | O56: 75.735 | P56: 0 | Q56: Cascade-Mints D1.1 Fuel cell technologies and H2 production/distribution options. DLR. September 2005.
C57: FLO_EMIS | E57: COAHAR | F57: SCOADST110 | G57: FOSCO2 | H57: 64.91795 | L57: GASNAT | M57: ELCHIG | N57: =O57 -> 0.021317 | O57: 0.021317 | P57: 0 | Q57: Cascade-Mints D1.1 Fuel cell technologies and H2 production/distribution options. DLR. September 2005.
C58: FLO_EMIS | E58: COAHAR | F58: SCOADST110 | G58: ETSCO2 | H58: 64.91795 | L58: OILHFO | M58: ELCHIG | N58: =O58 -> 100.62 | O58: 100.62 | P58: 0 | Q58: Cascade-Mints D1.1 Fuel cell technologies and H2 production/distribution options. DLR. September 2005.
C59: FLO_EMIS | E59: COAHAR | F59: SCOAGAS110 | G59: SUPCO2N | H59: 60.270092 | L59: GASNAT | M59: RENSOL | N59: =N55 -> 84.15 | O59: =O55 -> 84.15 | P59: 0 | Q59: No data, assumed same EF as SMR small
C60: FLO_EMIS | E60: COAHAR | F60: SCOAGAS110 | G60: FOSCO2 | H60: 60.270092 | L60: INDBLQ
C61: FLO_EMIS | E61: COAHAR | F61: SCOAGAS110 | G61: ETSCO2 | H61: 60.270092
C62: FLO_EMIS | E62: COAHAR | F62: SCOAMtaH110 | G62: SUPCO2N | H62: 60.347533 | L62: INDBLQ | N62: =O62 -> 0 | O62: 0 | Q62: This was here from previous file. Not sure the emissions are correct and probably need to update when possible
C63: FLO_EMIS | E63: COAHAR | F63: SCOAMtaH110 | G63: FOSCO2 | H63: 60.347533 | L63: INDBLQ | N63: =O63 -> 0 | O63: 0 | Q63: This was here from previous file. Not sure the emissions are correct and probably need to update when possible
C64: FLO_EMIS | E64: COAHAR | F64: SCOAMtaH110 | G64: ETSCO2 | H64: 60.347533 | L64: INDBLQ | N64: =O64 -> 0 | O64: 0 | Q64: This was here from previous file. Not sure the emissions are correct and probably need to update when possible
C65: FLO_EMIS | E65: GASNAT | F65: SGASDME110 | G65: SUPCO2N | H65: 6.8998971 | L65: INDBLQ | N65: =O65 -> 0 | O65: 0 | Q65: This was here from previous file. Not sure the emissions are correct and probably need to update when possible
C66: FLO_EMIS | E66: GASNAT | F66: SGASDME110 | G66: FOSCO2 | H66: 6.8998971 | L66: BIOSLU | N66: =O66 -> 0 | O66: 0 | Q66: This was here from previous file. Not sure the emissions are correct and probably need to update when possible
C67: FLO_EMIS | E67: GASNAT | F67: SGASDME110 | G67: ETSCO2 | H67: 6.8998971 | L67: BIOWOO | N67: =O67 -> 0 | O67: 0 | Q67: This was here from previous file. Not sure the emissions are correct and probably need to update when possible
C68: FLO_EMIS | E68: GASNAT | F68: SGASDST110 | G68: SUPCO2N | H68: 13.757143 | L68: COAHAR | N68: =O68 -> 60.347533 | O68: 60.347533 | Q68: This was here from previous file. Not sure the emissions are correct and probably need to update when possible
C69: FLO_EMIS | E69: GASNAT | F69: SGASDST110 | G69: FOSCO2 | H69: 13.757143 | L69: COAHAR | N69: =O69 -> 64.91795 | O69: 64.91795 | Q69: This was here from previous file. Not sure the emissions are correct and probably need to update when possible
C70: FLO_EMIS | E70: GASNAT | F70: SGASDST110 | G70: ETSCO2 | H70: 13.757143 | L70: COAHAR | N70: =O70 -> 60.270092 | O70: 60.270092 | Q70: This was here from previous file. Not sure the emissions are correct and probably need to update when possible
C71: FLO_EMIS | E71: GASNAT | F71: SGASDST130 | G71: SUPCO2N | H71: 13.757143 | L71: COAHAR | N71: =O71 -> 60.347533 | O71: =O68 -> 60.347533 | Q71: There was no value, so assumed same as coal to CH4
C72: FLO_EMIS | E72: GASNAT | F72: SGASDST130 | G72: FOSCO2 | H72: 13.757143 | L72: GASNAT | N72: =O72 -> 6.8998971 | O72: 6.8998971 | Q72: This was here from previous file. Not sure the emissions are correct and probably need to update when possible
C73: FLO_EMIS | E73: GASNAT | F73: SGASDST130 | G73: ETSCO2 | H73: 13.757143 | L73: GASNAT | N73: =O73 -> 13.757143 | O73: 13.757143 | Q73: This was here from previous file. Not sure the emissions are correct and probably need to update when possible
C74: FLO_EMIS | E74: BIOETHAkt | F74: BRF2_ETHLGC_CCS | G74: SUPCO2N | H74: -5.9805333 | L74: GASNAT | N74: =O74 -> 13.757143 | O74: 13.757143 | Q74: This was here from previous file. Not sure the emissions are correct and probably need to update when possible
C75: FLO_EMIS | E75: BIOETHAkt | F75: BRF2_ETHLGC_CCS | G75: SUPSCO2N | H75: 5.9805333
C76: FLO_EMIS | E76: BIOETHAkt | F76: BRF2_ETHLGC_CCS | G76: ETSCO2 | H76: 0
C77: FLO_EMIS | E77: BIOBTLFTDSLkt | F77: BRF2_BTLFTDSL_CCS | G77: SUPCO2N | H77: -6.3320267
C78: FLO_EMIS | E78: BIOBTLFTDSLkt | F78: BRF2_BTLFTDSL_CCS | G78: SUPSCO2N | H78: 6.3320267
C79: FLO_EMIS | E79: BIOBTLFTDSLkt | F79: BRF2_BTLFTDSL_CCS | G79: ETSCO2 | H79: 0
C80: FLO_EMIS | E80: GASNAT | F80: SGASMtaH110 | G80: SUPCO2N | H80: 13.757143
C81: FLO_EMIS | E81: GASNAT | F81: SGASMtaH110 | G81: FOSCO2 | H81: 13.757143
C82: FLO_EMIS | E82: GASNAT | F82: SGASMtaH110 | G82: ETSCO2 | H82: 13.757143
F97: FLO_EMIS (SSimoes 28 Oct 2013)
F98: H2 generation processes
E99: 1 | F99: SCOAH2G101 | G99: H2 production coal gasification + PSA 2001
E100: 2 | F100: SCOAH2G110 | G100: H2 production coal gasification + PSA + CCS 2010
E101: 3 | F101: SCOAH2G210 | G101: H2 production coal gasification + HSMR + CCS 2010
E102: 4 | F102: BWOOH2G101 | G102: H2 production biomass gasification 2001
E103: 5 | F103: BWOOH2G130 | G103: H2 production biomass pyrolysis 2030
E104: 6 | F104: SELCH2G120 | G104: H2 production HT Steam electrolyser 2020
E105: 7 | F105: SELCH2GL201 | G105: H2 production electrolyser large 2001
E106: 8 | F106: SELCH2GS101 | G106: H2 production electrolyser small 2001
E107: 9 | F107: SELCH2GTRA101 | G107: H2 production electrolyser small 2001 TRA direct
E108: 10 | F108: SGASH2101 | G108: H2 production SMR small 2001
E109: 11 | F109: SGASH2G2101 | G109: H2 production SMR large 2001
E110: 12 | F110: SGASH2G301 | G110: H2 production Kvaerner Black carbon 2001
... E113: 15 | F113: BBLQH2G110 | G113: Gasification, black liquor to hydrogen
F114: Other syntethic fuel processes
F115: BBLQDME110 | G115: Gasification, black liquor to DME
F116: BBLQFTST110 | G116: Gasification, black liquor to FT-diesel
F117: BBLQGAS110 | G117: Gasification, black liquor to methane
F118: BBLQMtaH110 | G118: Gasification, black liquor to methanol
F119: BSLUGAS101 | G119: Decomposition, bio waste to biogas (methane)
F120: BWOOGAS110 | G120: Gasification, biomass (tree salix etc) to methane
F121: SCOADME110 | G121: Gasification, coal to DME
F122: SCOADST110 | G122: Gasification, coal to FT-diesel
F123: SCOAGAS110 | G123: Gasification, coal to methane
F124: SCOAMtaH110 | G124: Gasification, coal to methanol
F125: SGASDME110 | G125: Synthesis, natural gas to DME
F126: SGASDST110 | G126: Synthesis, natural gas to F-T-diesel
F127: SGASDST130 | G127: Synthesis, natural gas to F-T-diesel

Sheet Final Coeffs_IND
A2: ~TFM_INS | J2: ~TFM_INS
A3: TimeSlice | B3: LimType | C3: Attribute | D3: Year | E3: Other_Indexes | F3: Pset_PN | G3: Cset_CN | H3: AllRegions | J3: TimeSlice | K3: LimType | L3: Attribute | M3: Year | N3: Other_Indexes | O3: Pset_PN | P3: Cset_CN | Q3: AllRegions
C4: FLO_EMIS | E4: INDGAS | F4: IAMADVCAP10 | G4: INDCO2N | H4: 6.72 | L4: FLO_EMIS | N4: INDGAS | O4: IAMADVCAP10 | P4: FOSCO2 | Q4: 6.72
C5: FLO_EMIS | E5: INDGAS | F5: ICMDRYPRD10 | G5: INDCO2N | H5: 6.72 | L5: FLO_EMIS | N5: INDGAS | O5: ICMDRYPRD10 | P5: FOSCO2 | Q5: 6.72
C6: FLO_EMIS | E6: INDCOA | F6: ICMDRYPRD10 | G6: INDCO2N | H6: 11.796 | L6: FLO_EMIS | N6: INDCOA | O6: ICMDRYPRD10 | P6: FOSCO2 | Q6: 11.796
C7: FLO_EMIS | E7: INDGAS | F7: IISDRISPNCS01 | G7: INDCO2N | H7: 17.864 | L7: FLO_EMIS | N7: INDGAS | O7: IISDRISPNCS01 | P7: FOSCO2 | Q7: 17.864
C8: FLO_EMIS | E8: INDCOK | F8: IISBLAFURTGRCS20 | G8: INDCO2N | H8: 24.5014 | L8: FLO_EMIS | N8: INDCOK | O8: IISBLAFURTGRCS20 | P8: FOSCO2 | Q8: 24.5014
C9: FLO_EMIS | E9: INDCOA | F9: IISBLAFURTGRCS20 | G9: INDCO2N | H9: 25.4597 | L9: FLO_EMIS | N9: INDCOA | O9: IISBLAFURTGRCS20 | P9: FOSCO2 | Q9: 25.4597
C10: FLO_EMIS | E10: INDCOK | F10: IISBLAFURCS20 | G10: INDCO2N | H10: 47.3 | L10: FLO_EMIS | N10: INDCOK | O10: IISBLAFURCS20 | P10: FOSCO2 | Q10: 47.3
C11: FLO_EMIS | E11: INDCOA | F11: IISBLAFURCS20 | G11: INDCO2N | H11: 49.15 | L11: FLO_EMIS | N11: INDCOA | O11: IISBLAFURCS20 | P11: FOSCO2 | Q11: 49.15
C12: FLO_EMIS | E12: INDCOA | F12: IISCOREXCS | G12: INDCO2N | H12: 72.8403 | L12: FLO_EMIS | N12: INDCOA | O12: IISCOREXCS | P12: FOSCO2 | Q12: 72.8403
C13: FLO_EMIS | E13: INDCOK | F13: IISCOREXCS | G13: INDCO2N | H13: 70.0986 | L13: FLO_EMIS | N13: INDCOK | O13: IISCOREXCS | P13: FOSCO2 | Q13: 70.0986
C14: FLO_EMIS | E14: INDGAS | F14: IPPHIGQUA10 | G14: INDCO2N | H14: 6.72 | L14: FLO_EMIS | N14: INDGAS | O14: IPPHIGQUA10 | P14: FOSCO2 | Q14: 6.72
C15: FLO_EMIS | E15: INDGAS | F15: IPPLOWQUA10 | G15: INDCO2N | H15: 6.72 | L15: FLO_EMIS | N15: INDGAS | O15: IPPLOWQUA10 | P15: FOSCO2 | Q15: 6.72
... C21: FLO_EMIS | E21: INDHFO | F21: IGHRECYCL10 | G21: INDCO2N | H21: 9.288 | L21: FLO_EMIS | N21: INDHFO | O21: IGHRECYCL10 | P21: FOSCO2 | Q21: 9.288
C22: ENV_ACT | F22: IISBLAFUR00 | G22: INDCO2P | H22: 77 | L22: ENV_ACT | O22: IISBLAFUR00 | P22: FOSCO2 | Q22: 77
C23: ENV_ACT | F23: IISCOREXP00 | G23: INDCO2P | H23: 150 | L23: ENV_ACT | O23: IISCOREXP00 | P23: FOSCO2 | Q23: 150
C24: ENV_ACT | F24: IISDRISPN00 | G24: INDCO2P | H24: 77 | L24: ENV_ACT | O24: IISDRISPN00 | P24: FOSCO2 | Q24: 77
C25: ENV_ACT | F25: IISCYCFUR00 | G25: INDCO2P | H25: 77 | L25: ENV_ACT | O25: IISCYCFUR00 | P25: FOSCO2 | Q25: 77
C26: ENV_ACT | F26: IALHAHERG00 | G26: INDCO2P | H26: 10000 | L26: ENV_ACT | O26: IALHAHERG00 | P26: FOSCO2 | Q26: 10000
C27: ENV_ACT | F27: IALHAHEPF00 | G27: INDCO2P | H27: 1000 | L27: ENV_ACT | O27: IALHAHEPF00 | P27: FOSCO2 | Q27: 1000
C28: ENV_ACT | F28: ICMDRYPRD00 | G28: INDCO2P | H28: 510 | L28: ENV_ACT | O28: ICMDRYPRD00 | P28: FOSCO2 | Q28: 510
C29: ENV_ACT | F29: ICMWETPRD00 | G29: INDCO2P | H29: 510 | L29: ENV_ACT | O29: ICMWETPRD00 | P29: FOSCO2 | Q29: 510
C30: ENV_ACT | F30: IALHAHEPF01 | G30: INDCO2P | H30: 1000 | L30: ENV_ACT | O30: IALHAHEPF01 | P30: FOSCO2 | Q30: 1000
C31: ENV_ACT | F31: IALHAHERG01 | G31: INDCO2P | H31: 10000 | L31: ENV_ACT | O31: IALHAHERG01 | P31: FOSCO2 | Q31: 10000
C32: ENV_ACT | F32: IALHAHERG05 | G32: INDCO2P | H32: 7500 | L32: ENV_ACT | O32: IALHAHERG05 | P32: FOSCO2 | Q32: 7500
C33: ENV_ACT | F33: IALHAHERG10 | G33: INDCO2P | H33: 7500 | L33: ENV_ACT | O33: IALHAHERG10 | P33: FOSCO2 | Q33: 7500
... C39: ENV_ACT | F39: ILMQLMPRO01 | G39: INDCO2P | H39: 786 | L39: ENV_ACT | O39: ILMQLMPRO01 | P39: FOSCO2 | Q39: 786
C40: ENV_ACT | F40: IALHAHERG00 | G40: INDCXFN | H40: 1.25
C41: ENV_ACT | F41: IALHAHEPF00 | G41: INDCXFN | H41: 0.125
C42: ENV_ACT | F42: IALHAHEPF01 | G42: INDCXFN | H42: 0.125
C43: ENV_ACT | F43: IALHAHERG01 | G43: INDCXFN | H43: 1.25
C44: ENV_ACT | F44: IALHAHERG05 | G44: INDCXFN | H44: 1.25
C45: ENV_ACT | F45: IALHAHERG10 | G45: INDCXFN | H45: 1.25
C46: ENV_ACT | F46: IALINERAN01 | G46: INDCXFN | H46: 1.25
C47: ENV_ACT | F47: IALRECYCP01 | G47: INDCXFN | H47: 1.25
C48: ENV_ACT | F48: IALRECYCP05 | G48: INDCXFN | H48: 0.125
C49: ENV_ACT | F49: IALRECYCP10 | G49: INDCXFN | H49: 0.125
C50: FLO_EMIS | E50: INDGAS | F50: IAMADVCAP10 | G50: SNKFCO2 | H50: 49.28
C51: FLO_EMIS | E51: INDGAS | F51: ICMDRYPRD10 | G51: SNKFCO2 | H51: 49.28
C52: FLO_EMIS | E52: INDCOA | F52: ICMDRYPRD10 | G52: SNKFCO2 | H52: 86.504
C53: FLO_EMIS | E53: INDGAS | F53: IISDRISPNCS01 | G53: SNKFCO2 | H53: 38.136
C54: FLO_EMIS | E54: INDCOK | F54: IISBLAFURTGRCS20 | G54: SNKFCO2 | H54: 70.0986
C55: FLO_EMIS | E55: INDCOA | F55: IISBLAFURTGRCS20 | G55: SNKFCO2 | H55: 72.8403
C56: FLO_EMIS | E56: INDCOK | F56: IISBLAFURCS20 | G56: SNKFCO2 | H56: 47.3
C57: FLO_EMIS | E57: INDCOA | F57: IISBLAFURCS20 | G57: SNKFCO2 | H57: 49.15
C58: FLO_EMIS | E58: INDCOA | F58: IISCOREXCS | G58: SNKFCO2 | H58: 25.4597
C59: FLO_EMIS | E59: INDCOK | F59: IISCOREXCS | G59: SNKFCO2 | H59: 24.5014
C60: FLO_EMIS | E60: INDGAS | F60: IPPHIGQUA10 | G60: SNKFCO2 | H60: 49.28
C61: FLO_EMIS | E61: INDGAS | F61: IPPLOWQUA10 | G61: SNKFCO2 | H61: 49.28
... C67: FLO_EMIS | E67: INDHFO | F67: IGHRECYCL10 | G67: SNKFCO2 | H67: 68.112
C68: ENV_ACT | F68: IAMADVCAP10 | G68: SNKFCO2 | H68: 603.73
C69: ENV_ACT | F69: ICMDRYPRD10 | G69: SNKFCO2 | H69: 477.49478
A72: ~TFM_INS
A73: TimeSlice | B73: LimType | C73: Attribute | D73: Year | E73: Other_Indexes | F73: PSET_CI | G73: Pset_PN | H73: Pset_PD | I73: Cset_CN | J73: AllRegions
C74: FLO_EMIS | D74: 2005 | E74: ELCBFG | F74: ELCBFG | G74: EU* | I74: INDCO2N | J74: -286 | L74: To avoid double counting and to have transparant emissions allocations over the sectors (IND and ELC sectors)
C75: FLO_EMIS | D75: 2005 | E75: ELCIIS | F75: ELCIIS | G75: EU* | I75: INDCO2N | J75: -195
C76: FLO_EMIS | D76: 2005 | E76: ELCBFT | F76: ELCBFT | G76: EU* | I76: INDCO2N | J76: -894
C77: FLO_EMIS | D77: 2005 | E77: ELCCOP | F77: ELCCOP | G77: EU* | I77: INDCO2N | J77: -122
C78: FLO_EMIS | D78: 2005 | E78: ELCBFG | F78: ELCBFG | G78: EU* | I78: FOSCO2 | J78: -286
C79: FLO_EMIS | D79: 2005 | E79: ELCIIS | F79: ELCIIS | G79: EU* | I79: FOSCO2 | J79: -195
C80: FLO_EMIS | D80: 2005 | E80: ELCBFT | F80: ELCBFT | G80: EU* | I80: FOSCO2 | J80: -894
C81: FLO_EMIS | D81: 2005 | E81: ELCCOP | F81: ELCCOP | G81: EU* | I81: FOSCO2 | J81: -122

Sheet EmiFactors_IND
A1: Static coefficients for combustion emissions in industry | I1: Dynamic coefficients for combustion emissions in industry
A2: ~TFM_INS | I2: ~TFM_INS
A3: Attribute | B3: PSET_PN | C3: PSET_CI | D3: Other_Indexes | E3: CSET_CN | F3: AllRegions | I3: Attribute | J3: CSET_CN | K3: Other_Indexes | L3: AllRegions
A4: FLO_EMIS | B4: IND* | C4: =D4 -> COAHAR | D4: COAHAR | E4: SE_INDCO2N | F4: 95 | I4: VDA_EMCB | J4: INDCOA | K4: INDCO2N | L4: 95
A5: FLO_EMIS | B5: IND* | C5: =D5 -> COACOK | D5: COACOK | E5: SE_INDCO2N | F5: 105 | I5: VDA_EMCB | J5: INDCOL | K5: INDCO2N | L5: 105
A6: FLO_EMIS | B6: IND* | C6: =D6 -> COALIG | D6: COALIG | E6: SE_INDCO2N | F6: 110.6 | I6: VDA_EMCB | J6: INDCOB | K6: INDCO2N | L6: 110.6
A7: FLO_EMIS | B7: IND* | C7: =D7 -> COABRO | D7: COABRO | E7: SE_INDCO2N | F7: 110.6 | I7: VDA_EMCB | J7: INDCOK | K7: INDCO2N | L7: 110.6
A8: FLO_EMIS | B8: IND* | C8: =D8 -> OILRFG | D8: OILRFG | E8: SE_INDCO2N | F8: 60 | I8: VDA_EMCB | J8: INDRFG | K8: INDCO2N | L8: 60
A9: FLO_EMIS | B9: IND* | C9: =D9 -> OILLPG | D9: OILLPG | E9: SE_INDCO2N | F9: 65 | I9: VDA_EMCB | J9: INDLPG | K9: INDCO2N | L9: 65
A10: FLO_EMIS | B10: IND* | C10: =D10 -> OILGSL | D10: OILGSL | E10: SE_INDCO2N | F10: 72 | I10: VDA_EMCB | J10: INDLFO | K10: INDCO2N | L10: 74
A11: FLO_EMIS | B11: IND* | C11: =D11 -> OILKER | D11: OILKER | E11: SE_INDCO2N | F11: 74 | I11: VDA_EMCB | J11: INDNAP | K11: INDCO2N | L11: 73.3
A12: FLO_EMIS | B12: IND* | C12: =D12 -> OILNAP | D12: OILNAP | E12: SE_INDCO2N | F12: 73.3 | I12: VDA_EMCB | J12: INDHFO | K12: INDCO2N | L12: 78
A13: FLO_EMIS | B13: IND* | C13: =D13 -> OILDST | D13: OILDST | E13: SE_INDCO2N | F13: 74 | I13: VDA_EMCB | J13: INDNEU | K13: INDCO2N | L13: 0
A14: FLO_EMIS | B14: IND* | C14: =D14 -> OILHFO | D14: OILHFO | E14: SE_INDCO2N | F14: 78 | I14: VDA_EMCB | J14: INDGAS | K14: INDCO2N | L14: 56
A15: FLO_EMIS | B15: IND* | C15: =D15 -> OILNEU | D15: OILNEU | E15: SE_INDCO2N | F15: 0 | I15: VDA_EMCB | J15: INDCOG | K15: INDCO2N | L15: 108.2
... A25: FLO_EMIS | B25: IND* | C25: =D25 -> BIOLIQ | D25: BIOLIQ | E25: SE_INDCO2N | F25: 0 | I25: VDA_EMCB | J25: INDLPG | K25: FOSCO2 | L25: 65
I26: VDA_EMCB | J26: INDLFO | K26: FOSCO2 | L26: 74
I27: VDA_EMCB | J27: INDNAP | K27: FOSCO2 | L27: 73.3
I28: VDA_EMCB | J28: INDHFO | K28: FOSCO2 | L28: 78
I29: VDA_EMCB | J29: INDNEU | K29: FOSCO2 | L29: 0
I30: VDA_EMCB | J30: INDGAS | K30: FOSCO2 | L30: 56
I31: VDA_EMCB | J31: INDCOG | K31: FOSCO2 | L31: 108.2
I32: VDA_EMCB | J32: INDBFG | K32: FOSCO2 | L32: 286
I33: VDA_EMCB | J33: INDBIO | K33: FOSCO2 | L33: 0
I34: VDA_EMCB | J34: INDMUN | K34: FOSCO2 | L34: 45
I35: VDA_EMCB | J35: INDSLU | K35: FOSCO2 | L35: 45

Sheet EmiFactors_TRA
A1: Dynamic coefficients for combustion emissions in transport
A2: ~TFM_INS
A3: Attribute | B3: CSET_CN | C3: Other_Indexes | D3: AllRegions
A4: VDA_EMCB | B4: TRALPG | C4: TRACO2N | D4: =C17 -> 63.1
A5: VDA_EMCB | B5: TRAJTK | C5: TRACO2N | D5: =C48 -> 71.9
A6: VDA_EMCB | B6: TRADST | C6: TRACO2N | D6: =C49 -> 74.1
A7: VDA_EMCB | B7: TRALFO | C7: TRACO2N | D7: =D6 -> 74.1
A8: VDA_EMCB | B8: TRAHFO | C8: TRACO2N | D8: 77.4
A9: VDA_EMCB | B9: TRAGAS | C9: TRACO2N | D9: =C24 -> 74.1
A10: VDA_EMCB | B10: TRAGSLSP95 | C10: TRACO2N | D10: 73.38
A11: VDA_EMCB | B11: TRAGSLE85 | C11: TRACO2N | D11: 71.38
A14: Static coefficients for combustion emissions in transport
A15: ~TFM_INS
A16: Attribute | B16: Other_Indexes | C16: AllRegions | D16: Pset_PN | E16: Pset_PD | F16: Pset_CI | G16: Cset_CN
A17: FLO_EMIS | B17: OILLPG | C17: 63.1 | D17: TRALPG* | F17: OILLPG | G17: SE_TRACO2N
A18: FLO_EMIS | B18: OILHFO | C18: 77.4 | D18: TRAHFO* | F18: =B18 -> OILHFO | G18: SE_TRACO2N
A19: FLO_EMIS | B19: GASNAT | C19: 56.1 | D19: TRAGAS* | F19: =B19 -> GASNAT | G19: SE_TRACO2N
A20: FLO_EMIS | B20: OILKER | C20: 71.9 | D20: BLDJET | F20: =B20 -> OILKER | G20: SE_TRACO2N
A21: FLO_EMIS | B21: OILDST | C21: 74.1 | D21: BLDDSL* | F21: =B21 -> OILDST | G21: SE_TRACO2N
A22: FLO_EMIS | B22: OILGSL | C22: 73.38 | D22: BLDGSL* | F22: =B22 -> OILGSL | G22: SE_TRACO2N
A23: FLO_EMIS | B23: P2LGSL_FOS | C23: 73.38 | D23: BLD_RFNBO_GSL | F23: =B23 -> P2LGSL_FOS | G23: SE_TRACO2N
A24: FLO_EMIS | B24: P2LDST_FOS,SYNDST | C24: 74.1 | D24: BLD_RFNBO_RAI,BLD_RFNBO_DSL | F24: =B24 -> P2LDST_FOS,SYNDST | G24: SE_TRACO2N
A25: FLO_EMIS | B25: P2LKER_FOS,SYNKER | C25: 71.9 | D25: BLD_RFNBO_JET | F25: =B25 -> P2LKER_FOS,SYNKER | G25: SE_TRACO2N
A26: FLO_EMIS | B26: P2LDST_FOS,SYNDST | C26: 74.1 | D26: BLD_RFNBO_NAV | F26: =B26 -> P2LDST_FOS,SYNDST | G26: SE_TRACO2N
A27: FLO_EMIS | B27: GASP2G_FOS | C27: 56.1 | D27: BLD_RFNBO_GAS | F27: =B27 -> GASP2G_FOS | G27: SE_TRACO2N
A28: =A17 -> FLO_EMIS | B28: =B17 -> OILLPG | C28: =C17 -> 63.1 | D28: =D17 -> TRALPG* | F28: =F17 -> OILLPG | G28: FOSCO2
A29: =A18 -> FLO_EMIS | B29: =B18 -> OILHFO | C29: =C18 -> 77.4 | D29: =D18 -> TRAHFO* | F29: =F18 -> OILHFO | G29: FOSCO2
A30: =A19 -> FLO_EMIS | B30: =B19 -> GASNAT | C30: =C19 -> 56.1 | D30: =D19 -> TRAGAS* | F30: =F19 -> GASNAT | G30: FOSCO2
A31: =A20 -> FLO_EMIS | B31: =B20 -> OILKER | C31: =C20 -> 71.9 | D31: =D20 -> BLDJET | F31: =F20 -> OILKER | G31: FOSCO2
A32: =A21 -> FLO_EMIS | B32: =B21 -> OILDST | C32: =C21 -> 74.1 | D32: =D21 -> BLDDSL* | F32: =F21 -> OILDST | G32: FOSCO2
A33: =A22 -> FLO_EMIS | B33: =B22 -> OILGSL | C33: =C22 -> 73.38 | D33: =D22 -> BLDGSL* | F33: =F22 -> OILGSL | G33: FOSCO2
A34: =A23 -> FLO_EMIS | B34: =B23 -> P2LGSL_FOS | C34: =C23 -> 73.38 | D34: =D23 -> BLD_RFNBO_GSL | F34: =F23 -> P2LGSL_FOS | G34: FOSCO2
A35: =A24 -> FLO_EMIS | B35: =B24 -> P2LDST_FOS,SYNDST | C35: =C24 -> 74.1 | D35: =D24 -> BLD_RFNBO_RAI,BLD_RFNBO_DSL | F35: =F24 -> P2LDST_FOS,SYNDST | G35: FOSCO2
A36: =A25 -> FLO_EMIS | B36: =B25 -> P2LKER_FOS,SYNKER | C36: =C25 -> 71.9 | D36: =D25 -> BLD_RFNBO_JET | F36: =F25 -> P2LKER_FOS,SYNKER | G36: FOSCO2
A37: =A26 -> FLO_EMIS | B37: =B26 -> P2LDST_FOS,SYNDST | C37: =C26 -> 74.1 | D37: =D26 -> BLD_RFNBO_NAV | F37: =F26 -> P2LDST_FOS,SYNDST | G37: FOSCO2
A38: =A27 -> FLO_EMIS | B38: =B27 -> GASP2G_FOS | C38: =C27 -> 56.1 | D38: =D27 -> BLD_RFNBO_GAS | F38: =F27 -> GASP2G_FOS | G38: FOSCO2
C42: 77.4 | D42: ktCO2/PJ
C43: 339.1288 | D43: PJ | E43: =C42*C43 -> 26248.569 | F43: ktCO2
C44: =C43*25 -> 8478.22 | D44: kt HFO | E44: =E43/C44 -> 3.096 | F44: ktCO2/ktHFO
A47: *FLO_EMIS | B47: OILGSL | C47: 74 | D47: TAI*,BLD*,TRA* | F47: OILGSL | G47: SE_TRACO2N
A48: *FLO_EMIS | B48: OILKER | C48: 71.9 | D48: TAI*,BLD*,TRA* | F48: OILKER | G48: SE_TRACO2N
A49: *FLO_EMIS | B49: OILDST | C49: 74.1 | D49: TAI*,BLD*,TRA* | F49: OILDST | G49: SE_TRACO2N

Sheet EmiFactors_AGR_COM_RSD
A1: Static coefficients for combustion emissions in agriculture fuel use
A2: ~TFM_INS
A3: Attribute | B3: Other_Indexes | C3: AllRegions | D3: Pset_PN | E3: Pset_PD | F3: Pset_CI | G3: Cset_CN
A4: FLO_EMIS | B4: COAHAR | C4: 95 | D4: AGRCOA* | F4: =B4 -> COAHAR | G4: AGRCO2N
A5: FLO_EMIS | B5: OILLPG | C5: 65 | D5: AGRLPG* | F5: OILLPG | G5: AGRCO2N
A6: FLO_EMIS | B6: OILHFO | C6: 78 | D6: AGROIL* | F6: =B6 -> OILHFO | G6: AGRCO2N
A7: FLO_EMIS | B7: GASNAT | C7: 56 | D7: AGRGAS* | F7: =B7 -> GASNAT | G7: AGRCO2N
A8: FLO_EMIS | B8: OILDST | C8: 74 | D8: AGRDST* | F8: =B8 -> OILDST | G8: AGRCO2N
A9: =A4 -> FLO_EMIS | B9: =B4 -> COAHAR | C9: =C4 -> 95 | D9: =D4 -> AGRCOA* | F9: =F4 -> COAHAR | G9: FOSCO2
A10: =A5 -> FLO_EMIS | B10: =B5 -> OILLPG | C10: =C5 -> 65 | D10: =D5 -> AGRLPG* | F10: =F5 -> OILLPG | G10: FOSCO2
A11: =A6 -> FLO_EMIS | B11: =B6 -> OILHFO | C11: =C6 -> 78 | D11: =D6 -> AGROIL* | F11: =F6 -> OILHFO | G11: FOSCO2
A12: =A7 -> FLO_EMIS | B12: =B7 -> GASNAT | C12: =C7 -> 56 | D12: =D7 -> AGRGAS* | F12: =F7 -> GASNAT | G12: FOSCO2
A13: =A8 -> FLO_EMIS | B13: =B8 -> OILDST | C13: =C8 -> 74 | D13: =D8 -> AGRDST* | F13: =F8 -> OILDST | G13: FOSCO2
A15: Static coefficients for combustion emissions in commercial fuel use
A16: ~TFM_INS
A17: Attribute | B17: Other_Indexes | C17: AllRegions | D17: Pset_PN | E17: Pset_PD | F17: Pset_CI | G17: Cset_CN
A18: FLO_EMIS | B18: COAHAR | C18: 95 | D18: COMCOA* | F18: =B18 -> COAHAR | G18: COMCO2N
A19: FLO_EMIS | B19: COACOK | C19: 105 | D19: COMCOA* | F19: =B19 -> COACOK | G19: COMCO2N
A20: FLO_EMIS | B20: COALIG | C20: 110.6 | D20: COMCOA* | F20: =B20 -> COALIG | G20: COMCO2N
A21: FLO_EMIS | B21: COABRO | C21: 110.6 | D21: COMCOA* | F21: =B21 -> COABRO | G21: COMCO2N
A22: FLO_EMIS | B22: OILLPG | C22: 65 | D22: COMLPG* | F22: OILLPG | G22: COMCO2N
A23: FLO_EMIS | B23: OILHFO | C23: 78 | D23: COMOIL* | F23: =B23 -> OILHFO | G23: COMCO2N
A24: FLO_EMIS | B24: OILDST,P2LDST,SYNDST | C24: 74 | D24: COMOIL* | F24: =B24 -> OILDST,P2LDST,SYNDST | G24: COMCO2N
A25: FLO_EMIS | B25: GASNAT,GASP2G | C25: 56 | D25: COMGAS* | F25: =B25 -> GASNAT,GASP2G | G25: COMCO2N
A26: =A18 -> FLO_EMIS | B26: =B18 -> COAHAR | C26: =C18 -> 95 | D26: =D18 -> COMCOA* | F26: =F18 -> COAHAR | G26: FOSCO2
A27: =A19 -> FLO_EMIS | B27: =B19 -> COACOK | C27: =C19 -> 105 | D27: =D19 -> COMCOA* | F27: =F19 -> COACOK | G27: FOSCO2
A28: =A20 -> FLO_EMIS | B28: =B20 -> COALIG | C28: =C20 -> 110.6 | D28: =D20 -> COMCOA* | F28: =F20 -> COALIG | G28: FOSCO2
A29: =A21 -> FLO_EMIS | B29: =B21 -> COABRO | C29: =C21 -> 110.6 | D29: =D21 -> COMCOA* | F29: =F21 -> COABRO | G29: FOSCO2
A30: =A22 -> FLO_EMIS | B30: =B22 -> OILLPG | C30: =C22 -> 65 | D30: =D22 -> COMLPG* | F30: =F22 -> OILLPG | G30: FOSCO2
A31: =A23 -> FLO_EMIS | B31: =B23 -> OILHFO | C31: =C23 -> 78 | D31: =D23 -> COMOIL* | F31: =F23 -> OILHFO | G31: FOSCO2
A32: =A24 -> FLO_EMIS | B32: =B24 -> OILDST,P2LDST,SYNDST | C32: =C24 -> 74 | D32: =D24 -> COMOIL* | F32: =F24 -> OILDST,P2LDST,SYNDST | G32: FOSCO2
A33: =A25 -> FLO_EMIS | B33: =B25 -> GASNAT,GASP2G | C33: =C25 -> 56 | D33: =D25 -> COMGAS* | F33: =F25 -> GASNAT,GASP2G | G33: FOSCO2
A35: Static coefficients for combustion emissions in residential fuel use
A36: ~TFM_INS
A37: Attribute | B37: Other_Indexes | C37: AllRegions | D37: Pset_PN | E37: Pset_PD | F37: Pset_CI | G37: Cset_CN
A38: FLO_EMIS | B38: COAHAR | C38: 95 | D38: RSDCOA* | F38: =B38 -> COAHAR | G38: RSDCO2N
A39: FLO_EMIS | B39: COACOK | C39: 105 | D39: RSDCOA* | F39: =B39 -> COACOK | G39: RSDCO2N
A40: FLO_EMIS | B40: COALIG | C40: 110.6 | D40: RSDCOA* | F40: =B40 -> COALIG | G40: RSDCO2N
A41: FLO_EMIS | B41: COABRO | C41: 110.6 | D41: RSDCOA* | F41: =B41 -> COABRO | G41: RSDCO2N
A42: FLO_EMIS | B42: OILLPG | C42: 65 | D42: RSDLPG* | F42: OILLPG | G42: RSDCO2N
A43: FLO_EMIS | B43: OILHFO | C43: 78 | D43: RSDOIL* | F43: =B43 -> OILHFO | G43: RSDCO2N
A44: FLO_EMIS | B44: OILDST,P2LDST,SYNDST | C44: 74 | D44: RSDOIL* | F44: =B44 -> OILDST,P2LDST,SYNDST | G44: RSDCO2N
A45: FLO_EMIS | B45: GASNAT,GASP2G | C45: 56 | D45: RSDGAS* | F45: =B45 -> GASNAT,GASP2G | G45: RSDCO2N
A46: =A38 -> FLO_EMIS | B46: =B38 -> COAHAR | C46: =C38 -> 95 | D46: =D38 -> RSDCOA* | F46: =F38 -> COAHAR | G46: FOSCO2
A47: =A39 -> FLO_EMIS | B47: =B39 -> COACOK | C47: =C39 -> 105 | D47: =D39 -> RSDCOA* | F47: =F39 -> COACOK | G47: FOSCO2
A48: =A40 -> FLO_EMIS | B48: =B40 -> COALIG | C48: =C40 -> 110.6 | D48: =D40 -> RSDCOA* | F48: =F40 -> COALIG | G48: FOSCO2
A49: =A41 -> FLO_EMIS | B49: =B41 -> COABRO | C49: =C41 -> 110.6 | D49: =D41 -> RSDCOA* | F49: =F41 -> COABRO | G49: FOSCO2
A50: =A42 -> FLO_EMIS | B50: =B42 -> OILLPG | C50: =C42 -> 65 | D50: =D42 -> RSDLPG* | F50: =F42 -> OILLPG | G50: FOSCO2
A51: =A43 -> FLO_EMIS | B51: =B43 -> OILHFO | C51: =C43 -> 78 | D51: =D43 -> RSDOIL* | F51: =F43 -> OILHFO | G51: FOSCO2
A52: =A44 -> FLO_EMIS | B52: =B44 -> OILDST,P2LDST,SYNDST | C52: =C44 -> 74 | D52: =D44 -> RSDOIL* | F52: =F44 -> OILDST,P2LDST,SYNDST | G52: FOSCO2
A53: =A45 -> FLO_EMIS | B53: =B45 -> GASNAT,GASP2G | C53: =C45 -> 56 | D53: =D45 -> RSDGAS* | F53: =F45 -> GASNAT,GASP2G | G53: FOSCO2

Sheet ETS Emissions
B2: ETS Emissions
A3: ~TFM_INS
A4: TimeSlice | B4: LimType | C4: Attribute | D4: Year | E4: Other_Indexes | F4: AllRegions | G4: ='ETS Emissions'!C87 -> AT | H4: ='ETS Emissions'!D87 -> BE | I4: ='ETS Emissions'!E87 -> BG | J4: ='ETS Emissions'!F87 -> CH | K4: ='ETS Emissions'!G87 -> CY | L4: ='ETS Emissions'!H87 -> CZ | M4: ='ETS Emissions'!I87 -> DE | N4: ='ETS Emissions'!J87 -> DK | ... R4: ='ETS Emissions'!N87 -> FR | S4: EL | T4: ='ETS Emissions'!P87 -> HU | U4: ='ETS Emissions'!Q87 -> IE | V4: ='ETS Emissions'!R87 -> IS | W4: ='ETS Emissions'!S87 -> IT | X4: ='ETS Emissions'!T87 -> LT | Y4: ='ETS Emissions'!U87 -> LU | Z4: ='ETS Emissions'!V87 -> LV | AA4: ='ETS Emissions'!W87 -> MT | ... AJ4: ='ETS Emissions'!AF87 -> UK | AK4: AL | AL4: BA | AM4: HR | AN4: KS | AO4: ME | AP4: MK | AQ4: RS | AR4: Pset_Set | AS4: Pset_PN | AT4: Pset_PD | AU4: Pset_CO | AV4: Pset_CI | AW4: Cset_CN | AX4: TechRep_Only | AY4: T_Pos_AndOr | AZ4: T_Neg_AndOr | BA4: C_Pos_AndOr | BB4: C_Neg_AndOr | BC4: T_Pos_Opt | BD4: T_Neg_Opt | BE4: C_Pos_Opt | BF4: C_Neg_Opt
C5: FLO_EMIS | E5: ='ETS Emissions'!B88 -> ELCBGS | F5: =AVERAGE(AD5,AH5,AI5) -> 0 | G5: ='ETS Emissions'!C88 -> 0 | H5: ='ETS Emissions'!D88 -> 0 | I5: ='ETS Emissions'!E88 -> 0 | J5: ='ETS Emissions'!F88 -> 0 | K5: ='ETS Emissions'!G88 -> 0 | L5: ='ETS Emissions'!H88 -> 0 | M5: ='ETS Emissions'!I88 -> 0 | N5: ='ETS Emissions'!J88 -> 0 | ... AQ5: ='ETS Emissions'!AM88 -> 0 | AV5: =E5 -> ELCBGS | AW5: ETSCO2
C6: FLO_EMIS | E6: ='ETS Emissions'!B89 -> ELCCOH | F6: =AVERAGE(AD6,AH6,AI6) -> 96.1 | G6: ='ETS Emissions'!C89 -> 95 | H6: ='ETS Emissions'!D89 -> 98.3 | I6: ='ETS Emissions'!E89 -> 98.3 | J6: ='ETS Emissions'!F89 -> 98.3 | K6: ='ETS Emissions'!G89 -> 98.3 | L6: ='ETS Emissions'!H89 -> 95 | M6: ='ETS Emissions'!I89 -> 98.3 | N6: ='ETS Emissions'!J89 -> 98.3 | ... AQ6: ='ETS Emissions'!AM89 -> 98.3 | AV6: =E6 -> ELCCOH | AW6: ETSCO2
C7: FLO_EMIS | E7: ='ETS Emissions'!B90 -> ELCCOL | F7: =AVERAGE(AD7,AH7,AI7) -> 107.46667 | G7: ='ETS Emissions'!C90 -> 110.6 | H7: ='ETS Emissions'!D90 -> 101.2 | I7: ='ETS Emissions'!E90 -> 101.2 | J7: ='ETS Emissions'!F90 -> 101.2 | K7: ='ETS Emissions'!G90 -> 101.2 | L7: ='ETS Emissions'!H90 -> 110.6 | M7: ='ETS Emissions'!I90 -> 101.2 | N7: ='ETS Emissions'!J90 -> 101.2 | ... AQ7: ='ETS Emissions'!AM90 -> 101.2 | AV7: =E7 -> ELCCOL | AW7: ETSCO2
C8: FLO_EMIS | E8: ELCCOG | F8: ='Final Coeffs_ELC'!J46 -> 39.6 | G8: =F8 -> 39.6 | H8: =G8 -> 39.6 | I8: =H8 -> 39.6 | J8: =I8 -> 39.6 | K8: =J8 -> 39.6 | L8: =K8 -> 39.6 | M8: =L8 -> 39.6 | N8: =M8 -> 39.6 | ... AQ8: =AP8 -> 39.6 | AV8: =E8 -> ELCCOG | AW8: ETSCO2
C9: FLO_EMIS | E9: ='ETS Emissions'!B91 -> ELCDGS | F9: =AVERAGE(AD9,AH9,AI9) -> 108.2 | G9: ='ETS Emissions'!C91 -> 108.2 | H9: ='ETS Emissions'!D91 -> 108.2 | I9: ='ETS Emissions'!E91 -> 108.2 | J9: ='ETS Emissions'!F91 -> 108.2 | K9: ='ETS Emissions'!G91 -> 108.2 | L9: ='ETS Emissions'!H91 -> 108.2 | M9: ='ETS Emissions'!I91 -> 108.2 | N9: ='ETS Emissions'!J91 -> 108.2 | ... AQ9: ='ETS Emissions'!AM91 -> 108.2 | AV9: =E9 -> ELCDGS | AW9: ETSCO2
C10: FLO_EMIS | E10: ='ETS Emissions'!B92 -> ELCDME | F10: =AVERAGE(AD10,AH10,AI10) -> 66.420139 | G10: ='ETS Emissions'!C92 -> 66.420139 | H10: ='ETS Emissions'!D92 -> 66.420139 | I10: ='ETS Emissions'!E92 -> 66.420139 | J10: ='ETS Emissions'!F92 -> 66.420139 | K10: ='ETS Emissions'!G92 -> 66.420139 | L10: ='ETS Emissions'!H92 -> 66.420139 | M10: ='ETS Emissions'!I92 -> 66.420139 | N10: ='ETS Emissions'!J92 -> 66.420139 | ... AQ10: ='ETS Emissions'!AM92 -> 66.420139 | AV10: =E10 -> ELCDME | AW10: ETSCO2
C11: FLO_EMIS | E11: ='ETS Emissions'!B93 -> ELCDST | F11: =AVERAGE(AD11,AH11,AI11) -> 50.166667 | G11: ='ETS Emissions'!C93 -> 74 | H11: ='ETS Emissions'!D93 -> 74.1 | I11: ='ETS Emissions'!E93 -> 74.1 | J11: ='ETS Emissions'!F93 -> 74.1 | K11: ='ETS Emissions'!G93 -> 74.1 | L11: ='ETS Emissions'!H93 -> 79.652174 | M11: ='ETS Emissions'!I93 -> 73.714286 | N11: ='ETS Emissions'!J93 -> 73.935294 | ... AQ11: ='ETS Emissions'!AM93 -> 74.1 | AV11: =E11 -> ELCDST | AW11: ETSCO2
C12: FLO_EMIS | E12: ='ETS Emissions'!B94 -> ELCGAS | F12: =AVERAGE(AD12,AH12,AI12) -> 56.033333 | G12: ='ETS Emissions'!C94 -> 56 | H12: ='ETS Emissions'!D94 -> 56.1 | I12: ='ETS Emissions'!E94 -> 56.1 | J12: ='ETS Emissions'!F94 -> 56.1 | K12: ='ETS Emissions'!G94 -> 56.1 | L12: ='ETS Emissions'!H94 -> 56 | M12: ='ETS Emissions'!I94 -> 56.1 | N12: ='ETS Emissions'!J94 -> 56.1 | ... AQ12: ='ETS Emissions'!AM94 -> 56.1 | AV12: =E12 -> ELCGAS | AW12: ETSCO2
C13: FLO_EMIS | E13: ='ETS Emissions'!B95 -> ELCHFO | F13: =AVERAGE(AD13,AH13,AI13) -> 77.8 | G13: ='ETS Emissions'!C95 -> 78 | H13: ='ETS Emissions'!D95 -> 77.4 | I13: ='ETS Emissions'!E95 -> 77.4 | J13: ='ETS Emissions'!F95 -> 77.4 | K13: ='ETS Emissions'!G95 -> 77.4 | L13: ='ETS Emissions'!H95 -> 78 | M13: ='ETS Emissions'!I95 -> 77.4 | N13: ='ETS Emissions'!J95 -> 77.4 | ... AQ13: ='ETS Emissions'!AM95 -> 77.4 | AV13: =E13 -> ELCHFO | AW13: ETSCO2
C14: FLO_EMIS | E14: ='ETS Emissions'!B96 -> ELCMUN | F14: =AVERAGE(AD14,AH14,AI14) -> 58.616667 | G14: ='ETS Emissions'!C96 -> 45 | H14: ='ETS Emissions'!D96 -> 85.85 | I14: ='ETS Emissions'!E96 -> 85.85 | J14: ='ETS Emissions'!F96 -> 85.85 | K14: ='ETS Emissions'!G96 -> 85.85 | L14: ='ETS Emissions'!H96 -> 45 | M14: ='ETS Emissions'!I96 -> 85.85 | N14: ='ETS Emissions'!J96 -> 85.85 | ... AQ14: ='ETS Emissions'!AM96 -> 85.85 | AV14: =E14 -> ELCMUN | AW14: ETSCO2
C15: FLO_EMIS | E15: ='ETS Emissions'!B97 -> ELCOIL | F15: =AVERAGE(AD15,AH15,AI15) -> 76.948547 | G15: ='ETS Emissions'!C97 -> 77.937888 | H15: ='ETS Emissions'!D97 -> 77.135036 | I15: ='ETS Emissions'!E97 -> 77.350746 | J15: ='ETS Emissions'!F97 -> 74.1 | K15: ='ETS Emissions'!G97 -> 77.3507 | L15: ='ETS Emissions'!H97 -> 77.396226 | M15: ='ETS Emissions'!I97 -> 75.655469 | N15: ='ETS Emissions'!J97 -> 77.121562 | ... AQ15: ='ETS Emissions'!AM97 -> 74.1 | AV15: =E15 -> ELCOIL | AW15: ETSCO2
C16: FLO_EMIS | E16: ='ETS Emissions'!B98 -> ELCRFG | F16: =AVERAGE(AD16,AH16,AI16) -> 58.7 | G16: ='ETS Emissions'!C98 -> 60 | H16: ='ETS Emissions'!D98 -> 56.1 | I16: ='ETS Emissions'!E98 -> 56.1 | J16: ='ETS Emissions'!F98 -> 56.1 | K16: ='ETS Emissions'!G98 -> 56.1 | L16: ='ETS Emissions'!H98 -> 60 | M16: ='ETS Emissions'!I98 -> 56.1 | N16: ='ETS Emissions'!J98 -> 56.1 | ... AQ16: ='ETS Emissions'!AM98 -> 56.1 | AV16: =E16 -> ELCRFG | AW16: ETSCO2
C17: FLO_EMIS | E17: ='ETS Emissions'!B99 -> ELCSLU | F17: =AVERAGE(AD17,AH17,AI17) -> 58.616667 | G17: ='ETS Emissions'!C99 -> 45 | H17: ='ETS Emissions'!D99 -> 85.85 | I17: ='ETS Emissions'!E99 -> 85.85 | J17: ='ETS Emissions'!F99 -> 85.85 | K17: ='ETS Emissions'!G99 -> 85.85 | L17: ='ETS Emissions'!H99 -> 45 | M17: ='ETS Emissions'!I99 -> 85.85 | N17: ='ETS Emissions'!J99 -> 85.85 | ... AQ17: ='ETS Emissions'!AM99 -> 85.85 | AV17: =E17 -> ELCSLU | AW17: ETSCO2
C18: FLO_EMIS | E18: ='ETS Emissions'!B100 -> ELCWOO | F18: =AVERAGE(AD18,AH18,AI18) -> 0 | G18: ='ETS Emissions'!C100 -> 0 | H18: ='ETS Emissions'!D100 -> 0 | I18: ='ETS Emissions'!E100 -> 0 | J18: ='ETS Emissions'!F100 -> 0 | K18: ='ETS Emissions'!G100 -> 0 | L18: ='ETS Emissions'!H100 -> 0 | M18: ='ETS Emissions'!I100 -> 0 | N18: ='ETS Emissions'!J100 -> 0 | ... AQ18: ='ETS Emissions'!AM100 -> 0 | AV18: =E18 -> ELCWOO | AW18: ETSCO2
C19: *
C20: FLO_EMIS | E20: ='ETS Emissions'!B101 -> INDBFG | F20: =AVERAGE(AD20,AH20,AI20) -> 108.2 | G20: ='ETS Emissions'!C101 -> 108.2 | H20: ='ETS Emissions'!D101 -> 108.2 | I20: ='ETS Emissions'!E101 -> 108.2 | J20: ='ETS Emissions'!F101 -> 108.2 | K20: ='ETS Emissions'!G101 -> 108.2 | L20: ='ETS Emissions'!H101 -> 108.2 | M20: ='ETS Emissions'!I101 -> 108.2 | N20: ='ETS Emissions'!J101 -> 108.2 | ... AQ20: ='ETS Emissions'!AM101 -> 108.2 | AS20: IIS*,___IIS*,ICM*,ILM*,IGF*,IGH*,___ICM*,___ILM*,___IGF*,___IGH*,IPL*,IPH*,IPP*,___IPL*,___IPH*,___IPP*,CHP*,EAUT* | AV20: =E20 -> INDBFG | AW20: ETSCO2
C21: FLO_EMIS | E21: ='ETS Emissions'!B102 -> INDBIO | F21: =AVERAGE(AD21,AH21,AI21) -> 0 | G21: ='ETS Emissions'!C102 -> 0 | H21: ='ETS Emissions'!D102 -> 0 | I21: ='ETS Emissions'!E102 -> 0 | J21: ='ETS Emissions'!F102 -> 0 | K21: ='ETS Emissions'!G102 -> 0 | L21: ='ETS Emissions'!H102 -> 0 | M21: ='ETS Emissions'!I102 -> 0 | N21: ='ETS Emissions'!J102 -> 0 | ... AQ21: ='ETS Emissions'!AM102 -> 0 | AS21: IIS*,___IIS*,ICM*,ILM*,IGF*,IGH*,___ICM*,___ILM*,___IGF*,___IGH*,IPL*,IPH*,IPP*,___IPL*,___IPH*,___IPP*,CHP*,EAUT* | AV21: =E21 -> INDBIO | AW21: ETSCO2
C22: FLO_EMIS | E22: ='ETS Emissions'!B103 -> INDCOA | F22: =AVERAGE(AD22,AH22,AI22) -> 96.1 | G22: ='ETS Emissions'!C103 -> 95 | H22: ='ETS Emissions'!D103 -> 98.3 | I22: ='ETS Emissions'!E103 -> 95 | J22: ='ETS Emissions'!F103 -> 98.3 | K22: ='ETS Emissions'!G103 -> 98.3 | L22: ='ETS Emissions'!H103 -> 95 | M22: ='ETS Emissions'!I103 -> 95 | N22: ='ETS Emissions'!J103 -> 98.3 | ... AQ22: ='ETS Emissions'!AM103 -> 95 | AS22: IIS*,___IIS*,ICM*,ILM*,IGF*,IGH*,___ICM*,___ILM*,___IGF*,___IGH*,IPL*,IPH*,IPP*,___IPL*,___IPH*,___IPP*,CHP*,EAUT* | AV22: =E22 -> INDCOA | AW22: ETSCO2
C23: FLO_EMIS | E23: ='ETS Emissions'!B104 -> INDCOB | F23: =AVERAGE(AD23,AH23,AI23) -> 107.46667 | G23: ='ETS Emissions'!C104 -> 110.6 | H23: ='ETS Emissions'!D104 -> 101.2 | I23: ='ETS Emissions'!E104 -> 110.6 | J23: ='ETS Emissions'!F104 -> 101.2 | K23: ='ETS Emissions'!G104 -> 101.2 | L23: ='ETS Emissions'!H104 -> 110.6 | M23: ='ETS Emissions'!I104 -> 110.6 | N23: ='ETS Emissions'!J104 -> 101.2 | ... AQ23: ='ETS Emissions'!AM104 -> 110.6 | AS23: IIS*,___IIS*,ICM*,ILM*,IGF*,IGH*,___ICM*,___ILM*,___IGF*,___IGH*,IPL*,IPH*,IPP*,___IPL*,___IPH*,___IPP*,CHP*,EAUT* | AV23: =E23 -> INDCOB | AW23: ETSCO2
C24: FLO_EMIS | E24: ='ETS Emissions'!B105 -> INDCOG | F24: =AVERAGE(AD24,AH24,AI24) -> 108.2 | G24: ='ETS Emissions'!C105 -> 108.2 | H24: ='ETS Emissions'!D105 -> 108.2 | I24: ='ETS Emissions'!E105 -> 108.2 | J24: ='ETS Emissions'!F105 -> 108.2 | K24: ='ETS Emissions'!G105 -> 108.2 | L24: ='ETS Emissions'!H105 -> 108.2 | M24: ='ETS Emissions'!I105 -> 108.2 | N24: ='ETS Emissions'!J105 -> 108.2 | ... AQ24: ='ETS Emissions'!AM105 -> 108.2 | AS24: IIS*,___IIS*,ICM*,ILM*,IGF*,IGH*,___ICM*,___ILM*,___IGF*,___IGH*,IPL*,IPH*,IPP*,___IPL*,___IPH*,___IPP*,CHP*,EAUT* | AV24: =E24 -> INDCOG | AW24: ETSCO2
C25: FLO_EMIS | E25: ='ETS Emissions'!B106 -> INDCOK | F25: =AVERAGE(AD25,AH25,AI25) -> 107.46667 | G25: ='ETS Emissions'!C106 -> 110.6 | H25: ='ETS Emissions'!D106 -> 101.2 | I25: ='ETS Emissions'!E106 -> 110.6 | J25: ='ETS Emissions'!F106 -> 101.2 | K25: ='ETS Emissions'!G106 -> 101.2 | L25: ='ETS Emissions'!H106 -> 110.6 | M25: ='ETS Emissions'!I106 -> 110.6 | N25: ='ETS Emissions'!J106 -> 101.2 | ... AQ25: ='ETS Emissions'!AM106 -> 110.6 | AS25: IIS*,___IIS*,ICM*,ILM*,IGF*,IGH*,___ICM*,___ILM*,___IGF*,___IGH*,IPL*,IPH*,IPP*,___IPL*,___IPH*,___IPP*,CHP*,EAUT* | AV25: =E25 -> INDCOK | AW25: ETSCO2
C26: FLO_EMIS | E26: ='ETS Emissions'!B107 -> INDCOL | F26: =AVERAGE(AD26,AH26,AI26) -> 101.53333 | G26: ='ETS Emissions'!C107 -> 105 | H26: ='ETS Emissions'!D107 -> 94.6 | I26: ='ETS Emissions'!E107 -> 105 | J26: ='ETS Emissions'!F107 -> 94.6 | K26: ='ETS Emissions'!G107 -> 94.6 | L26: ='ETS Emissions'!H107 -> 105 | M26: ='ETS Emissions'!I107 -> 105 | N26: ='ETS Emissions'!J107 -> 94.6 | ... AQ26: ='ETS Emissions'!AM107 -> 105 | AS26: IIS*,___IIS*,ICM*,ILM*,IGF*,IGH*,___ICM*,___ILM*,___IGF*,___IGH*,IPL*,IPH*,IPP*,___IPL*,___IPH*,___IPP*,CHP*,EAUT* | AV26: =E26 -> INDCOL | AW26: ETSCO2
C27: FLO_EMIS | E27: ='ETS Emissions'!B108 -> INDDME | F27: =AVERAGE(AD27,AH27,AI27) -> 66.420139 | G27: ='ETS Emissions'!C108 -> 66.420139 | H27: ='ETS Emissions'!D108 -> 66.420139 | I27: ='ETS Emissions'!E108 -> 66.420139 | J27: ='ETS Emissions'!F108 -> 66.420139 | K27: ='ETS Emissions'!G108 -> 66.420139 | L27: ='ETS Emissions'!H108 -> 66.420139 | M27: ='ETS Emissions'!I108 -> 66.420139 | N27: ='ETS Emissions'!J108 -> 66.420139 | ... AQ27: ='ETS Emissions'!AM108 -> 66.420139 | AS27: IIS*,___IIS*,ICM*,ILM*,IGF*,IGH*,___ICM*,___ILM*,___IGF*,___IGH*,IPL*,IPH*,IPP*,___IPL*,___IPH*,___IPP*,CHP*,EAUT* | AV27: =E27 -> INDDME | AW27: ETSCO2
C28: FLO_EMIS | E28: ='ETS Emissions'!B109 -> INDGAS | F28: =AVERAGE(AD28,AH28,AI28) -> 63.720668 | G28: ='ETS Emissions'!C109 -> 73.478546 | H28: ='ETS Emissions'!D109 -> 57.348072 | I28: ='ETS Emissions'!E109 -> 63.904669 | J28: ='ETS Emissions'!F109 -> 133.14206 | K28: ='ETS Emissions'!G109 -> 56.1 | L28: ='ETS Emissions'!H109 -> 55.231572 | M28: ='ETS Emissions'!I109 -> 63.259423 | N28: ='ETS Emissions'!J109 -> 68.289121 | ... AQ28: ='ETS Emissions'!AM109 -> 56 | AS28: IIS*,___IIS*,ICM*,ILM*,IGF*,IGH*,___ICM*,___ILM*,___IGF*,___IGH*,IPL*,IPH*,IPP*,___IPL*,___IPH*,___IPP*,CHP*,EAUT* | AV28: =E28 -> INDGAS | AW28: ETSCO2
C29: FLO_EMIS | E29: ='ETS Emissions'!B110 -> INDHFO | F29: =AVERAGE(AD29,AH29,AI29) -> 77.8 | G29: ='ETS Emissions'!C110 -> 78 | H29: ='ETS Emissions'!D110 -> 77.4 | I29: ='ETS Emissions'!E110 -> 78 | J29: ='ETS Emissions'!F110 -> 77.4 | K29: ='ETS Emissions'!G110 -> 77.4 | L29: ='ETS Emissions'!H110 -> 78 | M29: ='ETS Emissions'!I110 -> 78 | N29: ='ETS Emissions'!J110 -> 77.4 | ... AQ29: ='ETS Emissions'!AM110 -> 78 | AS29: IIS*,___IIS*,ICM*,ILM*,IGF*,IGH*,___ICM*,___ILM*,___IGF*,___IGH*,IPL*,IPH*,IPP*,___IPL*,___IPH*,___IPP*,CHP*,EAUT* | AV29: =E29 -> INDHFO | AW29: ETSCO2
C30: FLO_EMIS | E30: ='ETS Emissions'!B111 -> INDLFO | F30: =AVERAGE(AD30,AH30,AI30) -> 74.027149 | G30: ='ETS Emissions'!C111 -> 74 | H30: ='ETS Emissions'!D111 -> 74.062199 | I30: ='ETS Emissions'!E111 -> 74 | J30: ='ETS Emissions'!F111 -> 74.093574 | K30: ='ETS Emissions'!G111 -> 74.1 | L30: ='ETS Emissions'!H111 -> 74 | M30: ='ETS Emissions'!I111 -> 74 | N30: ='ETS Emissions'!J111 -> 74.087724 | ... AQ30: ='ETS Emissions'!AM111 -> 74 | AS30: IIS*,___IIS*,ICM*,ILM*,IGF*,IGH*,___ICM*,___ILM*,___IGF*,___IGH*,IPL*,IPH*,IPP*,___IPL*,___IPH*,___IPP*,CHP*,EAUT* | AV30: =E30 -> INDLFO | AW30: ETSCO2
C31: FLO_EMIS | E31: ='ETS Emissions'!B112 -> INDLPG | F31: =AVERAGE(AD31,AH31,AI31) -> 64.366667 | G31: ='ETS Emissions'!C112 -> 65 | H31: ='ETS Emissions'!D112 -> 63.1 | I31: ='ETS Emissions'!E112 -> 65 | J31: ='ETS Emissions'!F112 -> 63.1 | K31: ='ETS Emissions'!G112 -> 63.1 | L31: ='ETS Emissions'!H112 -> 65 | M31: ='ETS Emissions'!I112 -> 65 | N31: ='ETS Emissions'!J112 -> 63.1 | ... AQ31: ='ETS Emissions'!AM112 -> 65 | AS31: IIS*,___IIS*,ICM*,ILM*,IGF*,IGH*,___ICM*,___ILM*,___IGF*,___IGH*,IPL*,IPH*,IPP*,___IPL*,___IPH*,___IPP*,CHP*,EAUT* | AV31: =E31 -> INDLPG | AW31: ETSCO2
... C36: FLO_EMIS | E36: ='ETS Emissions'!B117 -> INDSLU | F36: =AVERAGE(AD36,AH36,AI36) -> 58.616667 | G36: ='ETS Emissions'!C117 -> 45 | H36: ='ETS Emissions'!D117 -> 85.85 | I36: ='ETS Emissions'!E117 -> 45 | J36: ='ETS Emissions'!F117 -> 85.85 | K36: ='ETS Emissions'!G117 -> 85.85 | L36: ='ETS Emissions'!H117 -> 45 | M36: ='ETS Emissions'!I117 -> 45 | N36: ='ETS Emissions'!J117 -> 85.85 | ... AQ36: ='ETS Emissions'!AM117 -> 45 | AS36: IIS*,___IIS*,ICM*,ILM*,IGF*,IGH*,___ICM*,___ILM*,___IGF*,___IGH*,IPL*,IPH*,IPP*,___IPL*,___IPH*,___IPP*,CHP*,EAUT* | AV36: =E36 -> INDSLU | AW36: ETSCO2
C37: *
C38: FLO_EMIS | E38: ='ETS Emissions'!B118 -> SUPBIO | F38: =AVERAGE(AD38,AH38,AI38) -> 15 | G38: ='ETS Emissions'!C118 -> 0 | H38: ='ETS Emissions'!D118 -> 0 | I38: ='ETS Emissions'!E118 -> 0 | J38: ='ETS Emissions'!F118 -> 0 | K38: ='ETS Emissions'!G118 -> 0 | L38: ='ETS Emissions'!H118 -> 0 | M38: ='ETS Emissions'!I118 -> 0 | N38: ='ETS Emissions'!J118 -> 0 | ... AQ38: ='ETS Emissions'!AM118 -> 0 | AS38: SSCDCOKE*,SSCDRFLX* | AV38: =E38 -> SUPBIO | AW38: ETSCO2
C39: FLO_EMIS | E39: ='ETS Emissions'!B119 -> SUPCOA | F39: =AVERAGE(AD39,AH39,AI39) -> 103.73923 | G39: ='ETS Emissions'!C119 -> 108.2 | H39: ='ETS Emissions'!D119 -> 98.3 | I39: ='ETS Emissions'!E119 -> 108.32 | J39: ='ETS Emissions'!F119 -> 98.3 | K39: ='ETS Emissions'!G119 -> 98.3 | L39: ='ETS Emissions'!H119 -> 108.26316 | M39: ='ETS Emissions'!I119 -> 108.71132 | N39: ='ETS Emissions'!J119 -> 98.3 | ... AQ39: ='ETS Emissions'!AM119 -> 95 | AS39: SSCDCOKE*,SSCDRFLX* | AV39: =E39 -> SUPCOA | AW39: ETSCO2
C40: FLO_EMIS | E40: ='ETS Emissions'!B121 -> SUPGAS | F40: =AVERAGE(AD40,AH40,AI40) -> 0 | G40: ='ETS Emissions'!C121 -> 0 | H40: ='ETS Emissions'!D121 -> 0 | I40: ='ETS Emissions'!E121 -> 0 | J40: ='ETS Emissions'!F121 -> 0 | K40: ='ETS Emissions'!G121 -> 0 | L40: ='ETS Emissions'!H121 -> 3.4875 | M40: ='ETS Emissions'!I121 -> 0 | N40: ='ETS Emissions'!J121 -> 0 | ... AQ40: ='ETS Emissions'!AM121 -> 0 | AS40: SSCDCOKE*,SSCDRFLX* | AV40: =E40 -> SUPGAS | AW40: ETSCO2
C41: FLO_EMIS | E41: ='ETS Emissions'!B122 -> SUPRPG | F41: =AVERAGE(AD41,AH41,AI41) -> 59.05343 | G41: ='ETS Emissions'!C122 -> 60.59081 | H41: ='ETS Emissions'!D122 -> 56.420988 | I41: ='ETS Emissions'!E122 -> 65.064686 | J41: ='ETS Emissions'!F122 -> 70.986937 | K41: ='ETS Emissions'!G122 -> 56.1 | L41: ='ETS Emissions'!H122 -> 60 | M41: ='ETS Emissions'!I122 -> 60.541943 | N41: ='ETS Emissions'!J122 -> 57.520025 | ... AQ41: ='ETS Emissions'!AM122 -> 60 | AS41: SSCDCOKE*,SSCDRFLX* | AV41: =E41 -> SUPRPG | AW41: ETSCO2
C42: FLO_EMIS | E42: ='ETS Emissions'!B123 -> SUPRPP | F42: =AVERAGE(AD42,AH42,AI42) -> 172.20319 | G42: ='ETS Emissions'!C123 -> 85.122385 | H42: ='ETS Emissions'!D123 -> 89.602609 | I42: ='ETS Emissions'!E123 -> 78 | J42: ='ETS Emissions'!F123 -> 111.14766 | K42: ='ETS Emissions'!G123 -> 77.4 | L42: ='ETS Emissions'!H123 -> 119.4341 | M42: ='ETS Emissions'!I123 -> 88.399165 | N42: ='ETS Emissions'!J123 -> 105.46934 | ... AQ42: ='ETS Emissions'!AM123 -> 78 | AS42: SSCDCOKE*,SSCDRFLX* | AV42: =E42 -> SUPRPP | AW42: ETSCO2
C45: FLO_EMIS | E45: =AV45 -> P2LDST_FOS | F45: 74.1 | G45: =$F45 -> 74.1 | H45: =$F45 -> 74.1 | I45: =$F45 -> 74.1 | J45: =$F45 -> 74.1 | K45: =$F45 -> 74.1 | L45: =$F45 -> 74.1 | M45: =$F45 -> 74.1 | N45: =$F45 -> 74.1 | ... AQ45: =$F45 -> 74.1 | AS45: BLD_RFNBO_NAV | AV45: P2LDST_FOS | AW45: ETSCO2
C46: FLO_EMIS | E46: =AV46 -> SYNDST | F46: 74.1 | G46: =$F46 -> 74.1 | H46: =$F46 -> 74.1 | I46: =$F46 -> 74.1 | J46: =$F46 -> 74.1 | K46: =$F46 -> 74.1 | L46: =$F46 -> 74.1 | M46: =$F46 -> 74.1 | N46: =$F46 -> 74.1 | ... AQ46: =$F46 -> 74.1 | AS46: BLD_RFNBO_NAV | AV46: SYNDST | AW46: ETSCO2
C47: FLO_EMIS | E47: =AV47 -> BIONAV | F47: 0 | G47: =$F47 -> 0 | H47: 0 | I47: =$F47 -> 0 | J47: 0 | K47: =$F47 -> 0 | L47: 0 | M47: =$F47 -> 0 | N47: 0 | O47: =$F47 -> 0 | P47: 0 | Q47: =$F47 -> 0 | R47: 0 | S47: =$F47 -> 0 | T47: 0 | U47: =$F47 -> 0 | V47: 0 | W47: =$F47 -> 0 | X47: 0 | Y47: =$F47 -> 0 | Z47: 0 | AA47: =$F47 -> 0 | AB47: 0 | AC47: =$F47 -> 0 | AD47: 0 | AE47: =$F47 -> 0 | AF47: 0 | AG47: =$F47 -> 0 | AH47: 0 | AI47: =$F47 -> 0 | AJ47: 0 | AK47: =$F47 -> 0 | AL47: 0 | AM47: =$F47 -> 0 | AN47: 0 | AO47: =$F47 -> 0 | AP47: 0 | AQ47: =$F47 -> 0 | AS47: TRALFO00 | AV47: BIONAV | AW47: ETSCO2
C48: FLO_EMIS | E48: =AV48 -> OILDST | F48: =AVERAGE(AD48,AH48,AI48) -> 74.027149 | G48: =G30 -> 74 | H48: =H30 -> 74.062199 | I48: =I30 -> 74 | J48: =J30 -> 74.093574 | K48: =K30 -> 74.1 | L48: =L30 -> 74 | M48: =M30 -> 74 | N48: =N30 -> 74.087724 | ... AQ48: =AQ30 -> 74 | AS48: TRALFO00 | AV48: OILDST | AW48: ETSCO2
C49: FLO_EMIS | E49: =AV49 -> BIOJET | F49: 0 | G49: =$F49 -> 0 | H49: =$F49 -> 0 | I49: =$F49 -> 0 | J49: =$F49 -> 0 | K49: =$F49 -> 0 | L49: =$F49 -> 0 | M49: =$F49 -> 0 | N49: =$F49 -> 0 | ... AQ49: =$F49 -> 0 | AS49: BLDJET | AV49: BIOJET | AW49: ETSCO2
C50: FLO_EMIS | E50: =AV50 -> OILKER | F50: 71.9 | G50: =$F50 -> 71.9 | H50: =$F50 -> 71.9 | I50: =$F50 -> 71.9 | J50: =$F50 -> 71.9 | K50: =$F50 -> 71.9 | L50: =$F50 -> 71.9 | M50: =$F50 -> 71.9 | N50: =$F50 -> 71.9 | ... AQ50: =$F50 -> 71.9 | AS50: BLDJET | AV50: OILKER | AW50: ETSCO2
C51: FLO_EMIS | E51: =AV51 -> P2LKER_FOS | F51: 71.9 | G51: =$F51 -> 71.9 | H51: =$F51 -> 71.9 | I51: =$F51 -> 71.9 | J51: =$F51 -> 71.9 | K51: =$F51 -> 71.9 | L51: =$F51 -> 71.9 | M51: =$F51 -> 71.9 | N51: =$F51 -> 71.9 | ... AQ51: =$F51 -> 71.9 | AS51: BLD_RFNBO_JET | AV51: P2LKER_FOS | AW51: ETSCO2
C52: FLO_EMIS | E52: =AV52 -> SYNKER | F52: 71.9 | G52: =$F52 -> 71.9 | H52: =$F52 -> 71.9 | I52: =$F52 -> 71.9 | J52: =$F52 -> 71.9 | K52: =$F52 -> 71.9 | L52: =$F52 -> 71.9 | M52: =$F52 -> 71.9 | N52: =$F52 -> 71.9 | ... AQ52: =$F52 -> 71.9 | AS52: BLD_RFNBO_JET | AV52: SYNKER | AW52: ETSCO2
C53: FLO_EMIS | E53: =AV53 -> OILHFO | F53: 77.4 | G53: =$F53 -> 77.4 | H53: 77.4 | I53: =$F53 -> 77.4 | J53: 77.4 | K53: =$F53 -> 77.4 | L53: 77.4 | M53: =$F53 -> 77.4 | N53: 77.4 | O53: =$F53 -> 77.4 | P53: 77.4 | Q53: =$F53 -> 77.4 | R53: 77.4 | S53: =$F53 -> 77.4 | T53: 77.4 | U53: =$F53 -> 77.4 | V53: 77.4 | W53: =$F53 -> 77.4 | X53: 77.4 | Y53: =$F53 -> 77.4 | Z53: 77.4 | AA53: =$F53 -> 77.4 | AB53: 77.4 | AC53: =$F53 -> 77.4 | AD53: 77.4 | AE53: =$F53 -> 77.4 | AF53: 77.4 | AG53: =$F53 -> 77.4 | AH53: 77.4 | AI53: =$F53 -> 77.4 | AJ53: 77.4 | AK53: =$F53 -> 77.4 | AL53: 77.4 | AM53: =$F53 -> 77.4 | AN53: 77.4 | AO53: =$F53 -> 77.4 | AP53: 77.4 | AQ53: =$F53 -> 77.4 | AS53: TRAHFO00 | AV53: OILHFO | AW53: ETSCO2 | BH53: remove HFO for now. goes mainly to bunkers, which are only partially covered by regulation
C54: FLO_EMIS | E54: =AV54 -> BIONAV | F54: 0 | G54: =$F54 -> 0 | H54: 0 | I54: =$F54 -> 0 | J54: 0 | K54: =$F54 -> 0 | L54: 0 | M54: =$F54 -> 0 | N54: 0 | O54: =$F54 -> 0 | P54: 0 | Q54: =$F54 -> 0 | R54: 0 | S54: =$F54 -> 0 | T54: 0 | U54: =$F54 -> 0 | V54: 0 | W54: =$F54 -> 0 | X54: 0 | Y54: =$F54 -> 0 | Z54: 0 | AA54: =$F54 -> 0 | AB54: 0 | AC54: =$F54 -> 0 | AD54: 0 | AE54: =$F54 -> 0 | AF54: 0 | AG54: =$F54 -> 0 | AH54: 0 | AI54: =$F54 -> 0 | AJ54: 0 | AK54: =$F54 -> 0 | AL54: 0 | AM54: =$F54 -> 0 | AN54: 0 | AO54: =$F54 -> 0 | AP54: 0 | AQ54: =$F54 -> 0 | AS54: TRAHFO00 | AV54: BIONAV | AW54: ETSCO2
B56: Non-ETS Emissions
A57: ~TFM_INS
A58: TimeSlice | B58: LimType | C58: Attribute | D58: Year | E58: Other_Indexes | F58: AllRegions | G58: =G4 -> AT | H58: =H4 -> BE | I58: =I4 -> BG | J58: =J4 -> CH | K58: =K4 -> CY | L58: =L4 -> CZ | M58: =M4 -> DE | N58: =N4 -> DK | ... AJ58: =AJ4 -> UK | AK58: AL | AL58: BA | AM58: HR | AN58: KS | AO58: ME | AP58: MK | AQ58: RS | AR58: Pset_Set | AS58: Pset_PN | AT58: Pset_PD | AU58: Pset_CO | AV58: Pset_CI | AW58: Cset_CN
C59: FLO_EMIS | E59: ='ETS Emissions'!B101 -> INDBFG | F59: =AVERAGE(AD59,AH59,AI59) -> 108.2 | G59: ='ETS Emissions'!C101 -> 108.2 | H59: ='ETS Emissions'!D101 -> 108.2 | I59: ='ETS Emissions'!E101 -> 108.2 | J59: ='ETS Emissions'!F101 -> 108.2 | K59: ='ETS Emissions'!G101 -> 108.2 | L59: ='ETS Emissions'!H101 -> 108.2 | M59: ='ETS Emissions'!I101 -> 108.2 | N59: ='ETS Emissions'!J101 -> 108.2 | ... AQ59: ='ETS Emissions'!AM101 -> 108.2 | AS59: -IIS*,-___IIS*,-ICM*,-ILM*,-IGF*,-IGH*,-___ICM*,-___ILM*,-___IGF*,-___IGH*,-IPL*,-IPH*,-IPP*,-___IPL*,-___IPH*,-___IPP*,-CHP*,-EAUT* | AV59: =E59 -> INDBFG | AW59: NETSCO2
C60: FLO_EMIS | E60: ='ETS Emissions'!B102 -> INDBIO | F60: =AVERAGE(AD60,AH60,AI60) -> 0 | G60: ='ETS Emissions'!C102 -> 0 | H60: ='ETS Emissions'!D102 -> 0 | I60: ='ETS Emissions'!E102 -> 0 | J60: ='ETS Emissions'!F102 -> 0 | K60: ='ETS Emissions'!G102 -> 0 | L60: ='ETS Emissions'!H102 -> 0 | M60: ='ETS Emissions'!I102 -> 0 | N60: ='ETS Emissions'!J102 -> 0 | ... AQ60: ='ETS Emissions'!AM102 -> 0 | AS60: -IIS*,-___IIS*,-ICM*,-ILM*,-IGF*,-IGH*,-___ICM*,-___ILM*,-___IGF*,-___IGH*,-IPL*,-IPH*,-IPP*,-___IPL*,-___IPH*,-___IPP*,-CHP*,-EAUT* | AV60: =E60 -> INDBIO | AW60: NETSCO2
C61: FLO_EMIS | E61: ='ETS Emissions'!B103 -> INDCOA | F61: =AVERAGE(AD61,AH61,AI61) -> 96.1 | G61: ='ETS Emissions'!C103 -> 95 | H61: ='ETS Emissions'!D103 -> 98.3 | I61: ='ETS Emissions'!E103 -> 95 | J61: ='ETS Emissions'!F103 -> 98.3 | K61: ='ETS Emissions'!G103 -> 98.3 | L61: ='ETS Emissions'!H103 -> 95 | M61: ='ETS Emissions'!I103 -> 95 | N61: ='ETS Emissions'!J103 -> 98.3 | ... AQ61: ='ETS Emissions'!AM103 -> 95 | AS61: -IIS*,-___IIS*,-ICM*,-ILM*,-IGF*,-IGH*,-___ICM*,-___ILM*,-___IGF*,-___IGH*,-IPL*,-IPH*,-IPP*,-___IPL*,-___IPH*,-___IPP*,-CHP*,-EAUT* | AV61: =E61 -> INDCOA | AW61: NETSCO2
C62: FLO_EMIS | E62: ='ETS Emissions'!B104 -> INDCOB | F62: =AVERAGE(AD62,AH62,AI62) -> 107.46667 | G62: ='ETS Emissions'!C104 -> 110.6 | H62: ='ETS Emissions'!D104 -> 101.2 | I62: ='ETS Emissions'!E104 -> 110.6 | J62: ='ETS Emissions'!F104 -> 101.2 | K62: ='ETS Emissions'!G104 -> 101.2 | L62: ='ETS Emissions'!H104 -> 110.6 | M62: ='ETS Emissions'!I104 -> 110.6 | N62: ='ETS Emissions'!J104 -> 101.2 | ... AQ62: ='ETS Emissions'!AM104 -> 110.6 | AS62: -IIS*,-___IIS*,-ICM*,-ILM*,-IGF*,-IGH*,-___ICM*,-___ILM*,-___IGF*,-___IGH*,-IPL*,-IPH*,-IPP*,-___IPL*,-___IPH*,-___IPP*,-CHP*,-EAUT* | AV62: =E62 -> INDCOB | AW62: NETSCO2
C63: FLO_EMIS | E63: ='ETS Emissions'!B105 -> INDCOG | F63: =AVERAGE(AD63,AH63,AI63) -> 108.2 | G63: ='ETS Emissions'!C105 -> 108.2 | H63: ='ETS Emissions'!D105 -> 108.2 | I63: ='ETS Emissions'!E105 -> 108.2 | J63: ='ETS Emissions'!F105 -> 108.2 | K63: ='ETS Emissions'!G105 -> 108.2 | L63: ='ETS Emissions'!H105 -> 108.2 | M63: ='ETS Emissions'!I105 -> 108.2 | N63: ='ETS Emissions'!J105 -> 108.2 | ... AQ63: ='ETS Emissions'!AM105 -> 108.2 | AS63: -IIS*,-___IIS*,-ICM*,-ILM*,-IGF*,-IGH*,-___ICM*,-___ILM*,-___IGF*,-___IGH*,-IPL*,-IPH*,-IPP*,-___IPL*,-___IPH*,-___IPP*,-CHP*,-EAUT* | AV63: =E63 -> INDCOG | AW63: NETSCO2
C64: FLO_EMIS | E64: ='ETS Emissions'!B106 -> INDCOK | F64: =AVERAGE(AD64,AH64,AI64) -> 107.46667 | G64: ='ETS Emissions'!C106 -> 110.6 | H64: ='ETS Emissions'!D106 -> 101.2 | I64: ='ETS Emissions'!E106 -> 110.6 | J64: ='ETS Emissions'!F106 -> 101.2 | K64: ='ETS Emissions'!G106 -> 101.2 | L64: ='ETS Emissions'!H106 -> 110.6 | M64: ='ETS Emissions'!I106 -> 110.6 | N64: ='ETS Emissions'!J106 -> 101.2 | ... AQ64: ='ETS Emissions'!AM106 -> 110.6 | AS64: -IIS*,-___IIS*,-ICM*,-ILM*,-IGF*,-IGH*,-___ICM*,-___ILM*,-___IGF*,-___IGH*,-IPL*,-IPH*,-IPP*,-___IPL*,-___IPH*,-___IPP*,-CHP*,-EAUT* | AV64: =E64 -> INDCOK | AW64: NETSCO2
C65: FLO_EMIS | E65: ='ETS Emissions'!B107 -> INDCOL | F65: =AVERAGE(AD65,AH65,AI65) -> 101.53333 | G65: ='ETS Emissions'!C107 -> 105 | H65: ='ETS Emissions'!D107 -> 94.6 | I65: ='ETS Emissions'!E107 -> 105 | J65: ='ETS Emissions'!F107 -> 94.6 | K65: ='ETS Emissions'!G107 -> 94.6 | L65: ='ETS Emissions'!H107 -> 105 | M65: ='ETS Emissions'!I107 -> 105 | N65: ='ETS Emissions'!J107 -> 94.6 | ... AQ65: ='ETS Emissions'!AM107 -> 105 | AS65: -IIS*,-___IIS*,-ICM*,-ILM*,-IGF*,-IGH*,-___ICM*,-___ILM*,-___IGF*,-___IGH*,-IPL*,-IPH*,-IPP*,-___IPL*,-___IPH*,-___IPP*,-CHP*,-EAUT* | AV65: =E65 -> INDCOL | AW65: NETSCO2
C66: FLO_EMIS | E66: ='ETS Emissions'!B108 -> INDDME | F66: =AVERAGE(AD66,AH66,AI66) -> 66.420139 | G66: ='ETS Emissions'!C108 -> 66.420139 | H66: ='ETS Emissions'!D108 -> 66.420139 | I66: ='ETS Emissions'!E108 -> 66.420139 | J66: ='ETS Emissions'!F108 -> 66.420139 | K66: ='ETS Emissions'!G108 -> 66.420139 | L66: ='ETS Emissions'!H108 -> 66.420139 | M66: ='ETS Emissions'!I108 -> 66.420139 | N66: ='ETS Emissions'!J108 -> 66.420139 | ... AQ66: ='ETS Emissions'!AM108 -> 66.420139 | AS66: -IIS*,-___IIS*,-ICM*,-ILM*,-IGF*,-IGH*,-___ICM*,-___ILM*,-___IGF*,-___IGH*,-IPL*,-IPH*,-IPP*,-___IPL*,-___IPH*,-___IPP*,-CHP*,-EAUT* | AV66: =E66 -> INDDME | AW66: NETSCO2
C67: FLO_EMIS | E67: ='ETS Emissions'!B109 -> INDGAS | F67: =AVERAGE(AD67,AH67,AI67) -> 63.720668 | G67: ='ETS Emissions'!C109 -> 73.478546 | H67: ='ETS Emissions'!D109 -> 57.348072 | I67: ='ETS Emissions'!E109 -> 63.904669 | J67: ='ETS Emissions'!F109 -> 133.14206 | K67: ='ETS Emissions'!G109 -> 56.1 | L67: ='ETS Emissions'!H109 -> 55.231572 | M67: ='ETS Emissions'!I109 -> 63.259423 | N67: ='ETS Emissions'!J109 -> 68.289121 | ... AQ67: ='ETS Emissions'!AM109 -> 56 | AS67: -IIS*,-___IIS*,-ICM*,-ILM*,-IGF*,-IGH*,-___ICM*,-___ILM*,-___IGF*,-___IGH*,-IPL*,-IPH*,-IPP*,-___IPL*,-___IPH*,-___IPP*,-CHP*,-EAUT* | AV67: =E67 -> INDGAS | AW67: NETSCO2
C68: FLO_EMIS | E68: ='ETS Emissions'!B110 -> INDHFO | F68: =AVERAGE(AD68,AH68,AI68) -> 77.8 | G68: ='ETS Emissions'!C110 -> 78 | H68: ='ETS Emissions'!D110 -> 77.4 | I68: ='ETS Emissions'!E110 -> 78 | J68: ='ETS Emissions'!F110 -> 77.4 | K68: ='ETS Emissions'!G110 -> 77.4 | L68: ='ETS Emissions'!H110 -> 78 | M68: ='ETS Emissions'!I110 -> 78 | N68: ='ETS Emissions'!J110 -> 77.4 | ... AQ68: ='ETS Emissions'!AM110 -> 78 | AS68: -IIS*,-___IIS*,-ICM*,-ILM*,-IGF*,-IGH*,-___ICM*,-___ILM*,-___IGF*,-___IGH*,-IPL*,-IPH*,-IPP*,-___IPL*,-___IPH*,-___IPP*,-CHP*,-EAUT* | AV68: =E68 -> INDHFO | AW68: NETSCO2
C69: FLO_EMIS | E69: ='ETS Emissions'!B111 -> INDLFO | F69: =AVERAGE(AD69,AH69,AI69) -> 74.027149 | G69: ='ETS Emissions'!C111 -> 74 | H69: ='ETS Emissions'!D111 -> 74.062199 | I69: ='ETS Emissions'!E111 -> 74 | J69: ='ETS Emissions'!F111 -> 74.093574 | K69: ='ETS Emissions'!G111 -> 74.1 | L69: ='ETS Emissions'!H111 -> 74 | M69: ='ETS Emissions'!I111 -> 74 | N69: ='ETS Emissions'!J111 -> 74.087724 | ... AQ69: ='ETS Emissions'!AM111 -> 74 | AS69: -IIS*,-___IIS*,-ICM*,-ILM*,-IGF*,-IGH*,-___ICM*,-___ILM*,-___IGF*,-___IGH*,-IPL*,-IPH*,-IPP*,-___IPL*,-___IPH*,-___IPP*,-CHP*,-EAUT* | AV69: =E69 -> INDLFO | AW69: NETSCO2
C70: FLO_EMIS | E70: ='ETS Emissions'!B112 -> INDLPG | F70: =AVERAGE(AD70,AH70,AI70) -> 64.366667 | G70: ='ETS Emissions'!C112 -> 65 | H70: ='ETS Emissions'!D112 -> 63.1 | I70: ='ETS Emissions'!E112 -> 65 | J70: ='ETS Emissions'!F112 -> 63.1 | K70: ='ETS Emissions'!G112 -> 63.1 | L70: ='ETS Emissions'!H112 -> 65 | M70: ='ETS Emissions'!I112 -> 65 | N70: ='ETS Emissions'!J112 -> 63.1 | ... AQ70: ='ETS Emissions'!AM112 -> 65 | AS70: -IIS*,-___IIS*,-ICM*,-ILM*,-IGF*,-IGH*,-___ICM*,-___ILM*,-___IGF*,-___IGH*,-IPL*,-IPH*,-IPP*,-___IPL*,-___IPH*,-___IPP*,-CHP*,-EAUT* | AV70: =E70 -> INDLPG | AW70: NETSCO2
... C75: FLO_EMIS | E75: ='ETS Emissions'!B117 -> INDSLU | F75: =AVERAGE(AD75,AH75,AI75) -> 58.616667 | G75: ='ETS Emissions'!C117 -> 45 | H75: ='ETS Emissions'!D117 -> 85.85 | I75: ='ETS Emissions'!E117 -> 45 | J75: ='ETS Emissions'!F117 -> 85.85 | K75: ='ETS Emissions'!G117 -> 85.85 | L75: ='ETS Emissions'!H117 -> 45 | M75: ='ETS Emissions'!I117 -> 45 | N75: ='ETS Emissions'!J117 -> 85.85 | ... AQ75: ='ETS Emissions'!AM117 -> 45 | AS75: -IIS*,-___IIS*,-ICM*,-ILM*,-IGF*,-IGH*,-___ICM*,-___ILM*,-___IGF*,-___IGH*,-IPL*,-IPH*,-IPP*,-___IPL*,-___IPH*,-___IPP*,-CHP*,-EAUT* | AV75: =E75 -> INDSLU | AW75: NETSCO2
C76: *
C77: FLO_EMIS | E77: ='ETS Emissions'!B118 -> SUPBIO | F77: =AVERAGE(AD77,AH77,AI77) -> 15 | G77: ='ETS Emissions'!C118 -> 0 | H77: ='ETS Emissions'!D118 -> 0 | I77: ='ETS Emissions'!E118 -> 0 | J77: ='ETS Emissions'!F118 -> 0 | K77: ='ETS Emissions'!G118 -> 0 | L77: ='ETS Emissions'!H118 -> 0 | M77: ='ETS Emissions'!I118 -> 0 | N77: ='ETS Emissions'!J118 -> 0 | ... AQ77: ='ETS Emissions'!AM118 -> 0 | AS77: -SSCDCOKE*,-SSCDRFLX* | AV77: =E77 -> SUPBIO | AW77: NETSCO2
C78: FLO_EMIS | E78: ='ETS Emissions'!B119 -> SUPCOA | F78: =AVERAGE(AD78,AH78,AI78) -> 103.73923 | G78: ='ETS Emissions'!C119 -> 108.2 | H78: ='ETS Emissions'!D119 -> 98.3 | I78: ='ETS Emissions'!E119 -> 108.32 | J78: ='ETS Emissions'!F119 -> 98.3 | K78: ='ETS Emissions'!G119 -> 98.3 | L78: ='ETS Emissions'!H119 -> 108.26316 | M78: ='ETS Emissions'!I119 -> 108.71132 | N78: ='ETS Emissions'!J119 -> 98.3 | ... AQ78: ='ETS Emissions'!AM119 -> 95 | AS78: -SSCDCOKE*,-SSCDRFLX* | AV78: =E78 -> SUPCOA | AW78: NETSCO2
C79: FLO_EMIS | E79: ='ETS Emissions'!B121 -> SUPGAS | F79: =AVERAGE(AD79,AH79,AI79) -> 0 | G79: ='ETS Emissions'!C121 -> 0 | H79: ='ETS Emissions'!D121 -> 0 | I79: ='ETS Emissions'!E121 -> 0 | J79: ='ETS Emissions'!F121 -> 0 | K79: ='ETS Emissions'!G121 -> 0 | L79: ='ETS Emissions'!H121 -> 3.4875 | M79: ='ETS Emissions'!I121 -> 0 | N79: ='ETS Emissions'!J121 -> 0 | ... AQ79: ='ETS Emissions'!AM121 -> 0 | AS79: -SSCDCOKE*,-SSCDRFLX* | AV79: =E79 -> SUPGAS | AW79: NETSCO2
C80: FLO_EMIS | E80: ='ETS Emissions'!B122 -> SUPRPG | F80: =AVERAGE(AD80,AH80,AI80) -> 59.05343 | G80: ='ETS Emissions'!C122 -> 60.59081 | H80: ='ETS Emissions'!D122 -> 56.420988 | I80: ='ETS Emissions'!E122 -> 65.064686 | J80: ='ETS Emissions'!F122 -> 70.986937 | K80: ='ETS Emissions'!G122 -> 56.1 | L80: ='ETS Emissions'!H122 -> 60 | M80: ='ETS Emissions'!I122 -> 60.541943 | N80: ='ETS Emissions'!J122 -> 57.520025 | ... AQ80: ='ETS Emissions'!AM122 -> 60 | AS80: -SSCDCOKE*,-SSCDRFLX* | AV80: =E80 -> SUPRPG | AW80: NETSCO2
C81: FLO_EMIS | E81: ='ETS Emissions'!B123 -> SUPRPP | F81: =AVERAGE(AD81,AH81,AI81) -> 172.20319 | G81: ='ETS Emissions'!C123 -> 85.122385 | H81: ='ETS Emissions'!D123 -> 89.602609 | I81: ='ETS Emissions'!E123 -> 78 | J81: ='ETS Emissions'!F123 -> 111.14766 | K81: ='ETS Emissions'!G123 -> 77.4 | L81: ='ETS Emissions'!H123 -> 119.4341 | M81: ='ETS Emissions'!I123 -> 88.399165 | N81: ='ETS Emissions'!J123 -> 105.46934 | ... AQ81: ='ETS Emissions'!AM123 -> 78 | AS81: -SSCDCOKE*,-SSCDRFLX* | AV81: =E81 -> SUPRPP | AW81: NETSCO2
C83: * AGR, RSD, COM, TRA added directly at the time of putting emission constraint
B86: From BASE (VDA_EMCB)
B87: Commodity\Region | C87: AT | D87: BE | E87: BG | F87: CH | G87: CY | H87: CZ | I87: DE | J87: DK | K87: EE | L87: ES | M87: FI | N87: FR | O87: EL | P87: HU | Q87: IE | R87: IS | S87: IT | T87: LT | U87: LU | V87: LV | W87: MT | X87: NL | Y87: NO | Z87: PL | AA87: PT | AB87: RO | AC87: SE | AD87: SI | AE87: SK | AF87: UK | AG87: AL | AH87: BA | AI87: HR | AJ87: KS | AK87: ME | AL87: MK | AM87: RS
B88: ELCBGS | C88: 0 | D88: 0 | E88: 0 | F88: 0 | G88: 0 | H88: 0 | I88: 0 | J88: 0 | K88: 0 | L88: 0 | M88: 0 | N88: 0 | O88: 0 | P88: 0 | Q88: 0 | R88: 0 | S88: 0 | T88: 0 | U88: 0 | V88: 0 | W88: 0 | X88: 0 | Y88: 0 | Z88: 0 | AA88: 0 | AB88: 0 | AC88: 0 | AD88: 0 | AE88: 0 | AF88: 0 | AG88: 0 | AH88: 0 | AI88: 0 | AJ88: 0 | AK88: 0 | AL88: 0 | AM88: 0
B89: ELCCOH | C89: 95 | D89: 98.3 | E89: 98.3 | F89: 98.3 | G89: 98.3 | H89: 95 | I89: 98.3 | J89: 98.3 | K89: 98.3 | L89: 98.3 | M89: 98.3 | N89: 98.3 | O89: 98.3 | P89: 95 | Q89: 98.3 | R89: 98.3 | S89: 98.3 | T89: 98.3 | U89: 98.3 | V89: 98.3 | W89: 98.3 | X89: 98.3 | Y89: 98.3 | Z89: 95 | AA89: 98.3 | AB89: 98.3 | AC89: 98.3 | AD89: 98.3 | AE89: 95 | AF89: 98.3 | AG89: 98.3 | AH89: 98.3 | AI89: 98.3 | AJ89: 98.3 | AK89: 98.3 | AL89: 98.3 | AM89: 98.3
B90: ELCCOL | C90: 110.6 | D90: 101.2 | E90: 101.2 | F90: 101.2 | G90: 101.2 | H90: 110.6 | I90: 101.2 | J90: 101.2 | K90: 101.2 | L90: 101.2 | M90: 101.2 | N90: 101.2 | O90: 101.2 | P90: 110.6 | Q90: 101.2 | R90: 101.2 | S90: 101.2 | T90: 101.2 | U90: 101.2 | V90: 101.2 | W90: 101.2 | X90: 101.2 | Y90: 101.2 | Z90: 110.6 | AA90: 101.2 | AB90: 101.2 | AC90: 101.2 | AD90: 101.2 | AE90: 110.6 | AF90: 101.2 | AG90: 101.2 | AH90: 101.2 | AI90: 101.2 | AJ90: 101.2 | AK90: 101.2 | AL90: 101.2 | AM90: 101.2
B91: ELCDGS | C91: 108.2 | D91: 108.2 | E91: 108.2 | F91: 108.2 | G91: 108.2 | H91: 108.2 | I91: 108.2 | J91: 108.2 | K91: 108.2 | L91: 108.2 | M91: 108.2 | N91: 108.2 | O91: 108.2 | P91: 108.2 | Q91: 108.2 | R91: 108.2 | S91: 108.2 | T91: 108.2 | U91: 108.2 | V91: 108.2 | W91: 108.2 | X91: 108.2 | Y91: 108.2 | Z91: 108.2 | AA91: 108.2 | AB91: 108.2 | AC91: 108.2 | AD91: 108.2 | AE91: 108.2 | AF91: 108.2 | AG91: 108.2 | AH91: 108.2 | AI91: 108.2 | AJ91: 108.2 | AK91: 108.2 | AL91: 108.2 | AM91: 108.2
B92: ELCDME | C92: 66.420139 | D92: 66.420139 | E92: 66.420139 | F92: 66.420139 | G92: 66.420139 | H92: 66.420139 | I92: 66.420139 | J92: 66.420139 | K92: 66.420139 | L92: 66.420139 | M92: 66.420139 | N92: 66.420139 | O92: 66.420139 | P92: 66.420139 | Q92: 66.420139 | R92: 66.420139 | S92: 66.420139 | T92: 66.420139 | U92: 66.420139 | V92: 66.420139 | W92: 66.420139 | X92: 66.420139 | Y92: 66.420139 | Z92: 66.420139 | AA92: 66.420139 | AB92: 66.420139 | AC92: 66.420139 | AD92: 66.420139 | AE92: 66.420139 | AF92: 66.420139 | AG92: 66.420139 | AH92: 66.420139 | AI92: 66.420139 | AJ92: 66.420139 | AK92: 66.420139 | AL92: 66.420139 | AM92: 66.420139
B93: ELCDST | C93: 74 | D93: 74.1 | E93: 74.1 | F93: 74.1 | G93: 74.1 | H93: 79.652174 | I93: 73.714286 | J93: 73.935294 | K93: 73.3 | L93: 73.3 | M93: 74.1 | N93: 74.1 | O93: 74.1 | P93: 74 | Q93: 74.1 | R93: 74.1 | S93: 73.69801 | T93: 74.1 | U93: 73.3 | V93: 73.7 | W93: 74.1 | X93: 73.8 | Y93: 74.1 | Z93: 74 | AA93: 74.1 | AB93: 74.047826 | AC93: 74.1 | AD93: 74.1 | AE93: 2.4 | AF93: 74.1 | AG93: 74.1 | AH93: 74.1 | AI93: 74.1 | AJ93: 74.1 | AK93: 74.1 | AL93: 74.1 | AM93: 74.1
B94: ELCGAS | C94: 56 | D94: 56.1 | E94: 56.1 | F94: 56.1 | G94: 56.1 | H94: 56 | I94: 56.1 | J94: 56.1 | K94: 56.1 | L94: 56.1 | M94: 56.1 | N94: 56.1 | O94: 56.1 | P94: 56 | Q94: 56.1 | R94: 56.1 | S94: 56.1 | T94: 56.1 | U94: 56.1 | V94: 56.1 | W94: 56.1 | X94: 56.1 | Y94: 56.1 | Z94: 56 | AA94: 56.1 | AB94: 56.1 | AC94: 56.1 | AD94: 56.1 | AE94: 56 | AF94: 56.1 | AG94: 56.1 | AH94: 56.1 | AI94: 56.1 | AJ94: 56.1 | AK94: 56.1 | AL94: 56.1 | AM94: 56.1
B95: ELCHFO | C95: 78 | D95: 77.4 | E95: 77.4 | F95: 77.4 | G95: 77.4 | H95: 78 | I95: 77.4 | J95: 77.4 | K95: 77.4 | L95: 77.4 | M95: 77.4 | N95: 77.4 | O95: 77.4 | P95: 78 | Q95: 77.4 | R95: 77.4 | S95: 77.4 | T95: 77.4 | U95: 77.4 | V95: 77.4 | W95: 77.4 | X95: 77.4 | Y95: 77.4 | Z95: 78 | AA95: 77.4 | AB95: 77.4 | AC95: 77.4 | AD95: 77.4 | AE95: 78 | AF95: 77.4 | AG95: 77.4 | AH95: 77.4 | AI95: 77.4 | AJ95: 77.4 | AK95: 77.4 | AL95: 77.4 | AM95: 77.4
B96: ELCMUN | C96: 45 | D96: 85.85 | E96: 85.85 | F96: 85.85 | G96: 85.85 | H96: 45 | I96: 85.85 | J96: 85.85 | K96: 85.85 | L96: 85.85 | M96: 85.85 | N96: 85.85 | O96: 85.85 | P96: 45 | Q96: 85.85 | R96: 85.85 | S96: 85.85 | T96: 85.85 | U96: 85.85 | V96: 85.85 | W96: 85.85 | X96: 85.85 | Y96: 85.85 | Z96: 45 | AA96: 85.85 | AB96: 85.85 | AC96: 85.85 | AD96: 85.85 | AE96: 45 | AF96: 85.85 | AG96: 85.85 | AH96: 85.85 | AI96: 85.85 | AJ96: 85.85 | AK96: 85.85 | AL96: 85.85 | AM96: 85.85
B97: ELCOIL | C97: 77.937888 | D97: 77.135036 | E97: 77.350746 | F97: 74.1 | G97: 77.3507 | H97: 77.396226 | I97: 75.655469 | J97: 77.121562 | K97: 77.4 | L97: 77.4 | M97: 77.057143 | N97: 77.1635 | O97: 76.66461 | P97: 77.709924 | Q97: 77.111358 | R97: 74.1 | S97: 77.09726 | T97: 77.155556 | U97: 77.4 | V97: 77.334 | W97: 77.049153 | X97: 58.780165 | Y97: 73.253846 | Z97: 77.425641 | AA97: 88.963859 | AB97: 77.029771 | AC97: 76.044324 | AD97: 75.42 | AE97: 78 | AF97: 77.16 | AG97: 74.1 | AH97: 74.1 | AI97: 77.315308 | AJ97: 75.473102 | AK97: 74.1 | AL97: 76.833766 | AM97: 74.1
B98: ELCRFG | C98: 60 | D98: 56.1 | E98: 56.1 | F98: 56.1 | G98: 56.1 | H98: 60 | I98: 56.1 | J98: 56.1 | K98: 56.1 | L98: 56.1 | M98: 56.1 | N98: 56.1 | O98: 56.1 | P98: 60 | Q98: 56.1 | R98: 56.1 | S98: 56.1 | T98: 56.1 | U98: 56.1 | V98: 56.1 | W98: 56.1 | X98: 56.1 | Y98: 56.1 | Z98: 60 | AA98: 56.1 | AB98: 56.1 | AC98: 56.1 | AD98: 56.1 | AE98: 60 | AF98: 56.1 | AG98: 56.1 | AH98: 56.1 | AI98: 56.1 | AJ98: 56.1 | AK98: 56.1 | AL98: 56.1 | AM98: 56.1
B99: ELCSLU | C99: 45 | D99: 85.85 | E99: 85.85 | F99: 85.85 | G99: 85.85 | H99: 45 | I99: 85.85 | J99: 85.85 | K99: 85.85 | L99: 85.85 | M99: 85.85 | N99: 85.85 | O99: 85.85 | P99: 45 | Q99: 85.85 | R99: 85.85 | S99: 85.85 | T99: 85.85 | U99: 85.85 | V99: 85.85 | W99: 85.85 | X99: 85.85 | Y99: 85.85 | Z99: 45 | AA99: 85.85 | AB99: 85.85 | AC99: 85.85 | AD99: 85.85 | AE99: 45 | AF99: 85.85 | AG99: 85.85 | AH99: 85.85 | AI99: 85.85 | AJ99: 85.85 | AK99: 85.85 | AL99: 85.85 | AM99: 85.85
... B117: INDSLU | C117: 45 | D117: 85.85 | E117: 45 | F117: 85.85 | G117: 85.85 | H117: 45 | I117: 45 | J117: 85.85 | K117: 85.85 | L117: 85.85 | M117: 74.25 | N117: 85.85 | O117: 85.85 | P117: 45 | Q117: 85.85 | R117: 85.85 | S117: 85.85 | T117: 85.85 | U117: 85.85 | V117: 85.85 | W117: 85.85 | X117: 85.85 | Y117: 85.85 | Z117: 45 | AA117: 85.85 | AB117: 85.85 | AC117: 85.85 | AD117: 85.85 | AE117: 45 | AF117: 85.85 | AG117: 45 | AH117: 45 | AI117: 45 | AJ117: 45 | AK117: 45 | AL117: 45 | AM117: 45
B118: SUPBIO | C118: 0 | E118: 0 | F118: 0 | G118: 0 | H118: 0 | I118: 0 | J118: 0 | K118: 0 | L118: 0 | M118: 0 | N118: 0 | O118: 0 | P118: 0 | Q118: 0 | R118: 0 | S118: 0 | T118: 0 | U118: 0 | V118: 0 | W118: 0 | X118: 0 | Y118: 0 | Z118: 45 | AA118: 0 | AB118: 85.85 | AC118: 0 | AD118: 0 | AE118: 0 | AF118: 0 | AG118: 0 | AH118: 0 | AI118: 0 | AJ118: 0 | AK118: 0 | AL118: 0 | AM118: 0
B119: SUPCOA | C119: 108.2 | D119: 98.3 | E119: 108.32 | F119: 98.3 | G119: 98.3 | H119: 108.26316 | I119: 108.71132 | J119: 98.3 | K119: 101.2 | L119: 106.99 | M119: 98.3 | N119: 107.54242 | O119: 98.3 | P119: 108.31707 | Q119: 101.2 | R119: 98.3 | S119: 98.704833 | T119: 98.3 | U119: 98.3 | V119: 98.3 | W119: 98.3 | X119: 108.2 | Y119: 98.3 | Z119: 104.67941 | AA119: 98.3 | AB119: 107.90549 | AC119: 108.2 | AD119: 98.3 | AE119: 108.2383 | AF119: 108.09061 | AG119: 95 | AH119: 95 | AI119: 95 | AJ119: 95 | AK119: 95 | AL119: 95 | AM119: 95
B120: SUPCRD | C120: 80 | D120: 73.3 | E120: 80 | F120: 73.3 | G120: 73.3 | H120: 80 | I120: 80 | J120: 73.3 | K120: 73.3 | L120: 73.3 | M120: 73.3 | N120: 73.3 | O120: 73.3 | P120: 80 | Q120: 73.3 | R120: 73.3 | S120: 73.3 | T120: 73.3 | U120: 73.3 | V120: 73.3 | W120: 73.3 | X120: 73.3 | Y120: 73.3 | Z120: 80 | AA120: 73.3 | AB120: 73.3 | AC120: 73.3 | AD120: 73.3 | AE120: 80 | AF120: 73.3 | AG120: 80 | AH120: 80 | AI120: 80 | AJ120: 80 | AK120: 80 | AL120: 80 | AM120: 80
B121: SUPGAS | C121: 0 | D121: 0 | E121: 0 | F121: 0 | G121: 0 | H121: 3.4875 | I121: 0 | J121: 0 | K121: 0 | L121: 0 | M121: 0 | N121: 0 | O121: 0 | P121: 0 | Q121: 0 | R121: 0 | S121: 0 | T121: 0 | U121: 0 | V121: 0 | W121: 0 | X121: 0 | Y121: 0 | Z121: 0 | AA121: 0 | AB121: 0 | AC121: 37.4 | AD121: 0 | AE121: 0 | AF121: 0 | AG121: 0 | AH121: 0 | AI121: 0 | AJ121: 0 | AK121: 0 | AL121: 0 | AM121: 0
B122: SUPRPG | C122: 60.59081 | D122: 56.420988 | E122: 65.064686 | F122: 70.986937 | G122: 56.1 | H122: 60 | I122: 60.541943 | J122: 57.520025 | K122: 56.1 | L122: 56.1 | M122: 56.1 | N122: 56.470973 | O122: 56.772083 | P122: 60 | Q122: 56.582759 | R122: 56.1 | S122: 56.846868 | T122: 56.1 | U122: 56.1 | V122: 56.1 | W122: 56.1 | X122: 69.417061 | Y122: 56.269014 | Z122: 60 | AA122: 63.1 | AB122: 56.301041 | AC122: 56.1 | AD122: 56.1 | AE122: 61.060289 | AF122: 56.189091 | AG122: 60 | AH122: 60 | AI122: 60.167693 | AJ122: 60 | AK122: 60 | AL122: 60 | AM122: 60
B123: SUPRPP | C123: 85.122385 | D123: 89.602609 | E123: 78 | F123: 111.14766 | G123: 77.4 | H123: 119.4341 | I123: 88.399165 | J123: 105.46934 | K123: 74.5125 | L123: 76.193412 | M123: 273.60941 | N123: 80.498436 | O123: 94.644898 | P123: 85.558702 | Q123: 76.834286 | R123: 77.4 | S123: 78.02448 | T123: 118.82318 | U123: 77.4 | V123: 77.4 | W123: 77.4 | X123: 102.69996 | Y123: 74.1 | Z123: 197.80864 | AA123: 75.500668 | AB123: 76.806475 | AC123: 173.83887 | AD123: 77.4 | AE123: 241.40093 | AF123: 80.323205 | AG123: 78 | AH123: 74 | AI123: 78.291973 | AJ123: 78 | AK123: 78 | AL123: 78 | AM123: 78

Sheet Biofuel 2nd with CCS
L1: kt/PJ
F2: MJ/kg | G2: PJ | H2: kt carbon | I2: kt CO2 | J2: Captured CO2 | L2: Emission factor wood
B3: BRF2_ETHLGC | C3: Wood | D3: 4.3 | E3: kt | F3: 18 | G3: =D3*F3/1000 -> 0.0774 | H3: =D3*0.5 -> 2.15 | I3: =H3*44/12 -> 7.8833333 | J3: =I3-I4 -> 5.9805333 | L3: =I3/G3 -> 101.85185
C4: Ethanol | D4: 1 | E4: kt | F4: 26.8 | G4: =D4*F4/1000 -> 0.0268 | H4: =I4/(44/12) -> 0.51894545 | I4: =71*G4 -> 1.9028 | L4: =I4/G4 -> 71
D5: =D4/D3 -> 0.23255814 | G5: =G4/G3 -> 0.34625323 | I5: =I4/I3 -> 0.24136998
F7: MJ/kg | G7: PJ | H7: kt carbon | I7: kt CO2 | J7: Captured CO2
B8: BRF2_BTLFTDSL | C8: Wood | D8: 5 | E8: kt | F8: 18 | G8: =D8*F8/1000 -> 0.09 | H8: =D8*0.5 -> 2.5 | I8: =H8*44/12 -> 9.1666667 | J8: =I8-I9 -> 6.3320267 | L8: =I8/G8 -> 101.85185
C9: FT Diesel | D9: 1 | E9: kt | F9: 37.2 | G9: =D9*F9/1000 -> 0.0372 | H9: =I9/(44/12) -> 0.77308364 | I9: =76.2*G9 -> 2.83464 | L9: =I9/G9 -> 76.2
D10: =D9/D8 -> 0.2 | G10: =G9/G8 -> 0.41333333 | I10: =I9/I8 -> 0.30923345

Sheet Negative Emissions
D5: ~TFM_INS
D6: TimeSlice | E6: LimType | F6: Attribute | G6: Year | H6: AllRegions | I6: Pset_Set | J6: Pset_PN | K6: Cset_CN
D7: ANNUAL | E7: N | F7: COM_BNDNET | G7: 0 | H7: -1 | K7: ELCCO2N,ETSCO2,SUPCO2N,TOTCO2
